Date,Adj Close,Close,High,Low,Open,Volume
,NVDA,NVDA,NVDA,NVDA,NVDA,NVDA
2013-11-01,0.35780268907546997,0.3815000057220459,0.38324999809265137,0.3787499964237213,0.3817499876022339,206136000
2013-11-04,0.34748587012290955,0.37049999833106995,0.382750004529953,0.3697499930858612,0.382750004529953,410264000
2013-11-05,0.3470168709754944,0.3700000047683716,0.37174999713897705,0.3642500042915344,0.3682500123977661,422368000
2013-11-06,0.3493615984916687,0.3725000023841858,0.37275001406669617,0.36625000834465027,0.3700000047683716,198044000
2013-11-07,0.34115511178970337,0.36375001072883606,0.3722499907016754,0.3630000054836273,0.3712500035762787,553076000
2013-11-08,0.36483675241470337,0.3889999985694885,0.39024999737739563,0.3734999895095825,0.375,734532000
2013-11-11,0.3678847849369049,0.3922500014305115,0.3932499885559082,0.3867500126361847,0.38749998807907104,297624000
2013-11-12,0.3685881197452545,0.3930000066757202,0.39625000953674316,0.38850000500679016,0.39399999380111694,316032000
2013-11-13,0.37867048382759094,0.4037500023841858,0.4037500023841858,0.39125001430511475,0.3919999897480011,332792000
2013-11-14,0.3803117573261261,0.40549999475479126,0.40799999237060547,0.4022499918937683,0.4025000035762787,307980000
2013-11-15,0.37913939356803894,0.40424999594688416,0.4074999988079071,0.40024998784065247,0.40700000524520874,450332000
2013-11-18,0.3699950873851776,0.3944999873638153,0.39899998903274536,0.3935000002384186,0.3955000042915344,316948000
2013-11-19,0.36398372054100037,0.38600000739097595,0.39399999380111694,0.3855000138282776,0.390500009059906,206716000
2013-11-20,0.3585616946220398,0.3802500069141388,0.38725000619888306,0.37950000166893005,0.38624998927116394,204776000
2013-11-21,0.3613905906677246,0.38324999809265137,0.3840000033378601,0.3790000081062317,0.38075000047683716,213568000
2013-11-22,0.3578544855117798,0.37950000166893005,0.38374999165534973,0.3787499964237213,0.38374999165534973,158668000
2013-11-25,0.36563387513160706,0.3877499997615814,0.3882499933242798,0.37950000166893005,0.37950000166893005,248208000
2013-11-26,0.36869847774505615,0.39100000262260437,0.39524999260902405,0.3894999921321869,0.3919999897480011,753176000
2013-11-27,0.3701130151748657,0.39250001311302185,0.39375001192092896,0.3882499933242798,0.390749990940094,181272000
2013-11-29,0.36775559186935425,0.38999998569488525,0.3935000002384186,0.38749998807907104,0.39250001311302185,116964000
2013-12-02,0.3712916374206543,0.39375001192092896,0.39649999141693115,0.3877499997615814,0.38850000500679016,373872000
2013-12-03,0.37105584144592285,0.3935000002384186,0.39899998903274536,0.39100000262260437,0.39375001192092896,290560000
2013-12-04,0.37624216079711914,0.39899998903274536,0.3997499942779541,0.39149999618530273,0.39250001311302185,493176000
2013-12-05,0.3701130151748657,0.39250001311302185,0.3997499942779541,0.3919999897480011,0.3997499942779541,271812000
2013-12-06,0.3646908700466156,0.3867500126361847,0.3972499966621399,0.3857499957084656,0.3972499966621399,281000000
2013-12-09,0.3585616946220398,0.3802500069141388,0.3880000114440918,0.37950000166893005,0.3867500126361847,385220000
2013-12-10,0.3668126165866852,0.3889999985694885,0.390749990940094,0.37975001335144043,0.3802500069141388,524268000
2013-12-11,0.36327633261680603,0.3852500021457672,0.39024999737739563,0.38449999690055847,0.38975000381469727,414156000
2013-12-12,0.35620421171188354,0.3777500092983246,0.38600000739097595,0.37700000405311584,0.3840000033378601,258724000
2013-12-13,0.35408246517181396,0.37549999356269836,0.3812499940395355,0.375,0.3785000145435333,184588000
2013-12-16,0.35455405712127686,0.37599998712539673,0.3792499899864197,0.37549999356269836,0.37575000524520874,237620000
2013-12-17,0.35620421171188354,0.3777500092983246,0.3787499964237213,0.3725000023841858,0.37575000524520874,274104000
2013-12-18,0.36115482449531555,0.382999986410141,0.38374999165534973,0.3737500011920929,0.3785000145435333,426232000
2013-12-19,0.36256909370422363,0.38449999690055847,0.38499999046325684,0.3799999952316284,0.3824999928474426,258544000
2013-12-20,0.3698771893978119,0.3922500014305115,0.39250001311302185,0.3842499852180481,0.3852500021457672,382080000
2013-12-23,0.3719989061355591,0.3944999873638153,0.39774999022483826,0.39125001430511475,0.3944999873638153,168568000
2013-12-24,0.37294185161590576,0.3955000042915344,0.39675000309944153,0.39149999618530273,0.39675000309944153,79600000
2013-12-26,0.36940571665763855,0.3917500078678131,0.398250013589859,0.390749990940094,0.3970000147819519,168920000
2013-12-27,0.37152737379074097,0.39399999380111694,0.3947499990463257,0.39149999618530273,0.39375001192092896,210976000
2013-12-30,0.3764779269695282,0.39925000071525574,0.3995000123977661,0.39375001192092896,0.3942500054836273,248180000
2013-12-31,0.3776565194129944,0.40049999952316284,0.4025000035762787,0.39750000834465027,0.4000000059604645,235776000
2014-01-02,0.37388473749160767,0.39649999141693115,0.3995000123977661,0.3930000066757202,0.39800000190734863,260092000
2014-01-03,0.36940571665763855,0.3917500078678131,0.39800000190734863,0.390500009059906,0.3972499966621399,259332000
2014-01-06,0.374356210231781,0.3970000147819519,0.4000000059604645,0.3919999897480011,0.3957499861717224,409492000
2014-01-07,0.38048553466796875,0.4034999907016754,0.4050000011920929,0.398250013589859,0.4009999930858612,333288000
2014-01-08,0.3856718838214874,0.4090000092983246,0.41100001335144043,0.4034999907016754,0.4050000011920929,308192000
2014-01-09,0.3712916374206543,0.39375001192092896,0.4034999907016754,0.39250001311302185,0.4027499854564667,292172000
2014-01-10,0.37082016468048096,0.3932499885559082,0.39774999022483826,0.38975000381469727,0.39500001072883606,218492000
2014-01-13,0.362097829580307,0.3840000033378601,0.3957499861717224,0.38324999809265137,0.3932499885559082,243332000
2014-01-14,0.3734133541584015,0.3959999978542328,0.39675000309944153,0.3842499852180481,0.38600000739097595,241828000
2014-01-15,0.37742093205451965,0.40024998784065247,0.40174999833106995,0.3959999978542328,0.39774999022483826,175044000
2014-01-16,0.378599613904953,0.40149998664855957,0.4022499918937683,0.398499995470047,0.40024998784065247,220652000
2014-01-17,0.37694934010505676,0.3997499942779541,0.40625,0.3972499966621399,0.40149998664855957,340400000
2014-01-21,0.37836381793022156,0.4012500047683716,0.4037500023841858,0.3970000147819519,0.40024998784065247,246076000
2014-01-22,0.377892404794693,0.4007500112056732,0.4025000035762787,0.3959999978542328,0.4020000100135803,337940000
2014-01-23,0.3764779269695282,0.39925000071525574,0.4037500023841858,0.39625000953674316,0.3995000123977661,185028000
2014-01-24,0.3668126165866852,0.3889999985694885,0.39750000834465027,0.3889999985694885,0.3959999978542328,246696000
2014-01-27,0.3644552230834961,0.3865000009536743,0.3944999873638153,0.3842499852180481,0.3889999985694885,233812000
2014-01-28,0.36799126863479614,0.39024999737739563,0.390500009059906,0.3842499852180481,0.3857499957084656,167996000
2014-01-29,0.3644552230834961,0.3865000009536743,0.39100000262260437,0.38624998927116394,0.38874998688697815,162944000
2014-01-30,0.37058430910110474,0.3930000066757202,0.39375001192092896,0.38749998807907104,0.38874998688697815,202896000
2014-01-31,0.3701130151748657,0.39250001311302185,0.3947499990463257,0.38725000619888306,0.38749998807907104,335348000
2014-02-03,0.3651624917984009,0.38725000619888306,0.3957499861717224,0.3857499957084656,0.39524999260902405,431728000
2014-02-04,0.36728402972221375,0.3894999921321869,0.39024999737739563,0.38499999046325684,0.3869999945163727,280692000
2014-02-05,0.36398372054100037,0.38600000739097595,0.3880000114440918,0.382999986410141,0.3867500126361847,214676000
2014-02-06,0.36869847774505615,0.39100000262260437,0.3919999897480011,0.38600000739097595,0.3865000009536743,168380000
2014-02-07,0.3741205632686615,0.39675000309944153,0.3972499966621399,0.38850000500679016,0.3919999897480011,157248000
2014-02-10,0.3752993047237396,0.39800000190734863,0.4032500088214874,0.3959999978542328,0.39625000953674316,324372000
2014-02-11,0.3830787241458893,0.40625,0.40724998712539673,0.398250013589859,0.40024998784065247,235384000
2014-02-12,0.39675164222717285,0.4207499921321869,0.42375001311302185,0.4074999988079071,0.4074999988079071,744528000
2014-02-13,0.40924590826034546,0.4339999854564667,0.43650001287460327,0.42375001311302185,0.4312500059604645,902836000
2014-02-14,0.422211617231369,0.4477500021457672,0.44874998927116394,0.429749995470047,0.4300000071525574,817536000
2014-02-18,0.4219758212566376,0.44749999046325684,0.4494999945163727,0.4437499940395355,0.4480000138282776,428988000
2014-02-19,0.42763370275497437,0.45350000262260437,0.45750001072883606,0.445499986410141,0.44749999046325684,450340000
2014-02-20,0.4427211284637451,0.46950000524520874,0.47049999237060547,0.45375001430511475,0.4544999897480011,398088000
2014-02-21,0.43942081928253174,0.4659999907016754,0.47475001215934753,0.46299999952316284,0.46875,451052000
2014-02-24,0.4457857012748718,0.4727500081062317,0.4762499928474426,0.460750013589859,0.4650000035762787,403112000
2014-02-25,0.4437728822231293,0.4684999883174896,0.47200000286102295,0.4634999930858612,0.4699999988079071,242184000
2014-02-26,0.4430623948574066,0.46775001287460327,0.47450000047683716,0.4662500023841858,0.4675000011920929,360884000
2014-02-27,0.4380895793437958,0.4625000059604645,0.4724999964237213,0.4612500071525574,0.46775001287460327,388848000
2014-02-28,0.43524792790412903,0.4595000147819519,0.4645000100135803,0.45274999737739563,0.46000000834465027,321692000
2014-03-03,0.4331166744232178,0.4572499990463257,0.4572499990463257,0.445250004529953,0.4492500126361847,375948000
2014-03-04,0.43761593103408813,0.4620000123977661,0.4650000035762787,0.45875000953674316,0.4595000147819519,260344000
2014-03-05,0.4414048194885254,0.4659999907016754,0.4662500023841858,0.4595000147819519,0.46149998903274536,241472000
2014-03-06,0.43524792790412903,0.4595000147819519,0.46924999356269836,0.45875000953674316,0.46674999594688416,290144000
2014-03-07,0.4347742199897766,0.45899999141693115,0.4622499942779541,0.4555000066757202,0.46149998903274536,268452000
2014-03-10,0.42838054895401,0.45225000381469727,0.4595000147819519,0.4502499997615814,0.45750001072883606,300888000
2014-03-11,0.4326429069042206,0.4567500054836273,0.460750013589859,0.453000009059906,0.4544999897480011,297220000
2014-03-12,0.4338270425796509,0.4580000042915344,0.460750013589859,0.45274999737739563,0.4544999897480011,239428000
2014-03-13,0.42009237408638,0.44350001215934753,0.460750013589859,0.4412499964237213,0.45899999141693115,385172000
2014-03-14,0.42198678851127625,0.445499986410141,0.4494999945163727,0.4390000104904175,0.4390000104904175,460048000
2014-03-17,0.42198678851127625,0.445499986410141,0.44999998807907104,0.4449999928474426,0.4467499852180481,299656000
2014-03-18,0.4319326877593994,0.4560000002384186,0.45899999141693115,0.445250004529953,0.44725000858306885,293904000
2014-03-19,0.43951040506362915,0.46399998664855957,0.4727500081062317,0.4582499861717224,0.4595000147819519,366168000
2014-03-20,0.439747154712677,0.46424999833106995,0.46825000643730164,0.4595000147819519,0.46149998903274536,191800000
2014-03-21,0.43903684616088867,0.4634999930858612,0.47200000286102295,0.460999995470047,0.46825000643730164,566116000
2014-03-24,0.4369056820869446,0.4612500071525574,0.4675000011920929,0.4544999897480011,0.4637500047683716,306096000
2014-03-25,0.4369056820869446,0.4612500071525574,0.46674999594688416,0.45774999260902405,0.4662500023841858,304424000
2014-03-26,0.42695972323417664,0.4507499933242798,0.4742499887943268,0.4467499852180481,0.46549999713897705,557756000
2014-03-27,0.4212763011455536,0.44475001096725464,0.45350000262260437,0.43974998593330383,0.44975000619888306,540728000
2014-03-28,0.42388129234313965,0.44749999046325684,0.4502499997615814,0.4427500069141388,0.4440000057220459,398820000
2014-03-31,0.42411795258522034,0.4477500021457672,0.45225000381469727,0.445250004529953,0.4482499957084656,273404000
2014-04-01,0.441641628742218,0.4662500023841858,0.4717499911785126,0.45649999380111694,0.4620000123977661,656272000
2014-04-02,0.43879997730255127,0.4632500112056732,0.4672499895095825,0.4612500071525574,0.4662500023841858,239948000
2014-04-03,0.44353607296943665,0.46825000643730164,0.4794999957084656,0.46399998664855957,0.46424999833106995,599548000
2014-04-04,0.4298013150691986,0.45375001430511475,0.47350001335144043,0.4517500102519989,0.47075000405311584,368032000
2014-04-07,0.431222140789032,0.45524999499320984,0.46399998664855957,0.4514999985694885,0.45399999618530273,428576000
2014-04-08,0.44661450386047363,0.4715000092983246,0.4727500081062317,0.4544999897480011,0.45524999499320984,470692000
2014-04-09,0.44614094495773315,0.47099998593330383,0.4777500033378601,0.4672499895095825,0.4737499952316284,421968000
2014-04-10,0.43524792790412903,0.4595000147819519,0.4754999876022339,0.4580000042915344,0.4690000116825104,372748000
2014-04-11,0.4290909469127655,0.453000009059906,0.46299999952316284,0.44699999690055847,0.4560000002384186,353112000
2014-04-14,0.4338270425796509,0.4580000042915344,0.4597499966621399,0.453000009059906,0.4560000002384186,290184000
2014-04-15,0.4369056820869446,0.4612500071525574,0.4637500047683716,0.45399999618530273,0.4584999978542328,304636000
2014-04-16,0.4378527104854584,0.4622499942779541,0.46399998664855957,0.45649999380111694,0.4634999930858612,235136000
2014-04-17,0.43951040506362915,0.46399998664855957,0.46825000643730164,0.4595000147819519,0.46050000190734863,153532000
2014-04-21,0.4430623948574066,0.46775001287460327,0.4690000116825104,0.4612500071525574,0.46424999833106995,117004000
2014-04-22,0.4468514025211334,0.4717499911785126,0.47475001215934753,0.4659999907016754,0.4684999883174896,255120000
2014-04-23,0.4520609974861145,0.47725000977516174,0.47850000858306885,0.4717499911785126,0.4724999964237213,261580000
2014-04-24,0.4560866951942444,0.4814999997615814,0.48649999499320984,0.4805000126361847,0.4805000126361847,391492000
2014-04-25,0.44353607296943665,0.46825000643730164,0.48500001430511475,0.4672499895095825,0.4805000126361847,313600000
2014-04-28,0.441641628742218,0.4662500023841858,0.47450000047683716,0.46050000190734863,0.47200000286102295,226788000
2014-04-29,0.4425888657569885,0.4672499895095825,0.4690000116825104,0.4620000123977661,0.46799999475479126,171300000
2014-04-30,0.43737921118736267,0.46175000071525574,0.46700000762939453,0.460750013589859,0.46650001406669617,305740000
2014-05-01,0.439747154712677,0.46424999833106995,0.46974998712539673,0.46050000190734863,0.46875,198104000
2014-05-02,0.43643176555633545,0.460750013589859,0.46650001406669617,0.4580000042915344,0.46650001406669617,156376000
2014-05-05,0.44116801023483276,0.4657500088214874,0.46924999356269836,0.4597499966621399,0.46024999022483826,239260000
2014-05-06,0.4321693480014801,0.45625001192092896,0.4742499887943268,0.45500001311302185,0.4702500104904175,416188000
2014-05-07,0.4326429069042206,0.4567500054836273,0.46050000190734863,0.4517500102519989,0.45625001192092896,293900000
2014-05-08,0.4380895793437958,0.4625000059604645,0.46974998712539673,0.45274999737739563,0.45500001311302185,432728000
2014-05-09,0.4274332821369171,0.45124998688697815,0.45274999737739563,0.4427500069141388,0.44850000739097595,539532000
2014-05-12,0.43998393416404724,0.4645000100135803,0.46549999713897705,0.4519999921321869,0.45225000381469727,299856000
2014-05-13,0.43287983536720276,0.4569999873638153,0.4657500088214874,0.4555000066757202,0.4582499861717224,221104000
2014-05-14,0.4286172688007355,0.45249998569488525,0.45899999141693115,0.45225000381469727,0.4572499990463257,214320000
2014-05-15,0.426249235868454,0.44999998807907104,0.45399999618530273,0.445499986410141,0.4514999985694885,325896000
2014-05-16,0.42530202865600586,0.4490000009536743,0.45225000381469727,0.4465000033378601,0.4465000033378601,283960000
2014-05-19,0.43903684616088867,0.4634999930858612,0.4659999907016754,0.4517500102519989,0.45375001430511475,360076000
2014-05-20,0.43392208218574524,0.4560000002384186,0.46274998784065247,0.45375001430511475,0.46149998903274536,256200000
2014-05-21,0.43392208218574524,0.4560000002384186,0.46175000071525574,0.453249990940094,0.45774999260902405,216712000
2014-05-22,0.43582507967948914,0.4580000042915344,0.46050000190734863,0.45500001311302185,0.45500001311302185,130364000
2014-05-23,0.43986934423446655,0.4622499942779541,0.4645000100135803,0.45774999260902405,0.46050000190734863,182656000
2014-05-27,0.4477199912071228,0.47049999237060547,0.47049999237060547,0.4634999930858612,0.4650000035762787,209680000
2014-05-28,0.45152634382247925,0.47450000047683716,0.47749999165534973,0.46775001287460327,0.4722500145435333,224676000
2014-05-29,0.4508126676082611,0.4737499952316284,0.47824999690055847,0.4727500081062317,0.4742499887943268,171884000
2014-05-30,0.4520021975040436,0.4749999940395355,0.4762499928474426,0.4712499976158142,0.4737499952316284,239128000
2014-06-02,0.4505747854709625,0.47350001335144043,0.4794999957084656,0.46950000524520874,0.476500004529953,181500000
2014-06-03,0.44867151975631714,0.4715000092983246,0.4749999940395355,0.4652499854564667,0.47450000047683716,243212000
2014-06-04,0.4491473138332367,0.47200000286102295,0.4754999876022339,0.4699999988079071,0.4702500104904175,161236000
2014-06-05,0.4510505199432373,0.4740000069141388,0.4754999876022339,0.4699999988079071,0.4727500081062317,188696000
2014-06-06,0.4527157247066498,0.47574999928474426,0.47999998927116394,0.47450000047683716,0.4762499928474426,161052000
2014-06-09,0.4531915485858917,0.4762499928474426,0.4807499945163727,0.47200000286102295,0.4752500057220459,247456000
2014-06-10,0.4555705189704895,0.47874999046325684,0.48100000619888306,0.4724999964237213,0.47450000047683716,217608000
2014-06-11,0.46151795983314514,0.48500001430511475,0.48625001311302185,0.47699999809265137,0.47699999809265137,266228000
2014-06-12,0.4643727242946625,0.4880000054836273,0.49024999141693115,0.4807499945163727,0.48500001430511475,337148000
2014-06-13,0.46484851837158203,0.4884999990463257,0.4932500123977661,0.48374998569488525,0.49300000071525574,227852000
2014-06-16,0.463421106338501,0.4869999885559082,0.49024999141693115,0.4827499985694885,0.48625001311302185,198620000
2014-06-17,0.4665137529373169,0.49024999141693115,0.492249995470047,0.48500001430511475,0.48750001192092896,157608000
2014-06-18,0.46603789925575256,0.4897499978542328,0.492000013589859,0.484499990940094,0.48899999260902405,215536000
2014-06-19,0.45533257722854614,0.47850000858306885,0.4832499921321869,0.4749999940395355,0.4807499945163727,474592000
2014-06-20,0.45033693313598633,0.47325000166893005,0.4814999997615814,0.46950000524520874,0.47975000739097595,353148000
2014-06-23,0.44510307908058167,0.46775001287460327,0.46799999475479126,0.46149998903274536,0.46700000762939453,414200000
2014-06-24,0.43820419907569885,0.46050000190734863,0.47075000405311584,0.4584999978542328,0.46700000762939453,275780000
2014-06-25,0.4427241384983063,0.4652499854564667,0.46549999713897705,0.45750001072883606,0.46175000071525574,215420000
2014-06-26,0.43677666783332825,0.45899999141693115,0.46549999713897705,0.45750001072883606,0.4652499854564667,256908000
2014-06-27,0.4372524917125702,0.4595000147819519,0.4622499942779541,0.4557499885559082,0.4584999978542328,302820000
2014-06-30,0.4410589337348938,0.4634999930858612,0.4647499918937683,0.45774999260902405,0.45774999260902405,180512000
2014-07-01,0.44605472683906555,0.46875,0.4715000092983246,0.46149998903274536,0.46299999952316284,321180000
2014-07-02,0.4443895220756531,0.46700000762939453,0.4690000116825104,0.46424999833106995,0.46700000762939453,179284000
2014-07-03,0.44843363761901855,0.4712499976158142,0.4724999964237213,0.46274998784065247,0.46274998784065247,136892000
2014-07-07,0.4448651969432831,0.4675000011920929,0.4722500145435333,0.46674999594688416,0.47200000286102295,127496000
2014-07-08,0.4412967264652252,0.4637500047683716,0.46825000643730164,0.45925000309944153,0.4662500023841858,221940000
2014-07-09,0.45461902022361755,0.4777500033378601,0.47975000739097595,0.46424999833106995,0.46775001287460327,387668000
2014-07-10,0.4522399604320526,0.4752500057220459,0.47725000977516174,0.4650000035762787,0.46875,266308000
2014-07-11,0.4531915485858917,0.4762499928474426,0.4777500033378601,0.4740000069141388,0.47574999928474426,191188000
2014-07-14,0.45890095829963684,0.48225000500679016,0.48350000381469727,0.476500004529953,0.47824999690055847,272636000
2014-07-15,0.46080416440963745,0.484250009059906,0.4855000078678131,0.47975000739097595,0.4830000102519989,395440000
2014-07-16,0.4603284001350403,0.48374998569488525,0.49000000953674316,0.48100000619888306,0.48625001311302185,319728000
2014-07-17,0.4591389298439026,0.48249998688697815,0.48750001192092896,0.47824999690055847,0.47824999690055847,324832000
2014-07-18,0.4386798143386841,0.460999995470047,0.4762499928474426,0.46024999022483826,0.4724999964237213,567816000
2014-07-21,0.4412967264652252,0.4637500047683716,0.46700000762939453,0.45925000309944153,0.45925000309944153,243364000
2014-07-22,0.4393936097621918,0.46175000071525574,0.46974998712539673,0.460750013589859,0.4672499895095825,298816000
2014-07-23,0.43011564016342163,0.4519999921321869,0.4622499942779541,0.4514999985694885,0.4620000123977661,297352000
2014-07-24,0.43082937598228455,0.45274999737739563,0.4557499885559082,0.4494999945163727,0.4544999897480011,254576000
2014-07-25,0.42321664094924927,0.44475001096725464,0.45225000381469727,0.4440000057220459,0.45124998688697815,266132000
2014-07-28,0.4215514063835144,0.4429999887943268,0.4467499852180481,0.43549999594688416,0.4467499852180481,330352000
2014-07-29,0.4229787290096283,0.44449999928474426,0.4505000114440918,0.4429999887943268,0.44325000047683716,217972000
2014-07-30,0.43011564016342163,0.4519999921321869,0.453249990940094,0.44600000977516174,0.44725000858306885,246184000
2014-07-31,0.4163176715373993,0.4375,0.44999998807907104,0.43674999475479126,0.4465000033378601,401880000
2014-08-01,0.42083775997161865,0.44225001335144043,0.44475001096725464,0.4359999895095825,0.4375,219884000
2014-08-04,0.41988614201545715,0.4412499964237213,0.445499986410141,0.4390000104904175,0.4417499899864197,241724000
2014-08-05,0.4201240837574005,0.4415000081062317,0.4480000138282776,0.4362500011920929,0.4399999976158142,298136000
2014-08-06,0.41964828968048096,0.4410000145435333,0.4465000033378601,0.43525001406669617,0.43849998712539673,223456000
2014-08-07,0.4153662323951721,0.43650001287460327,0.44874998927116394,0.4334999918937683,0.44475001096725464,407696000
2014-08-08,0.4520021975040436,0.4749999940395355,0.47749999165534973,0.4555000066757202,0.4555000066757202,894348000
2014-08-11,0.44962307810783386,0.4724999964237213,0.47749999165534973,0.4712499976158142,0.4754999876022339,344624000
2014-08-12,0.44962307810783386,0.4724999964237213,0.4749999940395355,0.4672499895095825,0.4722500145435333,296152000
2014-08-13,0.4522399604320526,0.4752500057220459,0.4792500138282776,0.4702500104904175,0.47325000166893005,256596000
2014-08-14,0.44724422693252563,0.4699999988079071,0.47699999809265137,0.46799999475479126,0.47699999809265137,255992000
2014-08-15,0.45295366644859314,0.47600001096725464,0.47874999046325684,0.46700000762939453,0.4715000092983246,369796000
2014-08-18,0.4591389298439026,0.48249998688697815,0.4830000102519989,0.47325000166893005,0.4779999852180481,284076000
2014-08-19,0.4628426134586334,0.484250009059906,0.4867500066757202,0.47874999046325684,0.4805000126361847,248260000
2014-08-20,0.45997536182403564,0.48124998807907104,0.48475000262260437,0.47999998927116394,0.48249998688697815,221468000
2014-08-21,0.4556741416454315,0.476749986410141,0.48249998688697815,0.47600001096725464,0.47999998927116394,272796000
2014-08-22,0.45591309666633606,0.47699999809265137,0.48100000619888306,0.47325000166893005,0.4762499928474426,251224000
2014-08-25,0.45663005113601685,0.4777500033378601,0.48225000500679016,0.476749986410141,0.4790000021457672,153380000
2014-08-26,0.4647543132305145,0.48625001311302185,0.4872500002384186,0.47725000977516174,0.4790000021457672,269636000
2014-08-27,0.4594973027706146,0.4807499945163727,0.4869999885559082,0.47999998927116394,0.4832499921321869,182972000
2014-08-28,0.4633205533027649,0.48475000262260437,0.4857499897480011,0.47824999690055847,0.47975000739097595,179704000
2014-08-29,0.4647543132305145,0.48625001311302185,0.4872500002384186,0.48124998807907104,0.48649999499320984,207932000
2014-09-02,0.4659489393234253,0.48750001192092896,0.48750001192092896,0.4830000102519989,0.48750001192092896,192636000
2014-09-03,0.47025012969970703,0.492000013589859,0.4937500059604645,0.4867500066757202,0.49000000953674316,259456000
2014-09-04,0.4786132872104645,0.5007500052452087,0.5037500262260437,0.4909999966621399,0.49125000834465027,491832000
2014-09-05,0.477179616689682,0.49924999475479126,0.5024999976158142,0.4959999918937683,0.500249981880188,253792000
2014-09-08,0.47287851572036743,0.4947499930858612,0.4997499883174896,0.49274998903274536,0.4987500011920929,319288000
2014-09-09,0.46690478920936584,0.4884999990463257,0.4957500100135803,0.4880000054836273,0.4925000071525574,198588000
2014-09-10,0.4685772955417633,0.49024999141693115,0.492000013589859,0.4857499897480011,0.49125000834465027,172376000
2014-09-11,0.4637984335422516,0.48524999618530273,0.4884999990463257,0.47999998927116394,0.4867500066757202,250720000
2014-09-12,0.4568687975406647,0.4779999852180481,0.4882499873638153,0.47749999165534973,0.4882499873638153,262536000
2014-09-15,0.4506562650203705,0.4715000092983246,0.4802500009536743,0.46950000524520874,0.4794999957084656,294152000
2014-09-16,0.4573468267917633,0.47850000858306885,0.48100000619888306,0.46875,0.4702500104904175,219936000
2014-09-17,0.45758575201034546,0.47874999046325684,0.4832499921321869,0.4749999940395355,0.47725000977516174,173584000
2014-09-18,0.4645153284072876,0.4860000014305115,0.48649999499320984,0.4802500009536743,0.4817500114440918,219604000
2014-09-19,0.45591309666633606,0.47699999809265137,0.4880000054836273,0.4762499928474426,0.48750001192092896,601316000
2014-09-22,0.45137324929237366,0.4722500145435333,0.4867500066757202,0.4717499911785126,0.4867500066757202,221464000
2014-09-23,0.44946154952049255,0.4702500104904175,0.4754999876022339,0.46799999475479126,0.46974998712539673,196144000
2014-09-24,0.45208996534347534,0.4729999899864197,0.47450000047683716,0.46950000524520874,0.4699999988079071,159592000
2014-09-25,0.44229307770729065,0.46274998784065247,0.4737499952316284,0.46175000071525574,0.4724999964237213,298440000
2014-09-26,0.4432488977909088,0.4637500047683716,0.4672499895095825,0.4622499942779541,0.46424999833106995,241188000
2014-09-29,0.4425319731235504,0.46299999952316284,0.4662500023841858,0.4555000066757202,0.46000000834465027,208540000
2014-09-30,0.44085946679115295,0.4612500071525574,0.4645000100135803,0.4557499885559082,0.460999995470047,277204000
2014-10-01,0.436558336019516,0.4567500054836273,0.4652499854564667,0.4555000066757202,0.4620000123977661,350976000
2014-10-02,0.4346466660499573,0.4547500014305115,0.4582499861717224,0.4442499876022339,0.4560000002384186,288996000
2014-10-03,0.4356025755405426,0.4557499885559082,0.4637500047683716,0.4557499885559082,0.45750001072883606,239140000
2014-10-06,0.4329741895198822,0.453000009059906,0.4612500071525574,0.44999998807907104,0.45750001072883606,199032000
2014-10-07,0.4284340441226959,0.4482499957084656,0.4555000066757202,0.4477500021457672,0.45100000500679016,301896000
2014-10-08,0.43631941080093384,0.45649999380111694,0.45875000953674316,0.4442499876022339,0.4477500021457672,260172000
2014-10-09,0.42795616388320923,0.4477500021457672,0.45500001311302185,0.4440000057220459,0.4544999897480011,306956000
2014-10-10,0.40262773633003235,0.42124998569488525,0.44574999809265137,0.42100000381469727,0.4442499876022339,691376000
2014-10-13,0.4011939465999603,0.41975000500679016,0.4325000047683716,0.4192500114440918,0.42399999499320984,397628000
2014-10-14,0.4105130434036255,0.429500013589859,0.4412499964237213,0.4230000078678131,0.4255000054836273,376620000
2014-10-15,0.41672566533088684,0.4359999895095825,0.43825000524520874,0.4205000102519989,0.4232499897480011,404428000
2014-10-16,0.416964590549469,0.4362500011920929,0.4412499964237213,0.4272499978542328,0.4282500147819519,351116000
2014-10-17,0.41624781489372253,0.43549999594688416,0.4465000033378601,0.4337500035762787,0.4415000081062317,290716000
2014-10-20,0.4198319613933563,0.43924999237060547,0.44325000047683716,0.4325000047683716,0.43549999594688416,200336000
2014-10-21,0.4377531111240387,0.4580000042915344,0.4584999978542328,0.4412499964237213,0.4424999952316284,351092000
2014-10-22,0.42747822403907776,0.44725000858306885,0.45875000953674316,0.44725000858306885,0.4572499990463257,239512000
2014-10-23,0.43703630566596985,0.4572499990463257,0.46050000190734863,0.4517500102519989,0.45500001311302185,214476000
2014-10-24,0.44157615303993225,0.4620000123977661,0.4647499918937683,0.4572499990463257,0.46000000834465027,210156000
2014-10-27,0.44181522727012634,0.4622499942779541,0.46399998664855957,0.4567500054836273,0.46175000071525574,145092000
2014-10-28,0.45232895016670227,0.47325000166893005,0.4737499952316284,0.46050000190734863,0.460999995470047,192580000
2014-10-29,0.44946154952049255,0.4702500104904175,0.4740000069141388,0.4659999907016754,0.4712499976158142,168340000
2014-10-30,0.4465940594673157,0.4672499895095825,0.47099998593330383,0.4612500071525574,0.4690000116825104,170260000
2014-10-31,0.46690478920936584,0.4884999990463257,0.48875001072883606,0.4754999876022339,0.4779999852180481,256316000
2014-11-03,0.4747900664806366,0.49674999713897705,0.5015000104904175,0.49424999952316284,0.4997499883174896,308732000
2014-11-04,0.4810026288032532,0.503250002861023,0.5049999952316284,0.49175000190734863,0.5,360196000
2014-11-05,0.4810026288032532,0.503250002861023,0.5065000057220459,0.49950000643730164,0.5062500238418579,335652000
2014-11-06,0.48315325379371643,0.5055000185966492,0.5062500238418579,0.4964999854564667,0.5042499899864197,394088000
2014-11-07,0.47287851572036743,0.4947499930858612,0.5172500014305115,0.4897499978542328,0.5112500190734863,450800000
2014-11-10,0.47837433218955994,0.5005000233650208,0.5037500262260437,0.49300000071525574,0.49424999952316284,293388000
2014-11-11,0.4726395308971405,0.4945000112056732,0.500249981880188,0.49024999141693115,0.4975000023841858,212992000
2014-11-12,0.46953317523002625,0.49125000834465027,0.49399998784065247,0.484499990940094,0.49274998903274536,204584000
2014-11-13,0.467143714427948,0.48875001072883606,0.4937500059604645,0.48475000262260437,0.49300000071525574,225328000
2014-11-14,0.47287851572036743,0.4947499930858612,0.4947499930858612,0.484499990940094,0.4892500042915344,160248000
2014-11-17,0.47072795033454895,0.4925000071525574,0.49775001406669617,0.4892500042915344,0.4925000071525574,158732000
2014-11-18,0.4819585084915161,0.5042499899864197,0.5055000185966492,0.49149999022483826,0.49274998903274536,207772000
2014-11-19,0.4801587462425232,0.500249981880188,0.5040000081062317,0.4950000047683716,0.5024999976158142,240300000
2014-11-20,0.4880773425102234,0.5084999799728394,0.5090000033378601,0.49524998664855957,0.49674999713897705,220968000
2014-11-21,0.49071696400642395,0.5112500190734863,0.5137500166893005,0.5070000290870667,0.5130000114440918,198976000
2014-11-24,0.4938366711139679,0.5145000219345093,0.5167499780654907,0.5105000138282776,0.512499988079071,136004000
2014-11-25,0.4935964345932007,0.5142499804496765,0.5180000066757202,0.512499988079071,0.5134999752044678,190240000
2014-11-26,0.5019951462745667,0.5230000019073486,0.5235000252723694,0.5109999775886536,0.5112500190734863,219264000
2014-11-28,0.5031948089599609,0.5242499709129333,0.5272499918937683,0.5199999809265137,0.5247499942779541,124832000
2014-12-01,0.4938366711139679,0.5145000219345093,0.5249999761581421,0.5137500166893005,0.5220000147819519,190060000
2014-12-02,0.49455633759498596,0.515250027179718,0.5174999833106995,0.5092499852180481,0.5139999985694885,245952000
2014-12-03,0.5072742700576782,0.5285000205039978,0.5287500023841858,0.5162500143051147,0.5177500247955322,284424000
2014-12-04,0.5027149319648743,0.5237500071525574,0.5297499895095825,0.5202500224113464,0.5277500152587891,185332000
2014-12-05,0.5055944919586182,0.5267500281333923,0.5295000076293945,0.5237500071525574,0.5239999890327454,165680000
2014-12-08,0.49911555647850037,0.5199999809265137,0.53125,0.515749990940094,0.5260000228881836,226944000
2014-12-09,0.49743589758872986,0.5182499885559082,0.5195000171661377,0.5090000033378601,0.5167499780654907,239448000
2014-12-10,0.4863978326320648,0.5067499876022339,0.518750011920929,0.5062500238418579,0.5167499780654907,204364000
2014-12-11,0.48615777492523193,0.5065000057220459,0.5132499933242798,0.5055000185966492,0.5097500085830688,135652000
2014-12-12,0.47104036808013916,0.4907500147819519,0.5042499899864197,0.49024999141693115,0.4997499883174896,323964000
2014-12-15,0.4696005880832672,0.4892500042915344,0.5055000185966492,0.48774999380111694,0.4964999854564667,254696000
2014-12-16,0.46432143449783325,0.48374998569488525,0.4964999854564667,0.48350000381469727,0.48875001072883606,185308000
2014-12-17,0.4832783043384552,0.5034999847412109,0.5042499899864197,0.47749999165534973,0.4934999942779541,345596000
2014-12-18,0.4851979911327362,0.5055000185966492,0.515749990940094,0.5007500052452087,0.5097500085830688,226156000
2014-12-19,0.48999714851379395,0.5105000138282776,0.512499988079071,0.5042499899864197,0.5090000033378601,325528000
2014-12-22,0.4986357092857361,0.5195000171661377,0.5195000171661377,0.5082499980926514,0.5099999904632568,148976000
2014-12-23,0.49551627039909363,0.5162500143051147,0.5260000228881836,0.515749990940094,0.5235000252723694,109280000
2014-12-24,0.4935964345932007,0.5142499804496765,0.5182499885559082,0.5137500166893005,0.5174999833106995,45644000
2014-12-26,0.4940764904022217,0.5147500038146973,0.5174999833106995,0.5130000114440918,0.5142499804496765,52636000
2014-12-29,0.4933565557003021,0.5139999985694885,0.5174999833106995,0.5107499957084656,0.5132499933242798,82944000
2014-12-30,0.4887973964214325,0.5092499852180481,0.5130000114440918,0.5084999799728394,0.5105000138282776,112120000
2014-12-31,0.48111870884895325,0.5012500286102295,0.5127500295639038,0.4997499883174896,0.5099999904632568,166300000
2015-01-02,0.4830383062362671,0.503250002861023,0.5070000290870667,0.49524998664855957,0.503250002861023,113680000
2015-01-05,0.47487974166870117,0.4947499930858612,0.5047500133514404,0.4925000071525574,0.503250002861023,197952000
2015-01-06,0.4604822099208832,0.47975000739097595,0.4959999918937683,0.4792500138282776,0.49549999833106995,197764000
2015-01-07,0.4592823088169098,0.47850000858306885,0.48750001192092896,0.47699999809265137,0.4832499921321869,321808000
2015-01-08,0.47655948996543884,0.4964999854564667,0.49950000643730164,0.48374998569488525,0.48399999737739563,283780000
2015-01-09,0.4784790575504303,0.4984999895095825,0.5022500157356262,0.49149999022483826,0.49825000762939453,209540000
2015-01-12,0.4724801480770111,0.492249995470047,0.5,0.48774999380111694,0.4997499883174896,190732000
2015-01-13,0.47176027297973633,0.49149999022483826,0.5059999823570251,0.4880000054836273,0.4959999918937683,236720000
2015-01-14,0.47367995977401733,0.4934999942779541,0.4950000047683716,0.48500001430511475,0.48625001311302185,155260000
2015-01-15,0.47032037377357483,0.49000000953674316,0.5,0.4897499978542328,0.4970000088214874,188932000
2015-01-16,0.47895902395248413,0.49900001287460327,0.49950000643730164,0.48774999380111694,0.4892500042915344,181512000
2015-01-20,0.4803987741470337,0.5005000233650208,0.5052499771118164,0.49424999952316284,0.5024999976158142,140308000
2015-01-21,0.4871174991130829,0.5074999928474426,0.5087500214576721,0.49424999952316284,0.49775001406669617,144780000
2015-01-22,0.49551627039909363,0.5162500143051147,0.5177500247955322,0.503250002861023,0.5084999799728394,159712000
2015-01-23,0.49695590138435364,0.5177500247955322,0.518750011920929,0.512499988079071,0.5167499780654907,120416000
2015-01-26,0.4947962760925293,0.515500009059906,0.5180000066757202,0.5122500061988831,0.515500009059906,133240000
2015-01-27,0.47104036808013916,0.4907500147819519,0.5080000162124634,0.4897499978542328,0.5074999928474426,357948000
2015-01-28,0.46336162090301514,0.4827499985694885,0.4987500011920929,0.48249998688697815,0.49674999713897705,272728000
2015-01-29,0.47463977336883545,0.4945000112056732,0.4972499907016754,0.4807499945163727,0.4830000102519989,235340000
2015-01-30,0.46072205901145935,0.47999998927116394,0.49674999713897705,0.4792500138282776,0.4909999966621399,298200000
2015-02-02,0.4708004295825958,0.49050000309944153,0.4925000071525574,0.47350001335144043,0.4830000102519989,259604000
2015-02-03,0.4825584292411804,0.5027499794960022,0.503250002861023,0.49149999022483826,0.49399998784065247,183468000
2015-02-04,0.4837583005428314,0.5040000081062317,0.5097500085830688,0.4997499883174896,0.5012500286102295,181516000
2015-02-05,0.49167686700820923,0.5122500061988831,0.512499988079071,0.5040000081062317,0.5044999718666077,140448000
2015-02-06,0.48951712250709534,0.5099999904632568,0.5177500247955322,0.5077499747276306,0.5117499828338623,210524000
2015-02-09,0.48903724551200867,0.5095000267028809,0.5109999775886536,0.5037500262260437,0.5070000290870667,273944000
2015-02-10,0.5027149319648743,0.5237500071525574,0.5239999890327454,0.5077499747276306,0.5099999904632568,226204000
2015-02-11,0.49935564398765564,0.5202500224113464,0.5249999761581421,0.5167499780654907,0.5249999761581421,320832000
2015-02-12,0.5351095199584961,0.5575000047683716,0.5625,0.546750009059906,0.550000011920929,676904000
2015-02-13,0.5353493094444275,0.5577499866485596,0.5584999918937683,0.5477499961853027,0.5562499761581421,310084000
2015-02-17,0.5370292663574219,0.559499979019165,0.562250018119812,0.5532500147819519,0.5567499995231628,203340000
2015-02-18,0.5307900309562683,0.5529999732971191,0.5597500205039978,0.5519999861717224,0.5587499737739563,170948000
2015-02-19,0.5322301387786865,0.5544999837875366,0.5609999895095825,0.5519999861717224,0.5600000023841858,169432000
2015-02-20,0.5360691547393799,0.5584999918937683,0.5587499737739563,0.550000011920929,0.5540000200271606,157752000
2015-02-23,0.5317501425743103,0.5540000200271606,0.5582500100135803,0.5512499809265137,0.5582500100135803,125008000
2015-02-24,0.5374107956886292,0.5577499866485596,0.5577499866485596,0.5490000247955322,0.5540000200271606,149356000
2015-02-25,0.5333157181739807,0.5534999966621399,0.5580000281333923,0.5509999990463257,0.5554999709129333,123820000
2015-02-26,0.5347610712051392,0.5550000071525574,0.5582500100135803,0.5504999756813049,0.5540000200271606,152864000
2015-02-27,0.5313888192176819,0.5515000224113464,0.5547500252723694,0.5494999885559082,0.5534999966621399,157492000
2015-03-02,0.5443964600563049,0.5649999976158142,0.5680000185966492,0.5492500066757202,0.550000011920929,301512000
2015-03-03,0.5342794060707092,0.5544999837875366,0.5634999871253967,0.5527499914169312,0.5607500076293945,160344000
2015-03-04,0.5403012633323669,0.5607500076293945,0.5619999766349792,0.5502499938011169,0.5525000095367432,226840000
2015-03-05,0.5506592392921448,0.5715000033378601,0.5724999904632568,0.559249997138977,0.5607500076293945,323056000
2015-03-06,0.5431922674179077,0.5637500286102295,0.5709999799728394,0.5632500052452087,0.5682500004768372,257392000
2015-03-09,0.5446372628211975,0.5652499794960022,0.5695000290870667,0.562749981880188,0.5640000104904175,222388000
2015-03-10,0.5540316104888916,0.574999988079071,0.5787500143051147,0.5667499899864197,0.5677499771118164,527212000
2015-03-11,0.551141083240509,0.5720000267028809,0.5824999809265137,0.5705000162124634,0.574999988079071,262120000
2015-03-12,0.546082615852356,0.5667499899864197,0.5707499980926514,0.5559999942779541,0.5665000081062317,406972000
2015-03-13,0.5468052625656128,0.5674999952316284,0.5690000057220459,0.5562499761581421,0.5640000104904175,359288000
2015-03-16,0.5533090829849243,0.5742499828338623,0.577750027179718,0.5682500004768372,0.5720000267028809,236956000
2015-03-17,0.5600539445877075,0.581250011920929,0.5814999938011169,0.5690000057220459,0.5730000138282776,299900000
2015-03-18,0.5509001612663269,0.5717499852180481,0.5842499732971191,0.5665000081062317,0.581250011920929,413844000
2015-03-19,0.5593310594558716,0.5805000066757202,0.5824999809265137,0.5695000290870667,0.5737500190734863,310756000
2015-03-20,0.5653532147407532,0.5867499709129333,0.5902500152587891,0.5797500014305115,0.5852500200271606,462084000
2015-03-23,0.5470460653305054,0.5677499771118164,0.5767499804496765,0.5674999952316284,0.5692499876022339,426012000
2015-03-24,0.5395785570144653,0.5600000023841858,0.5699999928474426,0.5575000047683716,0.5659999847412109,330480000
2015-03-25,0.5068185925483704,0.5260000228881836,0.5597500205039978,0.5242499709129333,0.5597500205039978,542552000
2015-03-26,0.5051323771476746,0.5242499709129333,0.5264999866485596,0.5115000009536743,0.515250027179718,311920000
2015-03-27,0.5150085687637329,0.534500002861023,0.5364999771118164,0.518750011920929,0.5272499918937683,318288000
2015-03-30,0.5171768069267273,0.5367500185966492,0.5394999980926514,0.5299999713897705,0.5370000004768372,253252000
2015-03-31,0.5041689872741699,0.5232499837875366,0.5357499718666077,0.5227500200271606,0.5352500081062317,357276000
2015-04-01,0.5060958862304688,0.5252500176429749,0.5270000100135803,0.5162500143051147,0.5252500176429749,330768000
2015-04-02,0.5073004364967346,0.5264999866485596,0.5297499895095825,0.5220000147819519,0.528249979019165,192204000
2015-04-06,0.5219939947128296,0.5417500138282776,0.5435000061988831,0.518750011920929,0.5242499709129333,515864000
2015-04-07,0.5265710353851318,0.546500027179718,0.5525000095367432,0.5387499928474426,0.5417500138282776,413964000
2015-04-08,0.5304252505302429,0.5504999756813049,0.5525000095367432,0.5417500138282776,0.546999990940094,366432000
2015-04-09,0.5427103638648987,0.5632500052452087,0.5649999976158142,0.5460000038146973,0.5462499856948853,379432000
2015-04-10,0.548250675201416,0.5690000057220459,0.5692499876022339,0.5617499947547913,0.5637500286102295,258728000
2015-04-13,0.5431922674179077,0.5637500286102295,0.5709999799728394,0.5612499713897705,0.5677499771118164,236724000
2015-04-14,0.5386151671409607,0.5590000152587891,0.5637500286102295,0.5534999966621399,0.5615000128746033,220276000
2015-04-15,0.5451191067695618,0.565750002861023,0.5699999928474426,0.5577499866485596,0.5605000257492065,243560000
2015-04-16,0.5417465567588806,0.562250018119812,0.5672500133514404,0.5582500100135803,0.5625,155284000
2015-04-17,0.5347610712051392,0.5550000071525574,0.5605000257492065,0.5502499938011169,0.5504999756813049,293636000
2015-04-20,0.5321114659309387,0.5522500276565552,0.5609999895095825,0.5512499809265137,0.5575000047683716,231624000
2015-04-21,0.5313888192176819,0.5515000224113464,0.5590000152587891,0.5487499833106995,0.5590000152587891,230456000
2015-04-22,0.5374107956886292,0.5577499866485596,0.5584999918937683,0.5462499856948853,0.5547500252723694,207420000
2015-04-23,0.5352429151535034,0.5554999709129333,0.5607500076293945,0.5412499904632568,0.5475000143051147,259380000
2015-04-24,0.5306660532951355,0.5507500171661377,0.5554999709129333,0.5444999933242798,0.5552499890327454,240960000
2015-04-27,0.5347610712051392,0.5550000071525574,0.5647500157356262,0.5477499961853027,0.5525000095367432,248456000
2015-04-28,0.5374107956886292,0.5577499866485596,0.5597500205039978,0.5487499833106995,0.5540000200271606,234484000
2015-04-29,0.5333157181739807,0.5534999966621399,0.559249997138977,0.5512499809265137,0.5537499785423279,195156000
2015-04-30,0.5347610712051392,0.5550000071525574,0.5577499866485596,0.5494999885559082,0.5507500171661377,218844000
2015-05-01,0.5480095744132996,0.5687500238418579,0.5705000162124634,0.5569999814033508,0.559499979019165,256968000
2015-05-04,0.5446372628211975,0.5652499794960022,0.5720000267028809,0.5634999871253967,0.5682500004768372,200720000
2015-05-05,0.5306660532951355,0.5507500171661377,0.5640000104904175,0.5482500195503235,0.5632500052452087,292928000
2015-05-06,0.5323523283004761,0.5525000095367432,0.5590000152587891,0.5452499985694885,0.5537499785423279,316484000
2015-05-07,0.5417465567588806,0.562250018119812,0.5640000104904175,0.5485000014305115,0.5502499938011169,534564000
2015-05-08,0.5017601847648621,0.5207499861717224,0.5460000038146973,0.5122500061988831,0.5252500176429749,1146552000
2015-05-11,0.49694252014160156,0.515749990940094,0.5210000276565552,0.5095000267028809,0.5134999752044678,544144000
2015-05-12,0.5017601847648621,0.5207499861717224,0.5249999761581421,0.5117499828338623,0.5120000243186951,388800000
2015-05-13,0.5046506524085999,0.5237500071525574,0.5285000205039978,0.518750011920929,0.5245000123977661,308524000
2015-05-14,0.5128406882286072,0.5322499871253967,0.5350000262260437,0.5239999890327454,0.5252500176429749,293052000
2015-05-15,0.5130814909934998,0.5325000286102295,0.5370000004768372,0.5292500257492065,0.534500002861023,215824000
2015-05-18,0.5123589634895325,0.5317500233650208,0.5350000262260437,0.5287500023841858,0.53125,324972000
2015-05-19,0.509164571762085,0.5260000228881836,0.5317500233650208,0.5249999761581421,0.5299999713897705,253808000
2015-05-20,0.509164571762085,0.5260000228881836,0.5325000286102295,0.5254999995231628,0.5262500047683716,196824000
2015-05-21,0.5055347084999084,0.5222499966621399,0.5285000205039978,0.5217499732971191,0.5262500047683716,239692000
2015-05-22,0.5048084855079651,0.5214999914169312,0.5254999995231628,0.5202500224113464,0.5235000252723694,212592000
2015-05-26,0.5016627907752991,0.5182499885559082,0.5224999785423279,0.5142499804496765,0.5189999938011169,259732000
2015-05-27,0.5285243988037109,0.5460000038146973,0.5485000014305115,0.5199999809265137,0.5217499732971191,432332000
2015-05-28,0.5357844233512878,0.5534999966621399,0.5552499890327454,0.5450000166893005,0.5460000038146973,327656000
2015-05-29,0.535542368888855,0.5532500147819519,0.5569999814033508,0.5525000095367432,0.5534999966621399,335168000
2015-06-01,0.5415924787521362,0.559499979019165,0.5649999976158142,0.5532500147819519,0.5567499995231628,372660000
2015-06-02,0.5309445261955261,0.5485000014305115,0.5590000152587891,0.5479999780654907,0.5559999942779541,224304000
2015-06-03,0.5251365900039673,0.5425000190734863,0.5542500019073486,0.5414999723434448,0.550000011920929,250788000
2015-06-04,0.5345745086669922,0.5522500276565552,0.5540000200271606,0.5392500162124634,0.5392500162124634,323712000
2015-06-05,0.5386882424354553,0.5565000176429749,0.5590000152587891,0.5447499752044678,0.5504999756813049,313320000
2015-06-08,0.5263463258743286,0.543749988079071,0.5584999918937683,0.5375000238418579,0.5547500252723694,342812000
2015-06-09,0.5290084481239319,0.546500027179718,0.5504999756813049,0.5432500243186951,0.5442500114440918,256888000
2015-06-10,0.5195707082748413,0.5367500185966492,0.5435000061988831,0.5337499976158142,0.5400000214576721,529460000
2015-06-11,0.5251365900039673,0.5425000190734863,0.5462499856948853,0.5367500185966492,0.5367500185966492,283052000
2015-06-12,0.5108585953712463,0.5277500152587891,0.5422499775886536,0.5264999866485596,0.5389999747276306,323728000
2015-06-15,0.5098906755447388,0.5267500281333923,0.5292500257492065,0.5210000276565552,0.5249999761581421,306548000
2015-06-16,0.5161826610565186,0.5332499742507935,0.5339999794960022,0.5205000042915344,0.5257499814033508,256892000
2015-06-17,0.5222322940826416,0.5394999980926514,0.5425000190734863,0.5317500233650208,0.5329999923706055,233544000
2015-06-18,0.5309445261955261,0.5485000014305115,0.5519999861717224,0.5425000190734863,0.5440000295639038,299404000
2015-06-19,0.5292503833770752,0.546750009059906,0.5529999732971191,0.5417500138282776,0.5485000014305115,355656000
2015-06-22,0.5270723104476929,0.5444999933242798,0.5507500171661377,0.5362499952316284,0.5477499961853027,514236000
2015-06-23,0.5135207176208496,0.5304999947547913,0.5497499704360962,0.5262500047683716,0.5454999804496765,414064000
2015-06-24,0.5084384679794312,0.5252500176429749,0.5325000286102295,0.5227500200271606,0.5297499895095825,253368000
2015-06-25,0.5123106241226196,0.5292500257492065,0.5325000286102295,0.5252500176429749,0.5252500176429749,350460000
2015-06-26,0.5019047856330872,0.5184999704360962,0.5254999995231628,0.5162500143051147,0.5249999761581421,421296000
2015-06-29,0.48690083622932434,0.503000020980835,0.5177500247955322,0.5022500157356262,0.512499988079071,391724000
2015-06-30,0.4866587817668915,0.5027499794960022,0.5082499980926514,0.49924999475479126,0.5059999823570251,315916000
2015-07-01,0.4936766028404236,0.5099999904632568,0.5224999785423279,0.5055000185966492,0.515250027179718,302892000
2015-07-02,0.4941607117652893,0.5105000138282776,0.5137500166893005,0.5072500109672546,0.5097500085830688,145764000
2015-07-06,0.4881107211112976,0.5042499899864197,0.5132499933242798,0.5005000233650208,0.5062500238418579,214776000
2015-07-07,0.47891485691070557,0.4947499930858612,0.503250002861023,0.4790000021457672,0.5012500286102295,594252000
2015-07-08,0.4755268394947052,0.49125000834465027,0.4950000047683716,0.4872500002384186,0.492000013589859,332492000
2015-07-09,0.4697187840938568,0.48524999618530273,0.5012500286102295,0.48225000500679016,0.49900001287460327,357588000
2015-07-10,0.47794675827026367,0.4937500059604645,0.49825000762939453,0.49024999141693115,0.49149999022483826,216708000
2015-07-13,0.4810928702354431,0.4970000088214874,0.4997499883174896,0.4937500059604645,0.4987500011920929,212472000
2015-07-14,0.48133471608161926,0.4972499907016754,0.49825000762939453,0.4907500147819519,0.49775001406669617,249216000
2015-07-15,0.47794675827026367,0.4937500059604645,0.49924999475479126,0.4892500042915344,0.4959999918937683,265732000
2015-07-16,0.48859474062919617,0.5047500133514404,0.5047500133514404,0.4950000047683716,0.49674999713897705,282848000
2015-07-17,0.48569074273109436,0.5017499923706055,0.5034999847412109,0.49524998664855957,0.503000020980835,220372000
2015-07-20,0.47673678398132324,0.4925000071525574,0.5037500262260437,0.49125000834465027,0.5017499923706055,188412000
2015-07-21,0.47891485691070557,0.4947499930858612,0.5017499923706055,0.49149999022483826,0.49149999022483826,149720000
2015-07-22,0.4697187840938568,0.48524999618530273,0.49125000834465027,0.4792500138282776,0.49125000834465027,356472000
2015-07-23,0.4755268394947052,0.49125000834465027,0.4984999895095825,0.48524999618530273,0.48625001311302185,169916000
2015-07-24,0.4699608087539673,0.4855000078678131,0.49524998664855957,0.48350000381469727,0.4947499930858612,188844000
2015-07-27,0.4672988951206207,0.4827499985694885,0.4882499873638153,0.47725000977516174,0.48124998807907104,192420000
2015-07-28,0.47746288776397705,0.4932500123977661,0.4964999854564667,0.4790000021457672,0.48399999737739563,198308000
2015-07-29,0.4832708537578583,0.49924999475479126,0.503250002861023,0.49024999141693115,0.492249995470047,232680000
2015-07-30,0.48448076844215393,0.5005000233650208,0.5055000185966492,0.49799999594688416,0.49799999594688416,190180000
2015-07-31,0.48278671503067017,0.4987500011920929,0.5027499794960022,0.4957500100135803,0.5024999976158142,218340000
2015-08-03,0.4910147488117218,0.5072500109672546,0.5077499747276306,0.4962500035762787,0.5027499794960022,397132000
2015-08-04,0.49295076727867126,0.5092499852180481,0.5107499957084656,0.5034999847412109,0.5055000185966492,260100000
2015-08-05,0.498032808303833,0.5145000219345093,0.5222499966621399,0.5134999752044678,0.5217499732971191,234628000
2015-08-06,0.4948866367340088,0.5112500190734863,0.5170000195503235,0.5027499794960022,0.5132499933242798,655676000
2015-08-07,0.5561124086380005,0.5745000243186951,0.5842499732971191,0.546999990940094,0.5615000128746033,1405248000
2015-08-10,0.5754720568656921,0.5945000052452087,0.5987499952316284,0.5669999718666077,0.5705000162124634,662304000
2015-08-11,0.5725680589675903,0.5914999842643738,0.5972499847412109,0.5857499837875366,0.5857499837875366,435008000
2015-08-12,0.574020266532898,0.5929999947547913,0.5972499847412109,0.5820000171661377,0.5820000171661377,384048000
2015-08-13,0.5691799521446228,0.5879999995231628,0.5950000286102295,0.5864999890327454,0.59375,276884000
2015-08-14,0.5696642398834229,0.5885000228881836,0.5920000076293945,0.5839999914169312,0.5874999761581421,214652000
2015-08-17,0.5660343170166016,0.5847499966621399,0.5874999761581421,0.5774999856948853,0.5874999761581421,273880000
2015-08-18,0.5608823299407959,0.5770000219345093,0.5845000147819519,0.5724999904632568,0.5805000066757202,287084000
2015-08-19,0.5586949586868286,0.5747500061988831,0.5827500224113464,0.5684999823570251,0.5762500166893005,249248000
2015-08-20,0.5385248064994812,0.5540000200271606,0.5709999799728394,0.5512499809265137,0.5682500004768372,426932000
2015-08-21,0.5217565298080444,0.5367500185966492,0.559249997138977,0.5362499952316284,0.550000011920929,382664000
2015-08-24,0.5032872557640076,0.5177500247955322,0.5457500219345093,0.5,0.5067499876022339,682284000
2015-08-25,0.49283769726753235,0.5070000290870667,0.5425000190734863,0.5070000290870667,0.5404999852180481,622684000
2015-08-26,0.530019223690033,0.5452499985694885,0.5457500219345093,0.5195000171661377,0.5235000252723694,614976000
2015-08-27,0.5499465465545654,0.565750002861023,0.5659999847412109,0.5477499961853027,0.5509999990463257,463764000
2015-08-28,0.5523766279220581,0.5682500004768372,0.5717499852180481,0.5617499947547913,0.565750002861023,320944000
2015-08-31,0.5463011860847473,0.5619999766349792,0.5695000290870667,0.5597500205039978,0.565500020980835,219352000
2015-09-01,0.5239437222480774,0.5389999747276306,0.5550000071525574,0.5350000262260437,0.5457500219345093,353408000
2015-09-02,0.5397397875785828,0.5552499890327454,0.5554999709129333,0.5444999933242798,0.5537499785423279,344044000
2015-09-03,0.5411977767944336,0.5567499995231628,0.5662500262260437,0.5557500123977661,0.5634999871253967,262556000
2015-09-04,0.528560996055603,0.543749988079071,0.5559999942779541,0.5435000061988831,0.547249972820282,287972000
2015-09-08,0.551161527633667,0.5669999718666077,0.5692499876022339,0.5547500252723694,0.5569999814033508,238448000
2015-09-09,0.5402258038520813,0.5557500123977661,0.5734999775886536,0.5544999837875366,0.5687500238418579,289392000
2015-09-10,0.5487313866615295,0.5644999742507935,0.5715000033378601,0.550000011920929,0.5525000095367432,357076000
2015-09-11,0.5504326224327087,0.5662500262260437,0.5699999928474426,0.5559999942779541,0.5582500100135803,301584000
2015-09-14,0.5514045357704163,0.5672500133514404,0.5707499980926514,0.5642499923706055,0.5690000057220459,192460000
2015-09-15,0.5574801564216614,0.5734999775886536,0.5764999985694885,0.565750002861023,0.5674999952316284,327976000
2015-09-16,0.5613683462142944,0.5774999856948853,0.5807499885559082,0.5682500004768372,0.5724999904632568,173508000
2015-09-17,0.5664717555046082,0.5827500224113464,0.5927500128746033,0.5814999938011169,0.5874999761581421,268712000
2015-09-18,0.5659855008125305,0.5822499990463257,0.5872499942779541,0.5712500214576721,0.5747500061988831,326412000
2015-09-21,0.5718179941177368,0.5882499814033508,0.5895000100135803,0.5799999833106995,0.5830000042915344,281840000
2015-09-22,0.5562650561332703,0.5722500085830688,0.5795000195503235,0.5692499876022339,0.5755000114440918,228356000
2015-09-23,0.558938205242157,0.574999988079071,0.578499972820282,0.5705000162124634,0.5727499723434448,161632000
2015-09-24,0.5696308612823486,0.5860000252723694,0.5920000076293945,0.5625,0.5715000033378601,382440000
2015-09-25,0.5737621784210205,0.5902500152587891,0.6017500162124634,0.5845000147819519,0.5932499766349792,369692000
2015-09-28,0.5662285089492798,0.5824999809265137,0.593999981880188,0.5787500143051147,0.5902500152587891,395584000
2015-09-29,0.5761923789978027,0.5927500128746033,0.59375,0.5805000066757202,0.5887500047683716,380736000
2015-09-30,0.5990357398986816,0.6162499785423279,0.6169999837875366,0.5947499871253967,0.5982499718666077,556380000
2015-10-01,0.5873710513114929,0.6042500138282776,0.6179999709129333,0.5867499709129333,0.6162499785423279,489296000
2015-10-02,0.6026811003684998,0.6200000047683716,0.6200000047683716,0.5947499871253967,0.6010000109672546,386144000
2015-10-05,0.6177480816841125,0.6355000138282776,0.6432499885559082,0.6207500100135803,0.6240000128746033,482024000
2015-10-06,0.625767707824707,0.643750011920929,0.6464999914169312,0.6262500286102295,0.6287500262260437,453216000
2015-10-07,0.6323291063308716,0.6504999995231628,0.6570000052452087,0.6347500085830688,0.6452500224113464,310152000
2015-10-08,0.6359744668006897,0.6542500257492065,0.656000018119812,0.6367499828338623,0.6477500200271606,460068000
2015-10-09,0.6335442066192627,0.6517500281333923,0.6570000052452087,0.6395000219345093,0.6507499814033508,423248000
2015-10-12,0.6403487324714661,0.6587499976158142,0.6625000238418579,0.6477500200271606,0.6524999737739563,227588000
2015-10-13,0.6415635347366333,0.6600000262260437,0.6639999747276306,0.6512500047683716,0.6535000205039978,298444000
2015-10-14,0.664893388748169,0.6840000152587891,0.6947500109672546,0.6600000262260437,0.6607499718666077,612148000
2015-10-15,0.6665944457054138,0.6857500076293945,0.6997500061988831,0.6782500147819519,0.6852499842643738,526048000
2015-10-16,0.6770442128181458,0.6965000033378601,0.703000009059906,0.6862499713897705,0.6880000233650208,448396000
2015-10-19,0.6758289933204651,0.6952499747276306,0.7020000219345093,0.687250018119812,0.6987500190734863,294712000
2015-10-20,0.6748570799827576,0.6942499876022339,0.6974999904632568,0.6869999766349792,0.6922500133514404,264824000
2015-10-21,0.6661085486412048,0.6852499842643738,0.702750027179718,0.6840000152587891,0.6984999775886536,386280000
2015-10-22,0.6901671290397644,0.7099999785423279,0.7122499942779541,0.6922500133514404,0.6932500004768372,306884000
2015-10-23,0.6947842240333557,0.7147499918937683,0.7195000052452087,0.7055000066757202,0.7162500023841858,381776000
2015-10-26,0.69162517786026,0.7114999890327454,0.7170000076293945,0.7049999833106995,0.7152500152587891,247436000
2015-10-27,0.6911391615867615,0.7110000252723694,0.715499997138977,0.7074999809265137,0.7080000042915344,208268000
2015-10-28,0.696728527545929,0.7167500257492065,0.7167500257492065,0.7049999833106995,0.715499997138977,217036000
2015-10-29,0.6726698279380798,0.6919999718666077,0.7124999761581421,0.690750002861023,0.7052500247955322,327168000
2015-10-30,0.689437985420227,0.7092499732971191,0.7142500281333923,0.6942499876022339,0.6995000243186951,301160000
2015-11-02,0.6974577307701111,0.7174999713897705,0.7182499766349792,0.7072499990463257,0.7114999890327454,190088000
2015-11-03,0.6925973296165466,0.7124999761581421,0.7172499895095825,0.7045000195503235,0.7132499814033508,376768000
2015-11-04,0.6811755895614624,0.7007499933242798,0.715749979019165,0.6974999904632568,0.7105000019073486,442264000
2015-11-05,0.673399031162262,0.6927499771118164,0.706250011920929,0.690750002861023,0.7042499780654907,478800000
2015-11-06,0.7667173743247986,0.7887499928474426,0.7985000014305115,0.7455000281333923,0.7612500190734863,1172272000
2015-11-09,0.7633150815963745,0.7852500081062317,0.7875000238418579,0.7742499709129333,0.781000018119812,492568000
2015-11-10,0.7487341165542603,0.7702500224113464,0.7792500257492065,0.7537500262260437,0.7749999761581421,552260000
2015-11-11,0.7414436936378479,0.7627500295639038,0.7762500047683716,0.7599999904632568,0.7707499861717224,619896000
2015-11-12,0.7387703061103821,0.7599999904632568,0.7680000066757202,0.7567499876022339,0.7609999775886536,291080000
2015-11-13,0.7241894006729126,0.7450000047683716,0.7639999985694885,0.7412499785423279,0.7607499957084656,292940000
2015-11-16,0.7387703061103821,0.7599999904632568,0.7605000138282776,0.7487499713897705,0.7547500133514404,344280000
2015-11-17,0.7387703061103821,0.7599999904632568,0.7664999961853027,0.7567499876022339,0.7620000243186951,257048000
2015-11-18,0.7569440007209778,0.7757499814033508,0.7767500281333923,0.7519999742507935,0.7602499723434448,350216000
2015-11-19,0.7591394186019897,0.777999997138977,0.7857499718666077,0.7722499966621399,0.7785000205039978,254072000
2015-11-20,0.7657255530357361,0.7847499847412109,0.7892500162124634,0.7789999842643738,0.7837499976158142,239744000
2015-11-23,0.7542605400085449,0.7730000019073486,0.7912499904632568,0.7702500224113464,0.7912499904632568,242552000
2015-11-24,0.760358989238739,0.7792500257492065,0.7860000133514404,0.7695000171661377,0.7730000019073486,195428000
2015-11-25,0.7593830823898315,0.778249979019165,0.7870000004768372,0.7754999995231628,0.7777500152587891,138300000
2015-11-27,0.7657255530357361,0.7847499847412109,0.7872499823570251,0.7757499814033508,0.7797499895095825,86996000
2015-11-30,0.7737756967544556,0.7929999828338623,0.796500027179718,0.7847499847412109,0.7854999899864197,327244000
2015-12-01,0.7989015579223633,0.8187500238418579,0.8195000290870667,0.7992500066757202,0.800000011920929,409496000
2015-12-02,0.7928029298782349,0.8125,0.828499972820282,0.8107500076293945,0.8199999928474426,294240000
2015-12-03,0.7910953164100647,0.8107500076293945,0.8274999856948853,0.8067499995231628,0.8190000057220459,246656000
2015-12-04,0.8232953548431396,0.84375,0.8452500104904175,0.8107500076293945,0.8107500076293945,458756000
2015-12-07,0.8076832890510559,0.827750027179718,0.843500018119812,0.8252500295639038,0.843500018119812,333588000
2015-12-08,0.8186606168746948,0.8389999866485596,0.8424999713897705,0.812250018119812,0.8174999952316284,314488000
2015-12-09,0.7979256510734558,0.8177499771118164,0.84375,0.809249997138977,0.8387500047683716,372676000
2015-12-10,0.8045119643211365,0.8245000243186951,0.8289999961853027,0.8174999952316284,0.8202499747276306,236596000
2015-12-11,0.7925592064857483,0.812250018119812,0.8220000267028809,0.8105000257492065,0.8162500262260437,227320000
2015-12-14,0.7945104241371155,0.8142499923706055,0.8187500238418579,0.8044999837875366,0.8130000233650208,275892000
2015-12-15,0.804267942905426,0.8242499828338623,0.8299999833106995,0.8190000057220459,0.8234999775886536,307296000
2015-12-16,0.8091468214988708,0.8292499780654907,0.8320000171661377,0.8187500238418579,0.8259999752044678,236356000
2015-12-17,0.7969498634338379,0.8167499899864197,0.8389999866485596,0.8162500262260437,0.8305000066757202,254160000
2015-12-18,0.7840211391448975,0.8034999966621399,0.8192499876022339,0.8025000095367432,0.8109999895095825,395896000
2015-12-21,0.8025604486465454,0.8224999904632568,0.8232499957084656,0.8050000071525574,0.812250018119812,284216000
2015-12-22,0.8032922148704529,0.8232499957084656,0.8314999938011169,0.8182500004768372,0.824999988079071,130012000
2015-12-23,0.8064636588096619,0.8264999985694885,0.8297500014305115,0.8230000138282776,0.8245000243186951,122524000
2015-12-24,0.8091468214988708,0.8292499780654907,0.831250011920929,0.8227499723434448,0.8240000009536743,52448000
2015-12-28,0.8084151148796082,0.828499972820282,0.828499972820282,0.8090000152587891,0.8205000162124634,142024000
2015-12-29,0.8215876221656799,0.8420000076293945,0.8445000052452087,0.8267499804496765,0.8289999961853027,203660000
2015-12-30,0.8145134449005127,0.8347499966621399,0.8485000133514404,0.8345000147819519,0.8412500023841858,180344000
2015-12-31,0.8040244579315186,0.8240000009536743,0.8372499942779541,0.8240000009536743,0.8335000276565552,148528000
2016-01-04,0.789631724357605,0.809249997138977,0.8144999742507935,0.8009999990463257,0.8072500228881836,358076000
2016-01-05,0.8023166656494141,0.8222500085830688,0.8360000252723694,0.8125,0.8245000243186951,490272000
2016-01-06,0.7691408395767212,0.7882500290870667,0.8125,0.7789999842643738,0.8087499737739563,449344000
2016-01-07,0.7386482954025269,0.7570000290870667,0.7737500071525574,0.746999979019165,0.7684999704360962,645304000
2016-01-08,0.722792387008667,0.7407500147819519,0.7674999833106995,0.7392500042915344,0.7667499780654907,398472000
2016-01-11,0.7240119576454163,0.7419999837875366,0.7472500205039978,0.7287499904632568,0.7415000200271606,409372000
2016-01-12,0.7362090349197388,0.7544999718666077,0.765500009059906,0.7492499947547913,0.7552499771118164,469356000
2016-01-13,0.7137666344642639,0.7315000295639038,0.765250027179718,0.7307500243186951,0.7602499723434448,481672000
2016-01-14,0.6993741989135742,0.7167500257492065,0.7250000238418579,0.6955000162124634,0.7164999842643738,600236000
2016-01-15,0.6613195538520813,0.6777499914169312,0.6962500214576721,0.6660000085830688,0.6880000233650208,841452000
2016-01-19,0.6666863560676575,0.6832500100135803,0.7112500071525574,0.6804999709129333,0.6917499899864197,457140000
2016-01-20,0.6703452467918396,0.6869999766349792,0.6957499980926514,0.6612499952316284,0.6702499985694885,481180000
2016-01-21,0.6781514286994934,0.6949999928474426,0.7057499885559082,0.6802499890327454,0.6945000290870667,481456000
2016-01-22,0.6940074563026428,0.7112500071525574,0.7160000205039978,0.7067499756813049,0.7082499861717224,257996000
2016-01-25,0.6932758092880249,0.7105000019073486,0.7192500233650208,0.7089999914169312,0.7110000252723694,270728000
2016-01-26,0.7001060843467712,0.7174999713897705,0.7204999923706055,0.7047500014305115,0.7120000123977661,227944000
2016-01-27,0.6918119788169861,0.7089999914169312,0.71875,0.6955000162124634,0.7164999842643738,231700000
2016-01-28,0.6842501759529114,0.7012500166893005,0.7172499895095825,0.6875,0.7147499918937683,276776000
2016-01-29,0.7144982814788818,0.7322499752044678,0.7337499856948853,0.7045000195503235,0.7072499990463257,310504000
2016-02-01,0.7147422432899475,0.7325000166893005,0.7362499833106995,0.7252500057220459,0.7315000295639038,289884000
2016-02-02,0.6844937801361084,0.7014999985694885,0.7287499904632568,0.6965000033378601,0.7250000238418579,341908000
2016-02-03,0.6879088878631592,0.7049999833106995,0.7112500071525574,0.6887500286102295,0.7070000171661377,326772000
2016-02-04,0.6881528496742249,0.7052500247955322,0.7212499976158142,0.6982499957084656,0.7059999704360962,348140000
2016-02-05,0.6447318196296692,0.6607499718666077,0.7082499861717224,0.6587499976158142,0.7005000114440918,600428000
2016-02-08,0.6152151823043823,0.6305000185966492,0.6539999842643738,0.6212499737739563,0.6507499814033508,608852000
2016-02-09,0.621801495552063,0.6372500061988831,0.6637499928474426,0.6200000047683716,0.6230000257492065,425372000
2016-02-10,0.6203381419181824,0.6357499957084656,0.6597499847412109,0.6322500109672546,0.6412500143051147,335800000
2016-02-11,0.6171666383743286,0.6324999928474426,0.6389999985694885,0.6194999814033508,0.6194999814033508,340144000
2016-02-12,0.627656102180481,0.6432499885559082,0.6445000171661377,0.6187499761581421,0.6424999833106995,340816000
2016-02-16,0.6583924889564514,0.6747499704360962,0.6757500171661377,0.6504999995231628,0.6524999737739563,485352000
2016-02-17,0.6747363209724426,0.6915000081062317,0.6980000138282776,0.6804999709129333,0.6832500100135803,771468000
2016-02-18,0.7327938079833984,0.7509999871253967,0.7745000123977661,0.7475000023841858,0.7482500076293945,1068660000
2016-02-19,0.7425515055656433,0.7609999775886536,0.7677500247955322,0.7412499785423279,0.746999979019165,525628000
2016-02-22,0.7688966393470764,0.7879999876022339,0.796750009059906,0.7705000042915344,0.7720000147819519,449668000
2016-02-23,0.7708484530448914,0.7900000214576721,0.7975000143051147,0.777999997138977,0.7817500233650208,369380000
2016-02-24,0.7762150168418884,0.7954999804496765,0.796750009059906,0.7649999856948853,0.7867500185966492,336852000
2016-02-25,0.7779226303100586,0.797249972820282,0.8012499809265137,0.7829999923706055,0.7985000014305115,349616000
2016-02-26,0.7727999091148376,0.7919999957084656,0.8029999732971191,0.7839999794960022,0.8009999990463257,361964000
2016-02-29,0.767781138420105,0.7839999794960022,0.8004999756813049,0.7835000157356262,0.7902500033378601,323344000
2016-03-01,0.8018120527267456,0.8187500238418579,0.8187500238418579,0.7847499847412109,0.7860000133514404,348700000
2016-03-02,0.8064638376235962,0.8234999775886536,0.8264999985694885,0.812749981880188,0.8142499923706055,233812000
2016-03-03,0.7993636131286621,0.8162500262260437,0.8259999752044678,0.8052499890327454,0.8224999904632568,302004000
2016-03-04,0.7969154119491577,0.8137500286102295,0.8232499957084656,0.8075000047683716,0.8224999904632568,175304000
2016-03-07,0.7917740345001221,0.8084999918937683,0.8147500157356262,0.7979999780654907,0.809249997138977,239968000
2016-03-08,0.7773292064666748,0.793749988079071,0.8050000071525574,0.7912499904632568,0.8002499938011169,274940000
2016-03-09,0.7768397331237793,0.7932500243186951,0.8019999861717224,0.7829999923706055,0.8007500171661377,222788000
2016-03-10,0.7756153345108032,0.7919999957084656,0.8025000095367432,0.7760000228881836,0.7979999780654907,286084000
2016-03-11,0.7888363003730774,0.8054999709129333,0.8057500123977661,0.7942500114440918,0.8037499785423279,277400000
2016-03-14,0.7907947897911072,0.8075000047683716,0.8107500076293945,0.7979999780654907,0.8017500042915344,190312000
2016-03-15,0.7868775129318237,0.8034999966621399,0.8084999918937683,0.7892500162124634,0.8032500147819519,226216000
2016-03-16,0.8103811740875244,0.8274999856948853,0.8302500247955322,0.793749988079071,0.7975000143051147,363644000
2016-03-17,0.8035258054733276,0.8205000162124634,0.828499972820282,0.809249997138977,0.8245000243186951,353680000
2016-03-18,0.8277639150619507,0.8452500104904175,0.856249988079071,0.824999988079071,0.8302500247955322,545512000
2016-03-21,0.8302120566368103,0.8477500081062317,0.8479999899864197,0.8287500143051147,0.8377500176429749,337780000
2016-03-22,0.8287433385848999,0.8462499976158142,0.8522499799728394,0.8357499837875366,0.8450000286102295,242012000
2016-03-23,0.8429432511329651,0.8607500195503235,0.8669999837875366,0.8462499976158142,0.8500000238418579,429008000
2016-03-24,0.8441672325134277,0.8619999885559082,0.8634999990463257,0.8502500057220459,0.8529999852180481,244956000
2016-03-28,0.8527363538742065,0.8707500100135803,0.8744999766349792,0.859499990940094,0.8604999780654907,265388000
2016-03-29,0.8664466142654419,0.8847500085830688,0.8867499828338623,0.8650000095367432,0.8669999837875366,261812000
2016-03-30,0.8755053877830505,0.8939999938011169,0.90625,0.887499988079071,0.8880000114440918,376700000
2016-03-31,0.8723224401473999,0.890749990940094,0.8999999761581421,0.8837500214576721,0.8980000019073486,379884000
2016-04-01,0.8850536942481995,0.9037500023841858,0.9042500257492065,0.8784999847412109,0.8852499723434448,348292000
2016-04-04,0.876484751701355,0.8949999809265137,0.9160000085830688,0.8914999961853027,0.9112499952316284,393940000
2016-04-05,0.8752603530883789,0.893750011920929,0.9020000100135803,0.8834999799728394,0.8870000243186951,339568000
2016-04-06,0.876484751701355,0.8949999809265137,0.8955000042915344,0.8657500147819519,0.8824999928474426,453376000
2016-04-07,0.8674261569976807,0.8857499957084656,0.8972499966621399,0.8820000290870667,0.8892499804496765,378104000
2016-04-08,0.8730571269989014,0.8914999961853027,0.8987500071525574,0.8827499747276306,0.8930000066757202,255936000
2016-04-11,0.8784433603286743,0.8970000147819519,0.9117500185966492,0.8939999938011169,0.8967499732971191,387524000
2016-04-12,0.8774639964103699,0.8960000276565552,0.9012500047683716,0.8784999847412109,0.8999999761581421,292764000
2016-04-13,0.8994985818862915,0.9185000061988831,0.918749988079071,0.8999999761581421,0.8999999761581421,350716000
2016-04-14,0.9019466042518616,0.9210000038146973,0.925000011920929,0.9122499823570251,0.9160000085830688,416564000
2016-04-15,0.9090466499328613,0.9282500147819519,0.9365000128746033,0.9177500009536743,0.9207500219345093,436972000
2016-04-18,0.9051295518875122,0.9242500066757202,0.9265000224113464,0.9152500033378601,0.9265000224113464,307320000
2016-04-19,0.8889707326889038,0.9077500104904175,0.9294999837875366,0.9020000100135803,0.9277499914169312,309152000
2016-04-20,0.892398476600647,0.9112499952316284,0.9167500138282776,0.9052500128746033,0.90625,200172000
2016-04-21,0.8914191126823425,0.9102500081062317,0.9157500267028809,0.90625,0.9114999771118164,178280000
2016-04-22,0.8879915475845337,0.9067500233650208,0.9194999933242798,0.9037500023841858,0.9132500290870667,223540000
2016-04-25,0.892398476600647,0.9112499952316284,0.9162499904632568,0.9045000076293945,0.9070000052452087,191972000
2016-04-26,0.8931329846382141,0.9120000004768372,0.9272500276565552,0.9079999923706055,0.9167500138282776,214536000
2016-04-27,0.9134537577629089,0.9327499866485596,0.9332500100135803,0.9079999923706055,0.9097499847412109,352396000
2016-04-28,0.8862775564193726,0.9049999713897705,0.9325000047683716,0.9027500152587891,0.9269999861717224,381224000
2016-04-29,0.8698742389678955,0.8882499933242798,0.903249979019165,0.8784999847412109,0.9012500047683716,321904000
2016-05-02,0.8813811540603638,0.8999999761581421,0.9054999947547913,0.8924999833106995,0.8967499732971191,256076000
2016-05-03,0.8708536028862,0.8892499804496765,0.8934999704360962,0.8815000057220459,0.8897500038146973,224024000
2016-05-04,0.8510225415229797,0.8690000176429749,0.8792499899864197,0.8600000143051147,0.8784999847412109,525764000
2016-05-05,0.8561639189720154,0.8742499947547913,0.8845000267028809,0.8677499890327454,0.8762500286102295,246884000
2016-05-06,0.8649776577949524,0.8832499980926514,0.8855000138282776,0.8709999918937683,0.8727499842643738,183240000
2016-05-09,0.863753616809845,0.8820000290870667,0.8892499804496765,0.874750018119812,0.8855000138282776,333336000
2016-05-10,0.8804019093513489,0.8989999890327454,0.9004999995231628,0.8790000081062317,0.887499988079071,269676000
2016-05-11,0.8828500509262085,0.9014999866485596,0.9114999771118164,0.8967499732971191,0.9017500281333923,328176000
2016-05-12,0.8708536028862,0.8892499804496765,0.9120000004768372,0.8732500076293945,0.9079999923706055,670540000
2016-05-13,1.0033055543899536,1.0245000123977661,1.024999976158142,0.9750000238418579,0.9797499775886536,2110256000
2016-05-16,1.032929539680481,1.0547499656677246,1.0700000524520874,1.0134999752044678,1.0167499780654907,973032000
2016-05-17,1.0351334810256958,1.0570000410079956,1.0644999742507935,1.0364999771118164,1.0499999523162842,628392000
2016-05-18,1.0615748167037964,1.0839999914169312,1.096250057220459,1.0499999523162842,1.0499999523162842,541072000
2016-05-19,1.0662263631820679,1.0887500047683716,1.096500039100647,1.0782500505447388,1.0797499418258667,398880000
2016-05-20,1.0853232145309448,1.1082500219345093,1.1127500534057617,1.09375,1.0954999923706055,391084000
2016-05-23,1.0870368480682373,1.1100000143051147,1.1172499656677246,1.1032500267028809,1.1130000352859497,413636000
2016-05-24,1.1134240627288818,1.1339999437332153,1.1375000476837158,1.1074999570846558,1.1104999780654907,415788000
2016-05-25,1.1087602376937866,1.1292500495910645,1.1422499418258667,1.1202499866485596,1.1375000476837158,458076000
2016-05-26,1.1205427646636963,1.1412500143051147,1.1495000123977661,1.128000020980835,1.131250023841858,309964000
2016-05-27,1.1266791820526123,1.1475000381469727,1.1492500305175781,1.1387499570846558,1.1425000429153442,277416000
2016-05-31,1.1468075513839722,1.1679999828338623,1.1705000400543213,1.1517499685287476,1.152500033378601,412524000
2016-06-01,1.1490163803100586,1.1702500581741333,1.18149995803833,1.159000039100647,1.162500023841858,387132000
2016-06-02,1.1571165323257446,1.1785000562667847,1.1885000467300415,1.1649999618530273,1.1764999628067017,329208000
2016-06-03,1.140916347503662,1.1619999408721924,1.1684999465942383,1.1414999961853027,1.1670000553131104,461076000
2016-06-06,1.1350245475769043,1.156000018119812,1.1740000247955322,1.149999976158142,1.1649999618530273,322512000
2016-06-07,1.1372342109680176,1.1582499742507935,1.1694999933242798,1.1577500104904175,1.1629999876022339,193400000
2016-06-08,1.133551836013794,1.1545000076293945,1.162750005722046,1.1449999809265137,1.1584999561309814,234616000
2016-06-09,1.1630077362060547,1.184499979019165,1.1862499713897705,1.1480000019073486,1.1505000591278076,472168000
2016-06-10,1.1340428590774536,1.1549999713897705,1.180999994277954,1.153499960899353,1.1705000400543213,400024000
2016-06-13,1.1485251188278198,1.1697499752044678,1.1924999952316284,1.15625,1.15625,475588000
2016-06-14,1.1507349014282227,1.1720000505447388,1.1775000095367432,1.1540000438690186,1.1670000553131104,298344000
2016-06-15,1.1625170707702637,1.184000015258789,1.1942499876022339,1.1687500476837158,1.1817500591278076,301036000
2016-06-16,1.1671807765960693,1.1887500286102295,1.190750002861023,1.1637500524520874,1.1752500534057617,246456000
2016-06-17,1.1468075513839722,1.1679999828338623,1.190500020980835,1.1632499694824219,1.190250039100647,471000000
2016-06-20,1.1674262285232544,1.1890000104904175,1.2042499780654907,1.1859999895095825,1.186750054359436,293768000
2016-06-21,1.1603078842163086,1.1817500591278076,1.1972500085830688,1.1799999475479126,1.194000005722046,212508000
2016-06-22,1.1593257188796997,1.1807500123977661,1.1920000314712524,1.1787500381469727,1.184249997138977,202620000
2016-06-23,1.1902543306350708,1.212249994277954,1.2135000228881836,1.191249966621399,1.1920000314712524,297880000
2016-06-24,1.1225061416625977,1.1432499885559082,1.184000015258789,1.1325000524520874,1.162500023841858,1017684000
2016-06-27,1.110478401184082,1.13100004196167,1.1425000429153442,1.1142499446868896,1.1337499618530273,449088000
2016-06-28,1.1266791820526123,1.1475000381469727,1.153749942779541,1.1317499876022339,1.152500033378601,381920000
2016-06-29,1.1450891494750977,1.1662499904632568,1.1752500534057617,1.1545000076293945,1.1575000286102295,318932000
2016-06-30,1.153925895690918,1.1752500534057617,1.1825000047683716,1.158750057220459,1.1682499647140503,430940000
2016-07-01,1.1453343629837036,1.1664999723434448,1.184000015258789,1.162500023841858,1.1687500476837158,218488000
2016-07-05,1.1622713804244995,1.183750033378601,1.1857500076293945,1.1507500410079956,1.159999966621399,371084000
2016-07-06,1.1696350574493408,1.191249966621399,1.1982500553131104,1.1694999933242798,1.1755000352859497,273104000
2016-07-07,1.200073003768921,1.222249984741211,1.2265000343322754,1.193750023841858,1.1992499828338623,395400000
2016-07-08,1.2481838464736938,1.2712500095367432,1.277250051498413,1.2304999828338623,1.2352499961853027,481932000
2016-07-11,1.2769029140472412,1.3005000352859497,1.309999942779541,1.2879999876022339,1.2894999980926514,448776000
2016-07-12,1.2960493564605713,1.3200000524520874,1.3320000171661377,1.2984999418258667,1.315000057220459,436760000
2016-07-13,1.2955584526062012,1.3194999694824219,1.3300000429153442,1.3174999952316284,1.3224999904632568,324604000
2016-07-14,1.3088133335113525,1.3329999446868896,1.3450000286102295,1.315500020980835,1.3265000581741333,316892000
2016-07-15,1.2935943603515625,1.3174999952316284,1.3235000371932983,1.2960000038146973,1.315999984741211,428616000
2016-07-18,1.3002219200134277,1.3242499828338623,1.3357499837875366,1.3192499876022339,1.3337500095367432,252992000
2016-07-19,1.3137226104736328,1.3380000591278076,1.343250036239624,1.3209999799728394,1.3235000371932983,382652000
2016-07-20,1.3309051990509033,1.3554999828338623,1.3627500534057617,1.3370000123977661,1.3424999713897705,296460000
2016-07-21,1.3063586950302124,1.3305000066757202,1.3567500114440918,1.3259999752044678,1.3524999618530273,361308000
2016-07-22,1.3419504165649414,1.3667500019073486,1.3667500019073486,1.3255000114440918,1.3352500200271606,315768000
2016-07-25,1.366742730140686,1.3919999599456787,1.3952499628067017,1.36899995803833,1.375,312528000
2016-07-26,1.3900619745254517,1.4157500267028809,1.4229999780654907,1.402250051498413,1.4042500257492065,514508000
2016-07-27,1.3760706186294556,1.4014999866485596,1.4305000305175781,1.3930000066757202,1.4279999732971191,446676000
2016-07-28,1.3790158033370972,1.4045000076293945,1.4149999618530273,1.40024995803833,1.4047499895095825,221916000
2016-07-29,1.4015984535217285,1.4275000095367432,1.431249976158142,1.3845000267028809,1.409749984741211,409588000
2016-08-01,1.3925164937973022,1.4182499647140503,1.4387500286102295,1.409000039100647,1.433500051498413,301120000
2016-08-02,1.3755792379379272,1.4010000228881836,1.4257500171661377,1.3875000476837158,1.4249999523162842,282748000
2016-08-03,1.3792614936828613,1.4047499895095825,1.4075000286102295,1.3914999961853027,1.3992500305175781,299828000
2016-08-04,1.4047894477844238,1.4307500123977661,1.437250018119812,1.408750057220459,1.4114999771118164,272712000
2016-08-05,1.4285998344421387,1.4550000429153442,1.4557499885559082,1.440250039100647,1.4472500085830688,371588000
2016-08-08,1.4418548345565796,1.468500018119812,1.4785000085830688,1.4529999494552612,1.475000023841858,305064000
2016-08-09,1.4455370903015137,1.472249984741211,1.4865000247955322,1.468500018119812,1.4757499694824219,372344000
2016-08-10,1.436208963394165,1.46274995803833,1.4874999523162842,1.4579999446868896,1.4852499961853027,375740000
2016-08-11,1.465419054031372,1.4924999475479126,1.4987499713897705,1.4674999713897705,1.4704999923706055,681064000
2016-08-12,1.5474040508270264,1.5759999752044678,1.5844999551773071,1.5157500505447388,1.5475000143051147,1425744000
2016-08-15,1.5459315776824951,1.5744999647140503,1.587499976158142,1.5532499551773071,1.5777499675750732,573304000
2016-08-16,1.5366039276123047,1.565000057220459,1.5747499465942383,1.5602500438690186,1.5722500085830688,287652000
2016-08-17,1.5010113716125488,1.528749942779541,1.56850004196167,1.5164999961853027,1.565000057220459,595212000
2016-08-18,1.5243306159973145,1.5525000095367432,1.5549999475479126,1.5204999446868896,1.5264999866485596,331684000
2016-08-19,1.5282580852508545,1.55649995803833,1.5682499408721924,1.5449999570846558,1.5517499446868896,291560000
2016-08-22,1.534639835357666,1.562999963760376,1.565250039100647,1.5427500009536743,1.5612499713897705,244748000
2016-08-23,1.5470588207244873,1.5727499723434448,1.5829999446868896,1.5682499408721924,1.5759999752044678,339764000
2016-08-24,1.5232046842575073,1.5484999418258667,1.5789999961853027,1.5412499904632568,1.5782500505447388,298448000
2016-08-25,1.5131222009658813,1.5382499694824219,1.5497499704360962,1.5190000534057617,1.5490000247955322,406032000
2016-08-26,1.5254185199737549,1.5507500171661377,1.559499979019165,1.5299999713897705,1.5422500371932983,300024000
2016-08-29,1.524434208869934,1.5497499704360962,1.563249945640564,1.5472500324249268,1.5570000410079956,274652000
2016-08-30,1.515581488609314,1.5407500267028809,1.555999994277954,1.5364999771118164,1.5477499961853027,285544000
2016-08-31,1.508449912071228,1.5334999561309814,1.5479999780654907,1.5290000438690186,1.5437500476837158,388544000
2016-09-01,1.5529608726501465,1.5787500143051147,1.5844999551773071,1.5334999561309814,1.534749984741211,428492000
2016-09-02,1.5377140045166016,1.563249945640564,1.5837500095367432,1.5455000400543213,1.5820000171661377,323148000
2016-09-06,1.5522232055664062,1.5779999494552612,1.5779999494552612,1.5607500076293945,1.568750023841858,306812000
2016-09-07,1.5293532609939575,1.5547499656677246,1.5807499885559082,1.5457500219345093,1.5729999542236328,397988000
2016-09-08,1.540419101715088,1.565999984741211,1.56850004196167,1.5355000495910645,1.5532499551773071,315808000
2016-09-09,1.463693380355835,1.4880000352859497,1.5575000047683716,1.475000023841858,1.5487500429153442,697760000
2016-09-12,1.493941068649292,1.5187499523162842,1.5217499732971191,1.4329999685287476,1.468250036239624,598260000
2016-09-13,1.4723002910614014,1.496749997138977,1.5325000286102295,1.4882500171661377,1.5149999856948853,471768000
2016-09-14,1.4853339195251465,1.5099999904632568,1.5149999856948853,1.4877500534057617,1.500249981880188,319048000
2016-09-15,1.5416483879089355,1.5672500133514404,1.569000005722046,1.5089999437332153,1.5125000476837158,515212000
2016-09-16,1.545337438583374,1.5709999799728394,1.5812499523162842,1.5529999732971191,1.5727499723434448,902444000
2016-09-19,1.5657483339309692,1.5917500257492065,1.631500005722046,1.5802500247955322,1.587499976158142,417128000
2016-09-20,1.551485300064087,1.5772500038146973,1.6100000143051147,1.56850004196167,1.6100000143051147,331112000
2016-09-21,1.5950126647949219,1.621500015258789,1.624500036239624,1.5817500352859497,1.5820000171661377,336212000
2016-09-22,1.5989470481872559,1.625499963760376,1.6360000371932983,1.6162500381469727,1.63100004196167,308732000
2016-09-23,1.5972257852554321,1.6237499713897705,1.6322499513626099,1.6165000200271606,1.627500057220459,276132000
2016-09-26,1.5822250843048096,1.6085000038146973,1.6150000095367432,1.5882500410079956,1.6052500009536743,230040000
2016-09-27,1.6363260746002197,1.6634999513626099,1.6660000085830688,1.6015000343322754,1.6022499799728394,402752000
2016-09-28,1.642228126525879,1.6694999933242798,1.6707500219345093,1.6482499837875366,1.6660000085830688,319788000
2016-09-29,1.6574753522872925,1.684999942779541,1.690250039100647,1.6512500047683716,1.6667499542236328,336684000
2016-09-30,1.6850184202194214,1.7130000591278076,1.7297500371932983,1.684249997138977,1.6942499876022339,429932000
2016-10-03,1.6832966804504395,1.7112499475479126,1.7377500534057617,1.7082500457763672,1.7130000591278076,242596000
2016-10-04,1.6796077489852905,1.7074999809265137,1.7424999475479126,1.6947499513626099,1.7137500047683716,281624000
2016-10-05,1.6778862476348877,1.7057499885559082,1.7395000457763672,1.7005000114440918,1.722000002861023,305440000
2016-10-06,1.6560001373291016,1.683500051498413,1.6957499980926514,1.656499981880188,1.6852500438690186,360212000
2016-10-07,1.6439498662948608,1.6712499856948853,1.6992499828338623,1.6664999723434448,1.6947499513626099,286260000
2016-10-10,1.6500976085662842,1.6775000095367432,1.6890000104904175,1.6617499589920044,1.6799999475479126,287876000
2016-10-11,1.6262439489364624,1.653249979019165,1.6744999885559082,1.6404999494552612,1.6720000505447388,388540000
2016-10-12,1.633621335029602,1.6607500314712524,1.6694999933242798,1.6327500343322754,1.6464999914169312,419920000
2016-10-13,1.6070623397827148,1.6337499618530273,1.6449999809265137,1.5924999713897705,1.6412500143051147,390116000
2016-10-14,1.6228010654449463,1.649749994277954,1.6649999618530273,1.6399999856948853,1.653749942779541,330636000
2016-10-17,1.6134560108184814,1.6402499675750732,1.6649999618530273,1.6380000114440918,1.6495000123977661,195328000
2016-10-18,1.6380475759506226,1.6652499437332153,1.6747499704360962,1.65625,1.6629999876022339,269372000
2016-10-19,1.6346051692962646,1.6617499589920044,1.6694999933242798,1.6454999446868896,1.6540000438690186,199060000
2016-10-20,1.665590524673462,1.6932499408721924,1.6987500190734863,1.6575000286102295,1.681249976158142,312084000
2016-10-21,1.6609179973602295,1.6885000467300415,1.691499948501587,1.6725000143051147,1.687250018119812,279508000
2016-10-24,1.7388736009597778,1.7677500247955322,1.7697499990463257,1.6997499465942383,1.7000000476837158,339836000
2016-10-25,1.7673999071121216,1.7967499494552612,1.8075000047683716,1.756250023841858,1.7647500038146973,397460000
2016-10-26,1.7745312452316284,1.8040000200271606,1.8237500190734863,1.7799999713897705,1.781749963760376,333792000
2016-10-27,1.738135814666748,1.7669999599456787,1.8212499618530273,1.7597500085830688,1.8177499771118164,388664000
2016-10-28,1.7351847887039185,1.7640000581741333,1.8025000095367432,1.7607500553131104,1.7755000591278076,290856000
2016-10-31,1.7499397993087769,1.7790000438690186,1.7907500267028809,1.7687499523162842,1.7697499990463257,252388000
2016-11-01,1.6980514526367188,1.7262500524520874,1.7952500581741333,1.7072499990463257,1.7855000495910645,473224000
2016-11-02,1.6909196376800537,1.718999981880188,1.7630000114440918,1.715999960899353,1.7395000457763672,295848000
2016-11-03,1.6712466478347778,1.6990000009536743,1.7285000085830688,1.6660000085830688,1.7269999980926514,309664000
2016-11-04,1.6616559028625488,1.6892499923706055,1.718250036239624,1.6644999980926514,1.687749981880188,328780000
2016-11-07,1.7526450157165527,1.781749963760376,1.7929999828338623,1.7374999523162842,1.7387499809265137,487580000
2016-11-08,1.7499397993087769,1.7790000438690186,1.7942500114440918,1.7625000476837158,1.7884999513626099,429884000
2016-11-09,1.720429539680481,1.7489999532699585,1.7725000381469727,1.718000054359436,1.7307499647140503,456532000
2016-11-10,1.6665741205215454,1.6942499876022339,1.787500023841858,1.6690000295639038,1.78725004196167,869280000
2016-11-11,2.163325071334839,2.1992499828338623,2.219249963760376,1.962499976158142,1.9877500534057617,2175344000
2016-11-14,2.0568439960479736,2.0910000801086426,2.2047500610351562,2.0905001163482666,2.2022500038146973,1348796000
2016-11-15,2.119551420211792,2.154750108718872,2.1862499713897705,2.098249912261963,2.1072499752044678,626092000
2016-11-16,2.2533299922943115,2.290750026702881,2.313999891281128,2.158750057220459,2.183500051498413,987984000
2016-11-17,2.2720205783843994,2.3097500801086426,2.3697500228881836,2.266249895095825,2.3077499866485596,832988000
2016-11-18,2.2958741188049316,2.3340001106262207,2.3582499027252197,2.2950000762939453,2.3097500801086426,576060000
2016-11-21,2.286529064178467,2.32450008392334,2.358750104904175,2.309999942779541,2.352250099182129,436436000
2016-11-22,2.303004503250122,2.341249942779541,2.3434998989105225,2.309499979019165,2.3324999809265137,330368000
2016-11-23,2.314333915710449,2.349250078201294,2.3812499046325684,2.3192501068115234,2.3429999351501465,443236000
2016-11-25,2.319014310836792,2.3540000915527344,2.377500057220459,2.335249900817871,2.3605000972747803,195564000
2016-11-28,2.317782163619995,2.352750062942505,2.368499994277954,2.3399999141693115,2.346750020980835,278736000
2016-11-29,2.2966020107269287,2.331249952316284,2.3610000610351562,2.3132500648498535,2.3499999046325684,444568000
2016-11-30,2.2707419395446777,2.305000066757202,2.3540000915527344,2.302500009536743,2.3399999141693115,440500000
2016-12-01,2.1584365367889404,2.190999984741211,2.3042500019073486,2.1192500591278076,2.302500009536743,1035524000
2016-12-02,2.1783862113952637,2.211250066757202,2.2200000286102295,2.128000020980835,2.15625,478292000
2016-12-05,2.2628605365753174,2.296999931335449,2.3152499198913574,2.2249999046325684,2.2497498989105225,602284000
2016-12-06,2.300050973892212,2.334749937057495,2.343250036239624,2.289249897003174,2.3052499294281006,498796000
2016-12-07,2.341425895690918,2.3767499923706055,2.382499933242798,2.302500009536743,2.321000099182129,480804000
2016-12-08,2.3022665977478027,2.3369998931884766,2.4154999256134033,2.3262500762939453,2.3797500133514404,381544000
2016-12-09,2.261383533477783,2.2955000400543213,2.356750011444092,2.2677500247955322,2.3550000190734863,382312000
2016-12-12,2.2064616680145264,2.2397499084472656,2.2487499713897705,2.188499927520752,2.2462499141693115,601332000
2016-12-13,2.245374917984009,2.279249906539917,2.3072500228881836,2.2512500286102295,2.2522499561309814,387796000
2016-12-14,2.375412702560425,2.411250114440918,2.4277501106262207,2.289249897003174,2.313499927520752,983980000
2016-12-15,2.4310734272003174,2.467750072479248,2.498500108718872,2.4149999618530273,2.422499895095825,746548000
2016-12-16,2.4729416370391846,2.5102500915527344,2.5174999237060547,2.4432499408721924,2.4957499504089355,1089528000
2016-12-19,2.502988815307617,2.540750026702881,2.5612499713897705,2.4749999046325684,2.492500066757202,744656000
2016-12-20,2.59017276763916,2.6292500495910645,2.653249979019165,2.6029999256134033,2.614500045776367,848056000
2016-12-21,2.6064279079437256,2.645750045776367,2.648750066757202,2.592750072479248,2.6410000324249268,576136000
2016-12-22,2.6379523277282715,2.6777501106262207,2.721750020980835,2.663249969482422,2.6705000400543213,718612000
2016-12-23,2.7037105560302734,2.744499921798706,2.746000051498413,2.656749963760376,2.6594998836517334,647692000
2016-12-27,2.889408588409424,2.933000087738037,2.934000015258789,2.7804999351501465,2.801500082015991,1194272000
2016-12-28,2.6906561851501465,2.731250047683716,2.9982500076293945,2.717250108718872,2.990000009536743,2295764000
2016-12-29,2.744346857070923,2.785749912261963,2.78725004196167,2.569999933242798,2.622499942779541,2175368000
2016-12-30,2.628840684890747,2.6684999465942383,2.7980000972747803,2.6575000286102295,2.783750057220459,1212932000
2017-01-03,2.512347459793091,2.5502500534057617,2.659250020980835,2.484499931335449,2.609999895095825,1501996000
2017-01-04,2.570963144302368,2.6097500324249268,2.637500047683716,2.538249969482422,2.5850000381469727,1199220000
2017-01-05,2.505697011947632,2.5434999465942383,2.6454999446868896,2.526249885559082,2.6132500171661377,984296000
2017-01-06,2.539191722869873,2.577500104904175,2.606250047683716,2.5299999713897705,2.5712499618530273,822856000
2017-01-09,2.642139196395874,2.681999921798706,2.700000047683716,2.5875000953674316,2.5875000953674316,916248000
2017-01-10,2.62218976020813,2.661750078201294,2.729749917984009,2.640749931335449,2.6952500343322754,880920000
2017-01-11,2.5899267196655273,2.628999948501587,2.6549999713897705,2.603749990463257,2.6500000953674316,525664000
2017-01-12,2.5475661754608154,2.5859999656677246,2.617500066757202,2.5404999256134033,2.60575008392334,625616000
2017-01-13,2.5473198890686035,2.585750102996826,2.625,2.5764999389648438,2.5899999141693115,457820000
2017-01-17,2.4901816844940186,2.527750015258789,2.5799999237060547,2.5142500400543213,2.575000047683716,580612000
2017-01-18,2.5354976654052734,2.5737500190734863,2.580749988555908,2.477750062942505,2.50600004196167,654424000
2017-01-19,2.5899267196655273,2.628999948501587,2.6614999771118164,2.57450008392334,2.5767500400543213,644872000
2017-01-20,2.561605215072632,2.600250005722046,2.6700000762939453,2.578000068664551,2.6519999504089355,492024000
2017-01-23,2.5882022380828857,2.6272499561309814,2.6475000381469727,2.5924999713897705,2.5950000286102295,369904000
2017-01-24,2.6433706283569336,2.6832499504089355,2.689500093460083,2.622499942779541,2.637500047683716,428052000
2017-01-25,2.6546995639801025,2.6947500705718994,2.7325000762939453,2.658250093460083,2.726249933242798,522760000
2017-01-26,2.7005085945129395,2.7412500381469727,2.7487499713897705,2.6675000190734863,2.697499990463257,458800000
2017-01-27,2.752720594406128,2.794250011444092,2.7972500324249268,2.721250057220459,2.7482500076293945,471996000
2017-01-30,2.7096216678619385,2.750499963760376,2.77524995803833,2.6977500915527344,2.7730000019073486,496004000
2017-01-31,2.6889328956604004,2.7295000553131104,2.7512500286102295,2.7049999237060547,2.723750114440918,362756000
2017-02-01,2.806410789489746,2.848750114440918,2.8529999256134033,2.746500015258789,2.7644999027252197,590004000
2017-02-02,2.8418757915496826,2.8847498893737793,2.8935000896453857,2.801500082015991,2.8324999809265137,483240000
2017-02-03,2.8170008659362793,2.859499931335449,2.8975000381469727,2.8475000858306885,2.8862500190734863,372744000
2017-02-06,2.889162302017212,2.9327499866485596,2.9332499504089355,2.8499999046325684,2.8499999046325684,506768000
2017-02-07,2.933985948562622,2.978250026702881,3.0230000019073486,2.947499990463257,2.9674999713897705,746224000
2017-02-08,2.9211790561676025,2.965250015258789,2.9827499389648438,2.9094998836517334,2.9600000381469727,449580000
2017-02-09,2.866257905960083,2.9094998836517334,2.9765000343322754,2.890000104904175,2.9714999198913574,842568000
2017-02-10,2.798283100128174,2.8405001163482666,3.0174999237060547,2.815000057220459,2.9982500076293945,1651092000
2017-02-13,2.6692304611206055,2.7095000743865967,2.8494999408721924,2.7049999237060547,2.834749937057495,1180724000
2017-02-14,2.679081678390503,2.7195000648498535,2.7537500858306885,2.657249927520752,2.6997499465942383,850632000
2017-02-15,2.684500217437744,2.7249999046325684,2.744999885559082,2.694000005722046,2.7225000858306885,373020000
2017-02-16,2.641400098800659,2.6812500953674316,2.7360000610351562,2.6414999961853027,2.7347500324249268,647176000
2017-02-17,2.640907049179077,2.6807498931884766,2.6852500438690186,2.6197500228881836,2.6675000190734863,563740000
2017-02-21,2.735480546951294,2.776750087738037,2.780750036239624,2.7054998874664307,2.705749988555908,551952000
2017-02-22,2.7312889099121094,2.7690000534057617,2.7950000762939453,2.7497498989105225,2.7855000495910645,433772000
2017-02-23,2.4780352115631104,2.5122499465942383,2.659749984741211,2.492000102996826,2.637500047683716,1592888000
2017-02-24,2.501955032348633,2.5364999771118164,2.549999952316284,2.3924999237060547,2.4267499446868896,1029904000
2017-02-27,2.574700355529785,2.6102499961853027,2.625499963760376,2.5390000343322754,2.555000066757202,715400000
2017-02-28,2.502448081970215,2.5369999408721924,2.630000114440918,2.5195000171661377,2.619999885559082,625360000
2017-03-01,2.5347518920898438,2.5697500705718994,2.609250068664551,2.527750015258789,2.594749927520752,504804000
2017-03-02,2.4412927627563477,2.4749999046325684,2.571000099182129,2.472249984741211,2.5567500591278076,754332000
2017-03-03,2.427237033843994,2.460750102996826,2.469249963760376,2.4054999351501465,2.464250087738037,864692000
2017-03-06,2.4084959030151367,2.4417500495910645,2.452500104904175,2.3792500495910645,2.4240000247955322,883568000
2017-03-07,2.4348812103271484,2.4684998989105225,2.4882500171661377,2.4287500381469727,2.4417500495910645,603400000
2017-03-08,2.4304425716400146,2.4639999866485596,2.5325000286102295,2.461750030517578,2.5174999237060547,638712000
2017-03-09,2.429948568344116,2.4635000228881836,2.4862499237060547,2.434999942779541,2.4477500915527344,478060000
2017-03-10,2.444251298904419,2.4779999256134033,2.5022499561309814,2.4595000743865967,2.4902501106262207,499740000
2017-03-13,2.5115725994110107,2.546250104904175,2.5562500953674316,2.4877500534057617,2.4885001182556152,774136000
2017-03-14,2.5098469257354736,2.5445001125335693,2.5687499046325684,2.5117499828338623,2.5592501163482666,522016000
2017-03-15,2.5288333892822266,2.5637500286102295,2.5747499465942383,2.507999897003174,2.5562500953674316,615036000
2017-03-16,2.5599048137664795,2.595249891281128,2.595750093460083,2.5602500438690186,2.57450008392334,523100000
2017-03-17,2.6156349182128906,2.651750087738037,2.6530001163482666,2.595249891281128,2.61299991607666,1119688000
2017-03-20,2.698984384536743,2.7362499237060547,2.7402501106262207,2.653249979019165,2.6695001125335693,748568000
2017-03-21,2.611689329147339,2.647749900817871,2.749000072479248,2.6397500038146973,2.71875,913484000
2017-03-22,2.664954900741577,2.7017500400543213,2.7065000534057617,2.632499933242798,2.6364998817443848,616764000
2017-03-23,2.6407880783081055,2.6772499084472656,2.7139999866485596,2.6675000190734863,2.6937499046325684,533940000
2017-03-24,2.650158405303955,2.6867499351501465,2.7322499752044678,2.6605000495910645,2.724250078201294,439500000
2017-03-27,2.6693930625915527,2.706249952316284,2.710249900817871,2.5894999504089355,2.6394999027252197,506644000
2017-03-28,2.655583381652832,2.6922500133514404,2.722249984741211,2.6817500591278076,2.7074999809265137,432444000
2017-03-29,2.6469533443450928,2.683500051498413,2.712249994277954,2.6812500953674316,2.6997499465942383,349992000
2017-03-30,2.697751045227051,2.734999895095825,2.75,2.684999942779541,2.6907498836517334,525532000
2017-03-31,2.6861610412597656,2.723249912261963,2.7472500801086426,2.7100000381469727,2.725250005722046,440808000
2017-04-03,2.6725990772247314,2.7095000743865967,2.7412500381469727,2.685499906539917,2.723750114440918,445232000
2017-04-04,2.4851865768432617,2.5195000171661377,2.6105000972747803,2.508500099182129,2.5850000381469727,1271280000
2017-04-05,2.4666922092437744,2.5007500648498535,2.5592501163482666,2.487499952316284,2.500499963760376,747048000
2017-04-06,2.4846935272216797,2.5190000534057617,2.53125,2.460249900817871,2.50600004196167,635120000
2017-04-07,2.4740893840789795,2.5082499980926514,2.54325008392334,2.493000030517578,2.5255000591278076,429068000
2017-04-10,2.410961151123047,2.4442501068115234,2.515749931335449,2.440000057220459,2.509000062942505,756332000
2017-04-11,2.4195919036865234,2.453000068664551,2.4725000858306885,2.408750057220459,2.413749933242798,618148000
2017-04-12,2.399617910385132,2.4327499866485596,2.4674999713897705,2.427500009536743,2.453000068664551,414092000
2017-04-13,2.3547375202178955,2.3872499465942383,2.4302499294281006,2.3872499465942383,2.408250093460083,506892000
2017-04-17,2.4469645023345947,2.48075008392334,2.4809999465942383,2.3949999809265137,2.40024995803833,497292000
2017-04-18,2.448444366455078,2.4822499752044678,2.4885001182556152,2.440000057220459,2.466249942779541,370116000
2017-04-19,2.4580612182617188,2.492000102996826,2.5244998931884766,2.4852499961853027,2.5,380828000
2017-04-20,2.497023582458496,2.5315001010894775,2.536250114440918,2.4852499961853027,2.5067501068115234,404016000
2017-04-21,2.507380485534668,2.5420000553131104,2.5447499752044678,2.509000062942505,2.5209999084472656,341896000
2017-04-24,2.5386977195739746,2.5737500190734863,2.5869998931884766,2.5527501106262207,2.5739998817443848,371820000
2017-04-25,2.582838773727417,2.618499994277954,2.6332499980926514,2.5667500495910645,2.5885000228881836,388440000
2017-04-26,2.5650832653045654,2.6005001068115234,2.6347498893737793,2.5985000133514404,2.6322500705718994,327004000
2017-04-27,2.605031728744507,2.6410000324249268,2.6494998931884766,2.589750051498413,2.6080000400543213,319700000
2017-04-28,2.5719871520996094,2.6075000762939453,2.6410000324249268,2.601749897003174,2.634000062942505,348248000
2017-05-01,2.6296913623809814,2.6659998893737793,2.671250104904175,2.6112499237060547,2.618499994277954,307732000
2017-05-02,2.5517666339874268,2.5869998931884766,2.640000104904175,2.563999891281128,2.6387500762939453,629972000
2017-05-03,2.5707552433013916,2.606250047683716,2.615999937057495,2.565000057220459,2.5799999237060547,336904000
2017-05-04,2.5608913898468018,2.596250057220459,2.6237499713897705,2.588249921798706,2.612499952316284,209788000
2017-05-05,2.56113862991333,2.5964999198913574,2.603749990463257,2.5687499046325684,2.5845000743865967,228428000
2017-05-08,2.534259080886841,2.5692501068115234,2.609999895095825,2.5577499866485596,2.6085000038146973,365240000
2017-05-09,2.5384507179260254,2.573499917984009,2.6232500076293945,2.566499948501587,2.575000047683716,847672000
2017-05-10,2.990953207015991,3.032249927520752,3.0455000400543213,2.8505001068115234,2.8572499752044678,2129096000
2017-05-11,3.119429349899292,3.1624999046325684,3.2607500553131104,2.9977500438690186,3.0012500286102295,1939792000
2017-05-12,3.1537063121795654,3.1972498893737793,3.240000009536743,3.1445000171661377,3.165750026702881,962620000
2017-05-15,3.312020778656006,3.3577499389648438,3.3602499961853027,3.234499931335449,3.239000082015991,1087540000
2017-05-16,3.3736696243286133,3.4202499389648438,3.436000108718872,3.3340001106262207,3.4094998836517334,1120700000
2017-05-17,3.1495137214660645,3.193000078201294,3.371500015258789,3.1887500286102295,3.3524999618530273,1271368000
2017-05-18,3.281442642211914,3.3267500400543213,3.335750102996826,3.1762499809265137,3.237499952316284,1156032000
2017-05-19,3.3572275638580322,3.4000000953674316,3.4554998874664307,3.380500078201294,3.4257500171661377,1018372000
2017-05-22,3.42881441116333,3.4725000858306885,3.486999988555908,3.4332499504089355,3.4442501068115234,836608000
2017-05-23,3.382652997970581,3.4257500171661377,3.4947500228881836,3.3927500247955322,3.492500066757202,681248000
2017-05-24,3.420668601989746,3.464250087738037,3.526750087738037,3.4519999027252197,3.5239999294281006,815996000
2017-05-25,3.4130167961120605,3.4565000534057617,3.5007500648498535,3.4110000133514404,3.5,608228000
2017-05-26,3.5013904571533203,3.5460000038146973,3.631999969482422,3.4277501106262207,3.4482500553131104,779140000
2017-05-30,3.5761871337890625,3.6217501163482666,3.657249927520752,3.5762500762939453,3.5924999713897705,989652000
2017-05-31,3.5633509159088135,3.608750104904175,3.674999952316284,3.5512499809265137,3.667249917984009,887316000
2017-06-01,3.5635979175567627,3.6089999675750732,3.6257500648498535,3.562999963760376,3.6247498989105225,503340000
2017-06-02,3.5458242893218994,3.5910000801086426,3.632499933242798,3.5850000381469727,3.6059999465942383,487456000
2017-06-05,3.6536993980407715,3.7002499103546143,3.713249921798706,3.5627501010894775,3.57450008392334,817376000
2017-06-06,3.6371610164642334,3.683500051498413,3.7422499656677246,3.6700000762939453,3.695499897003174,758728000
2017-06-07,3.681101083755493,3.7279999256134033,3.746999979019165,3.692500114440918,3.708250045776367,612612000
2017-06-08,3.9481983184814453,3.998500108718872,4.0,3.7947499752044678,3.8364999294281006,1161744000
2017-06-09,3.6929495334625244,3.740000009536743,4.212500095367432,3.5687499046325684,4.118500232696533,3692928000
2017-06-12,3.7020835876464844,3.7492499351501465,3.7925000190734863,3.5527501106262207,3.6470000743865967,1697532000
2017-06-13,3.7373833656311035,3.7850000858306885,3.8692500591278076,3.641249895095825,3.859999895095825,1672504000
2017-06-14,3.745283365249634,3.7929999828338623,3.8515000343322754,3.7125000953674316,3.7880001068115234,1184640000
2017-06-15,3.761329174041748,3.8092501163482666,3.8399999141693115,3.6624999046325684,3.6740000247955322,963824000
2017-06-16,3.742814302444458,3.7904999256134033,3.867500066757202,3.75600004196167,3.819000005722046,924960000
2017-06-19,3.8835220336914062,3.933000087738037,3.9382500648498535,3.8315000534057617,3.835249900817871,778176000
2017-06-20,3.8778436183929443,3.9272499084472656,4.043499946594238,3.9230000972747803,3.975749969482422,1095444000
2017-06-21,3.9365954399108887,3.9867498874664307,3.990499973297119,3.8924999237060547,3.9552500247955322,682652000
2017-06-22,3.9094417095184326,3.959249973297119,4.008500099182129,3.934999942779541,3.994999885559082,469132000
2017-06-23,3.7973687648773193,3.845750093460083,3.9830000400543213,3.8304998874664307,3.9670000076293945,1088588000
2017-06-26,3.755897045135498,3.8037500381469727,3.9149999618530273,3.708250045776367,3.878999948501587,1063960000
2017-06-27,3.6183998584747314,3.6644999980926514,3.7947499752044678,3.658750057220459,3.7860000133514404,999492000
2017-06-28,3.7460227012634277,3.793750047683716,3.7985000610351562,3.643749952316284,3.7330000400543213,994948000
2017-06-29,3.6208674907684326,3.6670000553131104,3.7679998874664307,3.6019999980926514,3.765000104904175,1064424000
2017-06-30,3.568535089492798,3.614000082015991,3.6982500553131104,3.5875000953674316,3.684499979019165,731060000
2017-07-03,3.4394302368164062,3.4832499027252197,3.641249895095825,3.4644999504089355,3.6262500286102295,709072000
2017-07-05,3.531259298324585,3.5762500762939453,3.6054999828338623,3.528249979019165,3.547499895095825,820188000
2017-07-06,3.541874647140503,3.5869998931884766,3.634500026702881,3.49399995803833,3.546750068664551,746284000
2017-07-07,3.6228432655334473,3.6689999103546143,3.6875,3.6212499141693115,3.6445000171661377,654972000
2017-07-10,3.7941601276397705,3.8424999713897705,3.8499999046325684,3.7170000076293945,3.743499994277954,958492000
2017-07-11,3.8479740619659424,3.8970000743865967,3.904750108718872,3.8037500381469727,3.846250057220459,757956000
2017-07-12,4.0116376876831055,4.062749862670898,4.074999809265137,3.9140000343322754,3.9574999809265137,1145208000
2017-07-13,3.9652292728424072,4.015749931335449,4.15749979019165,3.96875,4.074999809265137,1369132000
2017-07-14,4.071871280670166,4.12375020980835,4.125249862670898,4.02524995803833,4.032249927520752,941948000
2017-07-17,4.054591655731201,4.106249809265137,4.1875,4.043749809265137,4.158249855041504,930792000
2017-07-18,4.096804141998291,4.14900016784668,4.163750171661377,4.03249979019165,4.04449987411499,776640000
2017-07-19,4.0755743980407715,4.127500057220459,4.184999942779541,4.115250110626221,4.158249855041504,687044000
2017-07-20,4.134820938110352,4.1875,4.187749862670898,4.097750186920166,4.148250102996826,699596000
2017-07-21,4.149631500244141,4.202499866485596,4.232500076293945,4.152249813079834,4.166749954223633,648332000
2017-07-24,4.101495742797852,4.153749942779541,4.2195000648498535,4.14300012588501,4.209750175476074,652524000
2017-07-25,4.081745624542236,4.133749961853027,4.148250102996826,4.0894999504089355,4.130499839782715,496556000
2017-07-26,4.128897666931152,4.18149995803833,4.2482500076293945,4.146249771118164,4.191999912261963,640404000
2017-07-27,3.992630958557129,4.043499946594238,4.218500137329102,3.938999891281128,4.20674991607666,782856000
2017-07-28,4.058047294616699,4.109749794006348,4.134500026702881,3.9820001125335693,4.00724983215332,513348000
2017-07-31,4.0116376876831055,4.062749862670898,4.159999847412109,4.015500068664551,4.123499870300293,559672000
2017-08-01,4.060515403747559,4.112249851226807,4.113999843597412,4.025000095367432,4.053249835968018,431384000
2017-08-02,4.058047294616699,4.109749794006348,4.147749900817871,4.031750202178955,4.143750190734863,478444000
2017-08-03,4.109640598297119,4.1620001792907715,4.165750026702881,4.0920000076293945,4.109250068664551,442420000
2017-08-04,4.127662658691406,4.18025016784668,4.2517499923706055,4.1620001792907715,4.184999942779541,589096000
2017-08-07,4.254543304443359,4.308750152587891,4.3092498779296875,4.199999809265137,4.209750175476074,717412000
2017-08-08,4.203939437866211,4.257500171661377,4.363999843597412,4.217750072479248,4.347249984741211,755336000
2017-08-09,4.24862003326416,4.302750110626221,4.30525016784668,4.1917500495910645,4.210750102996826,530784000
2017-08-10,4.066689491271973,4.118500232696533,4.316500186920166,4.108250141143799,4.303999900817871,1328088000
2017-08-11,3.849950075149536,3.8989999294281006,3.9749999046325684,3.8227500915527344,3.928499937057495,1497196000
2017-08-14,4.157036304473877,4.210000038146973,4.213749885559082,3.9800000190734863,3.9917500019073486,1279020000
2017-08-15,4.121984481811523,4.174499988555908,4.2417497634887695,4.139750003814697,4.215250015258789,764532000
2017-08-16,4.076808929443359,4.128749847412109,4.213500022888184,4.0960001945495605,4.1897501945495605,596632000
2017-08-17,3.985966920852661,4.036749839782715,4.137499809265137,4.0345001220703125,4.120250225067139,525444000
2017-08-18,3.9867069721221924,4.037499904632568,4.109000205993652,3.990999937057495,4.091750144958496,601204000
2017-08-21,3.9286954402923584,3.978749990463257,4.073750019073486,3.9342501163482666,4.062250137329102,623672000
2017-08-22,4.016160011291504,4.06374979019165,4.06974983215332,3.9927499294281006,4.012249946594238,450456000
2017-08-23,4.096457004547119,4.144999980926514,4.15625,4.021249771118164,4.03000020980835,579520000
2017-08-24,4.081386089324951,4.129749774932861,4.182000160217285,4.103000164031982,4.177499771118164,469700000
2017-08-25,4.047290802001953,4.095250129699707,4.1645002365112305,4.088749885559082,4.154250144958496,357200000
2017-08-28,4.07595157623291,4.1242499351501465,4.127500057220459,4.0582499504089355,4.114500045776367,389496000
2017-08-29,4.069277763366699,4.117499828338623,4.139500141143799,4.05649995803833,4.0647501945495605,324096000
2017-08-30,4.093493461608887,4.142000198364258,4.153250217437744,4.106750011444092,4.137499809265137,384400000
2017-08-31,4.186392784118652,4.236000061035156,4.239999771118164,4.15500020980835,4.162499904632568,612684000
2017-09-01,4.211594104766846,4.261499881744385,4.297500133514404,4.239999771118164,4.24875020980835,445432000
2017-09-05,4.099177360534668,4.147749900817871,4.2144999504089355,4.089000225067139,4.209499835968018,695364000
2017-09-06,4.096704483032227,4.145249843597412,4.195000171661377,4.110000133514404,4.181000232696533,397672000
2017-09-07,4.1157307624816895,4.1645002365112305,4.197249889373779,4.12375020980835,4.16225004196167,352868000
2017-09-08,4.044326305389404,4.092249870300293,4.167749881744385,4.067749977111816,4.152750015258789,498856000
2017-09-11,4.175521373748779,4.224999904632568,4.235750198364258,4.132999897003174,4.138500213623047,567444000
2017-09-12,4.1905927658081055,4.240250110626221,4.25,4.17425012588501,4.25,411488000
2017-09-13,4.2093706130981445,4.259250164031982,4.28849983215332,4.182000160217285,4.214749813079834,580960000
2017-09-14,4.185403347015381,4.235000133514404,4.314000129699707,4.195000171661377,4.219749927520752,513712000
2017-09-15,4.450018882751465,4.502749919891357,4.502749919891357,4.316249847412109,4.321499824523926,1364792000
2017-09-18,4.633839130401611,4.68874979019165,4.78000020980835,4.621500015258789,4.628499984741211,1684460000
2017-09-19,4.6288981437683105,4.683750152587891,4.746250152587891,4.615499973297119,4.637750148773193,874280000
2017-09-20,4.591590404510498,4.645999908447266,4.735499858856201,4.605249881744385,4.6875,724920000
2017-09-21,4.466078281402588,4.519000053405762,4.567500114440918,4.440249919891357,4.540999889373779,1075600000
2017-09-22,4.422593593597412,4.474999904632568,4.557750225067139,4.465000152587891,4.507500171661377,491232000
2017-09-25,4.224936008453369,4.275000095367432,4.445000171661377,4.254000186920166,4.443749904632568,874580000
2017-09-26,4.248654842376709,4.298999786376953,4.4670000076293945,4.258749961853027,4.411250114440918,1125620000
2017-09-27,4.341800689697266,4.393249988555908,4.406750202178955,4.318749904632568,4.390500068664551,713720000
2017-09-28,4.340566635131836,4.392000198364258,4.4045000076293945,4.343999862670898,4.4004998207092285,435244000
2017-09-29,4.416910648345947,4.469250202178955,4.493249893188477,4.431250095367432,4.4770002365112305,619092000
2017-10-02,4.422593593597412,4.474999904632568,4.549499988555908,4.425000190734863,4.519999980926514,503480000
2017-10-03,4.431735992431641,4.484250068664551,4.514500141143799,4.439499855041504,4.481249809265137,390332000
2017-10-04,4.468795299530029,4.521749973297119,4.544250011444092,4.453499794006348,4.490499973297119,427848000
2017-10-05,4.466324806213379,4.51924991607666,4.550000190734863,4.488999843597412,4.546500205993652,437364000
2017-10-06,4.479420185089111,4.53249979019165,4.546000003814697,4.474999904632568,4.491250038146973,318800000
2017-10-09,4.580471038818359,4.634749889373779,4.66825008392334,4.550749778747559,4.56974983215332,563492000
2017-10-10,4.667935371398926,4.723249912261963,4.823750019073486,4.68149995803833,4.785749912261963,974876000
2017-10-11,4.717597961425781,4.773499965667725,4.775000095367432,4.69350004196167,4.739999771118164,529508000
2017-10-12,4.719822883605957,4.775750160217285,4.827250003814697,4.7482500076293945,4.7769999504089355,528292000
2017-10-13,4.807778835296631,4.864749908447266,4.875,4.791250228881836,4.838749885559082,628728000
2017-10-16,4.890300273895264,4.948249816894531,4.951250076293945,4.830999851226807,4.894999980926514,576640000
2017-10-17,4.885855197906494,4.943749904632568,4.972499847412109,4.908750057220459,4.927249908447266,478596000
2017-10-18,4.881653308868408,4.939499855041504,4.953499794006348,4.833000183105469,4.952750205993652,567316000
2017-10-19,4.887089252471924,4.945000171661377,4.949999809265137,4.81125020980835,4.861000061035156,570772000
2017-10-20,4.8648529052734375,4.922500133514404,4.989749908447266,4.91349983215332,4.962250232696533,451620000
2017-10-23,4.857934474945068,4.915500164031982,4.971250057220459,4.894999980926514,4.944499969482422,428696000
2017-10-24,4.908830165863037,4.9670000076293945,4.96875,4.898499965667725,4.924749851226807,407244000
2017-10-25,4.784801959991455,4.8414998054504395,4.980500221252441,4.779250144958496,4.927000045776367,828160000
2017-10-26,4.834957122802734,4.892250061035156,4.9039998054504395,4.845250129699707,4.869500160217285,322744000
2017-10-27,4.987401485443115,5.046500205993652,5.046750068664551,4.918749809265137,4.945000171661377,572192000
2017-10-30,5.03632116317749,5.0960001945495605,5.152249813079834,5.0304999351501465,5.046500205993652,504056000
2017-10-31,5.1097002029418945,5.170249938964844,5.197249889373779,5.122499942779541,5.1282501220703125,411908000
2017-11-01,5.119338035583496,5.179999828338623,5.2492499351501465,5.114999771118164,5.233749866485596,502576000
2017-11-02,5.088205337524414,5.148499965667725,5.195250034332275,5.091249942779541,5.150000095367432,342308000
2017-11-03,5.15615177154541,5.217249870300293,5.217249870300293,5.133500099182129,5.179999828338623,353640000
2017-11-06,5.179375648498535,5.240749835968018,5.249499797821045,5.167500019073486,5.179999828338623,389944000
2017-11-07,5.23867130279541,5.300749778747559,5.322500228881836,5.251500129699707,5.263750076293945,427700000
2017-11-08,5.1677632331848145,5.229000091552734,5.300000190734863,5.181000232696533,5.296249866485596,522988000
2017-11-09,5.0728864669799805,5.132999897003174,5.158249855041504,5.009250164031982,5.131750106811523,978564000
2017-11-10,5.340219974517822,5.403500080108643,5.466750144958496,5.290750026702881,5.327000141143799,1253256000
2017-11-13,5.2534990310668945,5.3157501220703125,5.4292497634887695,5.300250053405762,5.403500080108643,582376000
2017-11-14,5.2917938232421875,5.354499816894531,5.369999885559082,5.280749797821045,5.324999809265137,529292000
2017-11-15,5.188023567199707,5.249499797821045,5.300000190734863,5.195000171661377,5.298749923706055,501948000
2017-11-16,5.228296279907227,5.290249824523926,5.355000019073486,5.28125,5.32450008392334,441768000
2017-11-17,5.2221174240112305,5.283999919891357,5.383749961853027,5.268750190734863,5.3480000495910645,515664000
2017-11-20,5.289323329925537,5.3520002365112305,5.364250183105469,5.262499809265137,5.299749851226807,396100000
2017-11-21,5.33799409866333,5.401249885559082,5.413000106811523,5.360000133514404,5.392250061035156,399176000
2017-11-22,5.314013481140137,5.3732500076293945,5.425000190734863,5.340250015258789,5.425000190734863,356640000
2017-11-24,5.364202499389648,5.423999786376953,5.425000190734863,5.364999771118164,5.389750003814697,180752000
2017-11-27,5.294480323791504,5.353499889373779,5.434000015258789,5.350249767303467,5.432750225067139,422896000
2017-11-28,5.209676265716553,5.267749786376953,5.368249893188477,5.205999851226807,5.358749866485596,512752000
2017-11-29,4.856364727020264,4.9105000495910645,5.252999782562256,4.780749797821045,5.250249862670898,1396788000
2017-11-30,4.962431907653809,5.017749786376953,5.066999912261963,4.916250228881836,4.980000019073486,823768000
2017-12-01,4.887518405914307,4.941999912261963,5.0032501220703125,4.8117499351501465,4.982749938964844,811548000
2017-12-04,4.615056037902832,4.666500091552734,5.007500171661377,4.612500190734863,5.00124979019165,1240844000
2017-12-05,4.641756534576416,4.69350004196167,4.817500114440918,4.514500141143799,4.559999942779541,981488000
2017-12-06,4.679338455200195,4.731500148773193,4.753499984741211,4.620999813079834,4.642499923706055,467032000
2017-12-07,4.746835708618164,4.799749851226807,4.840000152587891,4.752999782562256,4.798999786376953,542600000
2017-12-08,4.734474182128906,4.78725004196167,4.869500160217285,4.778749942779541,4.850249767303467,466876000
2017-12-11,4.812849998474121,4.866499900817871,4.869500160217285,4.7855000495910645,4.801499843597412,372748000
2017-12-12,4.7184014320373535,4.770999908447266,4.8460001945495605,4.747250080108643,4.822500228881836,455016000
2017-12-13,4.603187084197998,4.6545000076293945,4.81374979019165,4.646999835968018,4.8125,554280000
2017-12-14,4.610357761383057,4.661749839782715,4.733500003814697,4.614999771118164,4.6479997634887695,438164000
2017-12-15,4.736205577850342,4.789000034332275,4.809500217437744,4.640500068664551,4.706250190734863,670036000
2017-12-18,4.89295768737793,4.947500228881836,4.950500011444092,4.800000190734863,4.829999923706055,477704000
2017-12-19,4.848701477050781,4.902750015258789,4.9432501792907715,4.874000072479248,4.938000202178955,373100000
2017-12-20,4.865759372711182,4.920000076293945,4.951749801635742,4.863749980926514,4.942500114440918,288820000
2017-12-21,4.84326171875,4.897250175476074,4.948750019073486,4.888750076293945,4.923500061035156,300904000
2017-12-22,4.827931880950928,4.881750106811523,4.891250133514404,4.78125,4.860000133514404,466276000
2017-12-26,4.8815836906433105,4.935999870300293,4.943749904632568,4.795499801635742,4.82574987411499,355080000
2017-12-27,4.874907970428467,4.9292497634887695,4.9992499351501465,4.907750129699707,4.922500133514404,329488000
2017-12-28,4.880594730377197,4.934999942779541,4.984499931335449,4.928750038146973,4.953249931335449,240248000
2017-12-29,4.784169673919678,4.837500095367432,4.96150016784668,4.837500095367432,4.96150016784668,279964000
2018-01-02,4.928805828094482,4.983749866485596,4.987500190734863,4.862500190734863,4.894499778747559,355616000
2018-01-03,5.2531914710998535,5.3117499351501465,5.34250020980835,5.09375,5.102499961853027,914704000
2018-01-04,5.280884265899658,5.339749813079834,5.451250076293945,5.317249774932861,5.394000053405762,583268000
2018-01-05,5.325634479522705,5.385000228881836,5.422749996185303,5.2769999504089355,5.354750156402588,580124000
2018-01-08,5.488814830780029,5.550000190734863,5.625,5.4644999504089355,5.510000228881836,881216000
2018-01-09,5.487331390380859,5.548500061035156,5.5954999923706055,5.466000080108643,5.555500030517578,497000000
2018-01-10,5.530350685119629,5.5920000076293945,5.5954999923706055,5.400000095367432,5.454999923706055,582664000
2018-01-11,5.5402421951293945,5.6020002365112305,5.656750202178955,5.580249786376953,5.625,406032000
2018-01-12,5.513045310974121,5.57450008392334,5.624750137329102,5.5335001945495605,5.590000152587891,359916000
2018-01-16,5.442086219787598,5.502749919891357,5.687749862670898,5.417250156402588,5.601250171661377,702348000
2018-01-17,5.556064605712891,5.618000030517578,5.627999782562256,5.422500133514404,5.517499923706055,538408000
2018-01-18,5.549142837524414,5.611000061035156,5.665999889373779,5.566999912261963,5.598499774932861,408632000
2018-01-19,5.689330101013184,5.752749919891357,5.777249813079834,5.675000190734863,5.702250003814697,609380000
2018-01-22,5.7778425216674805,5.842249870300293,5.843999862670898,5.702499866485596,5.760749816894531,550944000
2018-01-23,5.9069037437438965,5.972750186920166,5.9957499504089355,5.877500057220459,5.896249771118164,475228000
2018-01-24,5.830010414123535,5.894999980926514,6.012249946594238,5.838749885559082,5.97599983215332,579972000
2018-01-25,5.8436102867126465,5.908750057220459,5.993750095367432,5.893750190734863,5.949999809265137,409884000
2018-01-26,6.016186714172363,6.083250045776367,6.083499908447266,5.940000057220459,5.953000068664551,516356000
2018-01-29,6.103217601776123,6.171249866485596,6.202750205993652,6.015250205993652,6.06850004196167,455116000
2018-01-30,6.001102924346924,6.067999839782715,6.1605000495910645,5.960249900817871,6.027750015258789,570832000
2018-01-31,6.0772552490234375,6.144999980926514,6.231750011444092,6.111249923706055,6.14424991607666,478576000
2018-02-01,5.9462151527404785,6.012499809265137,6.172500133514404,5.951499938964844,5.9629998207092285,519224000
2018-02-02,5.7736406326293945,5.8379998207092285,5.949250221252441,5.779250144958496,5.925000190734863,718464000
2018-02-05,5.283601760864258,5.34250020980835,5.830749988555908,5.125,5.675000190734863,1165204000
2018-02-06,5.577330112457275,5.639500141143799,5.642499923706055,5.099999904632568,5.110000133514404,1114800000
2018-02-07,5.656941890716553,5.71999979019165,5.8742499351501465,5.667500019073486,5.739500045776367,802932000
2018-02-08,5.378049373626709,5.438000202178955,5.880499839782715,5.437749862670898,5.8470001220703125,1144000000
2018-02-09,5.738036632537842,5.802000045776367,5.972249984741211,5.438000202178955,5.956250190734863,1674604000
2018-02-12,5.637903213500977,5.70074987411499,5.88700008392334,5.6257500648498535,5.883999824523926,1093172000
2018-02-13,5.751636028289795,5.8157501220703125,5.862500190734863,5.631249904632568,5.664000034332275,625524000
2018-02-14,5.968963146209717,6.0355000495910645,6.0647501945495605,5.763750076293945,5.775000095367432,744988000
2018-02-15,6.094562530517578,6.162499904632568,6.209249973297119,6.038000106811523,6.119750022888184,698900000
2018-02-16,6.0287957191467285,6.0960001945495605,6.25,6.086750030517578,6.135000228881836,637656000
2018-02-20,6.158352375030518,6.2270002365112305,6.296750068664551,6.114999771118164,6.118750095367432,686240000
2018-02-21,5.97118616104126,6.037749767303467,6.29925012588501,6.033999919891357,6.292250156402588,892292000
2018-02-22,5.990732669830322,6.053750038146973,6.140749931335449,5.987500190734863,6.0682501792907715,534364000
2018-02-23,6.084249019622803,6.148250102996826,6.148250102996826,6.063000202178955,6.114250183105469,415300000
2018-02-26,6.100329875946045,6.1645002365112305,6.19950008392334,6.101500034332275,6.195000171661377,469312000
2018-02-27,6.087464809417725,6.151500225067139,6.222750186920166,6.1282501220703125,6.137499809265137,455436000
2018-02-28,5.987020492553711,6.050000190734863,6.202499866485596,6.038249969482422,6.162499904632568,523116000
2018-03-01,5.744817733764648,5.80525016784668,6.102250099182129,5.703000068664551,6.047749996185303,1040120000
2018-03-02,5.851943016052246,5.91349983215332,5.920000076293945,5.546249866485596,5.696499824523926,913428000
2018-03-05,5.829923152923584,5.891250133514404,5.931250095367432,5.73799991607666,5.862750053405762,620776000
2018-03-06,5.990981101989746,6.053999900817871,6.073500156402588,5.934000015258789,5.977499961853027,636808000
2018-03-07,5.983063220977783,6.046000003814697,6.098750114440918,5.948750019073486,5.949999809265137,581208000
2018-03-08,5.966734409332275,6.0295000076293945,6.073750019073486,5.984749794006348,6.073750019073486,411912000
2018-03-09,6.0694050788879395,6.1332502365112305,6.146249771118164,6.06125020980835,6.077499866485596,505524000
2018-03-12,6.1790008544921875,6.24399995803833,6.324999809265137,6.166749954223633,6.175000190734863,605060000
2018-03-13,6.128285884857178,6.192749977111816,6.362500190734863,6.151000022888184,6.28725004196167,619772000
2018-03-14,6.153767108917236,6.218500137329102,6.263750076293945,6.1554999351501465,6.236249923706055,505496000
2018-03-15,6.168610572814941,6.233500003814697,6.315499782562256,6.190999984741211,6.232250213623047,401952000
2018-03-16,6.19681453704834,6.26200008392334,6.28125,6.211999893188477,6.25,399456000
2018-03-19,5.962281227111816,6.025000095367432,6.233749866485596,5.925000190734863,6.204500198364258,713772000
2018-03-20,6.174549102783203,6.239500045776367,6.278749942779541,6.0279998779296875,6.0279998779296875,554696000
2018-03-21,6.149314880371094,6.214000225067139,6.300000190734863,6.1832499504089355,6.232999801635742,438688000
2018-03-22,5.983311176300049,6.046249866485596,6.197000026702881,6.008500099182129,6.150000095367432,551196000
2018-03-23,5.7636213302612305,5.824250221252441,6.0625,5.813000202178955,6.059999942779541,735620000
2018-03-26,6.048375129699707,6.111999988555908,6.113249778747559,5.897500038146973,5.949999809265137,611424000
2018-03-27,5.579309940338135,5.638000011444092,6.25,5.496250152587891,6.193749904632568,1409000000
2018-03-28,5.4761457443237305,5.533750057220459,5.734749794006348,5.425000190734863,5.603250026702881,945904000
2018-03-29,5.729479789733887,5.789750099182129,5.887499809265137,5.517499923706055,5.602749824523926,916628000
2018-04-02,5.468722820281982,5.526249885559082,5.866250038146973,5.4375,5.718500137329102,922092000
2018-04-03,5.575104236602783,5.633749961853027,5.758749961853027,5.533750057220459,5.695000171661377,667432000
2018-04-04,5.597122669219971,5.656000137329102,5.666500091552734,5.349999904632568,5.375249862670898,789168000
2018-04-05,5.476888179779053,5.5345001220703125,5.728250026702881,5.462250232696533,5.715000152587891,701240000
2018-04-06,5.300492286682129,5.356249809265137,5.539999961853027,5.326749801635742,5.430749893188477,662988000
2018-04-09,5.3291916847229,5.385250091552734,5.54925012588501,5.364999771118164,5.420000076293945,499524000
2018-04-10,5.638438701629639,5.697750091552734,5.724999904632568,5.5602498054504395,5.618000030517578,761676000
2018-04-11,5.597122669219971,5.656000137329102,5.7245001792907715,5.623000144958496,5.682750225067139,460244000
2018-04-12,5.8039469718933105,5.864999771118164,5.882999897003174,5.705249786376953,5.75,593920000
2018-04-13,5.7272539138793945,5.787499904632568,5.937749862670898,5.738749980926514,5.9292497634887695,503036000
2018-04-16,5.727007865905762,5.78725004196167,5.821000099182129,5.691999912261963,5.794250011444092,350792000
2018-04-17,5.876681327819824,5.938499927520752,5.960000038146973,5.783750057220459,5.840000152587891,447224000
2018-04-18,5.847734451293945,5.909249782562256,5.981249809265137,5.819250106811523,5.887499809265137,391364000
2018-04-19,5.6663947105407715,5.72599983215332,5.827499866485596,5.670000076293945,5.793749809265137,471996000
2018-04-20,5.658230304718018,5.717750072479248,5.802499771118164,5.68625020980835,5.717249870300293,386200000
2018-04-23,5.538736820220947,5.5970001220703125,5.787499904632568,5.5707502365112305,5.735750198364258,427508000
2018-04-24,5.472435474395752,5.53000020980835,5.71999979019165,5.464000225067139,5.623000144958496,414596000
2018-04-25,5.3601155281066895,5.416500091552734,5.5395002365112305,5.257500171661377,5.5,588492000
2018-04-26,5.571887016296387,5.630499839782715,5.638750076293945,5.51324987411499,5.579999923706055,375824000
2018-04-27,5.599349021911621,5.658249855041504,5.757500171661377,5.615499973297119,5.737500190734863,400848000
2018-04-30,5.563971996307373,5.622499942779541,5.724999904632568,5.603000164031982,5.674749851226807,327844000
2018-05-01,5.619387149810791,5.678500175476074,5.681250095367432,5.554999828338623,5.614250183105469,253788000
2018-05-02,5.598854064941406,5.657750129699707,5.71999979019165,5.631249904632568,5.675000190734863,268248000
2018-05-03,5.764115333557129,5.824749946594238,5.851250171661377,5.64424991607666,5.690000057220459,443144000
2018-05-04,5.914285659790039,5.976500034332275,5.979750156402588,5.778250217437744,5.795750141143799,400660000
2018-05-07,6.15228271484375,6.2170000076293945,6.274750232696533,6.072249889373779,6.082250118255615,687616000
2018-05-08,6.194836616516113,6.260000228881836,6.262750148773193,6.167749881744385,6.217249870300293,506616000
2018-05-09,6.32793664932251,6.394499778747559,6.396749973297119,6.252749919891357,6.280250072479248,596760000
2018-05-10,6.435552597045898,6.5032501220703125,6.512499809265137,6.429999828338623,6.447999954223633,994080000
2018-05-11,6.297008991241455,6.363249778747559,6.494750022888184,6.263500213623047,6.319499969482422,1214456000
2018-05-14,6.317543983459473,6.383999824523926,6.462250232696533,6.360000133514404,6.401750087738037,523140000
2018-05-15,6.0750932693481445,6.138999938964844,6.322500228881836,6.037499904632568,6.31974983215332,963528000
2018-05-16,6.086225509643555,6.15024995803833,6.2129998207092285,6.062749862670898,6.099999904632568,553828000
2018-05-17,6.128285884857178,6.192749977111816,6.287499904632568,6.135749816894531,6.1519999504089355,519784000
2018-05-18,6.084497451782227,6.148499965667725,6.3092498779296875,6.143499851226807,6.245250225067139,483716000
2018-05-21,6.042438507080078,6.105999946594238,6.2507500648498535,6.012249946594238,6.247000217437744,640624000
2018-05-22,6.004339218139648,6.067500114440918,6.144999980926514,6.006249904632568,6.119500160217285,518264000
2018-05-23,6.127867698669434,6.188499927520752,6.1897501945495605,6.006249904632568,6.006999969482422,442956000
2018-05-24,6.131579399108887,6.192249774932861,6.235000133514404,6.13100004196167,6.184750080108643,437372000
2018-05-25,6.170941352844238,6.23199987411499,6.248499870300293,6.169000148773193,6.204999923706055,292112000
2018-05-29,6.153860092163086,6.214749813079834,6.2835001945495605,6.167500019073486,6.213749885559082,352684000
2018-05-30,6.262782573699951,6.324749946594238,6.333499908447266,6.223750114440918,6.24875020980835,390996000
2018-05-31,6.242978096008301,6.304749965667725,6.380000114440918,6.281750202178955,6.292500019073486,493868000
2018-06-01,6.377397537231445,6.440499782562256,6.446750164031982,6.341249942779541,6.349999904632568,421968000
2018-06-04,6.556377410888672,6.621250152587891,6.643499851226807,6.442500114440918,6.474999904632568,642024000
2018-06-05,6.56182336807251,6.6267499923706055,6.664750099182129,6.579249858856201,6.624499797821045,391712000
2018-06-06,6.563803195953369,6.628749847412109,6.631999969482422,6.51924991607666,6.535749912261963,371356000
2018-06-07,6.508103847503662,6.572500228881836,6.63700008392334,6.481249809265137,6.625,369448000
2018-06-08,6.492754936218262,6.557000160217285,6.599999904632568,6.480000019073486,6.499000072479248,360456000
2018-06-11,6.451662540435791,6.515500068664551,6.586249828338623,6.502500057220459,6.544250011444092,265372000
2018-06-12,6.500182628631592,6.564499855041504,6.576749801635742,6.491499900817871,6.542250156402588,319160000
2018-06-13,6.4957275390625,6.559999942779541,6.641749858856201,6.550749778747559,6.565999984741211,338208000
2018-06-14,6.607371807098389,6.672749996185303,6.730000019073486,6.5904998779296875,6.605500221252441,430016000
2018-06-15,6.566525936126709,6.631499767303467,6.686999797821045,6.583749771118164,6.614999771118164,432260000
2018-06-18,6.562317848205566,6.6272501945495605,6.644999980926514,6.559500217437744,6.586999893188477,356268000
2018-06-19,6.440523624420166,6.5042500495910645,6.591000080108643,6.375500202178955,6.5229997634887695,594932000
2018-06-20,6.493497848510742,6.557750225067139,6.611249923706055,6.506999969482422,6.545750141143799,369780000
2018-06-21,6.364771842956543,6.427750110626221,6.608500003814697,6.420000076293945,6.590000152587891,359516000
2018-06-22,6.212280750274658,6.273749828338623,6.462250232696533,6.2582502365112305,6.448750019073486,434160000
2018-06-25,5.919429779052734,5.978000164031982,6.170000076293945,5.888500213623047,6.166250228881836,665816000
2018-06-26,5.990475177764893,6.049749851226807,6.141250133514404,5.9977498054504395,6.09250020980835,478884000
2018-06-27,5.835261821746826,5.89300012588501,6.160749912261963,5.887499809265137,6.09375,453892000
2018-06-28,5.962502479553223,6.021500110626221,6.0335001945495605,5.875249862670898,5.882999897003174,338012000
2018-06-29,5.864473342895508,5.922500133514404,6.099999904632568,5.921249866485596,6.087250232696533,392300000
2018-07-02,5.996664524078369,6.056000232696533,6.059750080108643,5.831500053405762,5.852250099182129,357572000
2018-07-03,5.862987995147705,5.921000003814697,6.0970001220703125,5.912499904632568,6.091000080108643,222732000
2018-07-05,6.008794784545898,6.0682501792907715,6.073249816894531,5.9375,5.976749897003174,306216000
2018-07-06,6.122668266296387,6.1832499504089355,6.1917500495910645,6.021999835968018,6.043499946594238,296352000
2018-07-09,6.170198440551758,6.231249809265137,6.26800012588501,6.151750087738037,6.2582502365112305,303880000
2018-07-10,6.269218921661377,6.331250190734863,6.353499889373779,6.203000068664551,6.243750095367432,360016000
2018-07-11,6.127619743347168,6.1882500648498535,6.272500038146973,6.177499771118164,6.237500190734863,367508000
2018-07-12,6.219212532043457,6.280749797821045,6.329249858856201,6.223999977111816,6.234000205993652,345508000
2018-07-13,6.171929359436035,6.232999801635742,6.299499988555908,6.190499782562256,6.299499988555908,246988000
2018-07-16,6.144204616546631,6.204999923706055,6.258500099182129,6.192500114440918,6.204999923706055,197036000
2018-07-17,6.280111312866211,6.342249870300293,6.357500076293945,6.129499912261963,6.155250072479248,362136000
2018-07-18,6.230848789215088,6.292500019073486,6.348750114440918,6.241000175476074,6.334750175476074,277640000
2018-07-19,6.239017009735107,6.300749778747559,6.334750175476074,6.2582502365112305,6.273499965667725,235752000
2018-07-20,6.210797309875488,6.272250175476074,6.337500095367432,6.261250019073486,6.298250198364258,222352000
2018-07-23,6.174159049987793,6.235249996185303,6.247250080108643,6.081999778747559,6.245500087738037,301584000
2018-07-24,6.15683126449585,6.217750072479248,6.371250152587891,6.199999809265137,6.283750057220459,354620000
2018-07-25,6.235055446624756,6.296750068664551,6.309500217437744,6.168749809265137,6.227250099182129,319112000
2018-07-26,6.308578014373779,6.370999813079834,6.408249855041504,6.259500026702881,6.276500225067139,325124000
2018-07-27,6.23876953125,6.30049991607666,6.414999961853027,6.245999813079834,6.4079999923706055,295420000
2018-07-30,6.043452739715576,6.103250026702881,6.3207502365112305,6.067999839782715,6.3147501945495605,340340000
2018-07-31,6.061523914337158,6.121500015258789,6.197000026702881,6.053500175476074,6.092750072479248,283988000
2018-08-01,6.101378440856934,6.161749839782715,6.209000110626221,6.097249984741211,6.153250217437744,283556000
2018-08-02,6.204113483428955,6.265500068664551,6.269499778747559,6.030250072479248,6.089749813079834,269668000
2018-08-03,6.240749835968018,6.302499771118164,6.326499938964844,6.273250102996826,6.290249824523926,214288000
2018-08-06,6.288527488708496,6.350749969482422,6.354249954223633,6.24275016784668,6.289750099182129,207508000
2018-08-07,6.360812664031982,6.423749923706055,6.442500114440918,6.373000144958496,6.400000095367432,258132000
2018-08-08,6.397201061248779,6.4604997634887695,6.50600004196167,6.389750003814697,6.425000190734863,262100000
2018-08-09,6.348682403564453,6.411499977111816,6.481249809265137,6.403749942779541,6.478499889373779,204280000
2018-08-10,6.3073410987854,6.369750022888184,6.402500152587891,6.317500114440918,6.328750133514404,256396000
2018-08-13,6.34026575088501,6.4029998779296875,6.525000095367432,6.3767499923706055,6.378499984741211,375208000
2018-08-14,6.471713542938232,6.535749912261963,6.550000190734863,6.42549991607666,6.509500026702881,466220000
2018-08-15,6.413539886474609,6.4770002365112305,6.591000080108643,6.397500038146973,6.5567498207092285,591136000
2018-08-16,6.372942924499512,6.435999870300293,6.550000190734863,6.375249862670898,6.547500133514404,801260000
2018-08-17,6.060532569885254,6.120500087738037,6.324250221252441,6.093249797821045,6.323500156402588,1143188000
2018-08-20,6.135293483734131,6.196000099182129,6.329999923706055,5.9679999351501465,6.079500198364258,854388000
2018-08-21,6.270951747894287,6.333000183105469,6.337500095367432,6.192500114440918,6.212500095367432,673988000
2018-08-22,6.506123065948486,6.570499897003174,6.575500011444092,6.296500205993652,6.300000190734863,749856000
2018-08-23,6.6056389808654785,6.671000003814697,6.736999988555908,6.517499923706055,6.531499862670898,720684000
2018-08-24,6.7388224601745605,6.805500030517578,6.820250034332275,6.675000190734863,6.679500102996826,531512000
2018-08-27,6.829919338226318,6.897500038146973,6.972499847412109,6.803750038146973,6.8354997634887695,505776000
2018-08-28,6.792291164398193,6.859499931335449,6.9145002365112305,6.738249778747559,6.891499996185303,475384000
2018-08-29,6.8978071212768555,6.962250232696533,6.987500190734863,6.827000141143799,6.8480000495910645,420108000
2018-08-30,6.88096284866333,6.945250034332275,7.043000221252441,6.9079999923706055,6.930749893188477,346608000
2018-08-31,6.952049732208252,7.017000198364258,7.03000020980835,6.914999961853027,6.925000190734863,306592000
2018-09-04,7.026852130889893,7.09250020980835,7.130499839782715,6.974999904632568,7.003749847412109,391720000
2018-09-05,6.896071910858154,6.9604997634887695,7.110499858856201,6.878749847412109,7.074749946594238,393156000
2018-09-06,6.754891395568848,6.817999839782715,6.946499824523926,6.784749984741211,6.943999767303467,322796000
2018-09-07,6.733591556549072,6.796500205993652,6.923250198364258,6.679749965667725,6.724999904632568,295420000
2018-09-10,6.804677486419678,6.868249893188477,6.898250102996826,6.775000095367432,6.819250106811523,220140000
2018-09-11,6.75687313079834,6.820000171661377,6.909999847412109,6.80049991607666,6.821499824523926,243112000
2018-09-12,6.642938137054443,6.704999923706055,6.799499988555908,6.547999858856201,6.779749870300293,419092000
2018-09-13,6.720711708068848,6.7835001945495605,6.875,6.754000186920166,6.771500110626221,305536000
2018-09-14,6.8467841148376465,6.910749912261963,6.977499961853027,6.837500095367432,6.874750137329102,386936000
2018-09-17,6.784862041473389,6.848249912261963,6.934500217437744,6.828750133514404,6.885000228881836,205528000
2018-09-18,6.712785720825195,6.7754998207092285,6.955999851226807,6.768750190734863,6.852250099182129,299520000
2018-09-19,6.736563205718994,6.799499988555908,6.817500114440918,6.706250190734863,6.756750106811523,224860000
2018-09-20,6.5953826904296875,6.6570000648498535,6.718999862670898,6.602499961853027,6.676249980926514,430584000
2018-09-21,6.52528715133667,6.586249828338623,6.715000152587891,6.552750110626221,6.669000148773193,435128000
2018-09-24,6.581017971038818,6.642499923706055,6.645999908447266,6.4670000076293945,6.554999828338623,293912000
2018-09-25,6.64813756942749,6.710249900817871,6.735499858856201,6.6227498054504395,6.709249973297119,280388000
2018-09-26,6.611233711242676,6.672999858856201,6.75600004196167,6.6570000648498535,6.715250015258789,268548000
2018-09-27,6.6231231689453125,6.684999942779541,6.730000019073486,6.653250217437744,6.708499908447266,214428000
2018-09-28,6.960470676422119,7.0254998207092285,7.047999858856201,6.789999961853027,6.8182501792907715,709396000
2018-10-01,7.167041778564453,7.234000205993652,7.301499843597412,7.065000057220459,7.104000091552734,622060000
2018-10-02,7.09570837020874,7.1620001792907715,7.318999767303467,7.139500141143799,7.206250190734863,383964000
2018-10-03,7.101900100708008,7.16825008392334,7.240499973297119,7.0632500648498535,7.232999801635742,320552000
2018-10-04,6.9176225662231445,6.982250213623047,7.15625,6.9045000076293945,7.131750106811523,391220000
2018-10-05,6.684054851531982,6.746500015258789,7.019999980926514,6.688499927520752,6.957250118255615,426636000
2018-10-08,6.58275032043457,6.64424991607666,6.7789998054504395,6.501999855041504,6.662499904632568,408612000
2018-10-09,6.577054500579834,6.638500213623047,6.718999862670898,6.570000171661377,6.623499870300293,273500000
2018-10-10,6.0853962898254395,6.142250061035156,6.577750205993652,6.139999866485596,6.531499862670898,684940000
2018-10-11,5.823840141296387,5.8782501220703125,6.189000129699707,5.856500148773193,6.0542497634887695,725436000
2018-10-12,6.106449604034424,6.16349983215332,6.238500118255615,5.991250038146973,6.137750148773193,608236000
2018-10-15,5.830031871795654,5.884500026702881,6.150000095367432,5.883500099182129,6.150000095367432,449760000
2018-10-16,6.088865280151367,6.145750045776367,6.1570000648498535,5.948500156402588,5.9982500076293945,408712000
2018-10-17,6.020254611968994,6.076499938964844,6.247000217437744,6.0269999504089355,6.208499908447266,329668000
2018-10-18,5.932823657989502,5.988249778747559,6.1852498054504395,5.927249908447266,6.146500110626221,524020000
2018-10-19,5.6762189865112305,5.729249954223633,6.06374979019165,5.692500114440918,6.044000148773193,613608000
2018-10-22,5.726994514465332,5.7804999351501465,5.882999897003174,5.676750183105469,5.7820000648498535,368844000
2018-10-23,5.47534704208374,5.526500225067139,5.604750156402588,5.417749881744385,5.510749816894531,626436000
2018-10-24,4.93910551071167,4.985249996185303,5.534749984741211,4.971250057220459,5.487750053405762,884288000
2018-10-25,5.147904872894287,5.196000099182129,5.243750095367432,4.8420000076293945,4.886750221252441,951720000
2018-10-26,4.911365985870361,4.957250118255615,5.120999813079834,4.828000068664551,4.957749843597412,664784000
2018-10-29,4.597548007965088,4.640500068664551,5.103250026702881,4.40024995803833,5.09975004196167,758016000
2018-10-30,5.0280256271362305,5.074999809265137,5.085000038146973,4.640500068664551,4.663750171661377,807192000
2018-10-31,5.221962928771973,5.270750045776367,5.3147501945495605,5.100249767303467,5.241250038146973,745772000
2018-11-01,5.402278423309326,5.452750205993652,5.462250232696533,5.179749965667725,5.307499885559082,566528000
2018-11-02,5.323266983032227,5.373000144958496,5.550000190734863,5.255249977111816,5.4432501792907715,452960000
2018-11-05,5.245245456695557,5.294250011444092,5.3832502365112305,5.131999969482422,5.359749794006348,379332000
2018-11-06,5.227659702301025,5.276500225067139,5.371250152587891,5.238999843597412,5.286250114440918,299012000
2018-11-07,5.295279502868652,5.344749927520752,5.4352498054504395,5.2795000076293945,5.34375,483812000
2018-11-08,5.102083206176758,5.149750232696533,5.285749912261963,5.095749855041504,5.284999847412109,511352000
2018-11-09,5.094157695770264,5.141749858856201,5.232999801635742,5.026000022888184,5.059999942779541,413240000
2018-11-12,4.694639682769775,4.738500118255615,5.071750164031982,4.7164998054504395,5.049499988555908,617116000
2018-11-13,4.9366302490234375,4.982749938964844,5.105249881744385,4.830999851226807,4.837250232696533,644712000
2018-11-14,4.884119033813477,4.929749965667725,5.171999931335449,4.8207502365112305,5.15749979019165,526580000
2018-11-15,5.012916564941406,5.059750080108643,5.132500171661377,4.887499809265137,4.923749923706055,840708000
2018-11-16,4.0727009773254395,4.110750198364258,4.266499996185303,4.040249824523926,4.083000183105469,1963520000
2018-11-19,3.5840158462524414,3.617500066757202,4.045499801635742,3.6157500743865967,4.044750213623047,1697820000
2018-11-20,3.69250226020813,3.7269999980926514,3.8564999103546143,3.332750082015991,3.3515000343322754,1692032000
2018-11-21,3.584263801574707,3.6177499294281006,3.882499933242798,3.590250015258789,3.865499973297119,1025496000
2018-11-23,3.591447114944458,3.625,3.7397499084472656,3.5697500705718994,3.582750082015991,411968000
2018-11-26,3.7908341884613037,3.8262500762939453,3.836750030517578,3.6640000343322754,3.7472500801086426,814832000
2018-11-27,3.807676315307617,3.843250036239624,3.9252500534057617,3.7637500762939453,3.799999952316284,738060000
2018-11-28,3.9647092819213867,4.0017499923706055,4.006999969482422,3.828249931335449,3.9619998931884766,804524000
2018-11-29,3.90148663520813,3.934000015258789,4.037499904632568,3.9035000801086426,4.0,549172000
2018-11-30,4.051982402801514,4.085750102996826,4.096499919891357,3.8929998874664307,3.9437499046325684,729564000
2018-12-03,4.215867519378662,4.250999927520752,4.367000102996826,4.183499813079834,4.315000057220459,890804000
2018-12-04,3.8952877521514893,3.9277501106262207,4.210999965667725,3.9124999046325684,4.205999851226807,812112000
2018-12-06,3.9245448112487793,3.9572501182556152,3.962249994277954,3.770250082015991,3.7860000133514404,692308000
2018-12-07,3.659750461578369,3.6902499198913574,3.971750020980835,3.640500068664551,3.9614999294281006,681676000
2018-12-10,3.765122413635254,3.7964999675750732,3.821500062942505,3.641249895095825,3.6449999809265137,629472000
2018-12-11,3.674130916595459,3.7047500610351562,3.897249937057495,3.625,3.8889999389648438,671912000
2018-12-12,3.691735029220581,3.7225000858306885,3.819499969482422,3.620500087738037,3.7105000019073486,654136000
2018-12-13,3.6914865970611572,3.722249984741211,3.8345000743865967,3.686000108718872,3.7697501182556152,471384000
2018-12-14,3.630990505218506,3.661250114440918,3.7647500038146973,3.637500047683716,3.6802499294281006,471820000
2018-12-17,3.5598342418670654,3.5894999504089355,3.703749895095825,3.5309998989105225,3.63100004196167,662868000
2018-12-18,3.643139600753784,3.6735000610351562,3.7582499980926514,3.606250047683716,3.6337499618530273,564372000
2018-12-19,3.434131145477295,3.46274995803833,3.69350004196167,3.410749912261963,3.6394999027252197,745364000
2018-12-20,3.34958553314209,3.377500057220459,3.5450000762939453,3.3172500133514404,3.4542500972747803,749588000
2018-12-21,3.2124781608581543,3.2392499446868896,3.4375,3.2114999294281006,3.404249906539917,863740000
2018-12-24,3.150742530822754,3.177000045776367,3.249500036239624,3.112499952316284,3.16225004196167,463840000
2018-12-26,3.299999237060547,3.327500104904175,3.3285000324249268,3.1115000247955322,3.2235000133514404,695100000
2018-12-27,3.2521471977233887,3.279249906539917,3.309499979019165,3.129499912261963,3.274749994277954,637044000
2018-12-28,3.3136351108551025,3.341249942779541,3.4347500801086426,3.2577500343322754,3.299999952316284,628728000
2018-12-31,3.3099164962768555,3.3375000953674316,3.4177498817443848,3.30649995803833,3.384999990463257,465140000
2019-01-02,3.377354145050049,3.4054999351501465,3.4619998931884766,3.2512500286102295,3.2660000324249268,508752000
2019-01-03,3.173305034637451,3.1997499465942383,3.378999948501587,3.1922500133514404,3.344749927520752,705552000
2019-01-04,3.37661075592041,3.404750108718872,3.4432499408721924,3.242500066757202,3.2734999656677246,585620000
2019-01-07,3.555370569229126,3.5850000381469727,3.6222500801086426,3.410749912261963,3.4625000953674316,709160000
2019-01-08,3.466858148574829,3.4957499504089355,3.6695001125335693,3.422499895095825,3.667249917984009,786016000
2019-01-09,3.5350406169891357,3.564500093460083,3.6122500896453857,3.496500015258789,3.547499895095825,617260000
2019-01-10,3.6007421016693115,3.6307499408721924,3.6394999027252197,3.4839999675750732,3.5450000762939453,523156000
2019-01-11,3.6899991035461426,3.720750093460083,3.7437500953674316,3.5802500247955322,3.6082499027252197,874764000
2019-01-14,3.7299163341522217,3.760999917984009,3.7864999771118164,3.64424991607666,3.6679999828338623,730168000
2019-01-15,3.7157843112945557,3.7467501163482666,3.833750009536743,3.728250026702881,3.7939999103546143,617012000
2019-01-16,3.69024658203125,3.7209999561309814,3.807499885559082,3.7155001163482666,3.774250030517578,470104000
2019-01-17,3.7616519927978516,3.7929999828338623,3.833250045776367,3.660249948501587,3.6877501010894775,493436000
2019-01-18,3.890824794769287,3.9232499599456787,3.94950008392334,3.791249990463257,3.843250036239624,651336000
2019-01-22,3.6885111331939697,3.719249963760376,3.9045000076293945,3.6887500286102295,3.8927500247955322,661552000
2019-01-23,3.7014036178588867,3.7322499752044678,3.864500045776367,3.7007501125335693,3.7750000953674316,591020000
2019-01-24,3.9133870601654053,3.946000099182129,3.963749885559082,3.8127501010894775,3.817500114440918,708972000
2019-01-25,3.9706597328186035,4.003749847412109,4.021999835968018,3.7825000286102295,3.885999917984009,1154572000
2019-01-28,3.421734571456909,3.4502499103546143,3.5409998893737793,3.2750000953674316,3.413749933242798,2511528000
2019-01-29,3.2628090381622314,3.2899999618530273,3.452500104904175,3.27524995803833,3.403749942779541,1153932000
2019-01-30,3.406362533569336,3.4347500801086426,3.4492499828338623,3.2864999771118164,3.3667500019073486,974228000
2019-01-31,3.5640485286712646,3.59375,3.6297500133514404,3.4094998836517334,3.43149995803833,842852000
2019-02-01,3.5883450508117676,3.6182498931884766,3.6697499752044678,3.564500093460083,3.612499952316284,625048000
2019-02-04,3.698676109313965,3.7295000553131104,3.7669999599456787,3.611999988555908,3.6342499256134033,528592000
2019-02-05,3.7177670001983643,3.7487499713897705,3.785749912261963,3.7074999809265137,3.741499900817871,542424000
2019-02-06,3.7933871746063232,3.825000047683716,3.890000104904175,3.776750087738037,3.782249927520752,702464000
2019-02-07,3.6550397872924805,3.685499906539917,3.7804999351501465,3.6422500610351562,3.778249979019165,637120000
2019-02-08,3.673635482788086,3.7042500972747803,3.7149999141693115,3.603250026702881,3.6177499294281006,461604000
2019-02-11,3.630990505218506,3.661250114440918,3.7144999504089355,3.612499952316284,3.659749984741211,495180000
2019-02-12,3.748015880584717,3.779249906539917,3.7950000762939453,3.685499906539917,3.700000047683716,591060000
2019-02-13,3.7904117107391357,3.822000026702881,3.895750045776367,3.7952499389648438,3.809000015258789,605372000
2019-02-14,3.8313217163085938,3.8632500171661377,3.8917500972747803,3.7774999141693115,3.821000099182129,827264000
2019-02-15,3.9009904861450195,3.933500051498413,4.096749782562256,3.9105000495910645,4.073750019073486,1516748000
2019-02-19,3.8836348056793213,3.9159998893737793,3.9972500801086426,3.9035000801086426,3.9227499961853027,551892000
2019-02-20,3.930990219116211,3.963749885559082,4.031499862670898,3.9342501163482666,3.945499897003174,540988000
2019-02-21,3.8620645999908447,3.89424991607666,4.00124979019165,3.879499912261963,3.9765000343322754,448548000
2019-02-22,3.946857452392578,3.979749917984009,3.9987499713897705,3.9327499866485596,3.946500062942505,401740000
2019-02-25,3.9344615936279297,3.967250108718872,4.131999969482422,3.9584999084472656,4.064000129699707,656020000
2019-02-26,3.895040512084961,3.927500009536743,4.019000053405762,3.893749952316284,3.9625000953674316,488464000
2019-02-27,3.853139638900757,3.8852500915527344,3.9397499561309814,3.8277499675750732,3.9130001068115234,500256000
2019-02-28,3.828568696975708,3.8564999103546143,3.8975000381469727,3.8340001106262207,3.875,324944000
2019-03-01,3.8829219341278076,3.911250114440918,3.953749895095825,3.8480000495910645,3.906749963760376,357188000
2019-03-04,3.8911123275756836,3.9195001125335693,3.9730000495910645,3.862499952316284,3.950000047683716,409992000
2019-03-05,3.8846592903137207,3.9130001068115234,3.9514999389648438,3.8489999771118164,3.903749942779541,362924000
2019-03-06,3.7737183570861816,3.8012499809265137,3.9124999046325684,3.7985000610351562,3.9040000438690186,403524000
2019-03-07,3.7044739723205566,3.7314999103546143,3.78725004196167,3.684999942779541,3.7774999141693115,450104000
2019-03-08,3.7387235164642334,3.7660000324249268,3.776750087738037,3.619999885559082,3.6414999961853027,422416000
2019-03-11,3.9993224143981934,4.028500080108643,4.051499843597412,3.7422499656677246,3.789750099182129,859728000
2019-03-12,4.033572673797607,4.063000202178955,4.109749794006348,3.979749917984009,4.05649995803833,579576000
2019-03-13,4.1849684715271,4.2154998779296875,4.244999885559082,4.093249797821045,4.100749969482422,768900000
2019-03-14,4.109020233154297,4.138999938964844,4.23675012588501,4.131249904632568,4.22475004196167,519384000
2019-03-15,4.214503765106201,4.245250225067139,4.288249969482422,4.178999900817871,4.182499885559082,661484000
2019-03-18,4.193159103393555,4.223750114440918,4.331250190734863,4.196499824523926,4.2769999504089355,486992000
2019-03-19,4.360934257507324,4.392749786376953,4.4375,4.302000045776367,4.318999767303467,854972000
2019-03-20,4.328422546386719,4.360000133514404,4.475749969482422,4.324999809265137,4.421999931335449,719148000
2019-03-21,4.565194606781006,4.598499774932861,4.625,4.3782501220703125,4.3832502365112305,824312000
2019-03-22,4.405360698699951,4.4375,4.619999885559082,4.423500061035156,4.571000099182129,747644000
2019-03-25,4.313035011291504,4.3445000648498535,4.461249828338623,4.277750015258789,4.396500110626221,525212000
2019-03-26,4.3897247314453125,4.421750068664551,4.543749809265137,4.364999771118164,4.487249851226807,703508000
2019-03-27,4.38054084777832,4.412499904632568,4.4942498207092285,4.34250020980835,4.447500228881836,474372000
2019-03-28,4.39915657043457,4.431250095367432,4.497499942779541,4.377749919891357,4.43874979019165,480264000
2019-03-29,4.456486701965332,4.488999843597412,4.513500213623047,4.447750091552734,4.498499870300293,456896000
2019-04-01,4.5239949226379395,4.557000160217285,4.587500095367432,4.509250164031982,4.581500053405762,483824000
2019-04-02,4.541865348815918,4.574999809265137,4.619750022888184,4.538000106811523,4.581250190734863,440920000
2019-04-03,4.681346893310547,4.7154998779296875,4.775000095367432,4.619999885559082,4.625,783504000
2019-04-04,4.672411918640137,4.706500053405762,4.7492499351501465,4.643249988555908,4.699999809265137,457376000
2019-04-05,4.739175796508789,4.773749828338623,4.791250228881836,4.713250160217285,4.75,481744000
2019-04-08,4.760022163391113,4.794750213623047,4.820000171661377,4.71875,4.743000030517578,424192000
2019-04-09,4.697231769561768,4.731500148773193,4.772250175476074,4.689000129699707,4.761000156402588,439972000
2019-04-10,4.767717361450195,4.802499771118164,4.828499794006348,4.726250171661377,4.73075008392334,444772000
2019-04-11,4.753817558288574,4.78849983215332,4.836750030517578,4.738749980926514,4.804999828338623,374600000
2019-04-12,4.715845584869385,4.750249862670898,4.831500053405762,4.741499900817871,4.827499866485596,471708000
2019-04-15,4.584056854248047,4.617499828338623,4.747499942779541,4.577499866485596,4.742499828338623,440092000
2019-04-16,4.671171188354492,4.705249786376953,4.724249839782715,4.624000072479248,4.6570000648498535,394964000
2019-04-17,4.648337364196777,4.682250022888184,4.761499881744385,4.659749984741211,4.740499973297119,351004000
2019-04-18,4.6237664222717285,4.65749979019165,4.723249912261963,4.629499912261963,4.689000129699707,380988000
2019-04-22,4.677623748779297,4.711750030517578,4.727499961853027,4.6020002365112305,4.633749961853027,279936000
2019-04-23,4.73222541809082,4.766749858856201,4.798250198364258,4.715250015258789,4.724999904632568,346856000
2019-04-24,4.744635105133057,4.779250144958496,4.820250034332275,4.716000080108643,4.777249813079834,318204000
2019-04-25,4.638906955718994,4.672749996185303,4.761250019073486,4.59250020980835,4.738749980926514,499296000
2019-04-26,4.420004844665527,4.452250003814697,4.522250175476074,4.332499980926514,4.517749786376953,868988000
2019-04-29,4.450778484344482,4.483250141143799,4.511250019073486,4.387499809265137,4.460249900817871,391920000
2019-04-30,4.492226600646973,4.525000095367432,4.550749778747559,4.43149995803833,4.45074987411499,362920000
2019-05-01,4.479073524475098,4.511750221252441,4.620250225067139,4.511499881744385,4.577750205993652,354280000
2019-05-02,4.546581745147705,4.579750061035156,4.6217498779296875,4.478000164031982,4.521500110626221,394684000
2019-05-03,4.542113304138184,4.575250148773193,4.598249912261963,4.51324987411499,4.588250160217285,336824000
2019-05-06,4.463685512542725,4.496250152587891,4.508500099182129,4.349999904632568,4.387499809265137,422176000
2019-05-07,4.29640531539917,4.327750205993652,4.447500228881836,4.279250144958496,4.447500228881836,555220000
2019-05-08,4.316507816314697,4.3480000495910645,4.428750038146973,4.288000106811523,4.300000190734863,419168000
2019-05-09,4.223934650421143,4.254749774932861,4.288249969482422,4.135000228881836,4.278500080108643,660248000
2019-05-10,4.189931869506836,4.2204999923706055,4.289750099182129,4.099999904632568,4.223750114440918,569500000
2019-05-13,3.9325597286224365,3.961250066757202,4.110750198364258,3.9452500343322754,4.087500095367432,656912000
2019-05-14,4.021658897399902,4.051000118255615,4.08650016784668,3.962249994277954,4.00124979019165,524880000
2019-05-15,3.9606051445007324,3.989500045776367,4.026249885559082,3.9352500438690186,3.994999885559082,502320000
2019-05-16,3.975743293762207,4.004749774932861,4.047749996185303,3.9412500858306885,3.9839999675750732,781088000
2019-05-17,3.8849077224731445,3.913249969482422,4.092750072479248,3.873500108718872,3.9625000953674316,1022068000
2019-05-20,3.7662723064422607,3.793750047683716,3.8692500591278076,3.768749952316284,3.8137500286102295,572064000
2019-05-21,3.8484230041503906,3.876499891281128,3.8924999237060547,3.815999984741211,3.8550000190734863,361848000
2019-05-22,3.7774415016174316,3.805000066757202,3.8637499809265137,3.7939999103546143,3.8375000953674316,325868000
2019-05-23,3.656325340270996,3.683000087738037,3.7422499656677246,3.6227500438690186,3.7422499656677246,591844000
2019-05-24,3.6024680137634277,3.6287500858306885,3.737499952316284,3.621999979019165,3.7019999027252197,357584000
2019-05-28,3.557297945022583,3.583250045776367,3.679500102996826,3.581249952316284,3.6465001106262207,428356000
2019-05-29,3.483088970184326,3.508500099182129,3.570499897003174,3.4735000133514404,3.535249948501587,559800000
2019-05-30,3.456502914428711,3.477750062942505,3.543750047683716,3.4392499923706055,3.5077500343322754,394300000
2019-05-31,3.365809679031372,3.3864998817443848,3.4962499141693115,3.3847498893737793,3.428499937057495,389720000
2019-06-03,3.324066638946533,3.3445000648498535,3.4367499351501465,3.315000057220459,3.397749900817871,478644000
2019-06-04,3.553158760070801,3.575000047683716,3.5802500247955322,3.3867499828338623,3.4089999198913574,641836000
2019-06-05,3.51042103767395,3.5320000648498535,3.654750108718872,3.495500087738037,3.649250030517578,511616000
2019-06-06,3.5725390911102295,3.5945000648498535,3.6192500591278076,3.533750057220459,3.536250114440918,408140000
2019-06-07,3.615277051925659,3.637500047683716,3.671999931335449,3.581249952316284,3.6005001068115234,348856000
2019-06-10,3.6880791187286377,3.710750102996826,3.779750108718872,3.694000005722046,3.694000005722046,402780000
2019-06-11,3.745725154876709,3.768749952316284,3.809000015258789,3.7290000915527344,3.7709999084472656,383872000
2019-06-12,3.6326701641082764,3.6549999713897705,3.731250047683716,3.6397500038146973,3.7249999046325684,358892000
2019-06-13,3.6838550567626953,3.7065000534057617,3.7249999046325684,3.6594998836517334,3.6772499084472656,308080000
2019-06-14,3.5939078330993652,3.615999937057495,3.6372499465942383,3.571000099182129,3.6127500534057617,394428000
2019-06-17,3.6035985946655273,3.6257500648498535,3.6630001068115234,3.591249942779541,3.6142499446868896,276040000
2019-06-18,3.798649787902832,3.822000026702881,3.8777499198913574,3.676500082015991,3.6875,581920000
2019-06-19,3.804612636566162,3.828000068664551,3.86899995803833,3.8017499446868896,3.8575000762939453,331644000
2019-06-20,3.828962564468384,3.8524999618530273,3.9332499504089355,3.8380000591278076,3.919250011444092,350168000
2019-06-21,3.7708206176757812,3.7939999103546143,3.88700008392334,3.7874999046325684,3.8375000953674316,434428000
2019-06-24,3.793182849884033,3.816499948501587,3.846250057220459,3.7679998874664307,3.815500020980835,282948000
2019-06-25,3.7638626098632812,3.7869999408721924,3.8970000743865967,3.784250020980835,3.821500062942505,311868000
2019-06-26,3.957174777984619,3.9814999103546143,4.043000221252441,3.902250051498413,3.915250062942505,584072000
2019-06-27,4.055819034576416,4.080749988555908,4.099999904632568,4.031499862670898,4.067749977111816,445440000
2019-06-28,4.080665588378906,4.10575008392334,4.134250164031982,4.058750152587891,4.125,397668000
2019-07-01,4.12886905670166,4.154250144958496,4.348750114440918,4.116499900817871,4.3142499923706055,709756000
2019-07-02,4.030971050262451,4.055749893188477,4.158750057220459,4.042500019073486,4.137499809265137,400228000
2019-07-03,4.043890476226807,4.068749904632568,4.085000038146973,4.008500099182129,4.079249858856201,246636000
2019-07-05,3.9812774658203125,4.0057501792907715,4.014500141143799,3.941999912261963,4.010000228881836,396552000
2019-07-08,3.9062376022338867,3.9302499294281006,3.964750051498413,3.9000000953674316,3.9457499980926514,329788000
2019-07-09,3.9087226390838623,3.9327499866485596,3.9609999656677246,3.875,3.8877499103546143,342860000
2019-07-10,3.9770519733428955,4.001500129699707,4.0592498779296875,3.9625000953674316,3.9765000343322754,452076000
2019-07-11,4.131601810455322,4.1570000648498535,4.197999954223633,4.037499904632568,4.074999809265137,682560000
2019-07-12,4.164649486541748,4.190249919891357,4.261750221252441,4.184999942779541,4.184999942779541,506392000
2019-07-15,4.156201362609863,4.1817498207092285,4.227749824523926,4.153250217437744,4.21150016784668,289840000
2019-07-16,4.151480674743652,4.177000045776367,4.204249858856201,4.120999813079834,4.166749954223633,341444000
2019-07-17,4.216829299926758,4.24275016784668,4.249750137329102,4.149250030517578,4.178750038146973,348204000
2019-07-18,4.2285075187683105,4.254499912261963,4.317749977111816,4.196249961853027,4.2532501220703125,442192000
2019-07-19,4.185273170471191,4.210999965667725,4.299499988555908,4.204999923706055,4.293000221252441,344896000
2019-07-22,4.256833076477051,4.2829999923706055,4.296000003814697,4.224999904632568,4.232500076293945,315940000
2019-07-23,4.364668846130371,4.391499996185303,4.393499851226807,4.3067498207092285,4.322500228881836,428176000
2019-07-24,4.439211845397949,4.4664998054504395,4.472249984741211,4.358500003814697,4.434999942779541,366236000
2019-07-25,4.308018207550049,4.334499835968018,4.4375,4.310999870300293,4.424749851226807,392700000
2019-07-26,4.350010395050049,4.3767499923706055,4.423749923706055,4.36175012588501,4.36175012588501,274160000
2019-07-29,4.34379768371582,4.370500087738037,4.386750221252441,4.281750202178955,4.369500160217285,248160000
2019-07-30,4.359452724456787,4.386250019073486,4.398499965667725,4.3092498779296875,4.323750019073486,197772000
2019-07-31,4.192229747772217,4.2179999351501465,4.355500221252441,4.17549991607666,4.354499816894531,359416000
2019-08-01,4.097810745239258,4.123000144958496,4.319499969482422,4.070499897003174,4.228499889373779,421212000
2019-08-02,4.005129814147949,4.029749870300293,4.0995001792907715,3.9820001125335693,4.029749870300293,428348000
2019-08-05,3.746718406677246,3.7697501182556152,3.846250057220459,3.7225000858306885,3.8450000286102295,589156000
2019-08-06,3.785480499267578,3.8087499141693115,3.890749931335449,3.7607500553131104,3.8450000286102295,361272000
2019-08-07,3.8237454891204834,3.847249984741211,3.859250068664551,3.7300000190734863,3.747499942779541,372560000
2019-08-08,3.93232798576355,3.9565000534057617,3.957750082015991,3.8475000858306885,3.905250072479248,309300000
2019-08-09,3.8309504985809326,3.8545000553131104,3.918750047683716,3.8037500381469727,3.915250062942505,341816000
2019-08-12,3.763118028640747,3.786250114440918,3.8545000553131104,3.7642500400543213,3.802000045776367,279200000
2019-08-13,3.877415418624878,3.901249885559082,3.947499990463257,3.745500087738037,3.784749984741211,351956000
2019-08-14,3.7288284301757812,3.7517499923706055,3.8237500190734863,3.707750082015991,3.8125,419880000
2019-08-15,3.6965279579162598,3.719249963760376,3.790750026702881,3.6847500801086426,3.770750045776367,477200000
2019-08-16,3.9646294116973877,3.989000082015991,4.03849983215332,3.921999931335449,3.983750104904175,1007960000
2019-08-19,4.243414878845215,4.269499778747559,4.2855000495910645,4.086750030517578,4.103000164031982,815112000
2019-08-20,4.171110153198242,4.196750164031982,4.264500141143799,4.17549991607666,4.263999938964844,463188000
2019-08-21,4.254595756530762,4.280749797821045,4.336249828338623,4.241499900817871,4.26324987411499,427244000
2019-08-22,4.260807991027832,4.2870001792907715,4.333250045776367,4.247499942779541,4.290500164031982,303488000
2019-08-23,4.03618860244751,4.060999870300293,4.264750003814697,4.040999889373779,4.210000038146973,568056000
2019-08-26,4.110979080200195,4.136250019073486,4.1645002365112305,4.097750186920166,4.140250205993652,318208000
2019-08-27,4.020286560058594,4.045000076293945,4.177499771118164,4.015500068664551,4.174749851226807,290968000
2019-08-28,4.009841442108154,4.0304999351501465,4.083499908447266,3.9749999046325684,4.014500141143799,255612000
2019-08-29,4.153600215911865,4.175000190734863,4.207499980926514,4.11899995803833,4.122499942779541,357976000
2019-08-30,4.166285037994385,4.187749862670898,4.271500110626221,4.16949987411499,4.221499919891357,290616000
2019-09-03,4.0832133293151855,4.104249954223633,4.147749900817871,4.081250190734863,4.114500045776367,296140000
2019-09-04,4.197375297546387,4.218999862670898,4.226500034332275,4.165249824523926,4.165249824523926,227728000
2019-09-05,4.470467567443848,4.493500232696533,4.499750137329102,4.320000171661377,4.321750164031982,695676000
2019-09-06,4.443356513977051,4.466249942779541,4.527249813079834,4.427999973297119,4.46999979019165,376976000
2019-09-09,4.4893693923950195,4.512499809265137,4.5995001792907715,4.495999813079834,4.497499942779541,417524000
2019-09-10,4.556026935577393,4.579500198364258,4.606249809265137,4.469749927520752,4.479499816894531,352812000
2019-09-11,4.584630012512207,4.608250141143799,4.656750202178955,4.565000057220459,4.594250202178955,361512000
2019-09-12,4.583136558532715,4.606750011444092,4.710000038146973,4.598750114440918,4.65500020980835,327840000
2019-09-13,4.525184631347656,4.548500061035156,4.577000141143799,4.504499912261963,4.539750099182129,324592000
2019-09-16,4.482156753540039,4.505249977111816,4.539999961853027,4.462500095367432,4.4730000495910645,231832000
2019-09-17,4.503547191619873,4.526750087738037,4.531000137329102,4.465250015258789,4.51200008392334,223048000
2019-09-18,4.476436138153076,4.499499797821045,4.5355000495910645,4.412499904632568,4.519750118255615,258152000
2019-09-19,4.4008259773254395,4.423500061035156,4.52400016784668,4.412749767303467,4.505499839782715,245476000
2019-09-20,4.295121192932129,4.317249774932861,4.446249961853027,4.307000160217285,4.422500133514404,350244000
2019-09-23,4.34859561920166,4.370999813079834,4.416749954223633,4.31374979019165,4.317500114440918,249712000
2019-09-24,4.291141510009766,4.3132500648498535,4.432250022888184,4.277500152587891,4.402500152587891,317268000
2019-09-25,4.432910442352295,4.455749988555908,4.475500106811523,4.267749786376953,4.312749862670898,308432000
2019-09-26,4.410775661468506,4.433499813079834,4.454750061035156,4.38224983215332,4.446000099182129,234564000
2019-09-27,4.271989345550537,4.294000148773193,4.442500114440918,4.232999801635742,4.391499996185303,362056000
2019-09-30,4.32944393157959,4.351749897003174,4.361999988555908,4.28849983215332,4.320000171661377,186184000
2019-10-01,4.327703952789307,4.349999904632568,4.525000095367432,4.345250129699707,4.375,366008000
2019-10-02,4.303825378417969,4.326000213623047,4.340000152587891,4.2532501220703125,4.328000068664551,293372000
2019-10-03,4.509516716003418,4.532750129699707,4.539000034332275,4.300000190734863,4.33050012588501,450588000
2019-10-04,4.525931358337402,4.54925012588501,4.578750133514404,4.4695000648498535,4.534999847412109,265524000
2019-10-07,4.584630012512207,4.608250141143799,4.708499908447266,4.60575008392334,4.614500045776367,480984000
2019-10-08,4.408039093017578,4.430749893188477,4.515999794006348,4.412499904632568,4.515999794006348,444436000
2019-10-09,4.494592666625977,4.517749786376953,4.567500114440918,4.479000091552734,4.507999897003174,292412000
2019-10-10,4.552295684814453,4.57574987411499,4.626999855041504,4.510250091552734,4.515500068664551,309124000
2019-10-11,4.625916481018066,4.649750232696533,4.733500003814697,4.641250133514404,4.660250186920166,446404000
2019-10-14,4.639347076416016,4.663249969482422,4.6842498779296875,4.609749794006348,4.640999794006348,200040000
2019-10-15,4.884085655212402,4.909249782562256,4.982250213623047,4.739999771118164,4.754000186920166,664124000
2019-10-16,4.830362319946289,4.855249881744385,4.980500221252441,4.84375,4.875,428944000
2019-10-17,4.832353115081787,4.857250213623047,4.945250034332275,4.802499771118164,4.900000095367432,263436000
2019-10-18,4.737840175628662,4.762249946594238,4.890500068664551,4.6875,4.857749938964844,307440000
2019-10-21,4.875133514404297,4.90024995803833,4.913750171661377,4.804999828338623,4.823999881744385,261868000
2019-10-22,4.865184783935547,4.890250205993652,5.0632500648498535,4.882500171661377,4.957499980926514,328720000
2019-10-23,4.852250576019287,4.8772501945495605,4.891499996185303,4.775750160217285,4.807750225067139,279916000
2019-10-24,4.896273612976074,4.921500205993652,4.955249786376953,4.884500026702881,4.918749809265137,232020000
2019-10-25,5.087290287017822,5.113500118255615,5.134500026702881,4.994750022888184,5.002500057220459,423092000
2019-10-28,5.143251419067383,5.169750213623047,5.222499847412109,5.127999782562256,5.15749979019165,330792000
2019-10-29,5.046998023986816,5.072999954223633,5.16225004196167,5.053500175476074,5.155749797821045,211236000
2019-10-30,5.048986434936523,5.074999809265137,5.10575008392334,5.006499767303467,5.099999904632568,205960000
2019-10-31,4.999740123748779,5.0254998207092285,5.074999809265137,4.945250034332275,5.053999900817871,209732000
2019-11-01,5.038791179656982,5.0647501945495605,5.097249984741211,4.964749813079834,4.989999771118164,283640000
2019-11-04,5.235525131225586,5.262499809265137,5.275000095367432,5.123000144958496,5.146249771118164,376716000
2019-11-05,5.213389873504639,5.240250110626221,5.28849983215332,5.191999912261963,5.262249946594238,300868000
2019-11-06,5.1641435623168945,5.1907501220703125,5.2417497634887695,5.102749824523926,5.216000080108643,269012000
2019-11-07,5.181801795959473,5.208499908447266,5.292500019073486,5.16349983215332,5.277750015258789,280340000
2019-11-08,5.167874336242676,5.194499969482422,5.226250171661377,5.153749942779541,5.191500186920166,189100000
2019-11-11,5.177824020385742,5.204500198364258,5.227749824523926,5.10699987411499,5.193749904632568,243436000
2019-11-12,5.213389873504639,5.240250110626221,5.296500205993652,5.207749843597412,5.243000030517578,283504000
2019-11-13,5.18752384185791,5.214250087738037,5.236499786376953,5.147500038146973,5.208749771118164,300188000
2019-11-14,5.217866897583008,5.244750022888184,5.247000217437744,5.163000106811523,5.223249912261963,518080000
2019-11-15,5.078585624694824,5.104750156402588,5.29449987411499,5.015999794006348,5.242499828338623,1053628000
2019-11-18,5.279797554016113,5.307000160217285,5.333749771118164,5.094250202178955,5.097249984741211,574588000
2019-11-19,5.173097133636475,5.199749946594238,5.299499988555908,5.141250133514404,5.275750160217285,414564000
2019-11-20,5.252439498901367,5.2795000076293945,5.363749980926514,5.164000034332275,5.176750183105469,472588000
2019-11-21,5.227566719055176,5.254499912261963,5.330999851226807,5.232749938964844,5.275000095367432,288388000
2019-11-22,5.24522590637207,5.272250175476074,5.323999881744385,5.248499870300293,5.277249813079834,224100000
2019-11-25,5.501903533935547,5.530250072479248,5.535250186920166,5.388000011444092,5.401000022888184,506476000
2019-11-26,5.397193431854248,5.425000190734863,5.517250061035156,5.418499946594238,5.512499809265137,385244000
2019-11-27,5.432040691375732,5.455999851226807,5.50124979019165,5.429500102996826,5.466750144958496,215784000
2019-11-29,5.394703388214111,5.418499946594238,5.453499794006348,5.394499778747559,5.425000190734863,141556000
2019-12-02,5.2082743644714355,5.231249809265137,5.425000190734863,5.216000080108643,5.411499977111816,372036000
2019-12-03,5.168701171875,5.191500186920166,5.195499897003174,5.009250164031982,5.046750068664551,465232000
2019-12-04,5.212507247924805,5.235499858856201,5.297999858856201,5.20674991607666,5.2754998207092285,273424000
2019-12-05,5.195582389831543,5.218500137329102,5.273250102996826,5.187749862670898,5.257500171661377,184884000
2019-12-06,5.280956268310547,5.3042497634887695,5.337250232696533,5.2779998779296875,5.288000106811523,232236000
2019-12-09,5.280956268310547,5.3042497634887695,5.359250068664551,5.272500038146973,5.28125,211880000
2019-12-10,5.32600736618042,5.3495001792907715,5.401500225067139,5.281499862670898,5.334499835968018,256388000
2019-12-11,5.409638404846191,5.433499813079834,5.439000129699707,5.357500076293945,5.360000133514404,233796000
2019-12-12,5.577149391174316,5.601749897003174,5.619999885559082,5.395500183105469,5.4045000076293945,404348000
2019-12-13,5.575157642364502,5.59975004196167,5.7245001792907715,5.545499801635742,5.604750156402588,454704000
2019-12-16,5.604031085968018,5.628749847412109,5.701499938964844,5.6192498207092285,5.647500038146973,320976000
2019-12-17,5.682185649871826,5.707250118255615,5.730000019073486,5.638000011444092,5.647500038146973,321196000
2019-12-18,5.712551593780518,5.737750053405762,5.798500061035156,5.733749866485596,5.742249965667725,343548000
2019-12-19,5.860648155212402,5.886499881744385,5.900000095367432,5.767499923706055,5.772500038146973,445360000
2019-12-20,5.957969665527344,5.984250068664551,6.009749889373779,5.934000015258789,5.953249931335449,603044000
2019-12-23,5.94428014755249,5.9704999923706055,6.045249938964844,5.959750175476074,6.013000011444092,355060000
2019-12-24,5.939301013946533,5.9654998779296875,5.982749938964844,5.920499801635742,5.954999923706055,138864000
2019-12-26,5.953488826751709,5.979750156402588,6.007999897003174,5.949999809265137,5.968999862670898,182852000
2019-12-27,5.8957438468933105,5.921750068664551,6.008500099182129,5.895249843597412,5.994999885559082,254644000
2019-12-30,5.782492637634277,5.808000087738037,5.90500020980835,5.776500225067139,5.899750232696533,258056000
2019-12-31,5.85666561126709,5.882500171661377,5.892000198364258,5.7532501220703125,5.772500038146973,231004000
2020-01-02,5.971409320831299,5.9977498054504395,5.9977498054504395,5.918000221252441,5.96875,237536000
2020-01-03,5.875833034515381,5.901750087738037,5.9457502365112305,5.852499961853027,5.877500057220459,205384000
2020-01-06,5.900473594665527,5.926499843597412,5.9317498207092285,5.781750202178955,5.808000087738037,262636000
2020-01-07,5.971907138824463,5.9982500076293945,6.044250011444092,5.909749984741211,5.954999923706055,314856000
2020-01-08,5.983108997344971,6.009500026702881,6.051000118255615,5.953750133514404,5.99399995803833,277108000
2020-01-09,6.0488176345825195,6.075500011444092,6.148250102996826,6.021500110626221,6.096250057220459,255112000
2020-01-10,6.081175804138184,6.107999801635742,6.213749885559082,6.09375,6.1832499504089355,316296000
2020-01-13,6.2718353271484375,6.299499988555908,6.324749946594238,6.168749809265137,6.191500186920166,319840000
2020-01-14,6.15485143661499,6.182000160217285,6.2820000648498535,6.168749809265137,6.256499767303467,359088000
2020-01-15,6.112288951873779,6.139249801635742,6.217249870300293,6.113249778747559,6.19474983215332,263104000
2020-01-16,6.195919036865234,6.223249912261963,6.229249954223633,6.16949987411499,6.192999839782715,284192000
2020-01-17,6.204632759094238,6.23199987411499,6.25,6.1842498779296875,6.242499828338623,253792000
2020-01-21,6.171278953552246,6.198500156402588,6.232250213623047,6.164249897003174,6.195250034332275,217916000
2020-01-22,6.225289821624756,6.252749919891357,6.339749813079834,6.224999904632568,6.24399995803833,239240000
2020-01-23,6.29373836517334,6.321499824523926,6.329999923706055,6.203750133514404,6.293000221252441,244516000
2020-01-24,6.234498023986816,6.26200008392334,6.487500190734863,6.207499980926514,6.4375,373512000
2020-01-27,5.978628635406494,6.005000114440918,6.056250095367432,5.805749893188477,5.955999851226807,470536000
2020-01-28,6.172024726867676,6.199250221252441,6.231750011444092,6.017749786376953,6.071249961853027,310976000
2020-01-29,6.111542701721191,6.138500213623047,6.2210001945495605,6.098499774932861,6.184750080108643,258848000
2020-01-30,6.118261814117432,6.145249843597412,6.158750057220459,5.985000133514404,6.040249824523926,290504000
2020-01-31,5.884791374206543,5.910749912261963,6.111249923706055,5.868750095367432,6.099249839782715,370420000
2020-02-03,5.981863975524902,6.0082502365112305,6.027750015258789,5.886250019073486,5.892499923706055,255564000
2020-02-04,6.151116371154785,6.178249835968018,6.197500228881836,6.100500106811523,6.150750160217285,271544000
2020-02-05,6.241469383239746,6.269000053405762,6.309999942779541,6.1852498054504395,6.299749851226807,208220000
2020-02-06,6.328335285186768,6.356249809265137,6.356249809265137,6.2220001220703125,6.303500175476074,218284000
2020-02-07,6.262127876281738,6.289750099182129,6.338250160217285,6.264249801635742,6.315999984741211,189752000
2020-02-10,6.545379161834717,6.574250221252441,6.574999809265137,6.307499885559082,6.3125,529608000
2020-02-11,6.667838096618652,6.697249889373779,6.8125,6.6207499504089355,6.683000087738037,638556000
2020-02-12,6.7835774421691895,6.813499927520752,6.820000171661377,6.711249828338623,6.750249862670898,374644000
2020-02-13,6.739770889282227,6.769499778747559,6.836999893188477,6.727749824523926,6.755249977111816,528016000
2020-02-14,7.212934494018555,7.244750022888184,7.3742499351501465,7.150000095367432,7.18149995803833,1041924000
2020-02-18,7.381689071655273,7.414249897003174,7.432750225067139,7.121500015258789,7.140999794006348,620164000
2020-02-19,7.832947731018066,7.867499828338623,7.885250091552734,7.53725004196167,7.53725004196167,694332000
2020-02-20,7.683609485626221,7.71750020980835,7.9079999923706055,7.408750057220459,7.819250106811523,810052000
2020-02-21,7.319463729858398,7.351749897003174,7.630000114440918,7.266499996185303,7.604750156402588,768180000
2020-02-24,6.801995754241943,6.831999778747559,7.046750068664551,6.699999809265137,6.754749774932861,856916000
2020-02-25,6.522479057312012,6.551249980926514,6.969749927520752,6.448999881744385,6.90749979019165,1055496000
2020-02-26,6.661865711212158,6.691249847412109,6.886250019073486,6.550000190734863,6.551499843597412,747732000
2020-02-27,6.29102897644043,6.315000057220459,6.675000190734863,6.222249984741211,6.372499942779541,906416000
2020-02-28,6.726119518280029,6.7517499923706055,6.811500072479248,6.044750213623047,6.061500072479248,1133252000
2020-03-02,6.884514331817627,6.910749912261963,6.9397501945495605,6.525000095367432,6.922500133514404,890744000
2020-03-03,6.622014999389648,6.647250175476074,7.026750087738037,6.561500072479248,6.966750144958496,652792000
2020-03-04,7.085750102996826,7.112750053405762,7.122250080108643,6.679999828338623,6.755000114440918,597408000
2020-03-05,6.8063130378723145,6.832250118255615,7.079999923706055,6.787499904632568,6.912499904632568,540328000
2020-03-06,6.6257524490356445,6.651000022888184,6.709750175476074,6.449999809265137,6.6519999504089355,515412000
2020-03-09,6.112707614898682,6.136000156402588,6.485000133514404,5.954500198364258,5.997499942779541,614160000
2020-03-10,6.502223014831543,6.5269999504089355,6.5269999504089355,6.149750232696533,6.41349983215332,580648000
2020-03-11,6.138359069824219,6.161749839782715,6.414999961853027,6.0642499923706055,6.386499881744385,499964000
2020-03-12,5.387221336364746,5.407750129699707,5.9029998779296875,5.394999980926514,5.636499881744385,816540000
2020-03-13,5.998144149780273,6.020999908447266,6.0254998207092285,5.490250110626221,5.762499809265137,634836000
2020-03-16,4.891361713409424,4.909999847412109,5.652500152587891,4.849999904632568,5.3102498054504395,726972000
2020-03-17,5.411128997802734,5.4317498207092285,5.521500110626221,4.775000095367432,5.022749900817871,833632000
2020-03-18,5.051252365112305,5.070499897003174,5.248499870300293,4.517000198364258,5.002500057220459,874268000
2020-03-19,5.3040385246276855,5.324250221252441,5.41825008392334,4.834750175476074,5.048999786376953,765512000
2020-03-20,5.1242241859436035,5.143750190734863,5.757999897003174,5.1282501220703125,5.474999904632568,804636000
2020-03-23,5.297065258026123,5.317249774932861,5.4120001792907715,4.9629998207092285,5.142749786376953,643876000
2020-03-24,6.205852031707764,6.229499816894531,6.316500186920166,5.701250076293945,5.724999904632568,1101644000
2020-03-25,6.117189884185791,6.140500068664551,6.545499801635742,6.0914998054504395,6.34499979019165,793432000
2020-03-26,6.406587600708008,6.431000232696533,6.555500030517578,6.25,6.348499774932861,696108000
2020-03-27,6.29426383972168,6.3182501792907715,6.578000068664551,6.2170000076293945,6.25,638828000
2020-03-30,6.61454439163208,6.639750003814697,6.64900016784668,6.339749813079834,6.383999824523926,602252000
2020-03-31,6.564984321594238,6.590000152587891,6.885000228881836,6.443749904632568,6.679999828338623,949960000
2020-04-01,6.053681373596191,6.076749801635742,6.538249969482422,6.0320000648498535,6.391250133514404,656912000
2020-04-02,6.362504482269287,6.386750221252441,6.400000095367432,6.057750225067139,6.105999946594238,675764000
2020-04-03,6.074603080749512,6.097750186920166,6.390749931335449,5.959750175476074,6.348999977111816,663212000
2020-04-06,6.684528350830078,6.710000038146973,6.747000217437744,6.323249816894531,6.38100004196167,727884000
2020-04-07,6.451167106628418,6.475749969482422,6.956250190734863,6.432499885559082,6.932499885559082,784520000
2020-04-08,6.648415565490723,6.673749923706055,6.698750019073486,6.514999866485596,6.585249900817871,542444000
2020-04-09,6.548794746398926,6.573750019073486,6.822999954223633,6.510499954223633,6.800000190734863,525564000
2020-04-13,6.720640182495117,6.746250152587891,6.755000114440918,6.425000190734863,6.513750076293945,398408000
2020-04-14,7.07180118560791,7.098750114440918,7.132999897003174,6.847249984741211,6.875,530948000
2020-04-15,6.99434757232666,7.020999908447266,7.104249954223633,6.884500026702881,6.929999828338623,366148000
2020-04-16,7.339531421661377,7.367499828338623,7.474999904632568,7.163750171661377,7.177000045776367,745620000
2020-04-17,7.280257701873779,7.308000087738037,7.471499919891357,7.173500061035156,7.449999809265137,539120000
2020-04-20,7.149007797241211,7.176249980926514,7.337500095367432,7.131750106811523,7.181000232696533,449388000
2020-04-21,6.712172508239746,6.737750053405762,7.1192498207092285,6.677750110626221,7.057750225067139,735160000
2020-04-22,7.126593112945557,7.153749942779541,7.196750164031982,6.885000228881836,6.930749893188477,483356000
2020-04-23,7.073296546936035,7.100249767303467,7.328499794006348,7.074999809265137,7.196000099182129,424160000
2020-04-24,7.212268352508545,7.239749908447266,7.2417497634887695,7.014999866485596,7.090000152587891,352328000
2020-04-27,7.398806571960449,7.427000045776367,7.587500095367432,7.349999904632568,7.374750137329102,479388000
2020-04-28,7.25634765625,7.283999919891357,7.605000019073486,7.278500080108643,7.574999809265137,442904000
2020-04-29,7.433175563812256,7.46150016784668,7.514500141143799,7.34375,7.419250011444092,379160000
2020-04-30,7.279261112213135,7.307000160217285,7.46150016784668,7.293000221252441,7.407249927520752,375916000
2020-05-01,7.042664051055908,7.069499969482422,7.222499847412109,7.020999908447266,7.108749866485596,342096000
2020-05-04,7.254605770111084,7.282249927520752,7.296000003814697,7.021999835968018,7.021999835968018,317556000
2020-05-05,7.315623760223389,7.343500137329102,7.506750106811523,7.282249927520752,7.386750221252441,368896000
2020-05-06,7.416488170623779,7.44474983215332,7.550000190734863,7.385250091552734,7.423250198364258,323464000
2020-05-07,7.592816352844238,7.6217498779296875,7.6852498054504395,7.5329999923706055,7.584499835968018,373732000
2020-05-08,7.78284215927124,7.8125,7.818749904632568,7.659749984741211,7.693749904632568,339216000
2020-05-11,8.034884452819824,8.065500259399414,8.112500190734863,7.778749942779541,7.807499885559082,469060000
2020-05-12,7.772880554199219,7.802499771118164,8.172499656677246,7.792749881744385,8.123499870300293,493060000
2020-05-13,7.750466823577881,7.78000020980835,8.078499794006348,7.594749927520752,7.917500019073486,625852000
2020-05-14,8.000016212463379,8.030500411987305,8.03600025177002,7.6875,7.841750144958496,602312000
2020-05-15,8.45851993560791,8.490750312805176,8.500499725341797,7.874000072479248,7.889750003814697,987660000
2020-05-18,8.717034339904785,8.750249862670898,8.916500091552734,8.680500030517578,8.760499954223633,774460000
2020-05-19,8.772072792053223,8.805500030517578,9.087499618530273,8.762749671936035,8.790249824523926,717320000
2020-05-20,8.93595027923584,8.970000267028809,9.043000221252441,8.888750076293945,8.991000175476074,587536000
2020-05-21,8.74194049835205,8.775250434875488,9.052499771118164,8.737500190734863,9.05150032043457,761068000
2020-05-22,8.991985321044922,9.026249885559082,9.093000411987305,8.713250160217285,8.825249671936035,1038764000
2020-05-26,8.684654235839844,8.71774959564209,9.181750297546387,8.67199993133545,9.156749725341797,770780000
2020-05-27,8.492889404296875,8.525250434875488,8.632749557495117,7.9967498779296875,8.625,1175892000
2020-05-28,8.454781532287598,8.487000465393066,8.760499954223633,8.379249572753906,8.412249565124512,734896000
2020-05-29,8.84180736541748,8.875499725341797,8.875499725341797,8.484999656677246,8.554499626159668,745256000
2020-06-01,8.772818565368652,8.806249618530273,8.840749740600586,8.689499855041504,8.833250045776367,389876000
2020-06-02,8.791749000549316,8.825249671936035,8.837249755859375,8.657999992370605,8.796250343322754,391320000
2020-06-03,8.736211776733398,8.769499778747559,8.866250038146973,8.699999809265137,8.822250366210938,365440000
2020-06-04,8.737208366394043,8.766500473022461,8.943249702453613,8.677499771118164,8.727999687194824,424280000
2020-06-05,8.890193939208984,8.920000076293945,8.996999740600586,8.708000183105469,8.794500350952148,481748000
2020-06-08,8.775578498840332,8.805000305175781,8.889749526977539,8.685750007629395,8.877249717712402,387736000
2020-06-09,9.01577091217041,9.045999526977539,9.109749794006348,8.751250267028809,8.800000190734863,468488000
2020-06-10,9.335451126098633,9.36674976348877,9.5,9.153499603271484,9.167750358581543,632180000
2020-06-11,8.766857147216797,8.796250343322754,9.261249542236328,8.78600025177002,9.149999618530273,583652000
2020-06-12,8.9026517868042,8.932499885559082,9.187250137329102,8.70324993133545,9.162500381469727,570908000
2020-06-15,9.143095016479492,9.173749923706055,9.182250022888184,8.743749618530273,8.815250396728516,400004000
2020-06-16,9.038195610046387,9.068499565124512,9.26675033569336,8.838749885559082,9.225000381469727,535716000
2020-06-17,9.205138206481934,9.236000061035156,9.298999786376953,9.070249557495117,9.113750457763672,408304000
2020-06-18,9.187198638916016,9.218000411987305,9.282500267028809,9.114500045776367,9.22700023651123,254408000
2020-06-19,9.230304718017578,9.261249542236328,9.444999694824219,9.227250099182129,9.242500305175781,524160000
2020-06-22,9.494916915893555,9.526749610900879,9.53125,9.273249626159668,9.300000190734863,398468000
2020-06-23,9.418421745300293,9.449999809265137,9.642499923706055,9.407500267028809,9.550999641418457,375108000
2020-06-24,9.204639434814453,9.23550033569336,9.556500434875488,9.144499778747559,9.476249694824219,449372000
2020-06-25,9.458287239074707,9.489999771118164,9.505000114440918,9.182250022888184,9.35575008392334,376072000
2020-06-26,9.124408721923828,9.154999732971191,9.5,9.125,9.5,592084000
2020-06-29,9.169260025024414,9.199999809265137,9.204500198364258,8.899999618530273,9.169750213623047,342248000
2020-06-30,9.466012954711914,9.497750282287598,9.526249885559082,9.266500473022461,9.314000129699707,367892000
2020-07-01,9.49815559387207,9.529999732971191,9.575750350952148,9.413000106811523,9.520750045776367,326648000
2020-07-02,9.580130577087402,9.612250328063965,9.737500190734863,9.57824993133545,9.638999938964844,364056000
2020-07-06,9.80637264251709,9.839249610900879,9.9087495803833,9.712499618530273,9.74174976348877,315892000
2020-07-07,9.838764190673828,9.871749877929688,10.069999694824219,9.850749969482422,9.946249961853027,357800000
2020-07-08,10.181864738464355,10.215999603271484,10.225000381469727,9.965499877929688,9.993749618530273,365480000
2020-07-09,10.473880767822266,10.508999824523926,10.569999694824219,10.233499526977539,10.380249977111816,494548000
2020-07-10,10.444232940673828,10.479249954223633,10.65524959564209,10.37874984741211,10.588749885559082,497676000
2020-07-13,10.018657684326172,10.052249908447266,10.79224967956543,10.024999618530273,10.595000267028809,457076000
2020-07-14,10.342325210571289,10.376999855041504,10.402750015258789,9.785499572753906,10.074999809265137,542676000
2020-07-15,10.193076133728027,10.227250099182129,10.432999610900879,10.055749893188477,10.414250373840332,403984000
2020-07-16,10.100886344909668,10.134750366210938,10.20674991607666,9.895500183105469,10.015000343322754,344964000
2020-07-17,10.167412757873535,10.201499938964844,10.248499870300293,10.087750434875488,10.225500106811523,266284000
2020-07-20,10.475629806518555,10.510749816894531,10.53125,10.156749725341797,10.274250030517578,284852000
2020-07-21,10.293987274169922,10.328499794006348,10.5600004196167,10.286749839782715,10.512999534606934,277036000
2020-07-22,10.403868675231934,10.438750267028809,10.602499961853027,10.291500091552734,10.367500305175781,367292000
2020-07-23,10.095902442932129,10.12975025177002,10.54699993133545,10.03125,10.449999809265137,411660000
2020-07-24,10.160435676574707,10.194499969482422,10.364749908447266,9.777000427246094,9.875,473292000
2020-07-27,10.386675834655762,10.421500205993652,10.441749572753906,10.21774959564209,10.232250213623047,292132000
2020-07-28,10.181365013122559,10.215499877929688,10.381999969482422,10.209250450134277,10.374250411987305,271636000
2020-07-29,10.430530548095703,10.465499877929688,10.516249656677246,10.347000122070312,10.39074993133545,284508000
2020-07-30,10.578531265258789,10.61400032043457,10.623000144958496,10.295249938964844,10.375,308880000
2020-07-31,10.579277038574219,10.614749908447266,10.766500473022461,10.432999610900879,10.563249588012695,386080000
2020-08-03,10.973459243774414,11.010250091552734,11.098750114440918,10.715250015258789,10.732500076293945,412720000
2020-08-04,11.19023323059082,11.227749824523926,11.227749824523926,10.906000137329102,11.050000190734863,310336000
2020-08-05,11.249034881591797,11.286749839782715,11.371749877929688,11.166250228881836,11.244000434875488,249924000
2020-08-06,11.297621726989746,11.33549976348877,11.357999801635742,11.178750038146973,11.349749565124512,244316000
2020-08-07,11.162077903747559,11.19950008392334,11.50475025177002,11.037500381469727,11.3125,342516000
2020-08-10,11.127692222595215,11.164999961853027,11.408249855041504,10.856499671936035,11.334250450134277,427796000
2020-08-11,10.813746452331543,10.850000381469727,11.136750221252441,10.79574966430664,11.073749542236328,354512000
2020-08-12,11.402024269104004,11.440250396728516,11.467000007629395,10.958250045776367,10.990750312805176,464412000
2020-08-13,11.404763221740723,11.442999839782715,11.721750259399414,11.35575008392334,11.545999526977539,374460000
2020-08-14,11.525359153747559,11.564000129699707,11.704750061035156,11.440500259399414,11.529999732971191,366436000
2020-08-17,12.295775413513184,12.336999893188477,12.409749984741211,11.81725025177002,11.851249694824219,621300000
2020-08-18,12.219781875610352,12.260749816894531,12.496000289916992,12.086250305175781,12.449999809265137,503448000
2020-08-19,12.097936630249023,12.138500213623047,12.3149995803833,12.097999572753906,12.296500205993652,622624000
2020-08-20,12.10042953491211,12.140999794006348,12.375,11.87874984741211,11.975000381469727,921388000
2020-08-21,12.641118049621582,12.683500289916992,12.80875015258789,12.195249557495117,12.201749801635742,999868000
2020-08-24,12.677745819091797,12.720250129699707,12.912500381469727,12.507499694824219,12.883749961853027,490564000
2020-08-25,12.707396507263184,12.75,12.761249542236328,12.573749542236328,12.630749702453613,289076000
2020-08-26,12.730318069458008,12.77299976348877,12.868499755859375,12.677749633789062,12.799249649047852,321244000
2020-08-27,12.586052894592285,12.628250122070312,12.850000381469727,12.566499710083008,12.781499862670898,317604000
2020-08-28,13.103816986083984,13.147749900817871,13.14799976348877,12.642499923706055,12.675000190734863,537160000
2020-08-31,13.329809188842773,13.374500274658203,13.574999809265137,13.037750244140625,13.18274974822998,500840000
2020-09-01,13.778940200805664,13.821000099182129,13.993749618530273,13.43649959564209,13.479999542236328,511316000
2020-09-02,14.302839279174805,14.346500396728516,14.726750373840332,13.899999618530273,14.703749656677246,874012000
2020-09-03,12.975887298583984,13.01550006866455,13.884499549865723,12.87874984741211,13.828749656677246,945128000
2020-09-04,12.584086418151855,12.6225004196167,13.175000190734863,11.704750061035156,12.7837495803833,1463684000
2020-09-08,11.876744270324707,11.913000106811523,12.550000190734863,11.70425033569336,11.73449993133545,795728000
2020-09-09,12.67630672454834,12.71500015258789,12.809249877929688,12.231749534606934,12.399999618530273,736200000
2020-09-10,12.274282455444336,12.311750411987305,13.065250396728516,12.166999816894531,12.989250183105469,698684000
2020-09-11,12.12747859954834,12.16450023651123,12.65250015258789,11.895750045776367,12.48550033569336,636928000
2020-09-14,12.833077430725098,12.872249603271484,13.3149995803833,12.631250381469727,13.081000328063965,1201744000
2020-09-15,12.951464653015137,12.991000175476074,13.298749923706055,12.827750205993652,13.279999732971191,727556000
2020-09-16,12.47641372680664,12.51449966430664,13.09274959564209,12.513750076293945,12.957249641418457,556384000
2020-09-17,12.425569534301758,12.463500022888184,12.589750289916992,12.034749984741211,12.13224983215332,792512000
2020-09-18,12.152154922485352,12.189249992370605,12.632499694824219,11.988750457763672,12.59375,698460000
2020-09-21,12.479157447814941,12.517250061035156,12.522500038146973,11.904500007629395,11.925000190734863,721044000
2020-09-22,12.59929084777832,12.637749671936035,12.64799976348877,12.155500411987305,12.574999809265137,646452000
2020-09-23,12.086853981018066,12.123749732971191,12.72700023651123,12.07925033569336,12.575499534606934,647012000
2020-09-24,12.310420989990234,12.347999572753906,12.569499969482422,12.013999938964844,12.072250366210938,731240000
2020-09-25,12.834569931030273,12.873749732971191,12.883500099182129,12.245750427246094,12.447500228881836,588016000
2020-09-28,12.995328903198242,13.03499984741211,13.051750183105469,12.75,13.040249824523926,573808000
2020-09-29,13.185501098632812,13.225749969482422,13.442749977111816,12.933250427246094,12.9375,621460000
2020-09-30,13.4893217086792,13.530500411987305,13.6225004196167,13.150250434875488,13.157500267028809,689184000
2020-10-01,13.573066711425781,13.614500045776367,13.762749671936035,13.460749626159668,13.758000373840332,525004000
2020-10-02,13.022499084472656,13.062250137329102,13.519499778747559,13.050999641418457,13.225000381469727,552496000
2020-10-05,13.600982666015625,13.642499923706055,13.64424991607666,13.222749710083008,13.236000061035156,479820000
2020-10-06,13.694695472717285,13.736499786376953,14.142000198364258,13.664999961853027,13.829999923706055,784420000
2020-10-07,13.921501159667969,13.96399974822998,14.119250297546387,13.863499641418457,13.999750137329102,418084000
2020-10-08,13.796634674072266,13.838749885559082,14.084500312805176,13.758000373840332,14.074999809265137,378900000
2020-10-09,13.720866203308105,13.762749671936035,13.824250221252441,13.660750389099121,13.767000198364258,346892000
2020-10-12,14.182706832885742,14.22599983215332,14.347000122070312,13.912500381469727,13.989500045776367,434744000
2020-10-13,14.204890251159668,14.248250007629395,14.34850025177002,14.018750190734863,14.296500205993652,344604000
2020-10-14,14.05235481262207,14.095250129699707,14.34274959564209,13.960000038146973,14.290499687194824,276100000
2020-10-15,13.927484512329102,13.970000267028809,14.005749702453613,13.767749786376953,13.810750007629395,267224000
2020-10-16,13.769466400146484,13.81149959564209,14.121500015258789,13.792499542236328,14.036749839782715,242392000
2020-10-19,13.456670761108398,13.497750282287598,13.983499526977539,13.406749725341797,13.902999877929688,298068000
2020-10-20,13.603972434997559,13.645500183105469,13.799750328063965,13.506999969482422,13.583499908447266,229212000
2020-10-21,13.483589172363281,13.524749755859375,13.791500091552734,13.477499961853027,13.625,219596000
2020-10-22,13.320338249206543,13.361000061035156,13.611749649047852,13.231749534606934,13.522500038146973,290480000
2020-10-23,13.548887252807617,13.590250015258789,13.593250274658203,13.291250228881836,13.449999809265137,233484000
2020-10-26,13.1012601852417,13.141249656677246,13.692749977111816,13.03849983215332,13.427000045776367,336896000
2020-10-27,13.35598087310791,13.396750450134277,13.442000389099121,13.191499710083008,13.305999755859375,250520000
2020-10-28,12.588570594787598,12.626999855041504,13.260000228881836,12.609000205993652,13.197999954223633,376520000
2020-10-29,12.98436450958252,13.02400016784668,13.192749977111816,12.75,12.838500022888184,320080000
2020-10-30,12.495855331420898,12.534000396728516,12.93649959564209,12.300000190734863,12.850000381469727,416820000
2020-11-02,12.542462348937988,12.580750465393066,12.836750030517578,12.395000457763672,12.657750129699707,299652000
2020-11-03,12.979875564575195,13.019499778747559,13.104999542236328,12.602749824523926,12.708499908447266,272900000
2020-11-04,13.752269744873047,13.794249534606934,13.827500343322754,13.336999893188477,13.389249801635742,410228000
2020-11-05,14.11690616607666,14.15999984741211,14.33899974822998,13.991000175476074,14.162500381469727,319028000
2020-11-06,14.517683029174805,14.562000274658203,14.588749885559082,13.895000457763672,14.109749794006348,383348000
2020-11-09,13.589266777038574,13.630749702453613,14.691499710083008,13.610750198364258,14.552499771118164,582976000
2020-11-10,12.731138229370117,12.770000457763672,13.606499671936035,12.628250122070312,13.606499671936035,644068000
2020-11-11,13.377165794372559,13.418000221252441,13.4350004196167,12.948249816894531,13.053750038146973,404744000
2020-11-12,13.415797233581543,13.45674991607666,13.765999794006348,13.315999984741211,13.479000091552734,365812000
2020-11-13,13.256532669067383,13.29699993133545,13.668749809265137,13.059249877929688,13.627249717712402,346312000
2020-11-16,13.474119186401367,13.515250205993652,13.649499893188477,13.156000137329102,13.172499656677246,413776000
2020-11-17,13.381400108337402,13.422249794006348,13.5962495803833,13.303750038146973,13.552499771118164,312028000
2020-11-18,13.3878812789917,13.428750038146973,13.60575008392334,13.1850004196167,13.465250015258789,510924000
2020-11-19,13.399346351623535,13.440250396728516,13.487500190734863,13.100000381469727,13.212750434875488,565936000
2020-11-20,13.047921180725098,13.087750434875488,13.494500160217285,13.0649995803833,13.454000473022461,341088000
2020-11-23,13.100010871887207,13.140000343322754,13.382499694824219,13.01550006866455,13.171250343322754,361356000
2020-11-24,12.918315887451172,12.95775032043457,13.161999702453613,12.885000228881836,13.142499923706055,346500000
2020-11-25,13.194472312927246,13.234749794006348,13.269499778747559,13.020000457763672,13.032500267028809,259916000
2020-11-27,13.220890998840332,13.261249542236328,13.407500267028809,13.170499801635742,13.375,167276000
2020-11-30,13.36071491241455,13.40149974822998,13.412500381469727,12.972249984741211,13.265000343322754,286952000
2020-12-01,13.349252700805664,13.390000343322754,13.5287504196167,13.228249549865723,13.492250442504883,296948000
2020-12-02,13.503279685974121,13.544500350952148,13.673500061035156,13.23425006866455,13.350500106811523,283360000
2020-12-03,13.359176635742188,13.395999908447266,13.65999984741211,13.329000473022461,13.587499618530273,199520000
2020-12-04,13.520981788635254,13.558250427246094,13.5600004196167,13.388750076293945,13.44849967956543,202244000
2020-12-07,13.569345474243164,13.606749534606934,13.731249809265137,13.5,13.601249694824219,223244000
2020-12-08,13.31330394744873,13.350000381469727,13.598750114440918,13.281499862670898,13.585000038146973,271920000
2020-12-09,12.895204544067383,12.930749893188477,13.413999557495117,12.868249893188477,13.30049991607666,401300000
2020-12-10,12.936593055725098,12.972249984741211,13.068750381469727,12.849499702453613,12.869000434875488,207764000
2020-12-11,12.977479934692383,13.013250350952148,13.020000457763672,12.822999954223633,12.967249870300293,209264000
2020-12-14,13.272170066833496,13.30875015258789,13.388750076293945,13.077500343322754,13.088000297546387,270156000
2020-12-15,13.323774337768555,13.36050033569336,13.46399974822998,13.186750411987305,13.439749717712402,193016000
2020-12-16,13.206099510192871,13.242500305175781,13.437250137329102,13.212499618530273,13.422499656677246,223116000
2020-12-17,13.304576873779297,13.3412504196167,13.379500389099121,13.178500175476074,13.36674976348877,231384000
2020-12-18,13.235517501831055,13.272000312805176,13.404999732971191,13.070500373840332,13.378999710083008,342064000
2020-12-21,13.29560375213623,13.332249641418457,13.369999885559082,12.967499732971191,13.074749946594238,302332000
2020-12-22,13.24174976348877,13.278249740600586,13.337249755859375,13.053999900817871,13.319250106811523,185580000
2020-12-23,12.973488807678223,13.009249687194824,13.274999618530273,13.005000114440918,13.255999565124512,179144000
2020-12-24,12.95803165435791,12.993749618530273,13.132499694824219,12.938750267028809,13.037249565124512,97884000
2020-12-28,12.864541053771973,12.899999618530273,13.0625,12.763250350952148,13.0625,212564000
2020-12-29,12.907671928405762,12.943249702453613,13.072500228881836,12.842249870300293,12.925000190734863,170372000
2020-12-30,13.10961627960205,13.145750045776367,13.213749885559082,12.896750450134277,12.990249633789062,225396000
2020-12-31,13.019115447998047,13.055000305175781,13.151000022888184,12.914999961853027,13.136500358581543,192424000
2021-01-04,13.077454566955566,13.113499641418457,13.65250015258789,12.962499618530273,13.104249954223633,560640000
2021-01-05,13.367900848388672,13.404749870300293,13.443499565124512,13.086999893188477,13.099749565124512,322760000
2021-01-06,12.579827308654785,12.614500045776367,13.244999885559082,12.586000442504883,13.22249984741211,580424000
2021-01-07,13.307319641113281,13.343999862670898,13.377750396728516,12.886500358581543,12.967499732971191,461480000
2021-01-08,13.240253448486328,13.276749610900879,13.420999526977539,13.041999816894531,13.362500190734863,292528000
2021-01-11,13.584057807922363,13.621500015258789,13.961000442504883,13.362500190734863,13.418749809265137,518344000
2021-01-12,13.44768238067627,13.484749794006348,13.754500389099121,13.345000267028809,13.7524995803833,291476000
2021-01-13,13.49455451965332,13.531749725341797,13.625,13.385000228881836,13.489999771118164,210028000
2021-01-14,13.16396427154541,13.200249671936035,13.599749565124512,13.180500030517578,13.574999809265137,283120000
2021-01-15,12.824152946472168,12.85949993133545,13.325249671936035,12.84850025177002,13.227999687194824,277780000
2021-01-19,12.989446640014648,13.025250434875488,13.093999862670898,12.843999862670898,13.016249656677246,226188000
2021-01-20,13.329012870788574,13.365750312805176,13.430500030517578,13.056750297546387,13.111749649047852,258572000
2021-01-21,13.82938289642334,13.867500305175781,13.999250411987305,13.253000259399414,13.418499946594238,337780000
2021-01-22,13.674806594848633,13.712499618530273,13.841750144958496,13.627249717712402,13.739999771118164,246820000
2021-01-25,13.615720748901367,13.653249740600586,13.828499794006348,13.236499786376953,13.781749725341797,251112000
2021-01-26,13.398321151733398,13.435250282287598,13.644749641418457,13.387499809265137,13.580499649047852,163980000
2021-01-27,12.882242202758789,12.917750358581543,13.232749938964844,12.793749809265137,13.229999542236328,371272000
2021-01-28,13.01512622833252,13.050999641418457,13.339750289916992,12.96049976348877,12.99625015258789,228316000
2021-01-29,12.954044342041016,12.989749908447266,13.334750175476074,12.911499977111816,13.074999809265137,271552000
2021-02-01,13.200614929199219,13.237000465393066,13.270750045776367,12.902750015258789,13.053250312805176,217204000
2021-02-02,13.51948356628418,13.556750297546387,13.571999549865723,13.285499572753906,13.398750305175781,220440000
2021-02-03,13.493307113647461,13.530500411987305,13.931750297546387,13.516500473022461,13.63599967956543,245408000
2021-02-04,13.626688957214355,13.664250373840332,13.673500061035156,13.337750434875488,13.531000137329102,201340000
2021-02-05,13.553638458251953,13.590999603271484,13.737250328063965,13.54574966430664,13.725000381469727,169152000
2021-02-08,14.399059295654297,14.438750267028809,14.473750114440918,13.727250099182129,13.727250099182129,434624000
2021-02-09,14.224043846130371,14.263250350952148,14.583250045776367,14.22249984741211,14.340749740600586,287560000
2021-02-10,14.723664283752441,14.764249801635742,14.904999732971191,14.341500282287598,14.463250160217285,485352000
2021-02-11,15.208831787109375,15.250749588012695,15.272250175476074,14.925000190734863,14.980250358581543,450828000
2021-02-12,14.920126914978027,14.961250305175781,15.291250228881836,14.774999618530273,15.050000190734863,374756000
2021-02-16,15.288110733032227,15.330249786376953,15.3725004196167,14.949999809265137,15.064249992370605,321960000
2021-02-17,14.865025520324707,14.906000137329102,15.22350025177002,14.779999732971191,15.170999526977539,274756000
2021-02-18,14.788236618041992,14.829000473022461,14.873250007629395,14.574999809265137,14.729000091552734,233868000
2021-02-19,14.88547134399414,14.92650032043457,15.177000045776367,14.846750259399414,15.024499893188477,271724000
2021-02-22,14.316289901733398,14.35575008392334,15.13325023651123,14.324999809265137,14.774749755859375,325884000
2021-02-23,14.103127479553223,14.142000198364258,14.238750457763672,13.38949966430664,14.075249671936035,391780000
2021-02-24,14.459142684936523,14.49899959564209,14.506750106811523,13.755999565124512,14.122750282287598,448320000
2021-02-25,13.270920753479004,13.307499885559082,14.374750137329102,13.2162504196167,14.045499801635742,824436000
2021-02-26,13.676802635192871,13.714500427246094,13.854499816894531,13.361000061035156,13.7524995803833,500932000
2021-03-01,13.803703308105469,13.841750144958496,13.925000190734863,13.553250312805176,13.875,353184000
2021-03-02,13.36939811706543,13.40625,13.920499801635742,13.395999908447266,13.899999618530273,264116000
2021-03-03,12.769554138183594,12.804750442504883,13.451499938964844,12.798749923706055,13.426250457763672,377592000
2021-03-04,12.336246490478516,12.37024974822998,12.975000381469727,12.083749771118164,12.800749778747559,573344000
2021-03-05,12.427247047424316,12.46150016784668,12.550000190734863,11.67924976348877,12.550000190734863,542840000
2021-03-08,11.561382293701172,11.593250274658203,12.4712495803833,11.566499710083008,12.449999809265137,543112000
2021-03-09,12.490143775939941,12.52025032043457,12.61674976348877,12.059249877929688,12.130249977111816,521824000
2021-03-10,12.438268661499023,12.468250274658203,12.979999542236328,12.457500457763672,12.840499877929688,384376000
2021-03-11,12.962254524230957,12.993499755859375,13.046250343322754,12.73449993133545,12.949999809265137,299916000
2021-03-12,12.825088500976562,12.855999946594238,12.888750076293945,12.59000015258789,12.648249626159668,243964000
2021-03-15,13.159530639648438,13.19124984741211,13.20674991607666,12.767250061035156,12.864749908447266,221988000
2021-03-16,13.25929069519043,13.291250228881836,13.512499809265137,13.11674976348877,13.356499671936035,272128000
2021-03-17,13.30916976928711,13.3412504196167,13.45324993133545,12.989500045776367,13.039750099182129,243864000
2021-03-18,12.691906929016113,12.72249984741211,13.184000015258789,12.717000007629395,13.136500358581543,293896000
2021-03-19,12.814862251281738,12.845749855041504,12.921500205993652,12.612500190734863,12.75,299208000
2021-03-22,13.15454387664795,13.186249732971191,13.394499778747559,12.906749725341797,12.912750244140625,297804000
2021-03-23,13.039320945739746,13.07075023651123,13.344499588012695,13.021249771118164,13.254249572753906,222048000
2021-03-24,12.612598419189453,12.642999649047852,13.159250259399414,12.636750221252441,13.151249885559082,245840000
2021-03-25,12.505108833312988,12.535249710083008,12.714750289916992,12.272000312805176,12.499500274658203,295144000
2021-03-26,12.808375358581543,12.839249610900879,12.856249809265137,12.373499870300293,12.554499626159668,363968000
2021-03-29,12.917113304138184,12.948249816894531,13.0625,12.699999809265137,12.820249557495117,273520000
2021-03-30,12.840799331665039,12.871749877929688,12.975250244140625,12.704999923706055,12.842000007629395,200204000
2021-03-31,13.316153526306152,13.348250389099121,13.470499992370605,12.982500076293945,13.01550006866455,314776000
2021-04-01,13.77854061126709,13.811750411987305,13.869999885559082,13.511249542236328,13.572250366210938,308276000
2021-04-05,13.953865051269531,13.987500190734863,14.013999938964844,13.732999801635742,13.867500305175781,255672000
2021-04-06,13.828168869018555,13.861499786376953,14.05424976348877,13.773500442504883,13.999750137329102,191744000
2021-04-07,14.109491348266602,14.143500328063965,14.243499755859375,13.71150016784668,13.880749702453613,251284000
2021-04-08,14.282574653625488,14.317000389099121,14.471500396728516,14.24899959564209,14.252750396728516,244416000
2021-04-09,14.365373611450195,14.399999618530273,14.407999992370605,14.175000190734863,14.21399974822998,195172000
2021-04-12,15.1724271774292,15.208999633789062,15.352499961853027,14.139249801635742,14.289750099182129,869324000
2021-04-13,15.64179801940918,15.679499626159668,15.699999809265137,15.125749588012695,15.231499671936035,676212000
2021-04-14,15.240266799926758,15.277000427246094,15.720499992370605,15.227499961853027,15.625,385500000
2021-04-15,16.098451614379883,16.137250900268555,16.214250564575195,15.631500244140625,15.662500381469727,598480000
2021-04-16,15.874237060546875,15.912500381469727,16.16575050354004,15.865249633789062,16.05299949645996,335208000
2021-04-19,15.324810981750488,15.361749649047852,15.807499885559082,15.232999801635742,15.536499977111816,404420000
2021-04-20,15.134769439697266,15.171250343322754,15.496999740600586,14.963000297546387,15.323249816894531,334132000
2021-04-21,15.323563575744629,15.36050033569336,15.362500190734863,15.102250099182129,15.118749618530273,216776000
2021-04-22,14.814541816711426,14.850250244140625,15.43850040435791,14.783499717712402,15.375,277788000
2021-04-23,15.228546142578125,15.265250205993652,15.335000038146973,14.900250434875488,14.934249877929688,227500000
2021-04-26,15.44078254699707,15.477999687194824,15.479000091552734,15.125,15.1850004196167,197796000
2021-04-27,15.344762802124023,15.381750106811523,15.670499801635742,15.354499816894531,15.578499794006348,164572000
2021-04-28,15.240015983581543,15.276749610900879,15.53225040435791,15.215499877929688,15.364500045776367,209416000
2021-04-29,15.287900924682617,15.324749946594238,15.43649959564209,15.071499824523926,15.399999618530273,173196000
2021-04-30,14.973407745361328,15.009499549865723,15.364999771118164,14.996999740600586,15.174500465393066,201912000
2021-05-03,14.801074028015137,14.836750030517578,15.246749877929688,14.787500381469727,15.125,203912000
2021-05-04,14.316742897033691,14.351249694824219,14.637499809265137,14.010250091552734,14.637249946594238,405324000
2021-05-05,14.423731803894043,14.458499908447266,14.81350040435791,14.387499809265137,14.708999633789062,292024000
2021-05-06,14.488078117370605,14.52299976348877,14.571249961853027,14.218000411987305,14.49524974822998,193380000
2021-05-07,14.776633262634277,14.812250137329102,14.970749855041504,14.67175006866455,14.808250427246094,229328000
2021-05-10,14.231446266174316,14.26574993133545,14.805999755859375,14.25,14.787249565124512,268904000
2021-05-11,14.271849632263184,14.306249618530273,14.35474967956543,13.75,13.824999809265137,285584000
2021-05-12,13.72541618347168,13.758500099182129,14.260250091552734,13.709250450134277,14.009499549865723,303408000
2021-05-13,13.632390975952148,13.665249824523926,14.080750465393066,13.458999633789062,14.0337495803833,285404000
2021-05-14,14.20875358581543,14.243000030517578,14.32800006866455,13.748499870300293,13.890000343322754,258616000
2021-05-17,14.131438255310059,14.165499687194824,14.169249534606934,13.853500366210938,14.156999588012695,216980000
2021-05-18,13.982046127319336,14.01574993133545,14.404250144958496,14.003999710083008,14.267000198364258,186256000
2021-05-19,14.031929016113281,14.065750122070312,14.079500198364258,13.54325008392334,13.566499710083008,344000000
2021-05-20,14.577363014221191,14.612500190734863,14.68375015258789,14.270500183105469,14.302499771118164,321592000
2021-05-21,14.95569896697998,14.99174976348877,15.222000122070312,14.869500160217285,15.163749694824219,672992000
2021-05-24,15.574460983276367,15.612000465393066,15.744999885559082,15.175999641418457,15.212499618530273,554816000
2021-05-25,15.610125541687012,15.647749900817871,15.818499565124512,15.482500076293945,15.765999794006348,435408000
2021-05-26,15.662249565124512,15.699999809265137,15.793749809265137,15.586250305175781,15.73425006866455,370440000
2021-05-27,15.450757026672363,15.48799991607666,15.75,15.460000038146973,15.699749946594238,581476000
2021-05-28,16.2054386138916,16.24449920654297,16.27750015258789,15.50100040435791,15.50100040435791,644536000
2021-06-01,16.225391387939453,16.26449966430664,16.38825035095215,15.903249740600586,16.270000457763672,472804000
2021-06-02,16.737905502319336,16.778249740600586,16.918750762939453,16.23550033569336,16.25225067138672,594168000
2021-06-03,16.92894172668457,16.969749450683594,17.259000778198242,16.58300018310547,16.70075035095215,580008000
2021-06-04,17.535980224609375,17.578250885009766,17.660999298095703,17.095500946044922,17.112499237060547,617120000
2021-06-07,17.57663345336914,17.618999481201172,17.8125,17.192750930786133,17.571250915527344,575756000
2021-06-08,17.415029525756836,17.457000732421875,17.62150001525879,17.250999450683594,17.527250289916992,323848000
2021-06-09,17.320480346679688,17.35824966430664,17.575000762939453,17.25575065612793,17.515750885009766,381656000
2021-06-10,17.387083053588867,17.424999237060547,17.492000579833984,17.176000595092773,17.350000381469727,287772000
2021-06-11,17.786462783813477,17.82525062561035,17.939250946044922,17.443750381469727,17.47949981689453,416308000
2021-06-14,17.979543685913086,18.018749237060547,18.039499282836914,17.662750244140625,17.9060001373291,321376000
2021-06-15,17.749792098999023,17.78849983215332,18.016250610351562,17.72800064086914,17.915000915527344,243032000
2021-06-16,17.771495819091797,17.81024932861328,17.954750061035156,17.58449935913086,17.79075050354004,307124000
2021-06-17,18.61665153503418,18.657249450683594,18.834999084472656,17.756250381469727,17.774499893188477,809656000
2021-06-18,18.59819221496582,18.638750076293945,19.375,18.583999633789062,18.784000396728516,968856000
2021-06-21,18.38715171813965,18.427249908447266,18.536500930786133,17.822750091552734,18.43524932861328,672384000
2021-06-22,18.845657348632812,18.886749267578125,18.9637508392334,18.38599967956543,18.471500396728516,580144000
2021-06-23,19.01578140258789,19.057249069213867,19.15275001525879,18.90774917602539,19.007749557495117,332356000
2021-06-24,19.16370964050293,19.20549964904785,19.420000076293945,19.08824920654297,19.227750778198242,320924000
2021-06-25,18.98958969116211,19.0310001373291,19.345500946044922,18.894500732421875,19.280500411987305,278364000
2021-06-28,19.941511154174805,19.985000610351562,20.078750610351562,19.319000244140625,19.361249923706055,495436000
2021-06-29,19.983171463012695,20.026750564575195,20.0987491607666,19.656999588012695,19.88249969482422,367632000
2021-06-30,19.95897674560547,20.002500534057617,20.162500381469727,19.863750457763672,19.999250411987305,326568000
2021-07-01,20.168020248413086,20.211999893188477,20.45599937438965,20.018999099731445,20.125,480136000
2021-07-02,20.442420959472656,20.48699951171875,20.505250930786133,20.287750244140625,20.440250396728516,342764000
2021-07-06,20.653457641601562,20.69849967956543,20.841999053955078,20.350250244140625,20.737499237060547,446708000
2021-07-07,20.327421188354492,20.371749877929688,20.875,20.332000732421875,20.853500366210938,418428000
2021-07-08,19.85944175720215,19.90275001525879,20.132999420166016,19.70075035095215,19.85650062561035,503300000
2021-07-09,20.006620407104492,20.050249099731445,20.080249786376953,19.754249572753906,19.962499618530273,296624000
2021-07-12,20.467866897583008,20.512500762939453,20.53274917602539,20.1877498626709,20.239999771118164,321984000
2021-07-13,20.2059383392334,20.25,20.46125030517578,20.11400032043457,20.40049934387207,290708000
2021-07-14,19.79832649230957,19.84149932861328,20.417749404907227,19.752750396728516,20.357749938964844,380100000
2021-07-15,18.924978256225586,18.966249465942383,19.847000122070312,18.85849952697754,19.811750411987305,550564000
2021-07-16,18.12148094177246,18.160999298095703,19.156999588012695,18.072999954223633,19.030500411987305,688224000
2021-07-19,18.7388858795166,18.77975082397461,19.04199981689453,17.86549949645996,17.915250778198242,749060000
2021-07-20,18.571500778198242,18.61199951171875,18.83799934387207,18.163999557495117,18.729999542236328,434687000
2021-07-21,19.367765426635742,19.40999984741211,19.527000427246094,18.742000579833984,18.881999969482422,371017000
2021-07-22,19.551366806030273,19.5939998626709,19.886999130249023,19.275999069213867,19.642000198364258,323826000
2021-07-23,19.515443801879883,19.558000564575195,19.700000762939453,19.25,19.6560001373291,195672000
2021-07-26,19.25201416015625,19.29400062561035,19.441999435424805,18.913999557495117,19.31100082397461,203943000
2021-07-27,19.16620445251465,19.20800018310547,19.621999740600586,18.740999221801758,19.264999389648438,248863000
2021-07-28,19.46056365966797,19.503000259399414,19.645999908447266,18.9950008392334,19.319000244140625,202191000
2021-07-29,19.61921501159668,19.66200065612793,19.85300064086914,19.327999114990234,19.518999099731445,190781000
2021-07-30,19.456565856933594,19.499000549316406,19.6299991607666,19.26300048828125,19.417999267578125,183497000
2021-08-02,19.707019805908203,19.75,19.961000442504883,19.361000061035156,19.700000762939453,217444000
2021-08-03,19.77188491821289,19.815000534057617,20.222000122070312,19.219999313354492,19.739999771118164,301811000
2021-08-04,20.22988510131836,20.27400016784668,20.31800079345703,19.827999114990234,19.989999771118164,231309000
2021-08-05,20.59208869934082,20.636999130249023,20.732999801635742,20.341999053955078,20.5,211435000
2021-08-06,20.321683883666992,20.365999221801758,20.56999969482422,20.209999084472656,20.52400016784668,178497000
2021-08-09,20.250839233398438,20.295000076293945,20.507999420166016,20.14299964904785,20.445999145507812,146443000
2021-08-10,19.892616271972656,19.93600082397461,20.43000030517578,19.834999084472656,20.32200050354004,179238000
2021-08-11,19.6561336517334,19.698999404907227,20.048999786376953,19.43000030517578,20.042999267578125,185925000
2021-08-12,19.8616886138916,19.905000686645508,20.02899932861328,19.6200008392334,19.8700008392334,151652000
2021-08-13,20.14406967163086,20.187999725341797,20.214000701904297,19.85099983215332,19.905000686645508,183063000
2021-08-16,19.90658950805664,19.950000762939453,20.28700065612793,19.452999114990234,20.135000228881836,210876000
2021-08-17,19.415658950805664,19.45800018310547,19.770000457763672,19.267000198364258,19.684999465942383,204585000
2021-08-18,18.998573303222656,19.040000915527344,19.634000778198242,19.0,19.5,285913000
2021-08-19,19.75492286682129,19.79800033569336,20.4950008392334,18.761999130249023,19.493999481201172,766555000
2021-08-20,20.770700454711914,20.81599998474121,20.864999771118164,19.933000564575195,19.990999221801758,675741000
2021-08-23,21.91021728515625,21.95800018310547,21.996999740600586,20.950000762939453,20.97100067138672,575807000
2021-08-24,21.745574951171875,21.792999267578125,21.958999633789062,21.53499984741211,21.753000259399414,297299000
2021-08-25,22.16466522216797,22.21299934387207,22.469999313354492,21.722000122070312,21.73699951171875,347701000
2021-08-26,22.019983291625977,22.06800079345703,22.34000015258789,21.790000915527344,22.200000762939453,237940000
2021-08-27,22.586742401123047,22.63599967956543,22.722000122070312,22.16699981689453,22.18400001525879,304722000
2021-08-30,22.638633728027344,22.687999725341797,23.042999267578125,22.551000595092773,22.829999923706055,262580000
2021-08-31,22.340229034423828,22.385000228881836,22.69499969482422,22.1200008392334,22.69499969482422,259850000
2021-09-01,22.396116256713867,22.44099998474121,22.69700050354004,22.35700035095215,22.485000610351562,201767000
2021-09-02,22.351207733154297,22.395999908447266,22.593000411987305,22.295000076293945,22.51799964904785,187834000
2021-09-03,22.797313690185547,22.843000411987305,22.986000061035156,22.200000762939453,22.325000762939453,280532000
2021-09-07,22.61667823791504,22.66200065612793,22.89900016784668,22.52199935913086,22.83300018310547,198107000
2021-09-08,22.294322967529297,22.339000701904297,22.610000610351562,21.976999282836914,22.51300048828125,254434000
2021-09-09,22.132648468017578,22.177000045776367,22.538000106811523,22.131000518798828,22.312000274658203,196856000
2021-09-10,22.433046340942383,22.47800064086914,22.625999450683594,22.270000457763672,22.347999572753906,248376000
2021-09-13,22.107696533203125,22.152000427246094,22.964000701904297,21.857999801635742,22.68400001525879,297500000
2021-09-14,22.1975154876709,22.242000579833984,22.40999984741211,22.086000442504883,22.274999618530273,199755000
2021-09-15,22.29631996154785,22.340999603271484,22.367000579833984,21.965999603271484,22.30900001525879,166538000
2021-09-16,22.1975154876709,22.242000579833984,22.277000427246094,21.927000045776367,22.183000564575195,156033000
2021-09-17,21.856203079223633,21.899999618530273,22.320999145507812,21.829999923706055,22.299999237060547,294503000
2021-09-20,21.070775985717773,21.113000869750977,21.433000564575195,20.66200065612793,21.145999908447266,349440000
2021-09-21,21.203508377075195,21.246000289916992,21.424999237060547,20.950000762939453,21.41699981689453,204688000
2021-09-22,21.897119522094727,21.94099998474121,21.959999084472656,21.195999145507812,21.365999221801758,268726000
2021-09-23,22.43703842163086,22.48200035095215,22.53499984741211,21.889999389648438,22.139999389648438,248555000
2021-09-24,22.03683853149414,22.08099937438965,22.14900016784668,21.861000061035156,22.06999969482422,217655000
2021-09-27,21.616680145263672,21.65999984741211,21.798999786376953,21.325000762939453,21.709999084472656,245215000
2021-09-28,20.65760040283203,20.698999404907227,21.41900062561035,20.650999069213867,21.214000701904297,343069000
2021-09-29,20.47596549987793,20.517000198364258,21.017000198364258,20.466999053955078,20.940000534057617,218394000
2021-09-30,20.674571990966797,20.715999603271484,21.06599998474121,20.687999725341797,20.76799964904785,221009000
2021-10-01,20.700511932373047,20.742000579833984,20.858999252319336,20.202999114990234,20.75,240978000
2021-10-04,19.69253921508789,19.73200035095215,20.54199981689453,19.55500030517578,20.503999710083008,345635000
2021-10-05,20.410097122192383,20.451000213623047,20.648000717163086,19.854000091552734,19.950000762939453,279282000
2021-10-06,20.658599853515625,20.700000762939453,20.719999313354492,20.079999923706055,20.1200008392334,297202000
2021-10-07,21.032852172851562,21.075000762939453,21.32200050354004,20.972000122070312,21.091999053955078,256919000
2021-10-08,20.78934097290039,20.83099937438965,21.20599937438965,20.774999618530273,21.10099983215332,151258000
2021-10-11,20.653610229492188,20.69499969482422,21.062999725341797,20.51099967956543,20.575000762939453,163388000
2021-10-12,20.629663467407227,20.67099952697754,21.05699920654297,20.527999877929688,20.827999114990234,162134000
2021-10-13,20.897123336791992,20.93899917602539,20.989999771118164,20.71299934387207,20.917999267578125,180652000
2021-10-14,21.7025089263916,21.746000289916992,21.7549991607666,21.121999740600586,21.288000106811523,243589000
2021-10-15,21.818275451660156,21.86199951171875,21.930999755859375,21.66200065612793,21.809999465942383,226994000
2021-10-18,22.17755699157715,22.222000122070312,22.291000366210938,21.643999099731445,21.749000549316406,189494000
2021-10-19,22.24542236328125,22.290000915527344,22.378999710083008,22.03700065612793,22.275999069213867,161473000
2021-10-20,22.058794021606445,22.10300064086914,22.433000564575195,21.98200035095215,22.30500030517578,146276000
2021-10-21,22.6466121673584,22.691999435424805,22.711000442504883,22.08300018310547,22.097000122070312,187590000
2021-10-22,22.6805477142334,22.72599983215332,23.1299991607666,22.56100082397461,22.822999954223633,249384000
2021-10-25,23.119670867919922,23.166000366210938,23.354999542236328,22.770000457763672,22.972999572753906,230235000
2021-10-26,24.667564392089844,24.716999053955078,25.259000778198242,23.923999786376953,23.98900032043457,485898000
2021-10-27,24.402099609375,24.451000213623047,25.09000015258789,24.281999588012695,24.474000930786133,245990000
2021-10-28,24.891115188598633,24.94099998474121,24.950000762939453,24.523000717163086,24.878000259399414,234204000
2021-10-29,25.5158634185791,25.566999435424805,25.708999633789062,25.0,25.000999450683594,292503000
2021-11-01,25.775346755981445,25.82699966430664,25.893999099731445,25.226999282836914,25.64900016784668,265740000
2021-11-02,26.34819984436035,26.400999069213867,26.67799949645996,25.799999237060547,25.82200050354004,294112000
2021-11-03,26.544803619384766,26.597999572753906,26.784000396728516,26.235000610351562,26.670000076293945,239910000
2021-11-04,29.74139976501465,29.801000595092773,31.364999771118164,27.118000030517578,27.229000091552734,1153631000
2021-11-05,29.69249725341797,29.75200080871582,31.399999618530273,29.40999984741211,30.187000274658203,851260000
2021-11-08,30.742393493652344,30.804000854492188,31.100000381469727,29.906999588012695,30.14900016784668,503101000
2021-11-09,30.59568214416504,30.656999588012695,32.310001373291016,29.964000701904297,32.28200149536133,646746000
2021-11-10,29.400087356567383,29.458999633789062,30.850000381469727,28.777999877929688,29.356000900268555,636206000
2021-11-11,30.3292179107666,30.389999389648438,30.59000015258789,29.777000427246094,30.468000411987305,332172000
2021-11-12,30.3292179107666,30.389999389648438,30.68000030517578,29.6299991607666,30.010000228881836,413054000
2021-11-15,29.964946746826172,30.024999618530273,30.643999099731445,29.246999740600586,30.552000045776367,384909000
2021-11-16,30.142597198486328,30.202999114990234,30.389999389648438,29.70599937438965,29.759000778198242,264484000
2021-11-17,29.20248031616211,29.26099967956543,30.509000778198242,28.799999237060547,30.417999267578125,428508000
2021-11-18,31.611650466918945,31.674999237060547,32.7599983215332,31.320999145507812,32.367000579833984,781711000
2021-11-19,32.919029235839844,32.98500061035156,33.0880012512207,31.905000686645508,32.24300003051758,533867000
2021-11-22,31.89208984375,31.95599937438965,34.64699935913086,31.899999618530273,33.516998291015625,754335000
2021-11-23,31.68250846862793,31.746000289916992,32.36000061035156,30.8799991607666,31.53499984741211,532163000
2021-11-24,32.60865020751953,32.67399978637695,32.85499954223633,30.92799949645996,31.461000442504883,435162000
2021-11-26,31.43999481201172,31.503000259399414,32.709999084472656,31.350000381469727,32.599998474121094,283069000
2021-11-29,33.30925369262695,33.375999450683594,33.4119987487793,32.0359992980957,32.36600112915039,454964000
2021-11-30,32.61064910888672,32.67599868774414,33.35300064086914,31.86400032043457,33.16899871826172,622066000
2021-12-01,31.3759708404541,31.434999465942383,33.28900146484375,31.3799991607666,33.21900177001953,484368000
2021-12-02,32.065673828125,32.125999450683594,32.47800064086914,31.024999618530273,31.214000701904297,472890000
2021-12-03,30.635366439819336,30.69300079345703,32.12900161743164,30.1299991607666,32.0,544325000
2021-12-06,29.98059844970703,30.03700065612793,30.240999221801758,28.038000106811523,29.8799991607666,658938000
2021-12-07,32.366111755371094,32.426998138427734,32.44900131225586,30.650999069213867,30.957000732421875,593053000
2021-12-08,31.766239166259766,31.826000213623047,32.290000915527344,31.42099952697754,31.999000549316406,475551000
2021-12-09,30.432743072509766,30.489999771118164,32.20500183105469,30.42799949645996,31.733999252319336,488507000
2021-12-10,30.141298294067383,30.197999954223633,31.30500030517578,29.861000061035156,31.149999618530273,488825000
2021-12-13,28.108118057250977,28.160999298095703,30.29400062561035,28.115999221801758,30.249000549316406,598344000
2021-12-14,28.283788681030273,28.336999893188477,28.67799949645996,27.25,27.698999404907227,667035000
2021-12-15,30.401805877685547,30.458999633789062,30.5,27.83799934387207,28.399999618530273,698297000
2021-12-16,28.333694458007812,28.386999130249023,31.15999984741211,28.093000411987305,31.152000427246094,707366000
2021-12-17,27.748794555664062,27.801000595092773,28.922000885009766,27.760000228881836,27.985000610351562,713758000
2021-12-20,27.666946411132812,27.7189998626709,28.143999099731445,27.145000457763672,27.30500030517578,461847000
2021-12-21,29.020402908325195,29.075000762939453,29.1200008392334,27.400999069213867,28.374000549316406,524385000
2021-12-22,29.34479522705078,29.399999618530273,29.55500030517578,28.448999404907227,28.891000747680664,395184000
2021-12-23,29.584341049194336,29.639999389648438,30.05900001525879,29.430999755859375,29.7549991607666,343022000
2021-12-27,30.886890411376953,30.94499969482422,31.086999893188477,29.639999389648438,29.65999984741211,403686000
2021-12-28,30.26506233215332,30.32200050354004,31.329999923706055,30.011999130249023,31.312000274658203,420591000
2021-12-29,29.944664001464844,30.000999450683594,30.54800033569336,29.365999221801758,30.273000717163086,343139000
2021-12-30,29.530447006225586,29.586000442504883,30.457000732421875,29.540000915527344,29.82699966430664,308864000
2021-12-31,29.355770111083984,29.410999298095703,30.030000686645508,29.33099937438965,29.673999786376953,266530000
2022-01-03,30.064437866210938,30.121000289916992,30.711000442504883,29.78499984741211,29.815000534057617,391547000
2022-01-04,29.235002517700195,29.290000915527344,30.468000411987305,28.349000930786133,30.277000427246094,527154000
2022-01-05,27.552160263061523,27.604000091552734,29.416000366210938,27.533000946044922,28.948999404907227,498064000
2022-01-06,28.12508773803711,28.17799949645996,28.437999725341797,27.065000534057617,27.639999389648438,454186000
2022-01-07,27.195838928222656,27.246999740600586,28.422000885009766,27.05699920654297,28.141000747680664,409939000
2022-01-10,27.348546981811523,27.399999618530273,27.4689998626709,25.643999099731445,26.58099937438965,594681000
2022-01-11,27.76476287841797,27.816999435424805,28.065000534057617,26.839000701904297,27.322999954223633,404089000
2022-01-12,27.94642448425293,27.999000549316406,28.594999313354492,27.607999801635742,28.066999435424805,383413000
2022-01-13,26.525102615356445,26.575000762939453,28.479999542236328,26.49799919128418,28.378999710083008,540171000
2022-01-14,26.89141082763672,26.941999435424805,27.19700050354004,26.209999084472656,26.299999237060547,395832000
2022-01-18,25.85436248779297,25.902999877929688,26.63800048828125,25.770000457763672,26.260000228881836,424270000
2022-01-19,25.019929885864258,25.066999435424805,26.542999267578125,25.052000045776367,26.07900047302246,488315000
2022-01-20,24.104650497436523,24.149999618530273,25.57900047302246,24.077999114990234,25.304000854492188,435181000
2022-01-21,23.330106735229492,23.374000549316406,24.822999954223633,23.26300048828125,23.506999969482422,718958000
2022-01-24,23.328113555908203,23.371999740600586,23.3799991607666,20.88800048828125,22.329999923706055,913982000
2022-01-25,22.282079696655273,22.323999404907227,22.94300079345703,22.0,22.54599952697754,664616000
2022-01-26,22.72924041748047,22.77199935913086,24.05699920654297,22.299999237060547,23.239999771118164,755959000
2022-01-27,21.902793884277344,21.944000244140625,23.9950008392334,21.674999237060547,23.56800079345703,573353000
2022-01-28,22.79711151123047,22.84000015258789,22.857999801635742,21.29599952697754,22.011999130249023,543774000
2022-01-31,24.440017700195312,24.486000061035156,24.509000778198242,23.052000045776367,23.18199920654297,564680000
2022-02-01,24.591737747192383,24.63800048828125,25.145000457763672,23.889999389648438,25.104000091552734,518925000
2022-02-02,25.19460105895996,25.242000579833984,25.816999435424805,24.55299949645996,25.79400062561035,543419000
2022-02-03,23.903030395507812,23.947999954223633,25.07699966430664,23.780000686645508,24.45800018310547,410178000
2022-02-04,24.273332595825195,24.319000244140625,24.635000228881836,23.631999969482422,23.972000122070312,354829000
2022-02-07,24.68156623840332,24.72800064086914,25.18199920654297,24.20199966430664,24.371999740600586,376868000
2022-02-08,25.060853958129883,25.107999801635742,25.229999542236328,23.979999542236328,24.358999252319336,410359000
2022-02-09,26.65485382080078,26.704999923706055,26.725000381469727,25.35300064086914,25.621999740600586,524282000
2022-02-10,25.7755069732666,25.823999404907227,26.924999237060547,25.600000381469727,25.9950008392334,513200000
2022-02-11,23.90402603149414,23.948999404907227,26.152000427246094,23.773000717163086,25.916000366210938,605472000
2022-02-14,24.221433639526367,24.267000198364258,24.875,23.7549991607666,23.93400001525879,440424000
2022-02-15,26.445247650146484,26.4950008392334,26.545000076293945,24.784000396728516,24.948999404907227,699869000
2022-02-16,26.461217880249023,26.51099967956543,26.582000732421875,25.552000045776367,26.259000778198242,732676000
2022-02-17,24.460981369018555,24.506999969482422,25.78499984741211,24.165000915527344,25.6299991607666,810595000
2022-02-18,23.597606658935547,23.642000198364258,24.986000061035156,23.100000381469727,24.667999267578125,761255000
2022-02-22,23.346080780029297,23.389999389648438,24.06399917602539,23.0,23.03499984741211,633422000
2022-02-23,22.344961166381836,22.386999130249023,24.155000686645508,22.301000595092773,23.802000045776367,566511000
2022-02-24,23.70340347290039,23.74799919128418,23.799999237060547,20.889999389648438,21.014999389648438,735801000
2022-02-25,24.111637115478516,24.156999588012695,24.216999053955078,23.381000518798828,23.72100067138672,528866000
2022-02-28,24.339208602905273,24.385000228881836,24.665000915527344,23.707000732421875,23.992000579833984,477319000
2022-03-01,23.432912826538086,23.476999282836914,24.37700080871582,23.131999969482422,24.291000366210938,412056000
2022-03-02,24.17863655090332,24.219999313354492,24.409000396728516,23.415000915527344,23.756000518798828,389642000
2022-03-03,23.673503875732422,23.714000701904297,24.326000213623047,23.4689998626709,24.261999130249023,365095000
2022-03-04,22.896835327148438,22.93600082397461,23.68000030517578,22.48200035095215,23.384000778198242,431415000
2022-03-07,21.31553840637207,21.351999282836914,23.033000946044922,21.329999923706055,22.816999435424805,450821000
2022-03-08,21.477258682250977,21.513999938964844,22.37299919128418,20.649999618530273,21.30900001525879,557467000
2022-03-09,22.974700927734375,23.013999938964844,23.219999313354492,22.246999740600586,22.386999130249023,492742000
2022-03-10,22.619308471679688,22.658000946044922,22.788000106811523,21.881999969482422,22.5310001373291,428066000
2022-03-11,22.062259674072266,22.100000381469727,23.145000457763672,22.04599952697754,23.02199935913086,367209000
2022-03-14,21.2935733795166,21.329999923706055,22.261999130249023,21.159000396728516,21.868999481201172,385354000
2022-03-15,22.933767318725586,22.972999572753906,23.038000106811523,21.32200050354004,21.51799964904785,491996000
2022-03-16,24.454164505004883,24.496000289916992,24.597000122070312,23.172000885009766,23.5,671422000
2022-03-17,24.72370719909668,24.766000747680664,24.841999053955078,23.9060001373291,24.1200008392334,471941000
2022-03-18,26.40782356262207,26.452999114990234,26.569000244140625,24.624000549316406,24.798999786376953,730719000
2022-03-21,26.68834686279297,26.733999252319336,27.152000427246094,25.966999053955078,26.506999969482422,591727000
2022-03-22,26.47870445251465,26.52400016784668,27.238000869750977,26.07200050354004,26.726999282836914,547007000
2022-03-23,25.590225219726562,25.634000778198242,26.61199951171875,25.575000762939453,26.125999450683594,502120000
2022-03-24,28.1019287109375,28.149999618530273,28.31999969482422,25.906999588012695,26.166000366210938,877379000
2022-03-25,27.64470863342285,27.691999435424805,28.357999801635742,27.270999908447266,27.88599967956543,579016000
2022-03-28,28.170812606811523,28.2189998626709,28.25,27.20599937438965,27.756000518798828,425494000
2022-03-29,28.607067108154297,28.6560001373291,28.945999145507812,27.979999542236328,28.69499969482422,488984000
2022-03-30,27.642711639404297,27.690000534057617,28.496000289916992,27.503000259399414,28.304000854492188,463487000
2022-03-31,27.239404678344727,27.285999298095703,28.24799919128418,27.270000457763672,27.781999588012695,523440000
2022-04-01,26.666383743286133,26.711999893188477,27.496000289916992,26.267000198364258,27.375,517235000
2022-04-04,27.313276290893555,27.360000610351562,27.558000564575195,26.613000869750977,26.72800064086914,397120000
2022-04-05,25.886716842651367,25.930999755859375,27.319000244140625,25.81999969482422,27.253999710083008,436615000
2022-04-06,24.365320205688477,24.406999588012695,25.299999237060547,24.003000259399414,24.93400001525879,703833000
2022-04-07,24.166662216186523,24.20800018310547,24.722000122070312,23.47800064086914,24.44099998474121,557992000
2022-04-08,23.079519271850586,23.118999481201172,23.92300033569336,23.062000274658203,23.91699981689453,524781000
2022-04-11,21.87957000732422,21.91699981689453,22.31999969482422,21.65999984741211,22.214000701904297,575207000
2022-04-12,21.467273712158203,21.503999710083008,22.725000381469727,21.281999588012695,22.53700065612793,662258000
2022-04-13,22.165084838867188,22.202999114990234,22.5,21.454999923706055,21.72800064086914,516943000
2022-04-14,21.221694946289062,21.257999420166016,22.777000427246094,21.163000106811523,22.5049991607666,569097000
2022-04-18,21.745798110961914,21.783000946044922,22.08799934387207,21.07900047302246,21.200000762939453,525701000
2022-04-19,22.160091400146484,22.197999954223633,22.37299919128418,21.31399917602539,21.719999313354492,512781000
2022-04-20,21.4453125,21.48200035095215,22.670000076293945,21.200000762939453,22.517000198364258,468974000
2022-04-21,20.148530960083008,20.183000564575195,22.392000198364258,20.0,21.708999633789062,656209000
2022-04-22,19.481670379638672,19.514999389648438,20.486000061035156,19.5,20.30299949645996,624713000
2022-04-25,19.868011474609375,19.902000427246094,19.94499969482422,19.09600067138672,19.20199966430664,641566000
2022-04-26,18.755916595458984,18.788000106811523,19.788000106811523,18.670000076293945,19.718000411987305,653143000
2022-04-27,18.383556365966797,18.415000915527344,19.16699981689453,18.290000915527344,18.597999572753906,499460000
2022-04-28,19.748214721679688,19.781999588012695,20.03700065612793,18.489999771118164,18.966999053955078,570327000
2022-04-29,18.515329360961914,18.547000885009766,20.128000259399414,18.517000198364258,19.402000427246094,500435000
2022-05-02,19.499645233154297,19.533000946044922,19.573999404907227,18.391000747680664,18.541000366210938,572049000
2022-05-03,19.56852149963379,19.601999282836914,19.825000762939453,19.132999420166016,19.399999618530273,475751000
2022-05-04,20.299280166625977,20.333999633789062,20.399999618530273,18.750999450683594,19.92300033569336,648855000
2022-05-05,18.811817169189453,18.8439998626709,19.924999237060547,18.5,19.867000579833984,626331000
2022-05-06,18.643104553222656,18.674999237060547,19.511999130249023,17.989999771118164,18.736000061035156,633297000
2022-05-09,16.921056747436523,16.950000762939453,18.2549991607666,16.82699966430664,18.034000396728516,644455000
2022-05-10,17.564952850341797,17.594999313354492,18.197999954223633,17.024999618530273,17.68899917602539,761474000
2022-05-11,16.601598739624023,16.6299991607666,17.753000259399414,16.56800079345703,17.347000122070312,670167000
2022-05-12,16.147377014160156,16.174999237060547,16.788000106811523,15.567000389099121,16.2189998626709,708728000
2022-05-13,17.67576026916504,17.70599937438965,17.92799949645996,16.593000411987305,16.788000106811523,670437000
2022-05-16,17.234514236450195,17.263999938964844,17.788000106811523,17.106000900268555,17.509000778198242,521446000
2022-05-17,18.145957946777344,18.177000045776367,18.371000289916992,17.634000778198242,18.073999404907227,585830000
2022-05-18,16.909072875976562,16.937999725341797,18.118000030517578,16.86400032043457,17.704999923706055,545161000
2022-05-19,17.094758987426758,17.124000549316406,17.687000274658203,16.733999252319336,16.937000274658203,621310000
2022-05-20,16.665489196777344,16.694000244140625,17.40999984741211,15.755000114440918,17.332000732421875,739105000
2022-05-23,16.869142532348633,16.898000717163086,16.915000915527344,16.179000854492188,16.27400016784668,639889000
2022-05-24,16.12640953063965,16.15399932861328,16.597000122070312,15.779999732971191,16.510000228881836,588550000
2022-05-25,16.94601058959961,16.975000381469727,17.111000061035156,16.0,16.020000457763672,781132000
2022-05-26,17.820512771606445,17.85099983215332,18.091999053955078,16.02199935913086,16.035999298095703,996575000
2022-05-27,18.77887725830078,18.81100082397461,18.881000518798828,18.100000381469727,18.18600082397461,738379000
2022-05-31,18.64011001586914,18.672000885009766,19.200000762939453,18.350000381469727,18.979999542236328,664100000
2022-06-01,18.288711547851562,18.31999969482422,19.05299949645996,18.121999740600586,18.724000930786133,544514000
2022-06-02,19.558544158935547,19.591999053955078,19.618999481201172,18.197999954223633,18.29199981689453,648656000
2022-06-03,18.688030242919922,18.719999313354492,19.332000732421875,18.52199935913086,19.082000732421875,598779000
2022-06-06,18.753917694091797,18.785999298095703,19.336999893188477,18.56399917602539,19.138999938964844,422406000
2022-06-07,18.893680572509766,18.926000595092773,19.0,18.187999725341797,18.472000122070312,388914000
2022-06-08,18.62009048461914,18.648000717163086,19.18000030517578,18.53499984741211,18.798999786376953,363252000
2022-06-09,18.02098846435547,18.04800033569336,18.933000564575195,18.041000366210938,18.481000900268555,395574000
2022-06-10,16.948596954345703,16.974000930786133,17.69700050354004,16.868999481201172,17.600000381469727,465248000
2022-06-13,15.623580932617188,15.647000312805176,16.312000274658203,15.605999946594238,16.0,604153000
2022-06-14,15.812298774719238,15.836000442504883,16.06599998474121,15.411999702453613,15.730999946594238,469680000
2022-06-15,16.502262115478516,16.527000427246094,16.868000030517578,15.925999641418457,16.094999313354492,563936000
2022-06-16,15.57765007019043,15.60099983215332,15.942000389099121,15.401000022888184,15.859999656677246,545749000
2022-06-17,15.856232643127441,15.880000114440918,15.994999885559082,15.32800006866455,15.64799976348877,630334000
2022-06-21,16.54120445251465,16.56599998474121,17.007999420166016,16.406999588012695,16.475000381469727,483089000
2022-06-22,16.335512161254883,16.360000610351562,16.66200065612793,16.18000030517578,16.22599983215332,437135000
2022-06-23,16.200714111328125,16.225000381469727,16.584999084472656,15.852999687194824,16.518999099731445,463680000
2022-06-24,17.100364685058594,17.125999450683594,17.139999389648438,16.309999465942383,16.5,472153000
2022-06-27,16.84375,16.868999481201172,17.329999923706055,16.625999450683594,17.312000274658203,427968000
2022-06-28,15.95807933807373,15.982000350952148,17.20199966430664,15.944999694824219,16.899999618530273,461149000
2022-06-29,15.51873779296875,15.541999816894531,15.819999694824219,15.170000076293945,15.814000129699707,482352000
2022-06-30,15.136311531066895,15.159000396728516,15.567000389099121,14.862000465393066,15.361000061035156,686070000
2022-07-01,14.501264572143555,14.52299976348877,15.062999725341797,14.392000198364258,14.89900016784668,577610000
2022-07-05,14.941603660583496,14.96399974822998,14.970999717712402,14.055000305175781,14.175000190734863,651397000
2022-07-06,15.107356071472168,15.130000114440918,15.319000244140625,14.788999557495117,15.010000228881836,529066000
2022-07-07,15.834264755249023,15.857999801635742,15.944999694824219,15.388999938964844,15.456000328063965,492903000
2022-07-08,15.814295768737793,15.838000297546387,16.03700065612793,15.388999938964844,15.430000305175781,467972000
2022-07-11,15.129323959350586,15.152000427246094,15.527000427246094,15.038000106811523,15.526000022888184,437321000
2022-07-12,15.059427261352539,15.081999778747559,15.430999755859375,14.876999855041504,15.267999649047852,458483000
2022-07-13,15.141304016113281,15.163999557495117,15.375,14.46500015258789,14.59000015258789,521918000
2022-07-14,15.348993301391602,15.371999740600586,15.472999572753906,14.727999687194824,15.107999801635742,456235000
2022-07-15,15.738408088684082,15.76200008392334,15.781999588012695,15.444999694824219,15.659000396728516,385935000
2022-07-18,16.076904296875,16.10099983215332,16.89699935913086,16.00200080871582,16.302000045776367,670517000
2022-07-19,16.966569900512695,16.992000579833984,17.110000610351562,16.172000885009766,16.486000061035156,702366000
2022-07-20,17.78034782409668,17.80699920654297,17.933000564575195,16.801000595092773,16.94700050354004,760538000
2022-07-21,18.02298355102539,18.049999237060547,18.143999099731445,17.545000076293945,17.885000228881836,557049000
2022-07-22,17.293079376220703,17.319000244140625,17.966999053955078,17.136999130249023,17.89299964904785,536671000
2022-07-25,16.998519897460938,17.02400016784668,17.124000549316406,16.64900016784668,17.018999099731445,480748000
2022-07-26,16.508255004882812,16.533000946044922,16.91900062561035,16.47800064086914,16.888999938964844,397865000
2022-07-27,17.763376235961914,17.790000915527344,17.93600082397461,16.913000106811523,17.031999588012695,569776000
2022-07-28,17.957082748413086,17.983999252319336,18.139999389648438,17.440000534057617,17.975000381469727,474646000
2022-07-29,18.13581657409668,18.163000106811523,18.243999481201172,17.691999435424805,17.812999725341797,435460000
2022-08-01,18.413402557373047,18.44099998474121,18.84600067138672,17.989999771118164,18.18199920654297,476469000
2022-08-02,18.498271942138672,18.525999069213867,18.937999725341797,18.091999053955078,18.121999740600586,489527000
2022-08-03,18.86471939086914,18.89299964904785,18.968000411987305,18.136999130249023,18.18400001525879,418146000
2022-08-04,19.186243057250977,19.21500015258789,19.27400016784668,18.760000228881836,18.849000930786133,409652000
2022-08-05,18.960580825805664,18.98900032043457,19.229000091552734,18.666000366210938,18.809999465942383,386068000
2022-08-08,17.766366958618164,17.792999267578125,18.23900032043457,17.242000579833984,17.50200080871582,981859000
2022-08-09,17.0604248046875,17.086000442504883,17.44700050354004,16.724000930786133,17.25200080871582,668263000
2022-08-10,18.069915771484375,18.097000122070312,18.118000030517578,17.316999435424805,17.697999954223633,597422000
2022-08-11,17.915143966674805,17.941999435424805,18.707000732421875,17.875999450683594,18.131000518798828,509327000
2022-08-12,18.68099594116211,18.708999633789062,18.718000411987305,17.952999114990234,18.15999984741211,478094000
2022-08-15,19.003517150878906,19.031999588012695,19.163999557495117,18.613000869750977,18.701000213623047,457666000
2022-08-16,18.850746154785156,18.878999710083008,19.142000198364258,18.500999450683594,18.920000076293945,451240000
2022-08-17,18.307558059692383,18.334999084472656,18.687999725341797,18.145000457763672,18.523000717163086,446799000
2022-08-18,18.74490737915039,18.773000717163086,18.864999771118164,18.183000564575195,18.301000595092773,415447000
2022-08-19,17.82228660583496,17.849000930786133,18.520000457763672,17.770000457763672,18.4060001373291,441588000
2022-08-22,17.008506774902344,17.034000396728516,17.558000564575195,16.965999603271484,17.489999771118164,409593000
2022-08-23,17.15528678894043,17.180999755859375,17.46500015258789,16.969999313354492,16.98900032043457,369986000
2022-08-24,17.196224212646484,17.222000122070312,17.4060001373291,16.895000457763672,17.011999130249023,522661000
2022-08-25,17.886192321777344,17.913000106811523,17.94700050354004,16.83300018310547,16.8439998626709,770691000
2022-08-26,16.23566436767578,16.260000228881836,17.923999786376953,16.23699951171875,17.85700035095215,769127000
2022-08-29,15.777351379394531,15.800999641418457,16.33799934387207,15.767000198364258,16.020000457763672,496132000
2022-08-30,15.44485092163086,15.468000411987305,16.038999557495117,15.182000160217285,15.960000038146973,530181000
2022-08-31,15.071410179138184,15.093999862670898,15.539999961853027,14.958999633789062,15.383999824523926,573710000
2022-09-01,13.91614055633545,13.937000274658203,14.380000114440918,13.270000457763672,14.208999633789062,1178865000
2022-09-02,13.626574516296387,13.647000312805176,14.170999526977539,13.590999603271484,14.100000381469727,743157000
2022-09-06,13.44484806060791,13.46500015258789,13.779000282287598,13.35099983215332,13.730999946594238,535751000
2022-09-07,13.697543144226074,13.71399974822998,13.838000297546387,13.345999717712402,13.562999725341797,512657000
2022-09-08,13.973211288452148,13.989999771118164,14.008000373840332,13.369000434875488,13.458999633789062,624873000
2022-09-09,14.369735717773438,14.38700008392334,14.473999977111816,14.12600040435791,14.156999588012695,486612000
2022-09-12,14.487594604492188,14.505000114440918,14.54699993133545,14.197999954223633,14.369000434875488,484159000
2022-09-13,13.115242958068848,13.130999565124512,13.92199993133545,13.098999977111816,13.802000045776367,714956000
2022-09-14,13.1122465133667,13.128000259399414,13.289999961853027,12.913000106811523,13.253999710083008,588507000
2022-09-15,12.91348648071289,12.928999900817871,13.232999801635742,12.789999961853027,13.015000343322754,523625000
2022-09-16,13.18216323852539,13.197999954223633,13.211999893188477,12.616999626159668,12.741999626159668,670751000
2022-09-19,13.365942001342773,13.381999969482422,13.463000297546387,13.010000228881836,13.01200008392334,569685000
2022-09-20,13.160189628601074,13.175999641418457,13.482999801635742,13.057000160217285,13.21500015258789,524818000
2022-09-21,13.245086669921875,13.26099967956543,14.031000137329102,13.109999656677246,13.213000297546387,807679000
2022-09-22,12.545927047729492,12.560999870300293,13.14900016784668,12.428000450134277,13.069999694824219,759162000
2022-09-23,12.500982284545898,12.515999794006348,12.611000061035156,12.256999969482422,12.420000076293945,663309000
2022-09-26,12.213327407836914,12.227999687194824,12.659000396728516,12.21399974822998,12.491000175476074,547343000
2022-09-27,12.398104667663574,12.413000106811523,12.736000061035156,12.258000373840332,12.506999969482422,553854000
2022-09-28,12.720718383789062,12.736000061035156,12.822999954223633,12.354000091552734,12.40999984741211,542414000
2022-09-29,12.205336570739746,12.220000267028809,12.5,11.946000099182129,12.447999954223633,532763000
2022-09-30,12.124434471130371,12.138999938964844,12.633000373840332,12.074999809265137,12.086999893188477,565638000
2022-10-03,12.49698543548584,12.51200008392334,12.678000450134277,12.104999542236328,12.347000122070312,547478000
2022-10-04,13.151200294494629,13.166999816894531,13.220000267028809,12.878999710083008,12.878999710083008,584182000
2022-10-05,13.19314956665039,13.208999633789062,13.321000099182129,12.621000289916992,12.91100025177002,507131000
2022-10-06,13.11424446105957,13.130000114440918,13.656000137329102,13.102999687194824,13.220000267028809,644157000
2022-10-07,12.06151008605957,12.076000213623047,12.670000076293945,12.022000312805176,12.505000114440918,672478000
2022-10-10,11.655996322631836,11.670000076293945,12.12399959564209,11.407999992370605,12.036999702453613,698699000
2022-10-11,11.572096824645996,11.586000442504883,11.845999717712402,11.282999992370605,11.560999870300293,667482000
2022-10-12,11.486202239990234,11.5,11.734999656677246,11.345000267028809,11.579000473022461,492590000
2022-10-13,11.945649147033691,11.960000038146973,12.07800006866455,10.812999725341797,10.970999717712402,850103000
2022-10-14,11.213528633117676,11.22700023651123,12.111000061035156,11.204000473022461,12.057000160217285,713432000
2022-10-17,11.873733520507812,11.887999534606934,11.947999954223633,11.517000198364258,11.517999649047852,580774000
2022-10-18,11.952638626098633,11.967000007629395,12.491999626159668,11.618000030517578,12.343999862670898,659362000
2022-10-19,12.036538124084473,12.050999641418457,12.350000381469727,11.833999633789062,11.878999710083008,523131000
2022-10-20,12.17936897277832,12.194000244140625,12.769000053405762,12.104999542236328,12.11299991607666,652398000
2022-10-21,12.451041221618652,12.465999603271484,12.498000144958496,11.88700008392334,12.097999572753906,609494000
2022-10-24,12.583882331848145,12.598999977111816,12.710000038146973,12.064000129699707,12.508000373840332,517457000
2022-10-25,13.245086669921875,13.26099967956543,13.300000190734863,12.663999557495117,12.694000244140625,505482000
2022-10-26,12.880524635314941,12.895999908447266,13.387999534606934,12.708000183105469,12.869000434875488,532953000
2022-10-27,13.160189628601074,13.175999641418457,13.838000297546387,13.121999740600586,13.630000114440918,583113000
2022-10-28,13.817399024963379,13.833999633789062,13.850000381469727,13.060999870300293,13.104000091552734,521040000
2022-10-31,13.480804443359375,13.496999740600586,13.838000297546387,13.29699993133545,13.777999877929688,486341000
2022-11-01,13.526747703552246,13.543000221252441,13.925000190734863,13.519000053405762,13.810999870300293,432817000
2022-11-02,13.203136444091797,13.218999862670898,14.210000038146973,13.211000442504883,13.850000381469727,672628000
2022-11-03,13.404894828796387,13.420999526977539,13.781000137329102,12.956000328063965,13.043000221252441,500065000
2022-11-04,14.139012336730957,14.156000137329102,14.229000091552734,13.696999549865723,13.986000061035156,612576000
2022-11-07,14.283839225769043,14.300999641418457,14.411999702453613,13.954000473022461,14.227999687194824,410061000
2022-11-08,14.584478378295898,14.60200023651123,14.890999794006348,14.215999603271484,14.800999641418457,595292000
2022-11-09,13.759469032287598,13.776000022888184,14.211000442504883,13.758999824523926,14.161999702453613,454414000
2022-11-10,15.731100082397461,15.75,15.77299976348877,14.54699993133545,14.800000190734863,700819000
2022-11-11,16.307409286499023,16.32699966430664,16.388999938964844,15.482000350952148,15.807000160217285,655487000
2022-11-14,16.275447845458984,16.295000076293945,16.540000915527344,15.92199993133545,16.218000411987305,527852000
2022-11-15,16.6460018157959,16.666000366210938,16.99799919128418,16.381999969482422,16.722000122070312,545876000
2022-11-16,15.890907287597656,15.90999984741211,16.36199951171875,15.873000144958496,16.16200065612793,649547000
2022-11-17,15.658188819885254,15.677000045776367,16.266000747680664,15.53499984741211,15.71500015258789,710894000
2022-11-18,15.390510559082031,15.409000396728516,16.00200080871582,15.119999885559082,15.965999603271484,492072000
2022-11-21,15.29861831665039,15.317000389099121,15.47700023651123,15.079999923706055,15.147000312805176,404739000
2022-11-22,16.018753051757812,16.038000106811523,16.058000564575195,15.121999740600586,15.32800006866455,472866000
2022-11-23,16.499176025390625,16.518999099731445,16.527000427246094,16.04800033569336,16.097999572753906,427241000
2022-11-25,16.250478744506836,16.270000457763672,16.48699951171875,16.172000885009766,16.31800079345703,167934000
2022-11-28,15.80800724029541,15.82699966430664,16.35700035095215,15.725000381469727,16.025999069213867,303741000
2022-11-29,15.620232582092285,15.638999938964844,15.932000160217285,15.520000457763672,15.82699966430664,298384000
2022-11-30,16.90701675415039,16.92300033569336,16.93000030517578,15.597000122070312,15.696999549865723,565298000
2022-12-01,17.118818283081055,17.135000228881836,17.264999389648438,16.635000228881836,16.999000549316406,470977000
2022-12-02,16.860063552856445,16.875999450683594,16.933000564575195,16.44499969482422,16.659000396728516,371389000
2022-12-05,16.594310760498047,16.610000610351562,16.9950008392334,16.472000122070312,16.679000854492188,352255000
2022-12-06,15.971901893615723,15.987000465393066,16.572999954223633,15.819000244140625,16.530000686645508,352694000
2022-12-07,16.104774475097656,16.1200008392334,16.18600082397461,15.666999816894531,15.772000312805176,372388000
2022-12-08,17.15278434753418,17.16900062561035,17.179000854492188,15.958999633789062,16.273000717163086,515456000
2022-12-09,16.984941482543945,17.000999450683594,17.58300018310547,16.975000381469727,17.15999984741211,465338000
2022-12-12,17.51844024658203,17.53499984741211,17.538000106811523,16.797000885009766,17.03700065612793,457328000
2022-12-13,18.054933547973633,18.07200050354004,18.790000915527344,17.711000442504883,18.5310001373291,656589000
2022-12-14,17.657310485839844,17.673999786376953,18.25200080871582,17.420000076293945,17.98699951171875,496888000
2022-12-15,16.935989379882812,16.95199966430664,17.31999969482422,16.700000762939453,17.145999908447266,478542000
2022-12-16,16.55535125732422,16.570999145507812,17.041000366210938,16.40999984741211,16.86400032043457,478232000
2022-12-19,16.238645553588867,16.253999710083008,16.608999252319336,16.145000457763672,16.57200050354004,354039000
2022-12-20,16.069807052612305,16.084999084472656,16.309999465942383,15.85200023651123,16.06399917602539,403260000
2022-12-21,16.48541259765625,16.500999450683594,16.62700080871582,16.101999282836914,16.11400032043457,325025000
2022-12-22,15.324514389038086,15.33899974822998,16.13800048828125,14.881999969482422,16.0939998626709,565045000
2022-12-23,15.191638946533203,15.206000328063965,15.33899974822998,14.883000373840332,15.196000099182129,349326000
2022-12-27,14.10766315460205,14.121000289916992,15.100000381469727,14.055999755859375,15.074000358581543,464902000
2022-12-28,14.022743225097656,14.03600025177002,14.26200008392334,13.883999824523926,13.927000045776367,351066000
2022-12-29,14.589207649230957,14.602999687194824,14.682999610900879,14.22700023651123,14.402000427246094,354923000
2022-12-30,14.600198745727539,14.61400032043457,14.628999710083008,14.232999801635742,14.333999633789062,310490000
2023-01-03,14.301478385925293,14.3149995803833,14.996000289916992,14.095999717712402,14.85099983215332,401277000
2023-01-04,14.735071182250977,14.74899959564209,14.852999687194824,14.241000175476074,14.567000389099121,431324000
2023-01-05,14.251526832580566,14.265000343322754,14.564000129699707,14.14799976348877,14.491000175476074,389168000
2023-01-06,14.844965934753418,14.859000205993652,15.010000228881836,14.034000396728516,14.473999977111816,405044000
2023-01-09,15.613241195678711,15.628000259399414,16.055999755859375,15.140999794006348,15.284000396728516,504231000
2023-01-10,15.893975257873535,15.909000396728516,15.961999893188477,15.472000122070312,15.506999969482422,384101000
2023-01-11,15.985888481140137,16.000999450683594,16.027999877929688,15.562999725341797,15.84000015258789,353285000
2023-01-12,16.495405197143555,16.51099967956543,16.636999130249023,15.491999626159668,16.100000381469727,551409000
2023-01-13,16.883039474487305,16.89900016784668,16.922000885009766,16.165000915527344,16.277999877929688,447287000
2023-01-17,17.685279846191406,17.70199966430664,17.72800064086914,16.89900016784668,16.89900016784668,511102000
2023-01-18,17.360586166381836,17.37700080871582,17.87299919128418,17.281999588012695,17.66699981689453,439624000
2023-01-19,16.749168395996094,16.764999389648438,17.19700050354004,16.731000900268555,17.035999298095703,452932000
2023-01-20,17.82215118408203,17.839000701904297,17.856000900268555,16.825000762939453,17.01099967956543,564967000
2023-01-23,19.174875259399414,19.19300079345703,19.2450008392334,17.81800079345703,18.06399917602539,655163000
2023-01-24,19.246803283691406,19.264999389648438,19.4950008392334,18.81999969482422,18.82699966430664,496204000
2023-01-25,19.304750442504883,19.322999954223633,19.3700008392334,18.579999923706055,18.913000106811523,449537000
2023-01-26,19.783296585083008,19.802000045776367,20.166000366210938,19.277999877929688,19.701000213623047,489535000
2023-01-27,20.345767974853516,20.364999771118164,20.628000259399414,19.405000686645508,19.461999893188477,542142000
2023-01-30,19.143903732299805,19.16200065612793,20.139999389648438,19.149999618530273,19.950000762939453,488611000
2023-01-31,19.5185489654541,19.53700065612793,19.687000274658203,18.950000762939453,19.170000076293945,498017000
2023-02-01,20.923219680786133,20.94300079345703,21.191999435424805,19.611000061035156,19.69099998474121,660477000
2023-02-02,21.688495635986328,21.708999633789062,21.948999404907227,20.700000762939453,21.0,564276000
2023-02-03,21.0800724029541,21.100000381469727,21.7450008392334,20.788999557495117,21.0,429366000
2023-02-06,21.06908416748047,21.089000701904297,21.56999969482422,20.785999298095703,20.805999755859375,452197000
2023-02-07,22.15205955505371,22.17300033569336,22.259000778198242,21.149999618530273,21.381999969482422,664150000
2023-02-08,22.184030532836914,22.204999923706055,22.878000259399414,22.007999420166016,22.386999130249023,559651000
2023-02-09,22.31590461730957,22.336999893188477,23.020000457763672,22.1200008392334,22.606000900268555,523876000
2023-02-10,21.244915008544922,21.264999389648438,22.077999114990234,20.81100082397461,21.690000534057617,550737000
2023-02-13,21.76742172241211,21.788000106811523,22.04800033569336,20.961999893188477,21.538000106811523,474919000
2023-02-14,22.949308395385742,22.97100067138672,23.048999786376953,21.365999221801758,21.577999114990234,675474000
2023-02-15,22.74249839782715,22.763999938964844,22.854999542236328,22.106000900268555,22.548999786376953,420575000
2023-02-16,21.981220245361328,22.00200080871582,22.549999237060547,21.927000045776367,22.132999420166016,412026000
2023-02-17,21.367799758911133,21.38800048828125,21.739999771118164,20.975000381469727,21.631000518798828,465888000
2023-02-21,20.6354923248291,20.655000686645508,21.493999481201172,20.618000030517578,21.0,410015000
2023-02-22,20.734397888183594,20.753999710083008,21.104000091552734,20.42099952697754,20.707000732421875,513184000
2023-02-23,23.64164924621582,23.663999557495117,23.88800048828125,23.024999618530273,23.440000534057617,1117995000
2023-02-24,23.264005661010742,23.285999298095703,23.474000930786133,22.94700050354004,23.225000381469727,589716000
2023-02-27,23.478801727294922,23.500999450683594,23.8799991607666,23.45400047302246,23.670000076293945,452994000
2023-02-28,23.194072723388672,23.215999603271484,23.825000762939453,23.20599937438965,23.371999740600586,455963000
2023-03-01,22.676563262939453,22.697999954223633,23.256000518798828,22.507999420166016,23.191999435424805,460026000
2023-03-02,23.29197883605957,23.31399917602539,23.3799991607666,22.43199920654297,22.488000869750977,389415000
2023-03-03,23.867435455322266,23.889999389648438,23.899999618530273,23.1299991607666,23.31999969482422,412393000
2023-03-06,23.531753540039062,23.554000854492188,24.24799919128418,23.48699951171875,23.891000747680664,437429000
2023-03-07,23.26995849609375,23.288000106811523,24.125,23.240999221801758,23.600000381469727,515154000
2023-03-08,24.16226577758789,24.180999755859375,24.200000762939453,23.423999786376953,23.48699951171875,513573000
2023-03-09,23.417842864990234,23.43600082397461,24.45400047302246,23.382999420166016,24.174999237060547,501257000
2023-03-10,22.94721031188965,22.96500015258789,23.62700080871582,22.72599983215332,23.409000396728516,474866000
2023-03-13,22.948209762573242,22.965999603271484,23.29800033569336,22.297000885009766,22.75200080871582,421890000
2023-03-14,24.044355392456055,24.062999725341797,24.2189998626709,23.459999084472656,23.496000289916992,474910000
2023-03-15,24.209228515625,24.22800064086914,24.285999298095703,23.360000610351562,23.76099967956543,524486000
2023-03-16,25.521211624145508,25.541000366210938,25.58799934387207,23.893999099731445,24.027000427246094,583253000
2023-03-17,25.70507049560547,25.725000381469727,26.39900016784668,25.667999267578125,25.98200035095215,848547000
2023-03-20,25.879932403564453,25.899999618530273,26.02400016784668,25.1299991607666,25.614999771118164,432747000
2023-03-21,26.178701400756836,26.198999404907227,26.392000198364258,25.381000518798828,26.18000030517578,547408000
2023-03-22,26.44748878479004,26.468000411987305,27.589000701904297,26.23699951171875,26.424999237060547,797295000
2023-03-23,27.169933319091797,27.19099998474121,27.499000549316406,26.690000534057617,27.114999771118164,564889000
2023-03-24,26.758251190185547,26.77899932861328,27.16699981689453,26.354999542236328,27.0310001373291,454920000
2023-03-27,26.510446548461914,26.5310001373291,27.0,26.364999771118164,26.836999893188477,361026000
2023-03-28,26.389537811279297,26.40999984741211,26.51300048828125,25.850000381469727,26.44700050354004,356104000
2023-03-29,26.96309471130371,26.983999252319336,27.077999114990234,26.597000122070312,26.825000762939453,393694000
2023-03-30,27.361783981323242,27.382999420166016,27.499000549316406,27.101999282836914,27.229000091552734,364516000
2023-03-31,27.75547981262207,27.777000427246094,27.833999633789062,27.104999542236328,27.139999389648438,433933000
2023-04-03,27.943334579467773,27.96500015258789,28.0,27.336000442504883,27.509000778198242,398716000
2023-04-04,27.431730270385742,27.452999114990234,28.0,27.30699920654297,27.965999603271484,368592000
2023-04-05,26.860172271728516,26.881000518798828,26.99799919128418,26.395000457763672,26.82900047302246,515015000
2023-04-06,27.016050338745117,27.03700065612793,27.079999923706055,26.427000045776367,26.583999633789062,397654000
2023-04-10,27.55763053894043,27.57900047302246,27.621000289916992,26.66900062561035,26.822999954223633,395279000
2023-04-11,27.14794921875,27.16900062561035,27.790000915527344,27.125999450683594,27.724000930786133,314378000
2023-04-12,26.474472045898438,26.4950008392334,27.468000411987305,26.447999954223633,27.3700008392334,446259000
2023-04-13,26.442501068115234,26.46299934387207,26.886999130249023,26.32900047302246,26.733999252319336,353615000
2023-04-14,26.737268447875977,26.757999420166016,26.882999420166016,26.219999313354492,26.503999710083008,395660000
2023-04-17,26.981077194213867,27.00200080871582,27.006000518798828,26.433000564575195,26.565000534057617,321471000
2023-04-18,27.645565032958984,27.66699981689453,28.110000610351562,27.35700035095215,27.533000946044922,604812000
2023-04-19,27.909358978271484,27.930999755859375,28.0,27.23200035095215,27.361000061035156,358660000
2023-04-20,27.08300018310547,27.104000091552734,28.030000686645508,27.0,27.67099952697754,427713000
2023-04-21,27.097986221313477,27.118999481201172,27.183000564575195,26.722000122070312,26.95199966430664,345103000
2023-04-24,27.02104949951172,27.04199981689453,27.365999221801758,26.67099952697754,27.01300048828125,339282000
2023-04-25,26.220672607421875,26.240999221801758,27.246999740600586,26.225000381469727,27.077999114990234,378527000
2023-04-26,26.935115814208984,26.95599937438965,27.329999923706055,26.704999923706055,27.00200080871582,406337000
2023-04-27,27.204904556274414,27.22599983215332,27.4950008392334,26.625,27.363000869750977,377161000
2023-04-28,27.727500915527344,27.749000549316406,27.757999420166016,27.070999145507812,27.225000381469727,292216000
2023-05-01,28.88759994506836,28.90999984741211,29.058000564575195,27.780000686645508,27.84000015258789,570329000
2023-05-02,28.188142776489258,28.209999084472656,28.836000442504883,28.08300018310547,28.68000030517578,402730000
2023-05-03,27.78046417236328,27.802000045776367,28.367000579833984,27.472000122070312,27.84000015258789,383387000
2023-05-04,27.540647506713867,27.562000274658203,27.858999252319336,27.239999771118164,27.650999069213867,321850000
2023-05-05,28.657777786254883,28.68000030517578,28.7549991607666,27.731000900268555,27.826000213623047,361494000
2023-05-08,29.1284122467041,29.150999069213867,29.219999313354492,28.350000381469727,28.52199935913086,344979000
2023-05-09,28.54886245727539,28.570999145507812,28.972999572753906,28.450000762939453,28.89900016784668,314869000
2023-05-10,28.862619400024414,28.885000228881836,29.113000869750977,28.461000442504883,29.0049991607666,369350000
2023-05-11,28.555858612060547,28.577999114990234,28.950000762939453,28.246000289916992,28.895999908447266,322149000
2023-05-12,28.318042755126953,28.34000015258789,28.780000686645508,28.04599952697754,28.52899932861328,274222000
2023-05-15,28.93056869506836,28.952999114990234,28.9689998626709,28.152000427246094,28.507999420166016,293926000
2023-05-16,29.19036293029785,29.21299934387207,29.8700008392334,28.832000732421875,28.840999603271484,449405000
2023-05-17,30.15461540222168,30.17799949645996,30.198999404907227,29.43000030517578,29.583999633789062,432535000
2023-05-18,31.653457641601562,31.67799949645996,31.827999114990234,30.31999969482422,30.40999984741211,748725000
2023-05-19,31.239776611328125,31.263999938964844,31.579999923706055,30.916000366210938,31.535999298095703,473908000
2023-05-22,31.151844024658203,31.176000595092773,31.520000457763672,30.68000030517578,30.900999069213867,372000000
2023-05-23,30.664220809936523,30.687999725341797,31.288000106811523,30.631000518798828,31.0,356253000
2023-05-24,30.514341354370117,30.538000106811523,30.60700035095215,29.805999755859375,30.209999084472656,721419000
2023-05-25,37.9505729675293,37.97999954223633,39.47999954223633,36.6349983215332,38.52299880981445,1543911000
2023-05-26,38.91582489013672,38.94599914550781,39.16999816894531,37.54999923706055,37.88999938964844,714397000
2023-05-30,40.079925537109375,40.111000061035156,41.9379997253418,39.94900131225586,40.595001220703125,923401000
2023-05-31,37.804683685302734,37.83399963378906,40.29499816894531,37.821998596191406,39.487998962402344,1002580000
2023-06-01,39.73918914794922,39.77000045776367,40.04999923706055,38.34000015258789,38.48899841308594,635873000
2023-06-02,39.29652786254883,39.32699966430664,40.5,39.05799865722656,40.09700012207031,482731000
2023-06-05,39.14065933227539,39.17100143432617,39.564998626708984,38.707000732421875,38.909000396728516,396094000
2023-06-06,38.62405014038086,38.65399932861328,39.15999984741211,38.14799880981445,38.83000183105469,388729000
2023-06-07,37.4498405456543,37.474998474121094,39.499000549316406,37.35599899291992,38.915000915527344,511998000
2023-06-08,38.48414993286133,38.5099983215332,38.86399841308594,37.505001068115234,37.7239990234375,417772000
2023-06-09,38.74396896362305,38.77000045776367,39.71099853515625,38.56700134277344,39.0369987487793,427717000
2023-06-12,39.45549011230469,39.481998443603516,39.529998779296875,38.61800003051758,39.20000076293945,388701000
2023-06-13,40.99445343017578,41.02199935913086,41.10100173950195,39.7400016784668,40.18600082397461,613208000
2023-06-14,42.968135833740234,42.99700164794922,43.0,40.551998138427734,40.82400131225586,740465000
2023-06-15,42.624366760253906,42.65299987792969,43.28900146484375,42.14699935913086,42.60200119018555,568622000
2023-06-16,42.663333892822266,42.69200134277344,43.72100067138672,42.6609992980957,43.45000076293945,655709000
2023-06-20,43.77859115600586,43.80799865722656,43.9900016784668,42.67399978637695,42.99800109863281,451153000
2023-06-21,43.01609802246094,43.04499816894531,43.6150016784668,42.08000183105469,43.500999450683594,551603000
2023-06-22,42.99611282348633,43.025001525878906,43.42599868774414,42.23400115966797,42.25299835205078,417737000
2023-06-23,42.180660247802734,42.20899963378906,42.808998107910156,42.01499938964844,42.4640007019043,358140000
2023-06-26,40.60472106933594,40.63199996948242,42.763999938964844,40.099998474121094,42.46099853515625,594322000
2023-06-27,41.84788131713867,41.875999450683594,41.939998626708984,40.448001861572266,40.79899978637695,462175000
2023-06-28,41.08940124511719,41.117000579833984,41.845001220703125,40.518001556396484,40.65999984741211,582639000
2023-06-29,40.794593811035156,40.821998596191406,41.599998474121094,40.599998474121094,41.55799865722656,380514000
2023-06-30,42.273597717285156,42.301998138427734,42.54999923706055,41.500999450683594,41.68000030517578,501148000
2023-07-03,42.384521484375,42.41299819946289,42.89799880981445,42.20199966430664,42.516998291015625,198209000
2023-07-05,42.28859329223633,42.31700134277344,43.176998138427734,42.084999084472656,42.1349983215332,323618000
2023-07-06,42.074737548828125,42.10300064086914,42.17900085449219,41.34600067138672,41.84400177001953,303582000
2023-07-07,42.474464416503906,42.50299835205078,43.2140007019043,42.18000030517578,42.321998596191406,355881000
2023-07-10,42.151676177978516,42.18000030517578,42.81100082397461,41.64899826049805,42.65700149536133,353908000
2023-07-11,42.376529693603516,42.404998779296875,42.757999420166016,42.06700134277344,42.48099899291992,298244000
2023-07-12,43.872520446777344,43.902000427246094,43.935001373291016,42.777000427246094,43.03300094604492,481277000
2023-07-13,45.94614028930664,45.97700119018555,46.154998779296875,44.492000579833984,44.518001556396484,478204000
2023-07-14,45.438472747802734,45.46900177001953,48.0880012512207,45.060001373291016,46.58300018310547,772075000
2023-07-17,46.42980194091797,46.46099853515625,46.49599838256836,45.262001037597656,46.28900146484375,510488000
2023-07-18,47.46210861206055,47.49399948120117,47.895999908447266,45.73400115966797,46.70100021362305,569164000
2023-07-19,47.04539489746094,47.07699966430664,47.81800079345703,46.742000579833984,47.4640007019043,427502000
2023-07-20,45.48944091796875,45.52000045776367,47.08700180053711,45.0620002746582,46.50699996948242,537865000
2023-07-21,44.27924728393555,44.308998107910156,45.86600112915039,44.099998474121094,45.78799819946289,963769000
2023-07-24,44.582054138183594,44.61199951171875,45.10900115966797,44.040000915527344,44.73099899291992,382516000
2023-07-25,45.64833450317383,45.67900085449219,46.18299865722656,44.92300033569336,44.941001892089844,348081000
2023-07-26,45.421485900878906,45.45199966430664,46.053001403808594,44.630001068115234,46.020999908447266,364237000
2023-07-27,45.869178771972656,45.900001525878906,47.39500045776367,45.75,46.51900100708008,455976000
2023-07-28,46.71861267089844,46.75,47.027000427246094,46.38100051879883,46.667999267578125,331194000
2023-07-31,46.6976203918457,46.729000091552734,47.130001068115234,46.50600051879883,46.75400161743164,251055000
2023-08-01,46.47576904296875,46.50699996948242,46.900001525878906,46.027000427246094,46.459999084472656,237858000
2023-08-02,44.239280700683594,44.26900100708008,45.84000015258789,43.387001037597656,45.83100128173828,530142000
2023-08-03,44.485111236572266,44.51499938964844,45.11800003051758,43.79999923706055,43.79999923706055,324176000
2023-08-04,44.65000534057617,44.68000030517578,45.641998291015625,44.393001556396484,44.98500061035156,362666000
2023-08-07,45.386512756347656,45.41699981689453,45.540000915527344,44.5629997253418,45.111000061035156,322154000
2023-08-08,44.63401794433594,44.66400146484375,45.242000579833984,44.055999755859375,44.85300064086914,353843000
2023-08-09,42.525428771972656,42.55400085449219,44.3120002746582,42.13399887084961,44.27399826049805,586449000
2023-08-10,42.35954284667969,42.38800048828125,43.57400131225586,41.834999084472656,42.15999984741211,492705000
2023-08-11,40.82756805419922,40.85499954223633,42.018001556396484,40.638999938964844,41.750999450683594,533085000
2023-08-14,43.72362518310547,43.75299835205078,43.79999923706055,40.31100082397461,40.486000061035156,690286000
2023-08-15,43.910499572753906,43.939998626708984,45.268001556396484,43.709999084472656,44.560001373291016,676512000
2023-08-16,43.45680618286133,43.486000061035156,44.67499923706055,43.40599822998047,44.52000045776367,527451000
2023-08-17,43.31489562988281,43.34400177001953,44.0620002746582,43.000999450683594,43.970001220703125,452395000
2023-08-18,43.26992416381836,43.29899978637695,43.577999114990234,41.65999984741211,42.6349983215332,583768000
2023-08-21,46.93546676635742,46.96699905395508,47.064998626708984,44.22200012207031,44.49399948120117,692573000
2023-08-22,45.63733673095703,45.667999267578125,48.1870002746582,45.33300018310547,48.1349983215332,755293000
2023-08-23,47.08436584472656,47.11600112915039,47.20000076293945,45.20800018310547,45.86600112915039,779046000
2023-08-24,47.13132858276367,47.16299819946289,50.26599884033203,47.159000396728516,50.215999603271484,1156044000
2023-08-25,45.98710632324219,46.018001556396484,47.80500030517578,45.02399826049805,47.012001037597656,925341000
2023-08-28,46.803550720214844,46.834999084472656,46.97999954223633,44.88800048828125,46.481998443603516,685192000
2023-08-29,48.751243591308594,48.784000396728516,49.08100128173828,46.39099884033203,46.66600036621094,701397000
2023-08-30,49.23093032836914,49.263999938964844,49.926998138427734,48.42499923706055,49.04399871826172,735206000
2023-08-31,49.321868896484375,49.35499954223633,49.74399948120117,48.95800018310547,49.380001068115234,528570000
2023-09-01,48.47643280029297,48.50899887084961,49.79999923706055,48.141998291015625,49.762001037597656,463830000
2023-09-05,48.515403747558594,48.54800033569336,48.85100173950195,47.86000061035156,48.222999572753906,382653000
2023-09-06,47.03327941894531,47.06100082397461,48.54899978637695,46.58000183105469,48.441001892089844,468670000
2023-09-07,46.21376419067383,46.24100112915039,46.34400177001953,45.152000427246094,45.525001525878906,433330000
2023-09-08,45.54515075683594,45.571998596191406,46.60599899291992,45.270999908447266,45.94200134277344,473069000
2023-09-11,45.15139389038086,45.178001403808594,46.16299819946289,44.3120002746582,46.14799880981445,473966000
2023-09-12,44.843563079833984,44.869998931884766,45.67300033569336,44.53099822998047,44.737998962402344,349256000
2023-09-13,45.45820617675781,45.48500061035156,45.93000030517578,44.50299835205078,44.599998474121094,398355000
2023-09-14,45.55415344238281,45.58100128173828,45.98699951171875,45.13100051879883,45.95000076293945,370097000
2023-09-15,43.87413787841797,43.900001525878906,45.5989990234375,43.80799865722656,45.340999603271484,506831000
2023-09-18,43.940101623535156,43.965999603271484,44.242000579833984,42.0,42.74800109863281,500271000
2023-09-19,43.494361877441406,43.52000045776367,43.965999603271484,43.00199890136719,43.83300018310547,373064000
2023-09-20,42.21411895751953,42.23899841308594,43.90299987792969,42.222999572753906,43.599998474121094,367108000
2023-09-21,40.99283218383789,41.016998291015625,42.099998474121094,40.97999954223633,41.58300018310547,450736000
2023-09-22,41.58549118041992,41.61000061035156,42.1150016784668,41.23099899291992,41.571998596191406,479236000
2023-09-25,42.19712448120117,42.22200012207031,42.5359992980957,41.176998138427734,41.590999603271484,419091000
2023-09-26,41.88631057739258,41.9109992980957,42.81999969482422,41.654998779296875,42.000999450683594,402282000
2023-09-27,42.4429817199707,42.46799850463867,42.87200164794922,41.62900161743164,42.33000183105469,444935000
2023-09-28,43.06361770629883,43.0890007019043,43.44599914550781,42.1150016784668,42.459999084472656,424663000
2023-09-29,43.4733772277832,43.499000549316406,44.14400100708008,43.30699920654297,43.82699966430664,397830000
2023-10-02,44.755619049072266,44.78200149536133,45.17499923706055,43.861000061035156,44.029998779296875,433298000
2023-10-03,43.49135971069336,43.516998291015625,45.130001068115234,43.24599838256836,44.80799865722656,470850000
2023-10-04,44.01505661010742,44.04100036621094,44.143001556396484,43.29199981689453,43.742000579833984,361821000
2023-10-05,44.661678314208984,44.6879997253418,44.900001525878906,43.88800048828125,44.04999923706055,393483000
2023-10-06,45.73504638671875,45.762001037597656,45.78900146484375,44.0260009765625,44.19300079345703,434436000
2023-10-09,45.246337890625,45.27299880981445,45.60499954223633,44.36800003051758,44.84199905395508,409675000
2023-10-10,45.771018981933594,45.79800033569336,46.25899887084961,45.0880012512207,45.310001373291016,368582000
2023-10-11,46.778438568115234,46.805999755859375,46.85900115966797,46.04999923706055,46.19599914550781,378137000
2023-10-12,46.91734313964844,46.94499969482422,47.60900115966797,46.33000183105469,46.777000427246094,481325000
2023-10-13,45.43421936035156,45.46099853515625,47.11600112915039,45.279998779296875,46.959999084472656,474115000
2023-10-16,46.06785202026367,46.095001220703125,46.224998474121094,44.9119987487793,45.0629997253418,375099000
2023-10-17,43.9121208190918,43.9379997253418,44.75400161743164,42.47999954223633,44.0,812333000
2023-10-18,42.171146392822266,42.19599914550781,43.21900177001953,41.82500076293945,42.590999603271484,627294000
2023-10-19,42.076202392578125,42.10100173950195,43.297000885009766,41.88199996948242,42.81100082397461,501233000
2023-10-20,41.36262130737305,41.387001037597656,42.470001220703125,41.077999114990234,41.88999938964844,477266000
2023-10-23,42.94968795776367,42.974998474121094,43.24800109863281,40.94499969482422,41.229000091552734,478530000
2023-10-24,43.63727569580078,43.66299819946289,43.696998596191406,42.691001892089844,43.07699966430664,401463000
2023-10-25,41.75438690185547,41.77899932861328,43.650001525878906,41.55500030517578,43.39799880981445,398379000
2023-10-26,40.30224609375,40.32600021362305,42.25600051879883,39.880001068115234,41.85300064086914,541001000
2023-10-27,40.47614669799805,40.5,41.20600128173828,40.01499938964844,41.130001068115234,416784000
2023-10-30,41.136756896972656,41.1609992980957,41.76599884033203,40.48099899291992,41.08700180053711,388028000
2023-10-31,40.7559814453125,40.779998779296875,40.87900161743164,39.22999954223633,40.45000076293945,517969000
2023-11-01,42.30007553100586,42.32500076293945,42.38100051879883,40.86899948120117,40.88399887084961,437593000
2023-11-02,43.48037338256836,43.50600051879883,43.88399887084961,42.89400100708008,43.327999114990234,409172000
2023-11-03,44.97848892211914,45.005001068115234,45.308998107910156,43.722999572753906,44.02000045776367,424610000
2023-11-06,45.72404861450195,45.750999450683594,45.935001373291016,44.89899826049805,45.28499984741211,400733000
2023-11-07,45.92792892456055,45.95500183105469,46.21799850463867,45.15800094604492,45.71900177001953,343165000
2023-11-08,46.54656982421875,46.57400131225586,46.867000579833984,45.96799850463867,46.099998474121094,346719000
2023-11-09,46.922340393066406,46.95000076293945,48.22999954223633,46.75,47.46699905395508,540496000
2023-11-10,48.30652618408203,48.334999084472656,48.47200012207031,47.28300094604492,47.5,421245000
2023-11-13,48.59136199951172,48.619998931884766,49.11600112915039,48.0989990234375,48.31999969482422,384136000
2023-11-14,49.626747131347656,49.65599822998047,49.83399963378906,49.040000915527344,49.68000030517578,416954000
2023-11-15,48.85920333862305,48.88800048828125,49.959999084472656,48.20000076293945,49.935001373291016,475497000
2023-11-16,49.45085525512695,49.47999954223633,49.525001525878906,48.33000183105469,48.67900085449219,339756000
2023-11-17,49.26896667480469,49.29800033569336,49.71699905395508,49.00699996948242,49.52399826049805,325205000
2023-11-20,50.37930679321289,50.409000396728516,50.54800033569336,49.180999755859375,49.3120002746582,414120000
2023-11-21,49.91457748413086,49.944000244140625,50.516998291015625,49.22200012207031,50.125999450683594,565747000
2023-11-22,48.68730545043945,48.715999603271484,50.334999084472656,47.689998626708984,49.85200119018555,899420000
2023-11-24,47.74785614013672,47.7760009765625,48.92100143432617,47.744998931884766,48.470001220703125,294645000
2023-11-27,48.21358108520508,48.242000579833984,48.529998779296875,47.652000427246094,47.79999923706055,395662000
2023-11-28,47.7928352355957,47.82099914550781,48.323001861572266,47.472999572753906,48.236000061035156,401491000
2023-11-29,48.11164474487305,48.13999938964844,48.762001037597656,47.86000061035156,48.37900161743164,382005000
2023-11-30,46.7424430847168,46.77000045776367,48.11000061035156,46.422000885009766,48.02399826049805,526247000
2023-12-01,46.737457275390625,46.76499938964844,47.20000076293945,46.1870002746582,46.525001525878906,369317000
2023-12-04,45.48319625854492,45.5099983215332,46.07699966430664,45.0099983215332,46.07699966430664,437543000
2023-12-05,46.54266357421875,46.566001892089844,46.599998474121094,45.270999908447266,45.465999603271484,371718000
2023-12-06,45.48019790649414,45.50299835205078,47.387001037597656,45.4119987487793,47.21500015258789,380590000
2023-12-07,46.57265090942383,46.59600067138672,46.62900161743164,45.604000091552734,45.70000076293945,350823000
2023-12-08,47.48219299316406,47.50600051879883,47.74100112915039,46.54999923706055,46.595001220703125,359224000
2023-12-11,46.60363006591797,46.62699890136719,47.53099822998047,45.83000183105469,47.49100112915039,509728000
2023-12-12,47.633113861083984,47.65700149536133,47.66600036621094,46.04600143432617,46.04600143432617,372387000
2023-12-13,48.063907623291016,48.0880012512207,48.59400177001953,47.608001708984375,47.62900161743164,447792000
2023-12-14,48.325767517089844,48.349998474121094,48.66999816894531,47.422000885009766,48.38999938964844,391232000
2023-12-15,48.86549758911133,48.88999938964844,49.40399932861328,48.119998931884766,48.194000244140625,479948000
2023-12-18,50.05189895629883,50.07699966430664,50.43299865722656,49.150001525878906,49.400001525878906,412587000
2023-12-19,49.57913589477539,49.604000091552734,49.70000076293945,48.89500045776367,49.42399978637695,464444000
2023-12-20,48.086883544921875,48.111000061035156,49.999000549316406,48.097999572753906,49.654998779296875,397894000
2023-12-21,48.965450286865234,48.9900016784668,49.095001220703125,48.41899871826172,48.81100082397461,300425000
2023-12-22,48.8055305480957,48.83000183105469,49.382999420166016,48.46699905395508,49.19499969482422,252507000
2023-12-26,49.25429916381836,49.27899932861328,49.599998474121094,48.959999084472656,48.96799850463867,244200000
2023-12-27,49.392234802246094,49.41699981689453,49.68000030517578,49.084999084472656,49.51100158691406,233648000
2023-12-28,49.4971809387207,49.52199935913086,49.88399887084961,49.4119987487793,49.643001556396484,246587000
2023-12-29,49.4971809387207,49.52199935913086,49.99700164794922,48.750999450683594,49.8129997253418,389293000
2024-01-02,48.143856048583984,48.167999267578125,49.29499816894531,47.595001220703125,49.24399948120117,411254000
2024-01-03,47.54515838623047,47.569000244140625,48.183998107910156,47.31999969482422,47.48500061035156,320896000
2024-01-04,47.97394561767578,47.99800109863281,48.5,47.507999420166016,47.766998291015625,306535000
2024-01-05,49.0723876953125,49.09700012207031,49.547000885009766,48.305999755859375,48.46200180053711,415039000
2024-01-08,52.226810455322266,52.25299835205078,52.275001525878906,49.479000091552734,49.512001037597656,642510000
2024-01-09,53.11336898803711,53.13999938964844,54.32500076293945,51.689998626708984,52.4010009765625,773100000
2024-01-10,54.3227653503418,54.349998474121094,54.599998474121094,53.48899841308594,53.61600112915039,533796000
2024-01-11,54.79452133178711,54.821998596191406,55.34600067138672,53.560001373291016,54.999000549316406,596759000
2024-01-12,54.68257522583008,54.709999084472656,54.970001220703125,54.33000183105469,54.619998931884766,352994000
2024-01-16,56.35374450683594,56.38199996948242,56.834999084472656,54.900001525878906,55.018001556396484,449580000
2024-01-17,56.0249137878418,56.053001403808594,56.47100067138672,54.7400016784668,56.34700012207031,474394000
2024-01-18,57.07837677001953,57.106998443603516,57.599998474121094,56.106998443603516,57.2599983215332,491650000
2024-01-19,59.46118927001953,59.49100112915039,59.5,57.224998474121094,57.98899841308594,543501000
2024-01-22,59.624107360839844,59.65399932861328,60.33100128173828,59.06999969482422,60.04899978637695,452955000
2024-01-23,59.842994689941406,59.87300109863281,59.90999984741211,58.584999084472656,59.56999969482422,294654000
2024-01-24,61.33124542236328,61.36199951171875,62.8489990234375,59.9379997253418,60.30400085449219,560271000
2024-01-25,61.586124420166016,61.617000579833984,62.71900177001953,60.849998474121094,62.349998474121094,482777000
2024-01-26,61.00041198730469,61.03099822998047,61.78300094604492,60.573001861572266,60.959999084472656,390309000
2024-01-29,62.43369674682617,62.46500015258789,62.48899841308594,60.90700149536133,61.231998443603516,348733000
2024-01-30,62.74253845214844,62.77399826049805,63.49300003051758,62.2599983215332,62.900001525878906,410735000
2024-01-31,61.49617004394531,61.527000427246094,62.26900100708008,60.70000076293945,61.439998626708984,453795000
2024-02-01,62.99541473388672,63.027000427246094,63.191001892089844,61.650001525878906,62.099998474121094,369146000
2024-02-02,66.12684631347656,66.16000366210938,66.5999984741211,63.689998626708984,63.9739990234375,476578000
2024-02-05,69.29725646972656,69.33200073242188,69.49700164794922,67.20500183105469,68.2249984741211,680078000
2024-02-06,68.18881225585938,68.2229995727539,69.75399780273438,66.30000305175781,69.62999725341797,683111000
2024-02-07,70.0638656616211,70.0989990234375,70.22000122070312,67.5999984741211,68.31900024414062,495575000
2024-02-08,69.6061019897461,69.64099884033203,70.79399871826172,69.45500183105469,70.0739974975586,414422000
2024-02-09,72.09685516357422,72.13300323486328,72.18499755859375,70.21199798583984,70.53299713134766,436637000
2024-02-12,72.21178436279297,72.24800109863281,74.61100006103516,71.25,72.5999984741211,613710000
2024-02-13,72.09186553955078,72.12799835205078,73.44999694824219,69.62000274658203,70.4000015258789,602580000
2024-02-14,73.86296844482422,73.9000015258789,74.23600006103516,71.93800354003906,73.2020034790039,504917000
2024-02-15,72.62158203125,72.65799713134766,73.9749984741211,72.4000015258789,73.86900329589844,420122000
2024-02-16,72.57661437988281,72.61299896240234,74.4020004272461,72.5009994506836,74.0999984741211,495327000
2024-02-20,69.41720581054688,69.4520034790039,71.95600128173828,67.73400115966797,71.9469985961914,704833000
2024-02-21,67.43819427490234,67.47200012207031,68.88800048828125,66.24800109863281,68.00599670410156,673755000
2024-02-22,78.49864196777344,78.53800201416016,78.57499694824219,74.22000122070312,75.0250015258789,865100000
2024-02-23,78.77751159667969,78.81700134277344,82.39399719238281,77.56999969482422,80.79000091552734,829388000
2024-02-26,79.0523681640625,79.09200286865234,80.64600372314453,78.50499725341797,79.69999694824219,503973000
2024-02-27,78.66155242919922,78.70099639892578,79.4800033569336,77.16200256347656,79.38099670410156,391705000
2024-02-28,77.62407684326172,77.66300201416016,78.93299865722656,77.125,77.62000274658203,393110000
2024-02-29,79.07235717773438,79.11199951171875,79.98999786376953,78.3499984741211,79.09400177001953,507289000
2024-03-01,82.23776245117188,82.27899932861328,82.30000305175781,79.43499755859375,80.0,479135000
2024-03-04,85.19428253173828,85.23699951171875,87.69499969482422,83.71900177001953,84.12999725341797,615616000
2024-03-05,85.9249496459961,85.96399688720703,86.09700012207031,83.41699981689453,85.2699966430664,520639000
2024-03-06,88.65970611572266,88.69999694824219,89.7239990234375,87.02999877929688,88.02200317382812,582520000
2024-03-07,92.62689971923828,92.66899871826172,92.76699829101562,89.60199737548828,90.15799713134766,608119000
2024-03-08,87.48823547363281,87.52799987792969,97.4000015258789,86.50599670410156,95.13800048828125,1142269000
2024-03-11,85.73503875732422,85.77400207519531,88.7969970703125,84.16600036621094,86.42900085449219,678364000
2024-03-12,91.87124633789062,91.91300201416016,91.95999908447266,86.1500015258789,88.04900360107422,668075000
2024-03-13,90.84671020507812,90.88800048828125,91.50399780273438,88.43499755859375,91.05500030517578,635713000
2024-03-14,87.904052734375,87.94400024414062,90.64600372314453,86.5999984741211,89.5770034790039,602318000
2024-03-15,87.7970962524414,87.83699798583984,89.5459976196289,86.25700378417969,86.93000030517578,642086000
2024-03-18,88.4148178100586,88.45500183105469,92.40499877929688,87.08499908447266,90.38800048828125,668976000
2024-03-19,89.35739135742188,89.39800262451172,90.54399871826172,85.01000213623047,86.69999694824219,672171000
2024-03-20,90.33094024658203,90.37200164794922,90.41000366210938,88.2229995727539,89.7969970703125,479063000
2024-03-21,91.39346313476562,91.43499755859375,92.64800262451172,90.40499877929688,92.30000305175781,480372000
2024-03-22,94.24616241455078,94.28900146484375,94.77799987792969,90.83399963378906,91.14099884033203,586719000
2024-03-25,94.9588394165039,95.00199890136719,96.76599884033203,93.51000213623047,93.94100189208984,552136000
2024-03-26,92.5189437866211,92.56099700927734,96.375,92.50199890136719,95.85099792480469,513648000
2024-03-27,90.20899963378906,90.25,93.23999786376953,89.12300109863281,93.11199951171875,586067000
2024-03-28,90.31495666503906,90.35600280761719,91.30000305175781,89.19300079345703,90.0,435212000
2024-04-01,90.32194519042969,90.36299896240234,92.2249984741211,89.2040023803711,90.29900360107422,452441000
2024-04-02,89.41136169433594,89.4520034790039,90.09400177001953,87.62000274658203,88.447998046875,433064000
2024-04-03,88.92359161376953,88.96399688720703,90.3740005493164,88.4000015258789,88.48400115966797,370067000
2024-04-04,85.865966796875,85.90499877929688,90.63400268554688,85.87999725341797,90.40599822998047,434965000
2024-04-05,87.96802520751953,88.00800323486328,88.48100280761719,85.9260025024414,86.86599731445312,399678000
2024-04-08,87.09341430664062,87.13300323486328,88.83000183105469,86.73200225830078,88.69999694824219,283220000
2024-04-09,85.3152084350586,85.35399627685547,87.63500213623047,83.02200317382812,87.44200134277344,501700000
2024-04-10,86.99945831298828,87.03900146484375,87.4000015258789,83.70899963378906,83.9260025024414,431929000
2024-04-11,90.57483673095703,90.61599731445312,90.73899841308594,86.9260025024414,87.41999816894531,431637000
2024-04-12,88.14594268798828,88.18599700927734,90.17500305175781,87.52999877929688,89.6989974975586,426805000
2024-04-15,85.96192169189453,86.0009994506836,90.61299896240234,85.92900085449219,89.0979995727539,443077000
2024-04-16,87.37528228759766,87.41500091552734,88.11799621582031,86.06400299072266,86.43299865722656,370453000
2024-04-17,83.996826171875,84.03500366210938,88.7750015258789,83.94999694824219,88.33999633789062,495400000
2024-04-18,84.63253021240234,84.6709976196289,86.19000244140625,82.4020004272461,84.97000122070312,447260000
2024-04-19,76.16537475585938,76.19999694824219,84.3239974975586,75.60600280761719,83.1500015258789,875198000
2024-04-22,79.48188018798828,79.51799774169922,80.072998046875,76.4000015258789,78.10399627685547,596341000
2024-04-23,82.38555145263672,82.4229965209961,82.76899719238281,80.26399993896484,80.76899719238281,438559000
2024-04-24,79.64080810546875,79.677001953125,84.08200073242188,79.18299865722656,83.94999694824219,512208000
2024-04-25,82.59447479248047,82.63200378417969,83.322998046875,78.2229995727539,78.86799621582031,424641000
2024-04-26,87.69514465332031,87.73500061035156,88.33100128173828,83.38700103759766,83.81800079345703,551011000
2024-04-29,87.7171401977539,87.75700378417969,87.99199676513672,85.26599884033203,87.59500122070312,388971000
2024-04-30,86.36276245117188,86.4020004272461,88.81900024414062,86.30000305175781,87.23999786376953,363709000
2024-05-01,83.0032730102539,83.04100036621094,86.0,81.25499725341797,85.0770034790039,559863000
2024-05-02,85.77801513671875,85.81700134277344,86.23699951171875,83.19999694824219,84.4489974975586,377898000
2024-05-03,88.74866485595703,88.78900146484375,89.28099822998047,87.04000091552734,87.78900146484375,398341000
2024-05-06,92.09812927246094,92.13999938964844,92.22000122070312,89.05500030517578,89.38999938964844,376203000
2024-05-07,90.51285552978516,90.55400085449219,91.78099822998047,89.01100158691406,91.0979995727539,437342000
2024-05-08,90.37093353271484,90.41200256347656,91.19400024414062,89.41999816894531,89.48300170898438,325721000
2024-05-09,88.70668029785156,88.74700164794922,91.0719985961914,88.23100280761719,90.52899932861328,378013000
2024-05-10,89.83717346191406,89.87799835205078,91.4010009765625,89.22699737548828,90.30500030517578,335325000
2024-05-13,90.3579330444336,90.39900207519531,90.99800109863281,88.52899932861328,90.47799682617188,289680000
2024-05-14,91.31450653076172,91.35600280761719,91.6510009765625,88.93399810791016,89.5989990234375,296507000
2024-05-15,94.5870132446289,94.62999725341797,94.86199951171875,91.5989990234375,92.47200012207031,417735000
2024-05-16,94.31613159179688,94.35900115966797,95.81900024414062,94.10299682617188,94.91000366210938,323952000
2024-05-17,92.43698120117188,92.47899627685547,94.73999786376953,91.80599975585938,94.36900329589844,359691000
2024-05-20,94.73694610595703,94.77999877929688,95.19999694824219,93.44000244140625,93.75,318764000
2024-05-21,95.34266662597656,95.38600158691406,95.4000015258789,93.18000030517578,93.5989990234375,328946000
2024-05-22,94.90686798095703,94.94999694824219,96.0199966430664,93.2490005493164,95.45899963378906,548648000
2024-05-23,103.7518539428711,103.79900360107422,106.31999969482422,101.5199966430664,102.02799987792969,835065000
2024-05-24,106.42063903808594,106.46900177001953,106.4749984741211,103.0,104.4489974975586,429494000
2024-05-28,113.84925842285156,113.9010009765625,114.93900299072266,109.88300323486328,110.24400329589844,652728000
2024-05-29,114.77283477783203,114.82499694824219,115.49199676513672,110.9010009765625,113.05000305175781,557442000
2024-05-30,110.44979858398438,110.5,115.81900024414062,109.66300201416016,114.6500015258789,484553000
2024-05-31,109.58319854736328,109.63300323486328,112.71700286865234,106.94000244140625,112.5199966430664,613263000
2024-06-03,114.94775390625,115.0,115.0,112.00299835205078,113.62100219726562,438392000
2024-06-04,116.38410186767578,116.43699645996094,116.5999984741211,114.04499816894531,115.71600341796875,403324000
2024-06-05,122.3843765258789,122.44000244140625,122.4489974975586,117.46800231933594,118.37100219726562,528402000
2024-06-06,120.94304656982422,120.99800109863281,125.58699798583984,118.31999969482422,124.0479965209961,664696000
2024-06-07,120.83308410644531,120.88800048828125,121.69200134277344,118.02200317382812,119.7699966430664,412386000
2024-06-10,121.73467254638672,121.79000091552734,123.0999984741211,117.01000213623047,120.37000274658203,313434100
2024-06-11,120.8650131225586,120.91000366210938,122.87000274658203,118.73999786376953,121.7699966430664,222551200
2024-06-12,125.15340423583984,125.19999694824219,126.87999725341797,122.56999969482422,123.05999755859375,299595000
2024-06-13,129.561767578125,129.61000061035156,129.8000030517578,127.16000366210938,129.38999938964844,260704500
2024-06-14,131.8309326171875,131.8800048828125,132.83999633789062,128.32000732421875,129.9600067138672,309320400
2024-06-17,130.93125915527344,130.97999572753906,133.72999572753906,129.5800018310547,132.99000549316406,288504400
2024-06-18,135.529541015625,135.5800018310547,136.3300018310547,130.69000244140625,131.13999938964844,294335100
2024-06-20,130.73133850097656,130.77999877929688,140.75999450683594,129.52000427246094,139.8000030517578,517768400
2024-06-21,126.52288818359375,126.56999969482422,130.6300048828125,124.30000305175781,127.12000274658203,649445800
2024-06-24,118.0660400390625,118.11000061035156,124.45999908447266,118.04000091552734,123.23999786376953,476060900
2024-06-25,126.0430679321289,126.08999633789062,126.5,119.31999969482422,121.19999694824219,414192600
2024-06-26,126.35295867919922,126.4000015258789,128.1199951171875,122.5999984741211,126.12999725341797,362975900
2024-06-27,123.94384002685547,123.98999786376953,126.41000366210938,122.91999816894531,124.0999984741211,252571700
2024-06-28,123.49402618408203,123.54000091552734,127.70999908447266,122.75,124.58000183105469,315516700
2024-07-01,124.25375366210938,124.30000305175781,124.83999633789062,118.83000183105469,123.47000122070312,284885500
2024-07-02,122.62434387207031,122.66999816894531,123.41000366210938,121.02999877929688,121.12999725341797,218374000
2024-07-03,128.2322540283203,128.27999877929688,128.27999877929688,121.36000061035156,121.66000366210938,215749000
2024-07-05,125.78317260742188,125.83000183105469,128.85000610351562,125.68000030517578,127.37999725341797,214176700
2024-07-08,128.1522674560547,128.1999969482422,130.77000427246094,127.04000091552734,127.48999786376953,237677300
2024-07-09,131.33111572265625,131.3800048828125,133.82000732421875,128.64999389648438,130.35000610351562,285366600
2024-07-10,134.85980224609375,134.91000366210938,135.10000610351562,132.4199981689453,134.02999877929688,248978600
2024-07-11,127.35258483886719,127.4000015258789,136.14999389648438,127.05000305175781,135.75,374782700
2024-07-12,129.19192504882812,129.24000549316406,131.9199981689453,127.22000122070312,128.25999450683594,252680500
2024-07-15,128.39219665527344,128.44000244140625,131.38999938964844,127.18000030517578,130.55999755859375,208326200
2024-07-16,126.31297302246094,126.36000061035156,129.0399932861328,124.58000183105469,128.44000244140625,214769500
2024-07-17,117.94608306884766,117.98999786376953,121.8499984741211,116.72000122070312,121.3499984741211,390086200
2024-07-18,121.04492950439453,121.08999633789062,122.4000015258789,116.55999755859375,121.8499984741211,320979500
2024-07-19,117.8861083984375,117.93000030517578,121.5999984741211,117.37000274658203,120.3499984741211,217223800
2024-07-22,123.49402618408203,123.54000091552734,124.06999969482422,119.86000061035156,120.3499984741211,258068900
2024-07-23,122.54436492919922,122.58999633789062,124.69000244140625,122.0999984741211,122.77999877929688,173911000
2024-07-24,114.20747375488281,114.25,119.94999694824219,113.44000244140625,119.16999816894531,327776900
2024-07-25,112.23820495605469,112.27999877929688,116.62999725341797,106.30000305175781,113.04000091552734,460067000
2024-07-26,113.0179214477539,113.05999755859375,116.19999694824219,111.58000183105469,116.19000244140625,293399100
2024-07-29,111.5484619140625,111.58999633789062,116.27999877929688,111.30000305175781,113.69000244140625,248152100
2024-07-30,103.69139862060547,103.7300033569336,111.98999786376953,102.54000091552734,111.5199966430664,486833300
2024-07-31,116.97643280029297,117.0199966430664,118.33999633789062,110.87999725341797,112.9000015258789,473174200
2024-08-01,109.16935729980469,109.20999908447266,120.16000366210938,106.80999755859375,117.52999877929688,523462300
2024-08-02,107.23007202148438,107.2699966430664,108.72000122070312,101.37000274658203,103.76000213623047,482027500
2024-08-05,100.41261291503906,100.44999694824219,103.41000366210938,90.69000244140625,92.05999755859375,552842400
2024-08-06,104.21119689941406,104.25,107.70999908447266,100.55000305175781,103.83999633789062,409012100
2024-08-07,98.8731918334961,98.91000366210938,108.80000305175781,98.69000244140625,107.80999755859375,411440400
2024-08-08,104.9309310913086,104.97000122070312,105.5,97.5199966430664,102.0,391910000
2024-08-09,104.71101379394531,104.75,106.5999984741211,103.43000030517578,105.63999938964844,290844200
2024-08-12,108.97943115234375,109.0199966430664,111.06999969482422,106.26000213623047,106.31999969482422,325559900
2024-08-13,116.09677124023438,116.13999938964844,116.2300033569336,111.58000183105469,112.44000244140625,312646700
2024-08-14,118.03605651855469,118.08000183105469,118.5999984741211,114.06999969482422,118.52999877929688,339246400
2024-08-15,122.81427764892578,122.86000061035156,123.23999786376953,117.47000122070312,118.76000213623047,318086700
2024-08-16,124.53363800048828,124.58000183105469,125.0,121.18000030517578,121.94000244140625,302589900
2024-08-19,129.95159912109375,130.0,130.0,123.41999816894531,124.27999877929688,318333600
2024-08-20,127.20264434814453,127.25,129.8800048828125,125.88999938964844,128.39999389648438,300087400
2024-08-21,128.45217895507812,128.5,129.35000610351562,126.66000366210938,127.31999969482422,257883600
2024-08-22,123.6939468383789,123.73999786376953,130.75,123.0999984741211,130.02000427246094,376189100
2024-08-23,129.32183837890625,129.3699951171875,129.60000610351562,125.22000122070312,125.86000061035156,323230300
2024-08-26,126.41293334960938,126.45999908447266,131.25999450683594,124.37000274658203,129.57000732421875,331964700
2024-08-27,128.25225830078125,128.3000030517578,129.1999969482422,123.87999725341797,125.05000305175781,303134600
2024-08-28,125.5632553100586,125.61000061035156,128.3300018310547,122.63999938964844,128.1199951171875,448101100
2024-08-29,117.54623413085938,117.58999633789062,124.43000030517578,116.70999908447266,121.36000061035156,453023300
2024-08-30,119.32557678222656,119.37000274658203,121.75,117.22000122070312,119.52999877929688,333751600
2024-09-03,107.95980072021484,108.0,116.20999908447266,107.29000091552734,116.01000213623047,477155100
2024-09-04,106.17046356201172,106.20999908447266,113.2699966430664,104.12000274658203,105.41000366210938,372470300
2024-09-05,107.17009735107422,107.20999908447266,109.6500015258789,104.76000213623047,104.98999786376953,306850700
2024-09-06,102.79173278808594,102.83000183105469,108.1500015258789,100.94999694824219,108.04000091552734,413638100
2024-09-09,106.43038177490234,106.47000122070312,106.55000305175781,103.69000244140625,104.87999725341797,273912000
2024-09-10,108.05976104736328,108.0999984741211,109.4000015258789,104.94999694824219,107.80999755859375,268283700
2024-09-11,116.86649322509766,116.91000366210938,117.19000244140625,107.41999816894531,109.38999938964844,441422400
2024-09-12,119.10585021972656,119.13999938964844,120.79000091552734,115.37999725341797,116.83999633789062,366052700
2024-09-13,119.06585693359375,119.0999984741211,119.95999908447266,117.5999984741211,119.08000183105469,238358300
2024-09-16,116.74652099609375,116.77999877929688,118.18000030517578,114.36000061035156,116.79000091552734,248772300
2024-09-17,115.5568618774414,115.58999633789062,118.80000305175781,114.83000183105469,118.16999816894531,231925900
2024-09-18,113.33749389648438,113.37000274658203,117.69999694824219,113.22000122070312,115.88999938964844,310318900
2024-09-19,117.83621215820312,117.87000274658203,119.66000366210938,117.25,117.3499984741211,293506400
2024-09-20,115.96675109863281,116.0,118.62000274658203,115.38999938964844,117.05999755859375,382462400
2024-09-23,116.22667694091797,116.26000213623047,116.98999786376953,114.86000061035156,116.55000305175781,206228500
2024-09-24,120.83535766601562,120.87000274658203,121.80000305175781,115.37999725341797,116.5199966430664,354966800
2024-09-25,123.47459411621094,123.51000213623047,124.94000244140625,121.61000061035156,122.0199966430664,284692900
2024-09-26,124.00444030761719,124.04000091552734,127.66999816894531,121.80000305175781,126.80000305175781,302582900
2024-09-27,121.36520385742188,121.4000015258789,124.02999877929688,119.26000213623047,123.97000122070312,271009200
2024-09-30,121.40518951416016,121.44000244140625,121.5,118.1500015258789,118.30999755859375,226553700
2024-10-01,116.96646118164062,117.0,122.44000244140625,115.79000091552734,121.7699966430664,302094500
2024-10-02,118.81592559814453,118.8499984741211,119.37999725341797,115.13999938964844,116.44000244140625,221845900
2024-10-03,122.81478118896484,122.8499984741211,124.36000061035156,120.33999633789062,120.91999816894531,277118000
2024-10-04,124.88418579101562,124.91999816894531,125.04000091552734,121.83000183105469,124.94000244140625,243678100
2024-10-07,127.68338775634766,127.72000122070312,130.63999938964844,124.94999694824219,124.98999786376953,346250200
2024-10-08,132.85189819335938,132.88999938964844,133.47999572753906,129.4199981689453,130.25999450683594,285722500
2024-10-09,132.61196899414062,132.64999389648438,134.52000427246094,131.3800048828125,134.11000061035156,246191600
2024-10-10,134.7713623046875,134.80999755859375,135.0,131.0,131.91000366210938,242311300
2024-10-11,134.76136779785156,134.8000030517578,135.77999877929688,133.66000366210938,134.00999450683594,170209500
2024-10-14,138.0304412841797,138.07000732421875,139.60000610351562,136.3000030517578,136.47000122070312,232347700
2024-10-15,131.56228637695312,131.60000610351562,138.57000732421875,128.74000549316406,137.8699951171875,377831000
2024-10-16,135.68109130859375,135.72000122070312,136.6199951171875,131.5800018310547,133.97999572753906,264879700
2024-10-17,136.8907470703125,136.92999267578125,140.88999938964844,136.8699951171875,139.33999633789062,306435900
2024-10-18,137.96043395996094,138.0,138.89999389648438,137.27999877929688,138.6699981689453,176090200
2024-10-21,143.66880798339844,143.7100067138672,143.7100067138672,138.0,138.1300048828125,264554500
2024-10-22,143.54885864257812,143.58999633789062,144.4199981689453,141.77999877929688,142.91000366210938,226311600
2024-10-23,139.51998901367188,139.55999755859375,142.42999267578125,137.4600067138672,142.02999877929688,285930000
2024-10-24,140.3697509765625,140.41000366210938,141.35000610351562,138.4600067138672,140.82000732421875,172354900
2024-10-25,141.49942016601562,141.5399932861328,144.1300048828125,140.8000030517578,140.92999267578125,205122100
2024-10-28,140.479736328125,140.52000427246094,143.13999938964844,140.0500030517578,143.0,173586700
2024-10-29,141.20950317382812,141.25,142.25999450683594,138.89999389648438,140.2899932861328,157593600
2024-10-30,139.300048828125,139.33999633789062,140.3300018310547,136.80999755859375,139.5399932861328,179418100
2024-10-31,132.72195434570312,132.75999450683594,137.61000061035156,132.11000061035156,137.60000610351562,270039600
2024-11-01,135.36119079589844,135.39999389648438,137.30999755859375,134.57000732421875,134.6999969482422,207127800
2024-11-04,136.01100158691406,136.0500030517578,138.9600067138672,135.57000732421875,137.2100067138672,187528200
2024-11-05,139.86988830566406,139.91000366210938,140.3699951171875,137.3300018310547,137.4499969482422,160537400
2024-11-06,145.56825256347656,145.61000061035156,146.49000549316406,141.9600067138672,142.9600067138672,242043900
2024-11-07,148.8373260498047,148.8800048828125,148.92999267578125,146.1699981689453,146.38999938964844,207323300
2024-11-08,147.58767700195312,147.6300048828125,149.77000427246094,146.25999450683594,148.77000427246094,175665800
2024-11-11,145.21835327148438,145.25999450683594,148.85000610351562,143.57000732421875,148.67999267578125,182325600
2024-11-12,148.24746704101562,148.2899932861328,149.64999389648438,146.00999450683594,146.77999877929688,198634700
2024-11-13,146.2280731201172,146.27000427246094,149.3300018310547,145.89999389648438,149.07000732421875,191903300
2024-11-14,146.71791076660156,146.75999450683594,149.0,145.5500030517578,147.63999938964844,194463300
2024-11-15,141.9392852783203,141.97999572753906,145.24000549316406,140.0800018310547,144.8699951171875,250132900
2024-11-18,140.10980224609375,140.14999389648438,141.5500030517578,137.14999389648438,139.5,221205300
2024-11-19,146.9678497314453,147.00999450683594,147.1300048828125,140.99000549316406,141.32000732421875,227834900
2024-11-20,145.84817504882812,145.88999938964844,147.55999755859375,142.72999572753906,147.41000366210938,309871700
2024-11-21,146.62796020507812,146.6699981689453,152.88999938964844,140.6999969482422,149.35000610351562,400946600
2024-11-22,141.9093017578125,141.9499969482422,147.16000366210938,141.10000610351562,145.92999267578125,236406200
2024-11-25,135.9810028076172,136.02000427246094,142.0500030517578,135.82000732421875,141.99000549316406,344941900
2024-11-26,136.88075256347656,136.9199981689453,139.3000030517578,135.6699981689453,137.6999969482422,190287700
2024-11-27,135.3011932373047,135.33999633789062,137.22000122070312,131.8000030517578,135.00999450683594,226370900
2024-11-29,138.2103729248047,138.25,139.35000610351562,136.0500030517578,136.77999877929688,141863200
2024-12-02,138.5902557373047,138.6300048828125,140.4499969482422,137.82000732421875,138.8300018310547,171682800
2024-12-03,140.2198028564453,140.25999450683594,140.5399932861328,137.9499969482422,138.25999450683594,164414000
2024-12-04,145.098388671875,145.13999938964844,145.7899932861328,140.2899932861328,142.0,231224300
2024-12-05,145.02841186523438,145.05999755859375,146.5399932861328,143.9499969482422,145.11000061035156,172621200
2024-12-06,142.40899658203125,142.44000244140625,145.6999969482422,141.30999755859375,144.60000610351562,188505600
2024-12-09,138.77975463867188,138.80999755859375,139.9499969482422,137.1300048828125,138.97000122070312,189308600
2024-12-10,135.04058837890625,135.07000732421875,141.82000732421875,133.7899932861328,139.00999450683594,210020900
2024-12-11,139.27964782714844,139.30999755859375,140.1699981689453,135.2100067138672,137.36000061035156,184905200
2024-12-12,137.31008911132812,137.33999633789062,138.44000244140625,135.8000030517578,137.0800018310547,159211400
2024-12-13,134.22076416015625,134.25,139.60000610351562,132.5399932861328,138.94000244140625,231514900
2024-12-16,131.9712371826172,132.0,134.39999389648438,130.4199981689453,134.17999267578125,237951100
2024-12-17,130.36160278320312,130.38999938964844,131.58999633789062,126.86000061035156,129.08999633789062,259410300
2024-12-18,128.88192749023438,128.91000366210938,136.6999969482422,128.27999877929688,133.86000061035156,277444500
2024-12-19,130.65151977539062,130.67999267578125,134.02999877929688,129.5500030517578,131.75999450683594,209719200
2024-12-20,134.670654296875,134.6999969482422,135.27999877929688,128.22000122070312,129.80999755859375,306528600
2024-12-23,139.6395721435547,139.6699981689453,139.7899932861328,135.1199951171875,136.27999877929688,176053500
2024-12-24,140.18946838378906,140.22000122070312,141.89999389648438,138.64999389648438,140.0,105157000
2024-12-26,139.89952087402344,139.92999267578125,140.85000610351562,137.72999572753906,139.6999969482422,116205600
2024-12-27,136.9801483154297,137.00999450683594,139.02000427246094,134.7100067138672,138.5500030517578,170582600
2024-12-30,137.46005249023438,137.49000549316406,140.27000427246094,134.02000427246094,134.8300018310547,167734700
2024-12-31,134.26075744628906,134.2899932861328,138.07000732421875,133.8300018310547,138.02999877929688,155659200
2025-01-02,138.27987670898438,138.30999755859375,138.8800048828125,134.6300048828125,136.0,198247200
2025-01-03,144.43853759765625,144.47000122070312,144.89999389648438,139.72999572753906,140.00999450683594,229322500
2025-01-06,149.39744567871094,149.42999267578125,152.16000366210938,147.82000732421875,148.58999633789062,265377400
2025-01-07,140.10946655273438,140.13999938964844,153.1300048828125,140.00999450683594,153.02999877929688,351782200
2025-01-08,140.07948303222656,140.11000061035156,143.9499969482422,137.55999755859375,142.5800018310547,227349900
2025-01-10,135.8804168701172,135.91000366210938,139.9199981689453,134.22000122070312,137.4499969482422,207602500
2025-01-13,133.20098876953125,133.22999572753906,133.49000549316406,129.50999450683594,129.99000549316406,204808900
2025-01-14,131.73129272460938,131.75999450683594,136.3800048828125,130.0500030517578,136.0500030517578,195590500
2025-01-15,136.21034240722656,136.24000549316406,136.4499969482422,131.2899932861328,133.64999389648438,185217300
2025-01-16,133.54090881347656,133.57000732421875,138.75,133.49000549316406,138.63999938964844,209235600
2025-01-17,137.6800079345703,137.7100067138672,138.5,135.4600067138672,136.69000244140625,201188800
2025-01-21,140.79933166503906,140.8300018310547,141.8300018310547,137.08999633789062,139.16000366210938,197749000
2025-01-22,147.03799438476562,147.07000732421875,147.7899932861328,143.6699981689453,144.66000366210938,237651400
2025-01-23,147.1879425048828,147.22000122070312,147.22999572753906,143.72000122070312,145.0500030517578,155915500
2025-01-24,142.58892822265625,142.6199951171875,148.97000122070312,141.8800048828125,148.3699951171875,234657600
2025-01-27,118.39421081542969,118.41999816894531,128.39999389648438,116.69999694824219,124.80000305175781,818830900
2025-01-28,128.9619140625,128.99000549316406,129.0,116.25,121.80999755859375,579666400
2025-01-29,123.67305755615234,123.69999694824219,126.88999938964844,120.05000305175781,126.5,467120600
2025-01-30,124.62284851074219,124.6500015258789,125.0,118.0999984741211,123.0999984741211,392925500
2025-01-31,120.04385375976562,120.06999969482422,127.8499984741211,119.19000244140625,123.77999877929688,388161100
2025-02-03,116.63459777832031,116.66000366210938,118.56999969482422,113.01000213623047,114.75,371235700
2025-02-04,118.62416076660156,118.6500015258789,121.19999694824219,116.69999694824219,116.95999908447266,256550000
2025-02-05,124.80281829833984,124.83000183105469,125.0,120.76000213623047,121.76000213623047,262230800
2025-02-06,128.65196228027344,128.67999267578125,128.77000427246094,125.20999908447266,127.41999816894531,251483600
2025-02-07,129.81170654296875,129.83999633789062,130.3699951171875,125.0,129.22000122070312,228186300
2025-02-10,133.54090881347656,133.57000732421875,135.0,129.9600067138672,130.08999633789062,216989100
2025-02-11,132.77108764648438,132.8000030517578,134.47999572753906,131.02000427246094,132.5800018310547,178902400
2025-02-12,131.11143493652344,131.13999938964844,132.24000549316406,129.0800018310547,130.02000427246094,160278600
2025-02-13,135.26052856445312,135.2899932861328,136.5,131.1699981689453,131.55999755859375,197430000
2025-02-14,138.81976318359375,138.85000610351562,139.25,135.5,136.47999572753906,195479600
2025-02-18,139.36964416503906,139.39999389648438,143.44000244140625,137.92999267578125,141.27000427246094,219176600
2025-02-19,139.19967651367188,139.22999572753906,141.36000061035156,137.22000122070312,139.50999450683594,167536000
2025-02-20,140.07948303222656,140.11000061035156,140.66000366210938,136.7899932861328,140.02999877929688,143903600
2025-02-21,134.4007110595703,134.42999267578125,141.4600067138672,134.02999877929688,140.0399932861328,228217600
2025-02-24,130.2516326904297,130.27999877929688,138.58999633789062,130.0800018310547,136.55999755859375,251381100
2025-02-25,126.6024169921875,126.62999725341797,130.1999969482422,124.44000244140625,129.97999572753906,271428700
2025-02-26,131.2514190673828,131.27999877929688,133.72999572753906,128.49000549316406,129.99000549316406,322553800
2025-02-27,120.12383270263672,120.1500015258789,135.00999450683594,120.01000213623047,135.0,443175800
2025-02-28,124.89279174804688,124.91999816894531,125.08999633789062,116.4000015258789,118.0199966430664,389091100
2025-03-03,114.03515625,114.05999755859375,123.69999694824219,112.27999877929688,123.51000213623047,411381400
2025-03-04,115.96473693847656,115.98999786376953,119.30999755859375,110.11000061035156,110.6500015258789,398163300
2025-03-05,117.27445220947266,117.30000305175781,118.27999877929688,114.51000213623047,117.58000183105469,284337900
2025-03-06,110.5459213256836,110.56999969482422,115.3499984741211,110.22000122070312,113.52999877929688,321181900
2025-03-07,112.66545867919922,112.69000244140625,113.4800033569336,107.55999755859375,111.25,341755500
2025-03-10,106.95669555664062,106.9800033569336,111.8499984741211,105.45999908447266,109.9000015258789,366487400
2025-03-11,108.73631286621094,108.76000213623047,112.23999786376953,104.7699966430664,106.98999786376953,354865700
2025-03-12,115.7254409790039,115.73999786376953,116.76000213623047,112.87999725341797,114.12000274658203,323857500
2025-03-13,115.56546020507812,115.58000183105469,117.76000213623047,113.79000091552734,117.02999877929688,299033100
2025-03-14,121.65469360351562,121.66999816894531,121.87999725341797,118.1500015258789,118.61000061035156,277593500
2025-03-17,119.51496124267578,119.52999877929688,122.88999938964844,118.02999877929688,122.73999786376953,255501500
2025-03-18,115.41547393798828,115.43000030517578,119.0199966430664,114.54000091552734,118.0,299686900
2025-03-19,117.50521087646484,117.5199966430664,120.44999694824219,115.68000030517578,117.2699966430664,273426200
2025-03-20,118.51508331298828,118.52999877929688,120.19999694824219,116.47000122070312,116.55000305175781,248829700
2025-03-21,117.68518829345703,117.69999694824219,117.98999786376953,115.41999816894531,116.94000244140625,266498500
2025-03-24,121.39472961425781,121.41000366210938,122.22000122070312,119.33999633789062,119.87999725341797,228452500
2025-03-25,120.67481994628906,120.69000244140625,121.29000091552734,118.91999816894531,120.55000305175781,167447200
2025-03-26,113.74568939208984,113.76000213623047,118.83999633789062,112.70999908447266,118.7300033569336,293463300
2025-03-27,111.41598510742188,111.43000030517578,114.44999694824219,110.66000366210938,111.3499984741211,236902100
2025-03-28,109.65620422363281,109.66999816894531,112.87000274658203,109.06999969482422,111.48999786376953,229872500
2025-03-31,108.36636352539062,108.37999725341797,110.95999908447266,103.6500015258789,105.12999725341797,299212700
2025-04-01,110.13613891601562,110.1500015258789,110.19999694824219,106.47000122070312,108.5199966430664,222614000
2025-04-02,110.4061050415039,110.41999816894531,111.9800033569336,106.79000091552734,107.29000091552734,220601200
2025-04-03,101.78719329833984,101.80000305175781,105.62999725341797,101.5999984741211,103.51000213623047,338769400
2025-04-04,94.29813385009766,94.30999755859375,100.12999725341797,92.11000061035156,98.91000366210938,532273800
2025-04-07,97.6277084350586,97.63999938964844,101.75,86.62000274658203,87.45999908447266,611041300
2025-04-08,96.28788757324219,96.30000305175781,105.8499984741211,94.45999908447266,103.80999755859375,476243400
2025-04-09,114.31561279296875,114.33000183105469,115.0999984741211,97.52999877929688,98.88999938964844,612918300
2025-04-10,107.55646514892578,107.56999969482422,110.86000061035156,99.1500015258789,109.37000274658203,437812400
2025-04-11,110.9160385131836,110.93000030517578,111.55000305175781,107.4800033569336,108.5,313417300
2025-04-14,110.6960678100586,110.70999908447266,114.29000091552734,109.06999969482422,114.11000061035156,264705000
2025-04-15,112.18588256835938,112.19999694824219,113.62000274658203,110.5,110.97000122070312,228966900
2025-04-16,104.47685241699219,104.48999786376953,106.79000091552734,100.44999694824219,104.55000305175781,397016900
2025-04-17,101.47722625732422,101.48999786376953,104.47000122070312,100.05000305175781,104.44999694824219,292517500
2025-04-21,96.89781188964844,96.91000366210938,99.44000244140625,95.04000091552734,98.7699966430664,288501100
2025-04-22,98.87755584716797,98.88999938964844,99.80999755859375,97.27999877929688,98.77999877929688,241004800
2025-04-23,102.69707489013672,102.70999908447266,104.80000305175781,102.0199966430664,104.5199966430664,247526000
2025-04-24,106.4166030883789,106.43000030517578,106.54000091552734,103.11000061035156,103.4800033569336,220815000
2025-04-25,110.99604034423828,111.01000213623047,111.91999816894531,105.7300033569336,106.8499984741211,251064700
2025-04-28,108.71631622314453,108.7300033569336,110.37000274658203,106.0199966430664,109.69000244140625,207708500
2025-04-29,109.00627899169922,109.0199966430664,110.19999694824219,107.44000244140625,107.66999816894531,170444300
2025-04-30,108.90629577636719,108.91999816894531,108.91999816894531,104.08000183105469,104.47000122070312,235044600
2025-05-01,111.59595489501953,111.61000061035156,114.94000244140625,111.30000305175781,113.08000183105469,236121500
2025-05-02,114.485595703125,114.5,115.4000015258789,113.37000274658203,114.18000030517578,190194800
2025-05-05,113.80567932128906,113.81999969482422,114.66999816894531,112.66000366210938,112.91000366210938,133163200
2025-05-06,113.52571868896484,113.54000091552734,114.73999786376953,110.81999969482422,111.4800033569336,158525600
2025-05-07,117.04527282714844,117.05999755859375,117.68000030517578,112.27999877929688,113.05000305175781,206758800
2025-05-08,117.35523986816406,117.37000274658203,118.68000030517578,115.8499984741211,118.25,198428100
2025-05-09,116.63532257080078,116.6500015258789,118.2300033569336,115.20999908447266,117.3499984741211,132972200
2025-05-12,122.98452758789062,123.0,123.0,120.27999877929688,121.97000122070312,225023300
2025-05-13,129.9136505126953,129.92999267578125,131.22000122070312,124.47000122070312,124.9800033569336,330430100
2025-05-14,135.32296752929688,135.33999633789062,135.44000244140625,131.67999267578125,133.1999969482422,281180800
2025-05-15,134.8130340576172,134.8300018310547,136.3000030517578,132.66000366210938,134.2899932861328,226632600
2025-05-16,135.38296508789062,135.39999389648438,136.35000610351562,133.4600067138672,136.22000122070312,226542500
2025-05-19,135.55294799804688,135.57000732421875,135.8699951171875,132.38999938964844,132.38999938964844,193154600
2025-05-20,134.3630828857422,134.3800048828125,134.5800018310547,132.6199951171875,134.2899932861328,161514200
2025-05-21,131.78341674804688,131.8000030517578,137.39999389648438,130.58999633789062,133.05999755859375,270608700
2025-05-22,132.81329345703125,132.8300018310547,134.25,131.5500030517578,132.22999572753906,187344000
2025-05-23,131.2734832763672,131.2899932861328,132.67999267578125,129.16000366210938,130.0,198821300
2025-05-27,135.48294067382812,135.5,135.66000366210938,133.30999755859375,134.14999389648438,192953600
2025-05-28,134.7930450439453,134.80999755859375,137.25,134.7899932861328,136.02999877929688,304021100
2025-05-29,139.17250061035156,139.19000244140625,143.49000549316406,137.91000366210938,142.25,369241900
2025-05-30,135.11300659179688,135.1300048828125,139.6199951171875,132.9199981689453,138.72000122070312,333170900
2025-06-02,137.3627166748047,137.3800048828125,138.1199951171875,135.39999389648438,135.49000549316406,197663100
2025-06-03,141.2022247314453,141.22000122070312,142.0,137.9499969482422,138.77999877929688,225578800
2025-06-04,141.9021453857422,141.9199981689453,142.38999938964844,139.5399932861328,142.19000244140625,167120800
2025-06-05,139.97239685058594,139.99000549316406,144.0,138.8300018310547,142.1699981689453,231397900
2025-06-06,141.70216369628906,141.72000122070312,143.27000427246094,141.50999450683594,142.50999450683594,153986200
2025-06-09,142.612060546875,142.6300048828125,145.0,141.94000244140625,143.19000244140625,185114500
2025-06-10,143.94189453125,143.9600067138672,144.2899932861328,141.52999877929688,142.69000244140625,155881900
2025-06-11,142.8219451904297,142.8300018310547,144.99000549316406,141.8699951171875,144.61000061035156,167694000
2025-06-12,144.9918212890625,145.0,145.0,141.85000610351562,141.97000122070312,162365000
2025-06-13,141.9619903564453,141.97000122070312,143.5800018310547,140.85000610351562,142.47999572753906,180820600
2025-06-16,144.6818389892578,144.69000244140625,146.17999267578125,143.1999969482422,143.35000610351562,183133700
2025-06-17,144.1118621826172,144.1199951171875,145.22000122070312,143.77999877929688,144.49000549316406,139108000
2025-06-18,145.47178649902344,145.47999572753906,145.64999389648438,143.1199951171875,144.00999450683594,161494100
2025-06-20,143.84188842773438,143.85000610351562,146.1999969482422,142.64999389648438,145.4499969482422,242956200
2025-06-23,144.161865234375,144.1699981689453,144.77999877929688,142.02999877929688,142.5,154308900
2025-06-24,147.8916473388672,147.89999389648438,147.9600067138672,145.5,145.55999755859375,187566100
2025-06-25,154.30130004882812,154.30999755859375,154.4499969482422,149.25999450683594,149.27000427246094,269146500
2025-06-26,155.01126098632812,155.02000427246094,156.72000122070312,154.0,155.97999572753906,198145700
2025-06-27,157.74110412597656,157.75,158.7100067138672,155.25999450683594,156.0399932861328,263234500
2025-06-30,157.98109436035156,157.99000549316406,158.66000366210938,155.9600067138672,158.39999389648438,194580300
2025-07-01,153.29136657714844,153.3000030517578,157.1999969482422,151.49000549316406,156.2899932861328,213143600
2025-07-02,157.2411346435547,157.25,157.60000610351562,152.97000122070312,152.97999572753906,171224100
2025-07-03,159.3310089111328,159.33999633789062,160.97999572753906,157.77000427246094,158.3699951171875,143716100
2025-07-07,158.2310791015625,158.24000549316406,159.30999755859375,157.33999633789062,158.1999969482422,140139000
2025-07-08,159.99098205566406,160.0,160.22000122070312,158.38999938964844,159.3300018310547,138133000
2025-07-09,162.87081909179688,162.8800048828125,164.4199981689453,161.16000366210938,161.22000122070312,183656400
2025-07-10,164.09075927734375,164.10000610351562,164.5,161.61000061035156,164.32000732421875,167704100
2025-07-11,164.91070556640625,164.9199981689453,167.88999938964844,163.47000122070312,163.72000122070312,193633300
2025-07-14,164.06076049804688,164.07000732421875,165.49000549316406,162.02000427246094,165.3699951171875,136975800
2025-07-15,170.69036865234375,170.6999969482422,172.39999389648438,169.1999969482422,171.19000244140625,230627400
2025-07-16,171.36033630371094,171.3699951171875,171.75,168.89999389648438,171.05999755859375,158831500
2025-07-17,172.99024963378906,173.0,174.16000366210938,170.8300018310547,172.02000427246094,160841100
2025-07-18,172.40028381347656,172.41000366210938,174.25,171.25999450683594,173.63999938964844,146456400
2025-07-21,171.37034606933594,171.3800048828125,173.3800048828125,171.0,172.75,123126100
2025-07-22,167.0205841064453,167.02999877929688,171.38999938964844,164.5800018310547,171.33999633789062,193114300
2025-07-23,170.77037048339844,170.77999877929688,171.25999450683594,167.97000122070312,169.52999877929688,154082200
2025-07-24,173.73020935058594,173.74000549316406,173.8300018310547,171.3000030517578,172.44000244140625,128984600
2025-07-25,173.49021911621094,173.5,174.72000122070312,172.9600067138672,173.61000061035156,122316800
2025-07-28,176.7400360107422,176.75,177.0,173.97000122070312,174.02000427246094,140023500
2025-07-29,175.50009155273438,175.50999450683594,179.3800048828125,175.02000427246094,177.9600067138672,154077500
2025-07-30,179.25990295410156,179.27000427246094,179.88999938964844,176.0399932861328,176.50999450683594,174312200
2025-07-31,177.85997009277344,177.8699951171875,183.3000030517578,175.92999267578125,182.89999389648438,221685400
2025-08-01,173.710205078125,173.72000122070312,176.5399932861328,170.88999938964844,174.08999633789062,204529000
2025-08-04,179.98985290527344,180.0,180.1999969482422,174.52000427246094,175.16000366210938,148174600
2025-08-05,178.24993896484375,178.25999450683594,180.25999450683594,175.89999389648438,179.6199951171875,156407600
2025-08-06,179.40988159179688,179.4199981689453,179.89999389648438,176.25,176.3300018310547,137192300
2025-08-07,180.7598114013672,180.77000427246094,183.8800048828125,178.8000030517578,181.57000732421875,151878400
2025-08-08,182.689697265625,182.6999969482422,183.3000030517578,180.39999389648438,181.5500030517578,123396700
2025-08-11,182.0497283935547,182.05999755859375,183.83999633789062,180.25,182.0500030517578,138323200
2025-08-12,183.14967346191406,183.16000366210938,184.47999572753906,179.4600067138672,182.9600067138672,145485700
2025-08-13,181.5797576904297,181.58999633789062,183.97000122070312,179.35000610351562,182.6199951171875,179871700
2025-08-14,182.00973510742188,182.02000427246094,183.02000427246094,179.4600067138672,179.75,129554000
2025-08-15,180.4398193359375,180.4499969482422,181.89999389648438,178.0399932861328,181.8800048828125,156602200
2025-08-18,181.99972534179688,182.00999450683594,182.94000244140625,180.58999633789062,180.60000610351562,132008000
2025-08-19,175.63009643554688,175.63999938964844,182.5,175.49000549316406,182.42999267578125,185229200
2025-08-20,175.39010620117188,175.39999389648438,176.0,168.8000030517578,175.1699981689453,215142700
2025-08-21,174.97012329101562,174.97999572753906,176.89999389648438,173.80999755859375,174.85000610351562,140040900
2025-08-22,177.97996520996094,177.99000549316406,178.58999633789062,171.1999969482422,172.61000061035156,172789400
2025-08-25,179.79986572265625,179.80999755859375,181.91000366210938,176.57000732421875,178.35000610351562,163012800
2025-08-26,181.75975036621094,181.77000427246094,182.38999938964844,178.80999755859375,180.05999755859375,168688200
2025-08-27,181.5897674560547,181.60000610351562,182.49000549316406,179.10000610351562,181.97999572753906,235518900
2025-08-28,180.1598358154297,180.1699981689453,184.47000122070312,176.41000366210938,180.82000732421875,281787800
2025-08-29,174.170166015625,174.17999267578125,178.14999389648438,173.14999389648438,178.11000061035156,243257900
2025-09-02,170.77037048339844,170.77999877929688,172.3800048828125,167.22000122070312,170.0,231164900
2025-09-03,170.61038208007812,170.6199951171875,172.41000366210938,168.8800048828125,171.05999755859375,164424900
2025-09-04,171.65032958984375,171.66000366210938,171.86000061035156,169.41000366210938,170.57000732421875,141670100
2025-09-05,167.01058959960938,167.02000427246094,169.02999877929688,164.07000732421875,168.02999877929688,224441400
2025-09-08,168.30050659179688,168.30999755859375,170.9600067138672,167.35000610351562,167.5500030517578,163769100
2025-09-09,170.7503662109375,170.75999450683594,170.97999572753906,166.74000549316406,169.08999633789062,157548400
2025-09-10,177.32000732421875,177.3300018310547,179.2899932861328,175.47000122070312,176.63999938964844,226852000
2025-09-11,177.1699981689453,177.1699981689453,180.27999877929688,176.47999572753906,179.67999267578125,151159300
2025-09-12,177.82000732421875,177.82000732421875,178.60000610351562,176.4499969482422,177.77000427246094,124911000
2025-09-15,177.75,177.75,178.85000610351562,174.50999450683594,175.6699981689453,147061600
2025-09-16,174.8800048828125,174.8800048828125,177.5,174.3800048828125,177.0,140737800
2025-09-17,170.2899932861328,170.2899932861328,173.1999969482422,168.41000366210938,172.63999938964844,211843800
2025-09-18,176.24000549316406,176.24000549316406,177.10000610351562,172.9600067138672,173.97999572753906,191763300
2025-09-19,176.6699981689453,176.6699981689453,178.0800018310547,175.17999267578125,175.77000427246094,237182100
2025-09-22,183.61000061035156,183.61000061035156,184.5500030517578,174.7100067138672,175.3000030517578,269637000
2025-09-23,178.42999267578125,178.42999267578125,182.4199981689453,176.2100067138672,181.97000122070312,192559600
2025-09-24,176.97000122070312,176.97000122070312,179.77999877929688,175.39999389648438,179.77000427246094,143564100
2025-09-25,177.69000244140625,177.69000244140625,180.25999450683594,173.1300048828125,174.47999572753906,191586700
2025-09-26,178.19000244140625,178.19000244140625,179.77000427246094,174.92999267578125,178.1699981689453,148573700
2025-09-29,181.85000610351562,181.85000610351562,184.0,180.32000732421875,180.42999267578125,193063500
2025-09-30,186.5800018310547,186.5800018310547,187.35000610351562,181.47999572753906,182.0800018310547,236981000
2025-10-01,187.24000549316406,187.24000549316406,188.13999938964844,183.89999389648438,185.24000549316406,173844900
2025-10-02,188.88999938964844,188.88999938964844,191.0500030517578,188.05999755859375,189.60000610351562,136805800
2025-10-03,187.6199951171875,187.6199951171875,190.36000061035156,185.3800048828125,189.19000244140625,137596900
2025-10-06,185.5399932861328,185.5399932861328,187.22999572753906,183.3300018310547,185.5,157678100
2025-10-07,185.0399932861328,185.0399932861328,189.05999755859375,184.0,186.22999572753906,140088000
2025-10-08,189.11000061035156,189.11000061035156,189.60000610351562,186.5399932861328,186.57000732421875,130168900
2025-10-09,192.57000732421875,192.57000732421875,195.3000030517578,191.05999755859375,192.22999572753906,182997200
2025-10-10,183.16000366210938,183.16000366210938,195.6199951171875,182.0500030517578,193.50999450683594,268774400
2025-10-13,188.32000732421875,188.32000732421875,190.11000061035156,185.9600067138672,187.97000122070312,153482800
2025-10-14,180.02999877929688,180.02999877929688,184.8000030517578,179.6999969482422,184.77000427246094,205641400
2025-10-15,179.8300018310547,179.8300018310547,184.8699951171875,177.2899932861328,184.8000030517578,214450500
2025-10-16,181.80999755859375,181.80999755859375,183.27999877929688,179.77000427246094,182.22999572753906,179723300
2025-10-17,183.22000122070312,183.22000122070312,184.10000610351562,179.75,180.17999267578125,173135200
2025-10-20,182.63999938964844,182.63999938964844,185.1999969482422,181.72999572753906,183.1300048828125,128544700
2025-10-21,181.16000366210938,181.16000366210938,182.7899932861328,179.8000030517578,182.7899932861328,124240200
2025-10-22,180.27999877929688,180.27999877929688,183.44000244140625,176.75999450683594,181.13999938964844,162249600
2025-10-23,182.16000366210938,182.16000366210938,183.02999877929688,179.7899932861328,180.4199981689453,111363700
2025-10-24,186.25999450683594,186.25999450683594,187.47000122070312,183.5,183.83999633789062,131296700
2025-10-27,191.49000549316406,191.49000549316406,192.0,188.42999267578125,189.99000549316406,153452700
2025-10-28,201.02999877929688,201.02999877929688,203.14999389648438,191.91000366210938,193.0500030517578,295848900
