Date,ret,eq
2014-02-03,0.0,1.0
2014-02-04,0.001261742144730277,1.0012617421447303
2014-02-05,8.019829436423659e-05,1.0013420416286625
2014-02-06,0.005311710922629609,1.0066608810884696
2014-02-07,0.00521248129882142,1.0119080821053985
2014-02-10,-0.000294347496879882,1.0116102294943583
2014-02-11,0.0048011663768806785,1.0164671385147153
2014-02-12,0.001258081803259842,1.0177459373252924
2014-02-13,0.008645276901590816,1.0265446327689387
2014-02-14,0.0006008684925783771,1.0271614510949951
2014-02-18,0.0035618838853088753,1.0308200809152608
2014-02-19,-0.003862441387456433,1.0268385987717126
2014-02-20,0.0026573193233625446,1.029567236822203
2014-02-21,-0.0005443455231296689,1.0290067965060778
2014-02-24,0.0046121586807833575,1.0337527391351686
2014-02-25,0.009422417902647957,1.043493189451307
2014-02-26,0.001098470561619247,1.0446394360011695
2014-02-27,0.002083490590587989,1.046815932436635
2014-02-28,-0.0016264048644444693,1.0451133859119421
2014-03-03,0.0,1.0451133859119421
2014-03-04,0.006987377707737836,1.0524159878867216
2014-03-05,0.006216784978882927,1.058958631791752
2014-03-06,0.0022583925024544926,1.0613501760261999
2014-03-07,0.0017120557331683384,1.0631672666799645
2014-03-10,-0.003374918289199974,1.0595791640271675
2014-03-11,-0.003558345742019087,1.0558088150205192
2014-03-12,0.00538417286038988,1.061493472188113
2014-03-13,-0.002088801359041903,1.0592762231807924
2014-03-14,-0.0031801402757275165,1.0559075762003345
2014-03-17,0.005569686067015351,1.0617886499155536
2014-03-18,0.005498437427016967,1.0676268283678312
2014-03-19,-0.002437852667929524,1.0650241114559416
2014-03-20,-0.0034967985033521384,1.0612999367369684
2014-03-21,-0.006631524597467425,1.0542619001012066
2014-03-24,-0.012069499028073073,1.0415374871226006
2014-03-25,0.0022154318961333298,1.0438449424925906
2014-03-26,-0.008438292470299003,1.0350366735741956
2014-03-27,-0.0062529472956254556,1.0285646438052967
2014-03-28,0.0037870956886913664,1.032459916533392
2014-03-31,0.0008371291862971698,1.0333242188632041
2014-04-01,0.0,1.0333242188632041
2014-04-02,0.005903085263790614,1.0394240198322935
2014-04-03,-0.010771755799751214,1.0282275981182643
2014-04-04,-0.01631033647566772,1.0114568600193878
2014-04-07,-0.00442253481241695,1.0069836568446942
2014-04-08,0.008688529039983366,1.015732863589978
2014-04-09,0.008533830514296958,1.0244009556956566
2014-04-10,-0.010287116168315912,1.0138628240614815
2014-04-11,-0.008048550880041732,1.0057026975366399
2014-04-14,-0.0011323584743905045,1.004563881564367
2014-04-15,-0.003858187204603619,1.0006880860503082
2014-04-16,0.0026843934197479822,1.0033743265637218
2014-04-17,-0.002128644447366923,1.0012384993748513
2014-04-21,0.020157390603872873,1.0214208548943857
2014-04-22,0.01436862284068327,1.0360972659199714
2014-04-23,-0.0071093514529696365,1.0287312863170854
2014-04-24,0.006113704580940738,1.0350206454947992
2014-04-25,-0.006101959891194403,1.0287049910294317
2014-04-28,0.0036452217924791974,1.0324548488807643
2014-04-29,0.007420645669905212,1.040116330484484
2014-04-30,0.008845757438290795,1.0493169472515549
2014-05-01,0.0,1.0493169472515549
2014-05-02,0.0006867539122083323,1.0500375697702264
2014-05-05,0.0004382737099676405,1.050497773631535
2014-05-06,-0.003747500642228757,1.046561032550191
2014-05-07,-0.0013453067241850746,1.0451530869558312
2014-05-08,0.0008666703541091672,1.0460588901518015
2014-05-09,-0.0004764756376114231,1.0455604685751374
2014-05-12,0.013868910774378213,1.060061253423023
2014-05-13,0.004383139097763612,1.0647076493489256
2014-05-14,-0.004467314657851173,1.0599512652606629
2014-05-15,-0.004142568749584052,1.0555603442731119
2014-05-16,0.0038618128952500274,1.0596367208223405
2014-05-19,0.004909684478434123,1.0648392027833409
2014-05-20,-0.0035904696728133513,1.0610159299193245
2014-05-21,0.007462523315715036,1.0689337860346926
2014-05-22,0.000511337567124437,1.0694803720362607
2014-05-23,0.005103882073030597,1.0749388737345547
2014-05-27,0.0044613099750359765,1.0797345092545005
2014-05-28,-0.002253025277213849,1.07730184011247
2014-05-29,0.002395799550564515,1.079882839376834
2014-05-30,-0.0009098299338309967,1.0789003296445385
2014-06-02,0.0,1.0789003296445385
2014-06-03,0.0012317743748319011,1.0802292914235923
2014-06-04,0.0018438911876219267,1.0822211166946594
2014-06-05,0.006157184730632093,1.0888845520295394
2014-06-06,-0.000725977385960813,1.0880940464688438
2014-06-09,0.0022815067816657933,1.0905765404149526
2014-06-10,0.008340967325859828,1.099673003704903
2014-06-11,0.003457954102206684,1.1034756224791502
2014-06-12,-0.0027463654958916005,1.100445075104016
2014-06-13,0.0010090099515430886,1.1015554351359227
2014-06-16,0.0065694307256268965,1.108792027257486
2014-06-17,0.0007694714804457492,1.1096452111002064
2014-06-18,0.003323019490260848,1.1133325837639672
2014-06-19,-0.0030920159086050333,1.1098901417034006
2014-06-20,-0.004759536198975461,1.1046075793970773
2014-06-23,-0.002695084470784964,1.101630568663533
2014-06-24,-0.005515193078576557,1.0955548633760916
2014-06-25,0.002475313972394605,1.0982667056369313
2014-06-26,-0.0005498018925287784,1.097662876523671
2014-06-27,0.005346014554152951,1.1035309982371198
2014-06-30,0.0014526226069648373,1.1051340123126454
2014-07-01,0.0,1.1051340123126454
2014-07-02,-0.0010838939337751317,1.103936164260691
2014-07-03,0.00365694360198483,1.107973196553584
2014-07-07,-0.0002517491598487354,1.1076942652322166
2014-07-08,-0.006150644426328733,1.1008812316736898
2014-07-09,0.0013234890088200336,1.1023382358838263
2014-07-10,-0.0004034095287161144,1.1018935421356026
2014-07-11,0.0012917409354536282,1.1033169031304912
2014-07-14,0.007964619202258978,1.112104402123341
2014-07-15,-0.0014665650939134467,1.1104734286263995
2014-07-16,0.0003719227727133237,1.1108864389829987
2014-07-17,-0.003493472632806038,1.1070055876102562
2014-07-18,0.004121703205015403,1.1115683360886794
2014-07-21,-0.0008923913728264175,1.110576382095247
2014-07-22,0.0012196415658914828,1.1119308872129476
2014-07-23,-0.001013004738076112,1.1108044959557877
2014-07-24,-0.0027252277055218876,1.1077773007679907
2014-07-25,-0.004164727280816766,1.1031637104224128
2014-07-28,0.001378153983675029,1.1046840398845772
2014-07-29,6.875092928115834e-05,1.1047599879388814
2014-07-30,0.001459321373086886,1.1063721878014119
2014-07-31,-0.0020648463137091008,1.10408769926784
2014-08-01,0.0,1.10408769926784
2014-08-04,0.003472623222924415,1.1079217798524628
2014-08-05,-0.001367289450720027,1.1064069300906474
2014-08-06,0.0007519595910749577,1.107238903393361
2014-08-07,-0.0016670505242233956,1.1053930801990184
2014-08-08,0.0008197685235813269,1.1062992466523502
2014-08-11,0.0024456435744902028,1.109004860296389
2014-08-12,-0.001099393477360422,1.107785627586618
2014-08-13,0.004295218765820263,1.112543809202734
2014-08-14,0.00034472043633248525,1.1129273257900814
2014-08-15,0.002236479346919207,1.1154163647688329
2014-08-18,0.005897418589193492,1.1219944419731114
2014-08-19,0.004216397259902044,1.1267252162638721
2014-08-20,-0.0017762087626647714,1.1247239170616288
2014-08-21,0.0008271114045084405,1.1256541890403537
2014-08-22,0.0004469622642043093,1.1261573139853982
2014-08-25,0.0005432024054558227,1.1267690453472767
2014-08-26,0.0014535635329985643,1.1284068757417052
2014-08-27,-0.004518601004845751,1.1233080552991037
2014-08-28,-0.001140173403583733,1.1220272893304204
2014-08-29,0.004489211706822027,1.1270643073730564
2014-09-02,0.0,1.1270643073730564
2014-09-03,-0.001237370474689786,1.1256697112760363
2014-09-04,0.0015399271189349862,1.127403160591394
2014-09-05,0.0004035650646176559,1.1278581411207482
2014-09-08,0.002039864064024721,1.130158818412138
2014-09-09,-0.0020073563085554803,1.1278901869783289
2014-09-10,0.00398741394936028,1.132387552043233
2014-09-11,0.0012195007703516725,1.1337684995352864
2014-09-12,-0.00113292218943587,1.1324840280444795
2014-09-15,-0.012707287587964931,1.1180932278113414
2014-09-16,-0.0008248825300029793,1.117170932240805
2014-09-17,-0.0019698417407624236,1.1149702823069105
2014-09-18,0.005231992212017262,1.120803798140571
2014-09-19,-0.0035461780037664868,1.116829228365067
2014-09-22,-0.005232556953621015,1.110985355820178
2014-09-23,3.759921381421014e-05,1.111027127996116
2014-09-24,0.001340658255894972,1.1125166356877871
2014-09-25,-0.011329551737009608,1.0999123209054786
2014-09-26,0.003246841909503678,1.1034835623257742
2014-09-29,-0.0019278514573212724,1.1013562099320142
2014-09-30,-0.004392203669955147,1.096518829144823
2014-10-01,0.0,1.096518829144823
2014-10-02,0.0005365865830701257,1.0971072064366258
2014-10-03,0.0022178045374521113,1.0995403757771325
2014-10-06,-0.0007691967682156464,1.0986946128735622
2014-10-07,-0.005990601914613597,1.0921127708221061
2014-10-08,0.007572829691936839,1.1003831548399312
2014-10-09,-0.01577372287950395,1.0830260158942118
2014-10-10,-0.020522645160660557,1.0607994572702508
2014-10-13,-0.00935255046131222,1.0508782768167981
2014-10-14,0.0017585836749839934,1.0527263341988036
2014-10-15,-0.0002747731245938689,1.0524370732946136
2014-10-16,0.0020068120563278727,1.0545491167018277
2014-10-17,0.006273425114116471,1.0611647516146143
2014-10-20,6.162819131336211e-05,1.0612301492789418
2014-10-21,0.013642885790800974,1.0757083910033092
2014-10-22,-0.007386660474164009,1.0677624983497584
2014-10-23,0.0033031259230364655,1.0712894523377037
2014-10-24,-0.006246430593744046,1.064597717127866
2014-10-27,-0.006659055140829445,1.0575085022267103
2014-10-28,0.01654616456434458,1.075006211932747
2014-10-29,8.721951160108325e-05,1.07509997344952
2014-10-30,-0.004429467705020701,1.0703378528374565
2014-10-31,0.005128444481789513,1.0758270210924914
2014-11-03,0.0,1.0758270210924914
2014-11-04,0.0015336637835637714,1.07747697803212
2014-11-05,0.00205546998139034,1.0796916996161043
2014-11-06,0.005119211549433689,1.0852188698346068
2014-11-07,-0.004024543028678118,1.0808513597974239
2014-11-10,0.004918913661215302,1.0861679743168746
2014-11-11,0.002795049025700519,1.089203867055236
2014-11-12,0.0008462307460389618,1.0901255848562428
2014-11-13,0.0031158485335228917,1.093522251061173
2014-11-14,0.006353575572202813,1.1004700273231756
2014-11-17,-0.0020159829419893914,1.0982514985199214
2014-11-18,0.003220058204310872,1.1017879322681272
2014-11-19,-0.00041391525708841517,1.1013318854328855
2014-11-20,0.0013968753297364468,1.1028703087734988
2014-11-21,0.0020986040425049484,1.1051847968618496
2014-11-24,0.002675426119673763,1.1081416371344401
2014-11-25,-0.0006792175988765025,1.1073889678324507
2014-11-26,0.0030436970375888606,1.1107595243533008
2014-11-28,0.0003896018242840694,1.1111922782903298
2014-12-01,0.0,1.1111922782903298
2014-12-02,0.0019499925157013213,1.113359094916501
2014-12-03,0.0069664040611552465,1.1211152042368515
2014-12-04,0.008707395250732547,1.1308771974417475
2014-12-05,-0.0038050165484831036,1.1265741909911795
2014-12-08,-0.010009526626598052,1.1152977166296152
2014-12-09,0.00378423871227746,1.1195182694245998
2014-12-10,-0.011720422552502312,1.1063970422516973
2014-12-11,-0.00029425756537497776,1.1060714765517063
2014-12-12,-0.007036078005341673,1.0982890713632052
2014-12-15,-0.0071196979336457635,1.0904695849312749
2014-12-16,-0.006262209278432829,1.0836408361786696
2014-12-17,0.0077048758730504825,1.0919901543123949
2014-12-18,0.0087312612981584,1.1015246056847128
2014-12-19,-5.053129257732705e-05,1.1014689442225818
2014-12-22,0.008576984010060767,1.1109162257447573
2014-12-23,0.0017182036588585027,1.1128250060685174
2014-12-24,-0.002029000215609722,1.1105670838912685
2014-12-26,0.003862012781102109,1.114856108163528
2014-12-29,0.0010214671482091154,1.1159948970529974
2014-12-30,-0.0025838106657211923,1.1131113775351014
2014-12-31,0.0015180194959382276,1.1148011023073505
2015-01-02,0.0,1.1148011023073505
2015-01-05,-0.0030426731859356237,1.1114091268857085
2015-01-06,-0.007387835934443526,1.1031982186002338
2015-01-07,0.0017265870162422926,1.1051029863208108
2015-01-08,0.008502824202686287,1.1144994827393604
2015-01-09,-0.0010657880220322489,1.1133116625400956
2015-01-12,-0.007382077524538694,1.1050931095382517
2015-01-13,0.0008670419495566853,1.1060512716223874
2015-01-14,-0.0009267284704554457,1.1050262624191913
2015-01-15,-0.008769145101516234,1.0953361267830513
2015-01-16,0.004121592911918076,1.099850656399368
2015-01-20,0.0023529753914537824,1.1024385779281498
2015-01-21,0.0048161448762197474,1.1077480818365855
2015-01-22,0.010283900683844605,1.1191400530929123
2015-01-23,0.001285680787677812,1.1205789099578944
2015-01-26,0.008860068586329135,1.1305073159565153
2015-01-27,-0.012210761978849505,1.1167029602060223
2015-01-28,-0.005902052303226817,1.1101121209277183
2015-01-29,0.009256966336242062,1.1203883914606005
2015-01-30,0.011927963740638516,1.1337523435693748
2015-02-02,0.0,1.1337523435693748
2015-02-03,0.004797488614506978,1.1391915075293195
2015-02-04,0.0016365603530120066,1.1410558631850298
2015-02-05,0.021059368096416932,1.165085778626418
2015-02-06,-0.0027073479213471194,1.1619314860654626
2015-02-09,-0.0033335569254817395,1.1580581213131538
2015-02-10,0.00855239600990515,1.1679622929691107
2015-02-11,2.019889162875329e-05,1.167985884512893
2015-02-12,0.010778908685657618,1.1805754977081944
2015-02-13,0.0017496478485684696,1.1826410890878323
2015-02-17,-0.0002932173558141903,1.1822943181948127
2015-02-18,-0.0005452353923731667,1.1816496894883313
2015-02-19,0.005235629740487046,1.1878363697454535
2015-02-20,0.0023210812231616034,1.190593434439458
2015-02-23,-0.0014558256717949747,1.1888601379529304
2015-02-24,0.00048772481049352286,1.1894399745384168
2015-02-25,0.0003656071463282562,1.1898748422932366
2015-02-26,0.016511819809597893,1.2095218412851563
2015-02-27,-0.0037999517029865203,1.2049257167045653
2015-03-02,0.0,1.2049257167045653
2015-03-03,0.0005197328880232777,1.2055519562271617
2015-03-04,0.00366208876031488,1.2099667944960368
2015-03-05,0.002741346668292577,1.2132837329368733
2015-03-06,-0.0067662019694184556,1.2050744101536124
2015-03-09,-0.0016838167068165765,1.2030452857288385
2015-03-10,-0.002407990919529901,1.20014836360502
2015-03-11,-0.0013104037977407557,1.1985756846314997
2015-03-12,-0.003023845320946772,1.194951377155726
2015-03-13,-0.0025012149504606506,1.1919625469061106
2015-03-16,0.009078983140277098,1.202784354773313
2015-03-17,-0.0018061038043091892,1.2006120013743933
2015-03-18,0.005642199039542018,1.2073860932554106
2015-03-19,-0.001734235033263798,1.2052922019938115
2015-03-20,0.003165346215383547,1.2091073691038239
2015-03-23,-0.002535891934835227,1.2060412034781636
2015-03-24,-0.0015718742556654285,1.2041454583591444
2015-03-25,-0.011093013091003051,1.1907878570260946
2015-03-26,-0.0031273597320939373,1.1870638350325646
2015-03-27,0.0007899805659285442,1.188001592392757
2015-03-30,0.006938332773404849,1.196244342776113
2015-03-31,-0.0060144591146612195,1.1890495800853411
2015-04-01,0.0,1.1890495800853411
2015-04-02,1.0703560430703942e-06,1.1890508527917447
2015-04-06,0.0042749120961716736,1.1941339406653073
2015-04-07,-2.366172387774368e-05,1.19410568539773
2015-04-08,0.004570098923415095,1.1995628665050102
2015-04-09,0.004815465120094314,1.2053393196480253
2015-04-10,-0.0005989476822000738,1.2046173844562575
2015-04-13,-0.0005334266885052396,1.2039748093939513
2015-04-14,-0.0018547170317473217,1.2017417768091736
2015-04-15,0.0018646750079247874,1.2039826346663687
2015-04-16,-0.0020987214612013805,1.2014558104720805
2015-04-17,-0.005881409907262614,1.1943895563652318
2015-04-20,0.001994871807122106,1.196772210417946
2015-04-21,-0.004013273761815744,1.1919692359070053
2015-04-22,0.012345368317249394,1.2066845351471076
2015-04-23,-0.0013343404285127423,1.2050744071873998
2015-04-24,-0.005953794536417972,1.1978996417659102
2015-04-27,0.008467306224368016,1.208042624858803
2015-04-28,-0.003133753068679701,1.2042569175760558
2015-04-29,-0.002418285876937021,1.2013446800800778
2015-04-30,-0.0016627795397839429,1.1993471087258123
2015-05-01,0.0,1.1993471087258123
2015-05-04,0.0012166408761624839,1.2008062834429953
2015-05-05,-0.006462213130332045,1.1930464173111448
2015-05-06,-0.0031570956648216465,1.1892798556391206
2015-05-07,0.009812931373504025,1.2009501772463982
2015-05-08,0.0016871215387687711,1.202976326157419
2015-05-11,0.0008542755324523088,1.2040039993989746
2015-05-12,0.0021765600266150154,1.206624586375951
2015-05-13,0.0015735573923663538,1.2085232794136538
2015-05-14,0.0033577572309351597,1.2125812071938584
2015-05-15,0.0013200378527879698,1.2141818602869336
2015-05-18,0.003975346993520862,1.2190086544948129
2015-05-19,-0.004617472771687692,1.2133799152242315
2015-05-20,0.0006250530838632807,1.21413834208214
2015-05-21,-0.0020658627503345075,1.2116300989074797
2015-05-22,0.00296902108981032,1.215227454224185
2015-05-26,-0.004315031329595425,1.209983709686623
2015-05-27,0.014553296266836891,1.2275929610917389
2015-05-28,0.001506055138906648,1.2294417837792766
2015-05-29,0.0031391247120820536,1.2333011548648043
2015-06-01,0.0,1.2333011548648043
2015-06-02,0.0022752890127700157,1.2361072714319048
2015-06-03,0.0021030527568749067,1.2387068702368826
2015-06-04,-0.0009110139963072527,1.237578390940775
2015-06-05,0.001306916156417598,1.2391958021347287
2015-06-08,-0.005610972499562506,1.2322427085673773
2015-06-09,1.150726529645105e-05,1.2322568883111344
2015-06-10,0.004198676766828202,1.2374307366788506
2015-06-11,-0.0011140527914890175,1.2360521735123793
2015-06-12,-0.00335944398287793,1.23189972547555
2015-06-15,-0.002740500393848183,1.2285237037927026
2015-06-16,0.0022360812223181704,1.231270782577926
2015-06-17,0.005452615028221752,1.2379844281508208
2015-06-18,0.007002091383445492,1.2466529082480153
2015-06-19,0.0018413063091647698,1.2489483781133108
2015-06-22,-0.0014247477351821468,1.2471689417402345
2015-06-23,0.0014907351065816812,1.249028140265525
2015-06-24,-0.0040115135621144,1.2440176469413873
2015-06-25,-0.0007246295244472234,1.2431161950254803
2015-06-26,-0.00635479136457569,1.235216450964168
2015-06-29,-0.011277639164895058,1.2212861255396519
2015-06-30,0.00560638850454967,1.2281331300346434
2015-07-01,0.0,1.2281331300346434
2015-07-02,0.004905845482188004,1.2341581614021493
2015-07-06,-0.0024552098405342558,1.231128044139499
2015-07-07,-0.01560559857310051,1.2119155540905715
2015-07-08,-0.004214906863964785,1.2068074429030895
2015-07-09,0.0026416273462366133,1.209995378445904
2015-07-10,0.009353260678970798,1.2213127806408586
2015-07-13,0.0038616716169483814,1.2260290895412758
2015-07-14,0.0067871828205718415,1.2343503731153318
2015-07-15,-0.00563250270971487,1.2273978912940222
2015-07-16,0.0011936802899377543,1.228863011964771
2015-07-17,-0.002652173780050526,1.2256038537051641
2015-07-20,0.004008913899788475,1.230517194029917
2015-07-21,-0.005584401056095245,1.223645492512033
2015-07-22,-0.004372749866107395,1.218294796848488
2015-07-23,0.0011435953013213152,1.219688033053788
2015-07-24,-0.011621130537980784,1.205513879206057
2015-07-27,-0.007263084046345114,1.1967581305823478
2015-07-28,0.003927587164966723,1.2014585024555926
2015-07-29,0.010442960081905484,1.2140052856368022
2015-07-30,-0.00228320526661665,1.211233462374936
2015-07-31,-0.0018855807185562568,1.2089495839126116
2015-08-03,0.0,1.2089495839126116
2015-08-04,0.0008114631938019924,1.209930602003119
2015-08-05,0.005279650757890869,1.2163186130229804
2015-08-06,-0.013520572009618231,1.1998732896289643
2015-08-07,0.011511098309551854,1.2136851490248888
2015-08-10,0.007498499403896359,1.2227859663913698
2015-08-11,-0.00657384510938121,1.214747560846388
2015-08-12,0.003967401788742608,1.2195669524921606
2015-08-13,-0.008644345366553717,1.2090245945571831
2015-08-14,-1.4273196585096052e-05,1.2090073379114687
2015-08-17,0.004017690378881544,1.213864755060993
2015-08-18,-0.003112249748768542,1.2100869047820153
2015-08-19,-0.0027748874979374115,1.206729049758518
2015-08-20,-0.012979868656309956,1.1910658651888986
2015-08-21,-0.00884007464843141,1.1805367540294303
2015-08-24,-0.013095087711795845,1.1650775216884162
2015-08-25,-0.003407653477086647,1.1611073412205593
2015-08-26,0.020220443668052823,1.1845854468062722
2015-08-27,0.02382801178015193,1.2128117627873687
2015-08-28,0.0054016179828761226,1.2193629086150848
2015-08-31,-0.0038298635787843535,1.2146929150220593
2015-09-01,0.0,1.2146929150220593
2015-09-02,0.010092501183618223,1.2269522047046522
2015-09-03,-9.48838418904359e-06,1.2269405629107524
2015-09-04,-0.0038343402702207207,1.2222360553012164
2015-09-08,0.015991860208868572,1.2417818834398324
2015-09-09,-0.0022700473965818146,1.2389629797082073
2015-09-10,0.0021527408467111432,1.2416301459221883
2015-09-11,0.011382583442126438,1.2557631046624071
2015-09-14,-0.0006575416147475365,1.2549373881628272
2015-09-15,0.005838995280217662,1.2622649616492785
2015-09-16,-0.0002305582796190863,1.2619739360112971
2015-09-17,-0.0016510049388824277,1.2598904108102016
2015-09-18,-0.006366438828111265,1.2518693955796545
2015-09-21,-0.004144903499056984,1.246680517741554
2015-09-22,-0.009474018677420181,1.2348694432316947
2015-09-23,-0.004290764419631432,1.2295709093617861
2015-09-24,0.0018424742185097042,1.2318363620621147
2015-09-25,0.0022894944494094736,1.2346566445756366
2015-09-28,-0.009653719209174627,1.2227376160091619
2015-09-29,-0.0017220582565936281,1.2206319906018657
2015-09-30,0.014528923094719615,1.2383664589202747
2015-10-01,0.0,1.2383664589202747
2015-10-02,0.00978093293181122,1.2504788381999785
2015-10-05,0.005228605624370814,1.2570170988865477
2015-10-06,-0.0026957901616488696,1.253628444558345
2015-10-07,-0.00242918055140533,1.2505831547221353
2015-10-08,-0.005082324913793202,1.2442272847981208
2015-10-09,-1.2276986035847328e-05,1.2442120094371198
2015-10-12,-0.0012601830352169218,1.242644074570614
2015-10-13,-0.0023501650349262715,1.2397236559156999
2015-10-14,0.0023778998383401973,1.2426715945966882
2015-10-15,0.007806212118682976,1.252372152657972
2015-10-16,0.0010860781016655996,1.2537323266281095
2015-10-19,-0.0006412390689001013,1.2529283844783325
2015-10-20,-0.003999152432159281,1.2479177328822246
2015-10-21,-0.0008800742402763628,1.246819472631531
2015-10-22,0.006157095371069376,1.2544962590350297
2015-10-23,0.008368531896852039,1.2649945509932459
2015-10-26,-0.0032981879101140754,1.2608223612587999
2015-10-27,-0.005531095820017185,1.253848631966657
2015-10-28,0.011925896954820958,1.2688019015484349
2015-10-29,-0.00644733285541973,1.2606215133615626
2015-10-30,0.0010535336818322028,1.2619496205859313
2015-11-02,0.0,1.2619496205859313
2015-11-03,-0.002043301282170401,1.2593710773081535
2015-11-04,0.003281640682735981,1.263503880670109
2015-11-05,-0.0015312644542893438,1.2615691220897824
2015-11-06,0.02177540106184379,1.2890402956905256
2015-11-09,-0.0033931646108234844,1.2846663697772631
2015-11-10,-0.009557601351310185,1.272388040745497
2015-11-11,-0.0009674847889289794,1.2711570246704607
2015-11-12,-0.0027008893190408724,1.2677237702397044
2015-11-13,-0.011892019495090734,1.252647974449624
2015-11-16,0.006692063549833988,1.2610307743002116
2015-11-17,0.0003892061198854602,1.261521575194933
2015-11-18,0.012205443961980722,1.2769190060878044
2015-11-19,0.0009498138050532844,1.2781318413877214
2015-11-20,0.0009609751120097598,1.2793600942771621
2015-11-23,-0.0026631150927932663,1.2759530111009751
2015-11-24,0.003236803767455215,1.2800830206144027
2015-11-25,0.005081338004379099,1.286587555115811
2015-11-27,0.002928225356169406,1.290354973417633
2015-11-30,1.001819378483323e-05,1.2903679004438078
2015-12-01,0.0,1.2903679004438078
2015-12-02,-0.004416512135265843,1.2846689749525402
2015-12-03,0.007790465350605642,1.294677144088906
2015-12-04,0.007231367278669199,1.3040394300251115
2015-12-07,0.0035054565862992996,1.3086106836338869
2015-12-08,-0.0004566146572798023,1.3080131528150667
2015-12-09,-0.008302887458682778,1.2971528668127663
2015-12-10,0.006414825405447655,1.3054738759775462
2015-12-11,-0.011824418561442356,1.290037406446959
2015-12-14,0.0012440669385689609,1.291642299333837
2015-12-15,0.0017702300016951278,1.293928803283576
2015-12-16,0.007002306519702339,1.302989289378839
2015-12-17,-0.004348053211901015,1.2973238226140829
2015-12-18,-0.0057963577692076605,1.2898040695956956
2015-12-21,0.004569055380596954,1.2956972558197977
2015-12-22,-8.272384968752711e-05,1.2955900707547667
2015-12-23,0.001135197353057904,1.2970608211737358
2015-12-24,9.541132156224437e-05,1.2971845754608307
2015-12-28,-0.00019791381750659527,1.2969278447094905
2015-12-29,0.0066830986339087685,1.3055953414167467
2015-12-30,-0.0006559407292300145,1.3047389482564185
2015-12-31,-0.004105982674542935,1.2993817127400762
2016-01-04,0.0,1.2993817127400762
2016-01-05,-0.00040686508925756305,1.2988530396835425
2016-01-06,-0.0166600112945082,1.2772141333725082
2016-01-07,-0.020915345813103826,1.2505007580956384
2016-01-08,-0.004496971210624889,1.2448772921876177
2016-01-11,0.004316616069929458,1.250250949512165
2016-01-12,0.005172729861610892,1.256718159933214
2016-01-13,-0.014721333302410983,1.2382175930336445
2016-01-14,0.003479557017187845,1.2425260417482904
2016-01-15,-0.016888115981992687,1.2215421178445989
2016-01-19,0.0007131493550682488,1.2224132598181285
2016-01-20,0.0007397541784913475,1.223317545134922
2016-01-21,0.0023689256667418722,1.2262154934661678
2016-01-22,-0.001127206884238574,1.2248332949203726
2016-01-25,-0.000214004557556574,1.2245711750130126
2016-01-26,-0.003321714635804829,1.2205034990183872
2016-01-27,-0.0065584284472517684,1.2124989141504547
2016-01-28,-0.0007635408404802369,1.2115731217104628
2016-01-29,0.012268304338031534,1.226437069495386
2016-02-01,0.0,1.226437069495386
2016-02-02,-0.013405985477916589,1.2099954719521522
2016-02-03,-0.0017791798128618805,1.2078426724348006
2016-02-04,0.0064153687522238104,1.2155914285731413
2016-02-05,-0.02735985943939547,1.1823330179516462
2016-02-08,-0.015949807777084175,1.1634750335868176
2016-02-09,-0.001856651978218643,1.1613148653641006
2016-02-10,-0.003865529302051707,1.1568257687231274
2016-02-11,0.006877277552723721,1.1647815806147792
2016-02-12,0.0051097409866564915,1.170733312797749
2016-02-16,0.011578522297618304,1.1842886745645425
2016-02-17,0.01893860157886637,1.206717445926484
2016-02-18,-0.004355439648046616,1.2014616609185063
2016-02-19,0.0015432388526593788,1.2033158032336162
2016-02-22,0.012759714244058546,1.2186697690282369
2016-02-23,-0.006248918752802069,1.2110544006550834
2016-02-24,0.005485550930801863,1.2176977012498487
2016-02-25,0.0038794204008487155,1.222421662554144
2016-02-26,0.002469794713634299,1.2254407931141522
2016-02-29,-0.0007849270374339966,1.2244789115028623
2016-03-01,0.0,1.2244789115028623
2016-03-02,0.007558735787046783,1.233734424071723
2016-03-03,0.010920798238385937,1.2472077887967614
2016-03-04,0.00689377763386082,1.2558057619559457
2016-03-07,-0.002167443690130227,1.2530838736811651
2016-03-08,-0.0005942607777017438,1.252339215083866
2016-03-09,0.005435703413744125,1.259146559630463
2016-03-10,0.003017155527359533,1.2629456006326076
2016-03-11,0.008725932457810663,1.2739659786416169
2016-03-14,0.002962432699406953,1.2777400171146767
2016-03-15,0.002669538725257342,1.2811509935711753
2016-03-16,0.004650640178026499,1.2871091658559959
2016-03-17,-0.0009433345527369907,1.2858949913066995
2016-03-18,0.0016212496352555506,1.2879797480923323
2016-03-21,0.0007407257347695484,1.2889337878376064
2016-03-22,0.0020423596225082495,1.2915662541619726
2016-03-23,-0.0018681431955328343,1.28915342345268
2016-03-24,-0.00034705283942214614,1.28870601909662
2016-03-28,-0.0006134659935198905,1.28791544177826
2016-03-29,0.002701579376789176,1.2913948475748165
2016-03-30,0.001030208131952537,1.2927252530483497
2016-03-31,0.0011327748356151802,1.2941896196843672
2016-04-01,0.0,1.2941896196843672
2016-04-04,0.005887758310338126,1.301809495372817
2016-04-05,-0.0016309327265098593,1.2996863316631322
2016-04-06,0.007695917787869622,1.3096886108216297
2016-04-07,-0.00332991819638202,1.3053274548848603
2016-04-08,0.00039020131996196926,1.305836795380739
2016-04-11,-0.00022494912579198436,1.305543048535191
2016-04-12,0.0019860414991559995,1.3081359112085165
2016-04-13,0.004952950369548526,1.3146150434533563
2016-04-14,0.0007446326714969754,1.3155939487651531
2016-04-15,0.002020552623816935,1.3182521755702081
2016-04-18,-1.4882805123211899e-05,1.318232556279976
2016-04-19,-0.005892190092961763,1.3104652794716434
2016-04-20,-0.00016671150307247517,1.3102468098351785
2016-04-21,-0.0008149192166574836,1.3091790645312797
2016-04-22,-0.013017454928181248,1.2921368850658252
2016-04-25,0.00084257374417408,1.2932256056790608
2016-04-26,-0.0027223301330913277,1.2897050186438355
2016-04-27,-0.0038614448294714276,1.28472489386805
2016-04-28,-0.008404885755253376,1.273926927908159
2016-04-29,-0.005905954805169933,1.2664031730468446
2016-05-02,0.0,1.2664031730468446
2016-05-03,-0.0040809916808857314,1.261234992232993
2016-05-04,-0.001830528492838418,1.2589262656435458
2016-05-05,-0.007046579332220853,1.250055141839272
2016-05-06,0.00033607585839749997,1.2504752551941098
2016-05-09,-0.0021974567937986635,1.2477273898491064
2016-05-10,0.0021223213582086454,1.250375468337805
2016-05-11,-0.0011667528955438598,1.2489165891396048
2016-05-12,-0.005977674731298471,1.2414509720032054
2016-05-13,0.014967371315831406,1.2600322296715771
2016-05-16,0.008241852713600738,1.2704172297229204
2016-05-17,-0.0031260079685282217,1.2664458953394508
2016-05-18,0.004458683785455986,1.272092577118158
2016-05-19,0.0006404777298306741,1.2729073240840851
2016-05-20,0.008118007830863245,1.2832407957089629
2016-05-23,-0.002365627411243371,1.280205126107408
2016-05-24,0.006260743964386029,1.2882201626238612
2016-05-25,0.0042536734018915395,1.2936998304653948
2016-05-26,0.004056447060548496,1.2989476553399182
2016-05-27,-8.462147346612872e-05,1.298837736475368
2016-05-31,0.0008390442749267092,1.2999275188422164
2016-06-01,0.0,1.2999275188422164
2016-06-02,0.0003721602144557469,1.3004113001464055
2016-06-03,0.0016151682672955027,1.3025116832128345
2016-06-06,0.008554629214324833,1.3136541877100465
2016-06-07,0.007553309613482845,1.3235766245148688
2016-06-08,-0.0008534909197069895,1.3224469638843088
2016-06-09,0.0008948705420458836,1.323630382715707
2016-06-10,-0.00643228404346502,1.3151164161255193
2016-06-13,-4.454301101542423e-05,1.3150578368805093
2016-06-14,-0.001988847221537171,1.3124423877554687
2016-06-15,0.0025861104172462904,1.3158365086864787
2016-06-16,0.0014647262983632449,1.3177638490250982
2016-06-17,0.005071980623013827,1.3244475217330616
2016-06-20,0.0027023428133100325,1.328026632975023
2016-06-21,0.00695291274647582,1.3372602862790943
2016-06-22,-0.011475884777688393,1.321914041315977
2016-06-23,0.005261413640858037,1.3288691778849984
2016-06-24,-0.012302762479308876,1.3125204160234047
2016-06-27,-0.008752594909778966,1.3010324565111373
2016-06-28,0.008271643787725562,1.3117941335476668
2016-06-29,0.006270226509130661,1.3200193798983593
2016-06-30,0.003337491260582526,1.3244249330425697
2016-07-01,0.0,1.3244249330425697
2016-07-05,-0.0017794169041677019,1.3220682289284125
2016-07-06,0.004954099527550233,1.328617886516736
2016-07-07,0.0019063114240973956,1.331150645972063
2016-07-08,0.007091447960554065,1.340590431505632
2016-07-11,0.0041765679127657995,1.3461894984860194
2016-07-12,0.00444009389950088,1.3521667062658194
2016-07-13,-0.0026213003785717556,1.3486222711667926
2016-07-14,0.0019193855171544649,1.351210797222182
2016-07-15,-0.002099621664147161,1.348373765759505
2016-07-18,0.004512512899095939,1.3544583197702973
2016-07-19,0.003502009766959463,1.3592016460350722
2016-07-20,0.005809041720686409,1.3670973051037156
2016-07-21,-0.009021271224697031,1.3547643495238226
2016-07-22,0.012853479126908223,1.3721777848123065
2016-07-25,0.0065050555389830015,1.3811038775118691
2016-07-26,0.002564044909032842,1.384645089877849
2016-07-27,0.005721670167985832,1.3925675723818514
2016-07-28,0.004291788834684402,1.3985441783405435
2016-07-29,0.004960128409900261,1.405481137052031
2016-08-01,0.0,1.405481137052031
2016-08-02,-0.0070891698304768325,1.3955174425779375
2016-08-03,0.0009253312790023782,1.3968087585179483
2016-08-04,0.007421222225858592,1.4071747867219355
2016-08-05,0.003557248564659049,1.4121804572122265
2016-08-08,-0.001763831011920336,1.4096896095273677
2016-08-09,0.0007834985971900799,1.4107940993589059
2016-08-10,-0.004256394040657541,1.4047892037617997
2016-08-11,0.0029778396644867086,1.4089724407730042
2016-08-12,0.008417142381542963,1.4208319624186605
2016-08-15,0.0033344303039010204,1.4255696275709007
2016-08-16,-0.004360737876254222,1.4193530921007147
2016-08-17,-0.003728589960160866,1.4140609064115846
2016-08-18,0.005231992720124462,1.4214592627797427
2016-08-19,0.009161959837286182,1.4344826154556694
2016-08-22,-0.0011273268111525292,1.432865484743134
2016-08-23,0.001762050726150044,1.4353902664110008
2016-08-24,-0.003960954728443722,1.429704750548098
2016-08-25,-0.0004979527889816981,1.4289928250801422
2016-08-26,0.0016577627414301466,1.4313617561433312
2016-08-29,-0.0021118042975651285,1.4283390002353373
2016-08-30,-0.004332012869762564,1.422151417303934
2016-08-31,-0.0014606766283756622,1.4200741139666668
2016-09-01,0.0,1.4200741139666668
2016-09-02,-0.0006261305413431783,1.4191849621929413
2016-09-06,0.005615818638126014,1.4271548475545728
2016-09-07,-0.009210169299129711,1.4140105097925215
2016-09-08,-0.009289807712544514,1.4008746240530319
2016-09-09,-0.013964170325991954,1.3813125721973953
2016-09-12,0.006530537810764625,1.3903332861786148
2016-09-13,-0.003993485114200023,1.3847810108964838
2016-09-14,0.006072251897685316,1.3931897500177783
2016-09-15,0.0045902258880128775,1.399584805675224
2016-09-16,0.00312239322045812,1.4039548597839204
2016-09-19,0.0032233241513419052,1.4084802613908558
2016-09-20,-0.0010205610803794341,1.4070428212535977
2016-09-21,0.005356841873421465,1.4145801271561862
2016-09-22,0.000835610746295179,1.4157621655119337
2016-09-23,-0.0002377136066496143,1.4154256195814119
2016-09-26,-0.00320224549077166,1.4108930792735848
2016-09-27,0.006548747219988804,1.4201326614041792
2016-09-28,0.0023989372402675904,1.423539470531742
2016-09-29,-0.002614254714971087,1.4198179757589569
2016-09-30,0.001320078768676858,1.421692247324142
2016-10-03,0.0,1.421692247324142
2016-10-04,-0.0008990620922554704,1.4204140577177193
2016-10-05,0.001046742709548365,1.4219008657771754
2016-10-06,-0.0014278326320658452,1.4198706293214562
2016-10-07,-0.0060798978391475465,1.4112379609503756
2016-10-10,0.0043073848918739836,1.4173167060222123
2016-10-11,-0.004699674608629506,1.4106557786865332
2016-10-12,0.00017661092935676858,1.4109049159146096
2016-10-13,-0.0038591217947479607,1.4054600620032864
2016-10-14,0.0025318764106190606,1.4090185131803397
2016-10-17,-0.001890959302849171,1.4063541165149545
2016-10-18,0.005092342616075507,1.413515753515777
2016-10-19,0.0031173042982161063,1.417922112249808
2016-10-20,-0.0009666637986819659,1.4165514582745455
2016-10-21,0.005138834571675066,1.4238308818808834
2016-10-24,0.007658929510793739,1.4347359022405004
2016-10-25,0.006887910664216823,1.4446182349618775
2016-10-26,-0.004328263063321819,1.4383655472148908
2016-10-27,-0.003957861392813627,1.4326726957468159
2016-10-28,-0.004143451710509954,1.4267364856150229
2016-10-31,0.00027253466323713405,1.427125320762658
2016-11-01,0.0,1.427125320762658
2016-11-02,0.0015935263192026817,1.4293994825220937
2016-11-03,-0.0022838386934834753,1.4261349646754644
2016-11-04,-0.002760440217041377,1.4221982043640453
2016-11-07,0.014335983529968238,1.4425868143981588
2016-11-08,0.00134853357480626,1.4445321911519475
2016-11-09,-0.004735800823070174,1.4376911744121388
2016-11-10,-0.017323497861195098,1.412785334427151
2016-11-11,0.03827418156740159,1.4668585368327778
2016-11-14,-0.003850825221773574,1.4612099209823681
2016-11-15,0.005219971513809973,1.4688373951455926
2016-11-16,0.01145507055915369,1.4856630311469088
2016-11-17,0.005458851230479988,1.4937730446125639
2016-11-18,0.0009945463641880703,1.4952586711630054
2016-11-21,0.009834580723659753,1.5099639132673102
2016-11-22,0.0011072351158473049,1.5116357983357418
2016-11-23,-0.0009250486769802723,1.5102374616404153
2016-11-25,0.0010691410107858514,1.5118521184466802
2016-11-28,0.00044680389638221976,1.5125276198639561
2016-11-29,-0.002019619981654902,1.509472888860074
2016-11-30,-0.0019308110553806822,1.5065583819184654
2016-12-01,0.0,1.5065583819184654
2016-12-02,0.001997781475340915,1.5095681563453816
2016-12-05,0.011092612281358423,1.5263132106160058
2016-12-06,0.010711712582290488,1.5426626390386773
2016-12-07,0.006840836706798021,1.5532157422460189
2016-12-08,-0.002642628454160656,1.5491111701301092
2016-12-09,-0.002269399984703058,1.5455956172643126
2016-12-12,-0.002064806755036064,1.5424042609932311
2016-12-13,0.006506852660375195,1.5524404582622489
2016-12-14,0.004764948741223624,1.55983775746967
2016-12-15,0.00028395687178985334,1.5602806841197807
2016-12-16,0.0026231002836780704,1.5643734568249128
2016-12-19,0.003352318274345867,1.5696177345521285
2016-12-20,0.0035232537597315486,1.5751478961367307
2016-12-21,0.00014956097506392822,1.5753834767919468
2016-12-22,0.0002599927223798316,1.5757930650308702
2016-12-23,0.003500518466848957,1.5813091577549434
2016-12-27,0.011254270954609047,1.5991056394793222
2016-12-28,-0.0016765097788050186,1.5964247232373927
2016-12-29,0.001871270253791463,1.5994120653344042
2016-12-30,-0.009297685677814771,1.5845412346816203
2017-01-03,0.0,1.5845412346816203
2017-01-04,0.006791613354412346,1.595302826091701
2017-01-05,-0.0037066482334499663,1.5893895996895504
2017-01-06,0.004544529863308821,1.5966126281897721
2017-01-09,0.0059099901507326915,1.606048593096909
2017-01-10,0.0010972787464625102,1.6078108760839003
2017-01-11,-0.0010679232153471385,1.6060938575234427
2017-01-12,-0.0029265242863335096,1.6013935848432692
2017-01-13,0.003824667589219239,1.607518382984803
2017-01-17,-0.011227066792137525,1.5894706667294438
2017-01-18,0.0054538218054621225,1.598139356510795
2017-01-19,0.003490652768760172,1.603717906080464
2017-01-20,-0.0010881186530010466,1.601972870712706
2017-01-23,0.005481071371672724,1.6107533983525657
2017-01-24,0.012360660453070993,1.6306633741832322
2017-01-25,0.002160323686229498,1.634186134894747
2017-01-26,0.004244590799719745,1.6411225863279508
2017-01-27,0.005708742005381406,1.6504913317725014
2017-01-30,-0.003116189841122641,1.645348087451571
2017-01-31,-0.0037624901429869962,1.639157481490752
2017-02-01,0.0,1.639157481490752
2017-02-02,0.0027670359835272277,1.6436930892247048
2017-02-03,-1.57569567004245e-05,1.643667189623869
2017-02-06,0.014792431833163089,1.667981024482787
2017-02-07,-0.0013230319767550457,1.6657742322507756
2017-02-08,0.0014532188992129047,1.6681949668469043
2017-02-09,-0.0037617511158613112,1.6619196325688936
2017-02-10,-0.001091626589457173,1.6601054369084405
2017-02-13,-0.003620587391363922,1.654094880095235
2017-02-14,-0.0016176618228031347,1.651419113956411
2017-02-15,0.0007133800044541284,1.6525972033312808
2017-02-16,-0.0030390423301221324,1.6475748904757157
2017-02-17,0.002441145746728046,1.6515968609120166
2017-02-21,0.008170317957896515,1.6650909324039316
2017-02-22,7.056175761415711e-05,1.6652084241467096
2017-02-23,-0.01499382355220522,1.640240582857408
2017-02-24,-0.0004813753311018909,1.6394510115037482
2017-02-27,0.008328467099149462,1.6531051253137246
2017-02-28,-0.008876498267696608,1.6384313405325568
2017-03-01,0.0,1.6384313405325568
2017-03-02,-0.006829952498524988,1.6272409323046249
2017-03-03,-0.004945078230107763,1.619194098595145
2017-03-06,-0.00022983570617267634,1.6188219499760639
2017-03-07,-0.0011510900920142007,1.6169585400687114
2017-03-08,-0.0006353909373184085,1.615931139266332
2017-03-09,0.00016318719481317478,1.6161948385359601
2017-03-10,0.0022583432129663077,1.619844761180399
2017-03-13,0.003383099367290082,1.6253248569670566
2017-03-14,-0.0008733807789442216,1.6239053294774413
2017-03-15,0.0013360025807892528,1.6260748711885804
2017-03-16,0.0011115420966932078,1.6278823218602814
2017-03-17,0.0024028189406515967,1.631793828336399
2017-03-20,0.003825801985299404,1.6380367484044478
2017-03-21,-0.005950065667912163,1.628290322184988
2017-03-22,0.003996260446815924,1.6347973943954692
2017-03-23,-0.0011958399785284124,1.632842438314457
2017-03-24,0.0008562387167791619,1.6342405412285421
2017-03-27,0.0010668583733731806,1.6359840444340579
2017-03-28,0.0028734448501192998,1.6406849543614144
2017-03-29,0.0019408757890404804,1.6438693200667773
2017-03-30,0.0018928877898079345,1.6469809802307716
2017-03-31,0.004360105880415399,1.6541619916876082
2017-04-03,0.0,1.6541619916876082
2017-04-04,-0.0009656497516508931,1.6525646505711447
2017-04-05,-0.0010630367551004271,1.6508079136074079
2017-04-06,-0.006960967923951461,1.6393166926721814
2017-04-07,0.001529267701337861,1.6418236467425489
2017-04-10,-0.0058820696661256,1.6321663256729169
2017-04-11,9.240083358850741e-05,1.6323171392019642
2017-04-12,-0.0034009142587580698,1.626765768568437
2017-04-13,-0.0059258711946665096,1.6171257641600076
2017-04-17,0.009713198770549587,1.6328332281442708
2017-04-18,-0.0005097670624738981,1.63200086354605
2017-04-19,-0.0016793328479558945,1.6292601908880047
2017-04-20,0.0026526675641452223,1.6335820765499263
2017-04-21,-0.0009156109887202945,1.6320863508496606
2017-04-24,0.004150251682378342,1.6388599199730611
2017-04-25,0.006943210384459703,1.650238869188093
2017-04-26,-0.0030721971789820445,1.6451690099895269
2017-04-27,0.0025768828721480395,1.6494084178331576
2017-04-28,-0.003815304861220181,1.6431154218784614
2017-05-01,0.0,1.6431154218784614
2017-05-02,-0.004469738207647516,1.6357711260977164
2017-05-03,-0.0017196389653909181,1.6329581903308172
2017-05-04,-0.007936330721553713,1.619998494077882
2017-05-05,0.005420779368459911,1.6287801484915156
2017-05-08,-0.0029194754343953018,1.6240249648599638
2017-05-09,0.006438357553850527,1.6344810182601117
2017-05-10,0.024644539147104728,1.6747620496998226
2017-05-11,0.0017529794566171599,1.6776978731676684
2017-05-12,0.002948390293435022,1.6826443812922327
2017-05-15,-0.0013552155704488976,1.6803640354271772
2017-05-16,0.013436095808208459,1.7029415675998445
2017-05-17,-0.018375824402612973,1.6716486123857193
2017-05-18,0.0024084007622010906,1.6756746121779216
2017-05-19,0.0005014771472674318,1.6765149247021849
2017-05-22,-0.0011461211778087787,1.6745934354420713
2017-05-23,-0.003683785871690148,1.6684245918037648
2017-05-24,0.0008668001508696011,1.6698707824916548
2017-05-25,0.004433980497685392,1.6772749569748775
2017-05-26,0.0034968506928184707,1.6831401370702224
2017-05-30,0.004201149457202868,1.6902112603434714
2017-05-31,0.00031051236973068664,1.690736091847266
2017-06-01,0.0,1.690736091847266
2017-06-02,0.007922681529230551,1.704131255452948
2017-06-05,0.007398137854332349,1.7167386534026654
2017-06-06,0.0088222014427213,1.7318840676274898
2017-06-07,0.004232927918470669,1.7392150080489048
2017-06-08,0.011719719754246904,1.7595981205356184
2017-06-09,-0.01479816109104558,1.7335593040924313
2017-06-12,-0.003266517429397181,1.7278966024107196
2017-06-13,0.00699710999351077,1.7399868849952007
2017-06-14,-0.0034311023387389224,1.7340168119247188
2017-06-15,-0.00425106928422776,1.726645386317211
2017-06-16,-0.002070626375852574,1.7230701488385587
2017-06-19,0.008854685235030779,1.7383273926444018
2017-06-20,0.006414994554693393,1.74947875340249
2017-06-21,0.013233868187068487,1.7726311246210955
2017-06-22,0.0038212982379063564,1.7794048768140682
2017-06-23,-0.0022472407946088064,1.7754061255847657
2017-06-26,-0.0038555858653144866,1.7685608948217684
2017-06-27,-0.017473992250612122,1.7376570754509173
2017-06-28,0.006821418201501406,1.7495103610533658
2017-06-29,-0.01634978245302593,1.7209062472508285
2017-06-30,-0.0037386759153488383,1.7144723365116585
2017-07-03,0.0,1.7144723365116585
2017-07-05,0.012475445270536017,1.7358611423136576
2017-07-06,0.0002449355604226489,1.7362863164353661
2017-07-07,0.008118670063639043,1.750382652174516
2017-07-10,0.008944334615345445,1.7660386603204608
2017-07-11,0.0019119218671044826,1.7694151882532791
2017-07-12,0.008148507472457201,1.7838332811366402
2017-07-13,-0.005427306780808266,1.7741518706740957
2017-07-14,0.007688340839836699,1.787792154957472
2017-07-17,-3.995414114947851e-05,1.787720725257367
2017-07-18,0.0011626778881308475,1.789799268614777
2017-07-19,0.0006650731273808331,1.7909896160117385
2017-07-20,0.004631383168681313,1.7992843751746181
2017-07-21,-0.0005603685176804984,1.798276112856416
2017-07-24,0.004849412909157386,1.8069966962523314
2017-07-25,-0.0005823663099326525,1.8059443622542743
2017-07-26,0.003550019477642874,1.8123554999158162
2017-07-27,-0.01032194312478631,1.7936484695237915
2017-07-28,-0.003960466107646409,1.7865447855512107
2017-07-31,-0.008268578162134149,1.7717726003517273
2017-08-01,0.0,1.7717726003517273
2017-08-02,0.0014371802024457372,1.7743189568561888
2017-08-03,0.007357263596827146,1.787373089126627
2017-08-04,0.0038955547209787943,1.7943358988021245
2017-08-07,0.0030285937352990512,1.7997702132642586
2017-08-08,-0.0015985492572822113,1.7968931919265663
2017-08-09,0.0007245579680734082,1.7981951452065537
2017-08-10,-0.01568813193182773,1.769984822529381
2017-08-11,0.0028432512461195104,1.7750173340816504
2017-08-14,0.01386704093249912,1.799631572109256
2017-08-15,0.0007903213103191864,1.801053859291417
2017-08-16,-0.003931257989214054,1.7939734519180728
2017-08-17,-0.007552701805707685,1.7804241053883796
2017-08-18,-6.63599824083149e-05,1.7803059564760666
2017-08-21,-0.007039035723898307,1.7677743192489626
2017-08-22,0.005799914265203277,1.7780272587408346
2017-08-23,0.0071907480986080465,1.7908126048708983
2017-08-24,-0.00020355032753667236,1.79044808437862
2017-08-25,-0.0025992683734474497,1.7857942292985949
2017-08-28,-0.0018925455302870318,1.7824145324119234
2017-08-29,3.227881444868305e-05,1.7824720666398857
2017-08-30,0.006706767495092447,1.7944266923573364
2017-08-31,0.005800889562682354,1.8048359634280309
2017-09-01,0.0,1.8048359634280309
2017-09-05,-0.004110952231919279,1.7974163689959282
2017-09-06,-0.00019086462474622302,1.797073305795147
2017-09-07,0.003890547711016579,1.804064905231537
2017-09-08,-0.006807091688550575,1.7917844700095296
2017-09-11,0.005269169660615531,1.8012256863772658
2017-09-12,-0.0029623054225146827,1.7958899057593378
2017-09-13,-0.0014841965294002555,1.7932244521940248
2017-09-14,-0.0009389143963642599,1.7915407679399473
2017-09-15,0.0031524220546692186,1.7971884605686403
2017-09-18,0.008410170173812898,1.8123031213564353
2017-09-19,-0.0019552754376107482,1.8087595695777419
2017-09-20,0.002084157602778747,1.8125293095862762
2017-09-21,-0.0030558574652333245,1.806990478364623
2017-09-22,-0.001563234423841514,1.8041657286452895
2017-09-25,-0.014163096640726819,1.778613155074599
2017-09-26,-0.00016138015630831604,1.778326122205621
2017-09-27,0.003182009421124366,1.7839847726803109
2017-09-28,0.0008296026485425214,1.785464771172686
2017-09-29,0.0022909646441960584,1.7895552078369001
2017-10-02,0.0,1.7895552078369001
2017-10-03,0.007578266706989673,1.8031169344887705
2017-10-04,0.002518980362384299,1.8076589506378304
2017-10-05,0.0031684553801035018,1.813386437365371
2017-10-06,-0.00011362279790204655,1.81318039532468
2017-10-09,0.004749286113296808,1.8217917077970973
2017-10-10,0.005448175917097037,1.8317171495054845
2017-10-11,0.0022197464424902834,1.8357830971317477
2017-10-12,0.003573179844571994,1.8423426802934246
2017-10-13,0.0019234961418659825,1.8458864193309639
2017-10-16,-0.0010099783523356163,1.8440221140065693
2017-10-17,0.0006903727449345754,1.845295176615136
2017-10-18,0.0004864641363880984,1.8461928465396094
2017-10-19,-0.0030139183019028512,1.8406285721305815
2017-10-20,-0.002931335252600509,1.8352330727101513
2017-10-23,-0.00042133872100098,1.8344598179545568
2017-10-24,0.0024886405964845205,1.8390251291301383
2017-10-25,-0.00668665885444697,1.8267281954668897
2017-10-26,0.0003114911787206132,1.8272972051856977
2017-10-27,0.005387057061606071,1.8371409594985464
2017-10-30,-0.003748984289465784,1.8302535469038521
2017-10-31,0.006928436379936959,1.8429343421627293
2017-11-01,0.0,1.8429343421627293
2017-11-02,0.0004358804104664994,1.843737641140254
2017-11-03,0.008667496426286897,1.8597182305558477
2017-11-06,0.0080099207747722,1.8746144262459994
2017-11-07,-0.0005349913511630221,1.8736115237411923
2017-11-08,-0.004025361001239885,1.866069560982051
2017-11-09,-0.009961815416626645,1.8474801204609623
2017-11-10,0.006378822294871506,1.8592648678426906
2017-11-13,0.0009621289735286642,1.861053720441506
2017-11-14,-0.0011248152481915686,1.8589603788390499
2017-11-15,-0.0015683736170202134,1.8560448344257927
2017-11-16,0.002787763905192442,1.861219049221624
2017-11-17,0.0018534169228557773,1.8646686641045929
2017-11-20,0.0005194516034416896,1.8656372692320495
2017-11-21,0.004928146399652944,1.8748314028234736
2017-11-22,-0.0010079548507874346,1.8729416574165891
2017-11-24,0.001926140452322328,1.8765492061077789
2017-11-27,0.0005933736596423711,1.877662700977706
2017-11-28,-0.0046582224250311995,1.868916130477367
2017-11-29,-0.011848416122623273,1.8467724344651881
2017-11-30,0.004889001947013244,1.8558013084929785
2017-12-01,0.0,1.8558013084929785
2017-12-04,-0.008231656636634527,1.8405249893356472
2017-12-05,-0.0011596695218553665,1.8383905886013014
2017-12-06,0.007590636478130209,1.8523451432641898
2017-12-07,0.0017424533923362407,1.855572768342848
2017-12-08,-0.00010660066557780503,1.8553749630507146
2017-12-11,0.008241517704373069,1.8706660686569476
2017-12-12,-0.0008365608680295566,1.8691011426267585
2017-12-13,-0.0009070796046091623,1.8674057191013302
2017-12-14,-0.0005828199150580859,1.8663173578587446
2017-12-15,0.00637468552204809,1.8782145440994338
2017-12-18,0.011518670221073496,1.899849078037339
2017-12-19,-0.004586277843052249,1.891135842305593
2017-12-20,-0.0014256736290208182,1.888439699806322
2017-12-21,7.642765542864582e-05,1.8885840288249964
2017-12-22,-0.003804599655574581,1.8813987226794053
2017-12-26,-0.0022300889637660803,1.8772030361515144
2017-12-27,-0.0009030462313933174,1.8755078350241576
2017-12-28,0.0020019772903887125,1.8792625591178223
2017-12-29,-0.0061965731287241255,1.8676175712421754
2018-01-02,0.0,1.8676175712421754
2018-01-03,0.012900185061567409,1.8917101835354344
2018-01-04,0.006739935910480871,1.9044601889336674
2018-01-05,0.0028118266995679265,1.9098152009411755
2018-01-08,0.002997623271383432,1.9155401074315588
2018-01-09,-0.0038844317226604417,1.9080993226722234
2018-01-10,0.0014420672638428224,1.9108509302416097
2018-01-11,0.001929912814106477,1.9145387059377301
2018-01-12,0.0002463343426512554,1.9150103225713377
2018-01-16,-0.002918448508590998,1.909421463551493
2018-01-17,0.007989077810441508,1.9246759801967328
2018-01-18,0.002301305707099399,1.9291052480142765
2018-01-19,0.0033276076111794007,1.9355245533203351
2018-01-22,0.0038212308558559947,1.9429206394657499
2018-01-23,0.00285892250826435,1.9484752990136898
2018-01-24,-0.006130716498035027,1.9365297493520128
2018-01-25,-0.008471271680974779,1.920124879726962
2018-01-26,0.00590043735093827,1.9314544562857692
2018-01-29,0.0021338911127611994,1.9355759697847406
2018-01-30,-0.006752313781789193,1.9225063534882632
2018-01-31,0.012831602449265879,1.9471751907224124
2018-02-01,0.0,1.9471751907224124
2018-02-02,-0.005893718084550842,1.935699089087063
2018-02-05,-0.02632397673280582,1.8847437913042215
2018-02-06,0.017872193322013147,1.9184282967048747
2018-02-07,0.0009173478646657463,1.9201881628063713
2018-02-08,-0.020117932894964368,1.8815579462013279
2018-02-09,0.01261902526098201,1.9053013734544437
2018-02-12,0.0054758978696126445,1.9157346091863128
2018-02-13,0.0026836154217717402,1.920875704127547
2018-02-14,0.00910456921318381,1.9383644499256998
2018-02-15,0.00736044870150942,1.9526316820242071
2018-02-16,-0.005234090145972448,1.9424114317786108
2018-02-20,0.002865233008876744,1.9479768931297623
2018-02-21,-0.004505544019978097,1.939200197487866
2018-02-22,0.005050279025362825,1.9489936995712185
2018-02-23,0.007554530914593166,1.9637174327269766
2018-02-26,0.005584167055571854,1.9746831589212628
2018-02-27,-0.0012515977185292126,1.9722116499847389
2018-02-28,-0.007361279497252427,1.9576936488014638
2018-03-01,0.0,1.9576936488014638
2018-03-02,0.0016498222010849109,1.9609234952461796
2018-03-05,0.0023237336428435563,1.9654801591431257
2018-03-06,0.000744210394160455,1.966942889907076
2018-03-07,0.005709523001427741,1.978173195579495
2018-03-08,-0.0014417540888824573,1.9753211562862505
2018-03-09,0.000919868435127924,1.9771381918671587
2018-03-12,0.00796050200707385,1.9928772044117795
2018-03-13,-0.0005178968691136099,1.9918450995470867
2018-03-14,-0.0018121228201289584,1.9882356315880352
2018-03-15,0.0005759226337316403,1.9893807014894584
2018-03-16,-0.0008608186389674643,1.9876682055016142
2018-03-19,-0.006557614732916139,1.9746338431930677
2018-03-20,-0.00019943330462572905,1.974240035440294
2018-03-21,0.0029188301116308104,1.980002506703324
2018-03-22,-0.009193037534233044,1.9618002693413248
2018-03-23,-0.00913146566377555,1.943886157542649
2018-03-26,0.00397865561947684,1.9516202111269791
2018-03-27,-0.020188614537434833,1.9122197029610695
2018-03-28,-0.011414358491004906,1.8903929417579088
2018-03-29,0.005461800208636758,1.9007178903216078
2018-04-02,0.0,1.9007178903216078
2018-04-03,0.007046651224602268,1.914111586371066
2018-04-04,0.011816105078561696,1.9367289300077188
2018-04-05,0.010332756516323533,1.9567406784796084
2018-04-06,-0.011953988482301654,1.933349822946212
2018-04-09,0.002748613150787299,1.9386638536946341
2018-04-10,0.014752632614412503,1.9672642492910322
2018-04-11,-0.0030244256808290514,1.9613144047744995
2018-04-12,0.007845948414385817,1.976702776418752
2018-04-13,-0.004032139265038448,1.9687324355386433
2018-04-16,0.001154797390678286,1.9710059226181469
2018-04-17,0.009450334344756096,1.9896325875823828
2018-04-18,-0.004066735060756271,1.9815412789804383
2018-04-19,-0.00451117202080471,1.9726022054046322
2018-04-20,-0.0057928374821536455,1.9611752414117853
2018-04-23,-0.002050983983235771,1.9571529024033312
2018-04-24,-0.005946986720047259,1.9455137400836366
2018-04-25,-0.00537733534992868,1.935052060275313
2018-04-26,0.021555867758333375,1.9767637865920982
2018-04-27,0.0047277844019377735,1.9861094995886637
2018-04-30,-0.0002683433134379907,1.9855765403846934
2018-05-01,0.0,1.9855765403846934
2018-05-02,0.0033274950588888354,1.9921835365118692
2018-05-03,0.0028233303074144123,1.997808128668435
2018-05-04,0.01679132811729306,2.031353980472302
2018-05-07,0.013051933193351833,2.057867076917476
2018-05-08,-0.00018712349126453464,2.057482001645485
2018-05-09,0.005692334919168041,2.069193878289011
2018-05-10,0.003958145800421625,2.077384049348619
2018-05-11,-0.005113463990616479,2.0667614208175937
2018-05-14,0.0011293264348674838,2.0690954691246874
2018-05-15,-0.0030842100623687473,2.0627139440588116
2018-05-16,0.004275508550733297,2.071533095164352
2018-05-17,0.00013353223760756433,2.0718097116138274
2018-05-18,-0.0028755301863646497,2.0658521602476783
2018-05-21,0.0018016923911602092,2.0695741903660583
2018-05-22,-0.0006926951833244766,2.068140606292859
2018-05-23,0.0017634085981311331,2.07178758322014
2018-05-24,0.0027416896288160906,2.0774677817501646
2018-05-25,0.001745803929287848,2.081094633166513
2018-05-29,-0.003126621191174106,2.0745878385856162
2018-05-30,0.004692362105606413,2.084322555944147
2018-05-31,-0.0009244494491767563,2.0823957051053976
2018-06-01,0.0,2.0823957051053976
2018-06-04,0.005691478115805443,2.0942476146894524
2018-06-05,0.002495750715609174,2.0994743346724762
2018-06-06,-1.2194899281692262e-05,2.0994487317944204
2018-06-07,-0.004429264783083898,2.090149717462793
2018-06-08,-0.0006531549989285234,2.0887845257263233
2018-06-11,0.0008334486503958737,2.0905254203702577
2018-06-12,0.0004523643930222977,2.091471099633141
2018-06-13,0.0010135230476350343,2.093590853796082
2018-06-14,0.007223304331246149,2.1087134976781647
2018-06-15,-0.0015957034645309785,2.1053486162442163
2018-06-18,0.002194586876827964,2.109968986688574
2018-06-19,-0.004991243203072438,2.0994376183250707
2018-06-20,0.0017579670639108647,2.103128360510822
2018-06-21,-0.007829283874946542,2.086662371550932
2018-06-22,-0.007207818861324799,2.07162208715205
2018-06-25,-0.010768090914080219,2.0493146721779802
2018-06-26,0.003501214969947103,2.056489763386342
2018-06-27,-0.006260459038108368,2.043615193460373
2018-06-28,0.005907232005934432,2.055687302538996
2018-06-29,-0.0008466974154879735,2.0539467574128847
2018-07-02,0.0,2.0539467574128847
2018-07-03,-0.005881680675045536,2.0418660984622368
2018-07-05,0.008298812993368604,2.058811163370874
2018-07-06,0.005740036846591407,2.0706288153087966
2018-07-09,0.0051756291979148,2.0813456222633526
2018-07-10,0.002770703272661174,2.087112413390497
2018-07-11,-0.005180959979048444,2.0762991675049456
2018-07-12,0.0069058133636764165,2.0906377020428915
2018-07-13,-0.0038871056083673305,2.082511172506216
2018-07-16,-0.0006072036186064609,2.081246664186482
2018-07-17,0.00673060857870521,2.0952547208388568
2018-07-18,0.005972434485851203,2.107768492390237
2018-07-19,-0.0019710515440279127,2.103613972048858
2018-07-20,-0.0005328135634706576,2.102493137992244
2018-07-23,0.0028983559661046377,2.108586911522438
2018-07-24,0.003848894531367902,2.1167026401551103
2018-07-25,0.0063871102068580815,2.1302222531929282
2018-07-26,0.015531707156169722,2.1633082414070772
2018-07-27,-0.003516279609191486,2.155701444749422
2018-07-30,-0.0006472946231997123,2.1543060707950117
2018-07-31,0.0011977073107445114,2.1568862989255844
2018-08-01,0.0,2.1568862989255844
2018-08-02,0.018580230487191044,2.1969617434942865
2018-08-03,-0.0005642622469413438,2.195722080924458
2018-08-06,0.007363322293339125,2.2118898902729063
2018-08-07,0.0032172799524393505,2.2190061592738846
2018-08-08,0.0006756810709408534,2.2205054997320075
2018-08-09,-0.004274087096194312,2.211014865828574
2018-08-10,-0.004649258127757688,2.2007352869930275
2018-08-13,-0.0009673379435020668,2.1986064322463155
2018-08-14,0.00016778007391611295,2.1989753145960305
2018-08-15,-0.006730411402351371,2.184175306065184
2018-08-16,-0.006287382204103265,2.170442561115188
2018-08-17,-0.010164185754411264,2.1483817797547333
2018-08-20,-0.0015647983172820124,2.1450199955608937
2018-08-21,0.003905061270754262,2.153396430070552
2018-08-22,0.002600067412151169,2.158995405953821
2018-08-23,0.005223206130432052,2.1702722839937736
2018-08-24,0.003189337653312674,2.177194015107056
2018-08-27,0.0034351742647209358,2.1846730559570564
2018-08-28,0.0005144574681634263,2.185796977326189
2018-08-29,0.0010157943420289362,2.188017297528581
2018-08-30,0.00027434325430515384,2.188617565314461
2018-08-31,-0.0011908884005695064,2.186011166042645
2018-09-04,0.0,2.186011166042645
2018-09-05,-0.005829483287734077,2.1732678504833993
2018-09-06,-0.009455419565565375,2.152718691128724
2018-09-07,-0.0030627527341316406,2.1461254460716535
2018-09-10,0.0196839452602432,2.188369661873743
2018-09-11,-0.00557233890880815,2.176175324460029
2018-09-12,0.004833206761818465,2.186693229753111
2018-09-13,-0.0007913725164951591,2.1849627408290786
2018-09-14,0.012499177622067249,2.2122729782243002
2018-09-17,-0.0022302228686299883,2.2073391164366125
2018-09-18,-0.001650920597349581,2.203694974823952
2018-09-19,0.0006399197399547863,2.2051051627391804
2018-09-20,0.0007412258951616847,2.206739643787358
2018-09-21,-0.0027071608499878662,2.2007656446175803
2018-09-24,0.007668877205133079,2.217643046103428
2018-09-25,0.0024992757182682734,2.2231855475203406
2018-09-26,-0.002433928140976338,2.217774473653619
2018-09-27,0.003793225997271044,2.2261869934431657
2018-09-28,-0.013609566247967846,2.1958895540755368
2018-10-01,0.0,2.1958895540755368
2018-10-02,-0.004334481685786867,2.1863715110193858
2018-10-03,-0.001174886086961241,2.183802773550161
2018-10-04,-0.012147953432366947,2.1572740391516
2018-10-05,-0.012184803795647358,2.130988078251094
2018-10-08,-0.004252440555109466,2.121926178124684
2018-10-09,0.004964971059682449,2.1324614801898556
2018-10-10,-0.015261811830683324,2.0999162543430177
2018-10-11,-0.0011257113494023195,2.0975523547827093
2018-10-12,0.015051159103110778,2.1291229490016486
2018-10-15,-0.006688756034812083,2.114881765027657
2018-10-16,0.01795667573744013,2.1528580111052835
2018-10-17,-0.001740376746325345,2.1491112270846155
2018-10-18,-0.0072704049706558355,2.1334863181367276
2018-10-19,-0.004099353279107787,2.124740404002542
2018-10-22,0.009041841490724872,2.1439519699444722
2018-10-23,0.009913819162001881,2.1652067220665194
2018-10-24,-0.027005182268415907,2.106734919888314
2018-10-25,-0.004732205931844958,2.0967654164035934
2018-10-26,-0.01909346957997231,2.0567308897091534
2018-10-29,-0.016111193089087084,2.0235945012127594
2018-10-30,0.015886817986380135,2.055742978731766
2018-10-31,0.0140456569404536,2.0846172393687787
2018-11-01,0.0,2.0846172393687787
2018-11-02,-0.0028973851241142655,2.0785773003899592
2018-11-05,-0.004925765037264256,2.0683387169964473
2018-11-06,0.008602853941509048,2.086132332880336
2018-11-07,0.012728596714277863,2.1126858700381854
2018-11-08,-0.004220495202246788,2.1037692894598345
2018-11-09,-0.004515976796238224,2.0942687161639952
2018-11-12,-0.022120064557032134,2.047943356962675
2018-11-13,0.0014538668492392716,2.0509207939184826
2018-11-14,0.007209420988681076,2.0657067453362807
2018-11-15,0.013139938583464418,2.092850005101448
2018-11-16,-0.02570504321888416,2.0390532052696733
2018-11-19,-0.022924387135929956,1.9923091602013125
2018-11-20,-0.0018789633455209675,1.9885656843163486
2018-11-21,0.0008828579876373199,1.9903213054146887
2018-11-23,1.3666742302659404e-05,1.9903485066230695
2018-11-26,0.015793494092370675,2.02178306400418
2018-11-27,0.005063055735187394,2.032019464341691
2018-11-28,0.011940995393092306,2.056283799404069
2018-11-29,-0.0049478646559718955,2.04610958547035
2018-11-30,0.005875522841819869,2.0581315490766476
2018-12-03,0.0,2.0581315490766476
2018-12-04,-0.00878319592792452,2.0400545764356646
2018-12-06,-0.0016546732036404053,2.0366789527940723
2018-12-07,-0.014639856436369498,2.006862265318192
2018-12-10,0.01336406045333497,2.033682093953421
2018-12-11,0.001096611850946433,2.0359122538387076
2018-12-12,0.007353446384220425,2.050883225440288
2018-12-13,-5.152608571752914e-05,2.0507775514554174
2018-12-14,-0.006947968917003838,2.036528812772216
2018-12-17,-0.019527837347529928,1.9967598093628418
2018-12-18,0.008332587353108666,2.013397984897534
2018-12-19,-0.012573602509680336,1.9880823189416412
2018-12-20,-0.009932369330697178,1.968335951090084
2018-12-21,-0.014138883612059493,1.9405058781681888
2018-12-24,-0.008694318524448219,1.9236345019648304
2018-12-26,0.03413685891488513,1.9893013415622092
2018-12-27,-0.0016156137569835693,1.9860873989479952
2018-12-28,0.004503133551633471,1.9950310157506743
2018-12-31,0.00527174569251333,2.005548311914388
2019-01-02,0.0,2.005548311914388
2019-01-03,-0.015805952570027777,1.97384871041937
2019-01-04,0.03189337433990294,2.0368014062311097
2019-01-07,0.0170852247783905,2.0716006160855103
2019-01-08,0.0023254701890922215,2.076418061561922
2019-01-09,0.004535602453980131,2.085835868417431
2019-01-10,0.0006550688909981117,2.0872022346065595
2019-01-11,0.002692884319918448,2.0928228287766304
2019-01-14,-0.0012469435729573707,2.0902131968009487
2019-01-15,0.006017413283146367,2.1027908734559864
2019-01-16,-0.005134560997994569,2.0919939654502
2019-01-17,0.004512171917306834,2.10143340187228
2019-01-18,-0.007227851516135808,2.086244553272499
2019-01-22,-0.007934606098493257,2.0696910245171547
2019-01-23,-0.001945255649487765,2.0656649463590186
2019-01-24,0.01084817526744708,2.0880736417409427
2019-01-25,0.011137797111062164,2.1113301823156103
2019-01-28,-0.016202955566156516,2.0771203931860653
2019-01-29,-0.007839515178537048,2.0608367763360342
2019-01-30,0.03676403507051765,2.1366014518558645
2019-01-31,0.008059321346958621,2.1538210095467494
2019-02-01,0.0,2.1538210095467494
2019-02-04,0.002018882703252606,2.1581693215288253
2019-02-05,-0.0002291754599844153,2.1576747220818397
2019-02-06,0.0010261527848775822,2.159888826006764
2019-02-07,-0.00946538964608295,2.1394446366763895
2019-02-08,0.0030066615996300395,2.145877222710019
2019-02-11,0.0014316220155672578,2.148949307784755
2019-02-12,0.00518867209610499,2.160099501094002
2019-02-13,0.00021676309735851884,2.160567730952462
2019-02-14,-0.0005716502573840653,2.1593326418529672
2019-02-15,0.0013310758017268166,2.1622068772804166
2019-02-19,0.0014042180332915488,2.165243087169201
2019-02-20,-0.0013944033992719983,2.162223864848202
2019-02-21,-0.005431713415366524,2.1504792844744802
2019-02-22,0.0057518694915090155,2.162848560662971
2019-02-25,0.002607535013638823,2.168488264014098
2019-02-26,-0.003171808805733828,2.1616102338431675
2019-02-27,0.0018626782802685592,2.1656366182761535
2019-02-28,0.0007663285736514259,2.1672962074968845
2019-03-01,0.0,2.1672962074968845
2019-03-04,0.003624122636698074,2.1751507547429036
2019-03-05,0.0008910246137369127,2.177088867603968
2019-03-06,-0.007236263801938025,2.1613348782377235
2019-03-07,-0.005340056933336506,2.149793226935928
2019-03-08,0.004347814157287417,2.1591401283632408
2019-03-11,0.011202156632873751,2.183327154273489
2019-03-12,-0.0008596618490426533,2.1814502312149813
2019-03-13,0.006738170517089176,2.1961492148474515
2019-03-14,0.0010862613179518754,2.1985348067879906
2019-03-15,0.005318085702526975,2.2102268033104777
2019-03-18,4.7479997630589566e-05,2.210331744873862
2019-03-19,0.003826275677333069,2.2187890834681103
2019-03-20,0.006753446667474827,2.2337735572096875
2019-03-21,0.004948511390381188,2.2448274111010718
2019-03-22,-0.011614068225547225,2.2187558323939656
2019-03-25,-0.0014349737404463158,2.215571976038018
2019-03-26,0.0025578664555263864,2.22123911327533
2019-03-27,-0.0004891168295031278,2.2201526678426764
2019-03-28,0.002209579296641673,2.225058271212925
2019-03-29,0.002885265905321821,2.23147815598021
2019-04-01,0.0,2.23147815598021
2019-04-02,0.0005833370172307506,2.2327798597917354
2019-04-03,0.015593298027432185,2.2675962615751164
2019-04-04,-0.007197232953645721,2.251275843035744
2019-04-05,0.00492143576142084,2.262355352478483
2019-04-08,0.0006156607859252206,2.263748195952832
2019-04-09,-0.0018160110439521314,2.259637204228255
2019-04-10,0.0018946053575918276,2.2639183249815997
2019-04-11,-0.0014762226791675936,2.2605762774064786
2019-04-12,0.0018980423952565384,2.2648669470187075
2019-04-15,-0.006131026073878843,2.2509809887126693
2019-04-16,0.0052967268102032125,2.2629038200648415
2019-04-17,-0.002897833459941007,2.256346301658429
2019-04-18,0.0007431625138770714,2.2580231336481464
2019-04-22,0.0005011659286534908,2.2591547779088423
2019-04-23,0.0034868127810344153,2.2670320276627898
2019-04-24,-0.0017648996079683954,2.2630309437259157
2019-04-25,-0.0019126265307344403,2.2587026107030725
2019-04-26,-0.006789276987969722,2.243367653045559
2019-04-29,0.0027128535641745056,2.2494535809788774
2019-04-30,-0.007821954666698328,2.2318584570436184
2019-05-01,0.0,2.2318584570436184
2019-05-02,0.005109186848022668,2.2432614389189935
2019-05-03,0.007622237823332534,2.2603601111063454
2019-05-06,-0.002212026538059264,2.2553601345550076
2019-05-07,-0.008505251990025864,2.2361777282823585
2019-05-08,-0.00016194153278743507,2.2358155982334553
2019-05-09,-0.005507482346130626,2.223501883296981
2019-05-10,-0.002467783350430963,2.218014762369729
2019-05-13,-0.019102778951701694,2.175644516652569
2019-05-14,0.010222307009690783,2.197884622845742
2019-05-15,0.006209086530974145,2.2115314786540883
2019-05-16,0.007236061133150706,2.2275342556315167
2019-05-17,-0.013604290391779567,2.197230232760269
2019-05-20,-0.007719532611232932,2.1802686423240893
2019-05-21,0.002579670780726856,2.185893017634828
2019-05-22,-0.006897309810794982,2.170816236278947
2019-05-23,-0.0038710783899624734,2.162412836458108
2019-05-24,-0.003524360384935332,2.1547917143214192
2019-05-28,0.000249903630518955,2.1553302045938403
2019-05-29,-0.0028630557668998797,2.1491593740220045
2019-05-30,-0.00030637358593474937,2.1485009283578402
2019-05-31,-0.008324011429801369,2.130616782073251
2019-06-03,0.0,2.130616782073251
2019-06-04,0.015010475871698686,2.1625983538723976
2019-06-05,0.0006991529039955868,2.1641103407916837
2019-06-06,0.011259240675815952,2.1884765799676793
2019-06-07,0.009570802124079032,2.2094220562677314
2019-06-10,0.005574344131152292,2.221738135140326
2019-06-11,-0.00045362035962943627,2.2207303094884607
2019-06-12,-0.004986871398481646,2.2096558130243316
2019-06-13,0.005248794853117928,2.221253843082896
2019-06-14,-0.00538710830394491,2.2092877080596542
2019-06-17,0.003649296639314348,2.217350054267955
2019-06-18,0.012583299112127118,2.2452516332371
2019-06-19,0.0017360364714402556,2.2491494719599605
2019-06-20,0.0009201438025695952,2.2512190129076375
2019-06-21,-0.0005762524709531424,2.2499217423887927
2019-06-24,0.0032479655524412124,2.2572294107037596
2019-06-25,-0.0067285689193169245,2.24204148704713
2019-06-26,0.009283859534265094,2.2628562852828704
2019-06-27,0.00397290821439431,2.2718464056066643
2019-06-28,0.0028981519735273853,2.2784305617506244
2019-07-01,0.0,2.2784305617506244
2019-07-02,-0.0016314663379424052,2.274713378985789
2019-07-03,0.005538439167299908,2.287311740658345
2019-07-05,-0.004193498808884915,2.277719901598346
2019-07-08,-0.003999706859331592,2.268609689684287
2019-07-09,0.003704655275316809,2.277014106538811
2019-07-10,0.010660973527925355,2.3012892936513336
2019-07-11,0.0014917016057178322,2.3047221305858945
2019-07-12,0.003969409137784363,2.313870515671096
2019-07-15,0.006785902378677345,2.32957221510734
2019-07-16,-0.0015274035929595307,2.3260140181359263
2019-07-17,-0.0003879397941723261,2.3251116647364887
2019-07-18,-0.0011640083835566305,2.32240521526603
2019-07-19,-0.0019438099345409077,2.3178909009365665
2019-07-22,0.004973275388194903,2.329418410706715
2019-07-23,0.005772535954917679,2.3428650622365663
2019-07-24,0.0036285159368367073,2.3513661854527497
2019-07-25,-0.002785172432065736,2.344817225175335
2019-07-26,0.010152000561924135,2.368621810962925
2019-07-29,-0.003825023328685739,2.3595617772791577
2019-07-30,0.0001938994636781488,2.3600192950422874
2019-07-31,-0.006934305885295389,2.343654199355265
2019-08-01,0.0,2.343654199355265
2019-08-02,-0.002705646245854948,2.3373131001691974
2019-08-05,-0.016353521458678872,2.2990898002299294
2019-08-06,0.006868549344095082,2.3148812119693143
2019-08-07,0.0028547644944513953,2.321489652662117
2019-08-08,0.026328090161620604,2.382610041546674
2019-08-09,-0.004062252645337532,2.3729312776025933
2019-08-12,-0.005727341604530506,2.359340689571688
2019-08-13,0.007861413366109283,2.3778884420038926
2019-08-14,-0.017124634987294402,2.3371679703940695
2019-08-15,-0.0029523930833578907,2.3302677318436325
2019-08-16,0.008816126226949262,2.3508116663101526
2019-08-19,0.01275151773342526,2.3807880829610495
2019-08-20,-0.006238294513402026,2.3659360257255404
2019-08-21,0.002069341650858786,2.3708319556868416
2019-08-22,-0.0006344051962576813,2.3693278875747
2019-08-23,-0.018473310354550278,2.3255585581758416
2019-08-26,0.007572846914225351,2.343169657126974
2019-08-27,-0.003085185410896207,2.335940544285551
2019-08-28,0.000445135982666306,2.336980355475182
2019-08-29,0.01107027209250433,2.362851363885129
2019-08-30,0.0008809766796498088,2.364932980834191
2019-09-03,0.0,2.364932980834191
2019-09-04,0.004902256557144363,2.376526489046692
2019-09-05,0.013572007495566547,2.4087807243694463
2019-09-06,-0.0019048864827119925,2.4041922705277776
2019-09-09,0.0007071891770185857,2.4058924892809666
2019-09-10,-3.333234389966684e-05,2.405812295245128
2019-09-11,0.006073290436286367,2.4204234920493404
2019-09-12,0.0019319379544057603,2.425099600059366
2019-09-13,-0.003733638916006537,2.4160451538173926
2019-09-16,-0.0024525040858673964,2.4101197932060154
2019-09-17,0.0025462976425290385,2.4162566755536683
2019-09-18,-0.003499719967120113,2.407800453820546
2019-09-19,0.002509210595285677,2.4138421322306063
2019-09-20,-0.007533355496431009,2.39565780133625
2019-09-23,0.000830393408377339,2.3976471397832073
2019-09-24,-0.006358351188869027,2.382402057241478
2019-09-25,0.009370812663896333,2.404727100609969
2019-09-26,0.004791767441929585,2.416249993637398
2019-09-27,-0.005251182843242908,2.4035618231258233
2019-09-30,0.00490866813190759,2.4153601104500706
2019-10-01,0.0,2.4153601104500706
2019-10-02,-0.004947635346517481,2.4034097893930397
2019-10-03,0.01004328937238831,2.4275479293883446
2019-10-04,0.007759721198698721,2.4463850245168763
2019-10-07,0.0011058224544814256,2.449090292009294
2019-10-08,-0.0071175304581495066,2.4316588172611597
2019-10-09,0.005588689379053613,2.445248603066669
2019-10-10,0.004651290601032187,2.4566221649112996
2019-10-11,0.008027849056890152,2.476343556841018
2019-10-14,0.0006841003091218823,2.4780376242337447
2019-10-15,0.008927804167773473,2.500161058863278
2019-10-16,-0.006804600948576345,2.4831484605505434
2019-10-17,-3.713772817481856e-05,2.4830562420579976
2019-10-18,-0.003168156829059454,2.475189530467783
2019-10-21,0.0034461298046596645,2.48371935488091
2019-10-22,-0.003994515635032503,2.473798099084805
2019-10-23,0.0026423870602087507,2.480334831171396
2019-10-24,0.0034345355776799927,2.488853629393613
2019-10-25,0.006851754341856658,2.5059066430550563
2019-10-28,0.004535787261144925,2.517272902484244
2019-10-29,-0.005263541350446771,2.5040231324716586
2019-10-30,0.0011998383530131718,2.5070275554628303
2019-10-31,-0.003246703450930344,2.4988879804469315
2019-11-01,0.0,2.4988879804469315
2019-11-04,0.005847087064870965,2.5134991960339645
2019-11-05,-0.0011633765673368767,2.5105750499672785
2019-11-06,0.001258995628755566,2.5137358529808504
2019-11-07,0.003431288957525758,2.5223612070553205
2019-11-08,0.00043173799684699814,2.523450206230179
2019-11-11,0.0018060728787680058,2.5280077412085733
2019-11-12,0.004191869670587056,2.538604820185955
2019-11-13,-0.0007659256864635033,2.5366604375463946
2019-11-14,0.0005829185745040544,2.53813910403265
2019-11-15,0.0005158347313802714,2.5394483643355845
2019-11-18,0.004093898732960432,2.5498446087767563
2019-11-19,0.00417088448010372,2.5604797160821793
2019-11-20,-0.0025116973491543402,2.554048565966732
2019-11-21,-0.003463610566135611,2.5452023363672263
2019-11-22,-0.007106138626543795,2.5271157757323977
2019-11-25,0.010201727117778026,2.5528967212714515
2019-11-26,-0.003281987531352032,2.544518146063409
2019-11-27,0.0028955208770293007,2.5518858514773157
2019-11-29,-0.0019371271299779334,2.546942524161812
2019-12-02,0.0,2.546942524161812
2019-12-03,-0.0007950694319111495,2.5449175280160166
2019-12-04,0.001657041574492707,2.5491345621635944
2019-12-05,0.0007161357302769011,2.550960088504844
2019-12-06,0.004700657046664746,2.562951277020635
2019-12-09,0.0009143583880024509,2.5652947330188205
2019-12-10,0.0030063954146656744,2.5730070233414346
2019-12-11,0.0032235448914007315,2.581301226987065
2019-12-12,0.0027977717281114536,2.5885231185816684
2019-12-13,0.0010353177597398843,2.5912030625378333
2019-12-16,0.010542509644807957,2.6185208458162945
2019-12-17,-0.000979608710857077,2.615955719986172
2019-12-18,0.00135591948900487,2.6195027453292754
2019-12-19,0.003806796556483888,2.6294746593598948
2019-12-20,0.0034353872340107897,2.6385079230368143
2019-12-23,0.006866481436051941,2.6566251887092225
2019-12-24,0.0022179808134573822,2.6625175324063273
2019-12-26,0.0032359628940402453,2.6711333403459254
2019-12-27,-0.0008702192033343714,2.6688088688184894
2019-12-30,-0.004011632557788025,2.658102588269824
2019-12-31,0.0020367203412399557,2.6635163998804554
2020-01-02,0.0,2.6635163998804554
2020-01-03,-0.0037411290929795725,2.6535518411872347
2020-01-06,0.005274967432153965,2.6675492407290293
2020-01-07,0.004137937564410788,2.6785873929371578
2020-01-08,0.00655797301190626,2.696153496770072
2020-01-09,0.005505782212945054,2.710997930735958
2020-01-10,-0.0008726571390143655,2.708632159037848
2020-01-13,0.006475745486970141,2.7261725715175995
2020-01-14,-0.004323246631473088,2.714386655130972
2020-01-15,0.0008243171092048641,2.7166241704917935
2020-01-16,0.00463647536881478,2.729219731544606
2020-01-17,0.0014619575207136637,2.733209734856818
2020-01-21,0.006140503760939786,2.749993019513144
2020-01-22,0.004367080064609707,2.7620024592064754
2020-01-23,0.000635459715079284,2.763757600502251
2020-01-24,-0.0010924003657151293,2.7607384706887146
2020-01-27,-0.010848383310562608,2.730788921538467
2020-01-28,0.008999380817252711,2.7553643309749263
2020-01-29,-0.004268955497536059,2.7436018032664964
2020-01-30,0.0027030253205751254,2.7510178284103013
2020-01-31,-0.0027233288889403737,2.7435259020842016
2020-02-03,0.0,2.7435259020842016
2020-02-04,0.013896649019720446,2.781651718621978
2020-02-05,-0.015662698494142167,2.7380835464374895
2020-02-06,0.0054017846583890305,2.7528740841320225
2020-02-07,-0.0009523038983604182,2.7502525114100083
2020-02-10,0.0067648608667154496,2.7688575869980316
2020-02-11,-0.0023603669292829197,2.7623220671177875
2020-02-12,0.0008747730201151605,2.7647384719349706
2020-02-13,0.007101217397873239,2.7843714808724447
2020-02-14,0.0013992040483173985,2.788267384720501
2020-02-18,0.007101837758157714,2.808069207313149
2020-02-19,0.00853889195618388,2.832047006879883
2020-02-20,-0.003911328770181183,2.8209699399433683
2020-02-21,-0.008873279526155348,2.795938685131369
2020-02-24,-0.019080137412345405,2.74259179082257
2020-02-25,-0.010634906400213738,2.7134245838331776
2020-02-26,0.003468364566933191,2.72283572951479
2020-02-27,-0.035469795778371574,2.626257302250847
2020-02-28,0.008099224949109113,2.6475279509160172
2020-03-02,0.0,2.6475279509160172
2020-03-03,-0.006884663430288767,2.6293006120516784
2020-03-04,0.019313719308952995,2.680082186051703
2020-03-05,-0.014508763655568935,2.6411975070367784
2020-03-06,-0.003385544497543902,2.6322556153499033
2020-03-09,-0.03772449242017387,2.532955108340676
2020-03-10,0.02937982233557433,2.6073728794077105
2020-03-11,-0.023426057739324456,2.5462924117867565
2020-03-12,-0.040409903936531696,2.443396980032134
2020-03-13,0.04239618810671642,2.5469876980169595
2020-03-16,-0.06308955942102486,2.386299366298299
2020-03-17,0.007365919348900702,2.403876654972785
2020-03-18,-0.034341251802393835,2.3213245214624685
2020-03-19,0.03345515307444834,2.3989847886634657
2020-03-20,-0.0075210947363152595,2.3809417967969484
2020-03-23,0.00010705566463093951,2.3811966901034523
2020-03-24,0.03628482200137251,2.4675979881541132
2020-03-25,0.008482664862540967,2.488529794903105
2020-03-26,0.021669792108277675,2.5424557182139096
2020-03-27,-0.010521707544930668,2.515704742700926
2020-03-30,0.017239282582987608,2.5590736876557094
2020-03-31,0.003031695882905639,2.5668320208186275
2020-04-01,0.0,2.5668320208186275
2020-04-02,0.007231564749524228,2.5853942327783295
2020-04-03,-0.0077569019066089755,2.5653395833247554
2020-04-06,0.03607972108261011,2.6578963199732915
2020-04-07,-0.002673783482405673,2.650789680695
2020-04-08,0.005545762668210275,2.6654903311474754
2020-04-09,0.0035395924764102748,2.6749250806695493
2020-04-13,0.02066892689239916,2.730212911604553
2020-04-14,0.01804008017117507,2.7794661714142763
2020-04-15,-0.008279458715452402,2.756453695997055
2020-04-16,0.013832889234856321,2.7945834146547925
2020-04-17,0.004357219051805167,2.806760026750985
2020-04-20,-0.005710078411557201,2.7907332069158124
2020-04-21,-0.018216898202574106,2.739894704174884
2020-04-22,0.01486443334966886,2.780621686390202
2020-04-23,-0.003800882124312105,2.770052871127927
2020-04-24,0.006207508944231421,2.7872479991014476
2020-04-27,0.011152091514062096,2.8183316438598136
2020-04-28,-0.006891926389528041,2.798907909629054
2020-04-29,0.012182520383237272,2.8330056622889144
2020-04-30,-0.00547466832161449,2.817495895934627
2020-05-01,0.0,2.817495895934627
2020-05-04,0.010225225980605894,2.8463054281699884
2020-05-05,0.004588811169044837,2.859366586309288
2020-05-06,0.0023182094127416008,2.865995196844149
2020-05-07,0.004210751473004876,2.8780631903408853
2020-05-08,0.006943391910889236,2.898046711015726
2020-05-11,0.0057485563454764575,2.9147062958258227
2020-05-12,-0.013853084583881303,2.874328622972576
2020-05-13,-0.008729763014515462,2.849236415268187
2020-05-14,0.008856800582342794,2.8744715340101665
2020-05-15,0.00408559925078883,2.8862154727559326
2020-05-18,0.010350586251006566,2.916089494945682
2020-05-19,-0.0008246716403979337,2.9136846786383384
2020-05-20,0.006032468644273259,2.931261390101523
2020-05-21,-0.006101910210383882,2.9133750962959586
2020-05-22,0.003952672758244458,2.9248907146736354
2020-05-26,-0.008300430846181673,2.900612861563848
2020-05-27,-0.002159869529123298,2.894347916228373
2020-05-28,-0.002631832554462321,2.886730477158503
2020-05-29,0.010199854248685424,2.916174707280758
2020-06-01,0.0,2.916174707280758
2020-06-02,0.0008061142877467677,2.9185254773778624
2020-06-03,0.004750607450498412,2.932390246255163
2020-06-04,-0.0022156314113281894,2.925893150315288
2020-06-05,0.005906332504796185,2.9431744481345556
2020-06-08,0.007149559105530334,2.9642168478093804
2020-06-09,0.001842300940090602,2.9696778272947317
2020-06-10,0.015126408000046937,3.0145983857390846
2020-06-11,-0.020616354860953322,2.9524483556554304
2020-06-12,0.0062139054719739795,2.9707945906483584
2020-06-15,0.012986367599092968,3.0093744212639146
2020-06-16,0.00022841871700008965,3.0100618187081927
2020-06-17,0.0031920169996211556,3.01966998720342
2020-06-18,0.0006432313901268862,3.021612333727013
2020-06-19,-0.005084211647031994,3.0062498171070624
2020-06-22,0.008496634970780337,3.031792824433996
2020-06-23,9.840970716810675e-05,3.0320911822780428
2020-06-24,-0.011555716419310557,2.9970531964181455
2020-06-25,0.002413939420833505,3.0042879012753145
2020-06-26,-0.010226587635526096,2.973564287770572
2020-06-29,0.004491885914696142,2.9869211993112517
2020-06-30,0.015438813899010402,3.0330357198384275
2020-07-01,0.0,3.0330357198384275
2020-07-02,0.007748244581612191,3.0565364224205016
2020-07-06,0.023585133598666957,3.1286252422924807
2020-07-07,-0.0014392937864778188,3.1241222314210315
2020-07-08,0.007529043712709466,3.147643884265248
2020-07-09,0.00749459793362296,3.1712342096160433
2020-07-10,0.0017776106559806103,3.176871429339667
2020-07-13,-0.010236236100262941,3.1443522233287666
2020-07-14,0.00719950343729826,3.1669899979686984
2020-07-15,-0.0026167500954532128,3.158702776589214
2020-07-16,0.0010759033711473687,3.162101235554999
2020-07-17,-0.0011535207558328762,3.1584536861477415
2020-07-20,0.010243566773351026,3.190807517382332
2020-07-21,-0.005552047227284962,3.1730920033526493
2020-07-22,0.0026059470472440064,3.1813609130894194
2020-07-23,-0.011822719623726052,3.143748574992082
2020-07-24,-0.004430337021690439,3.1298207092934076
2020-07-27,0.008685280755824481,3.1570040808690143
2020-07-28,-0.00645627106187725,3.136621606779471
2020-07-29,0.0002177747604323544,3.1373046837984546
2020-07-30,0.00251553014712117,3.1451966683112538
2020-07-31,0.011688063697764062,3.181957927312471
2020-08-03,0.0,3.181957927312471
2020-08-04,0.012180008366617439,3.2207142014893617
2020-08-05,0.0029520421667889483,3.2302218856193345
2020-08-06,0.00613500670652058,3.250039318551159
2020-08-07,-0.006331524270058675,3.229461615727107
2020-08-10,-0.002034032885338355,3.2228927845987805
2020-08-11,-0.013640872644755985,3.1789297145763653
2020-08-12,0.027820304810526664,3.2673685082071207
2020-08-13,0.002781087304352481,3.276455345283937
2020-08-14,-0.0007320733867794859,3.274056739522683
2020-08-17,0.011257963527116471,3.310915950881939
2020-08-18,0.001090293885841881,3.3145258222997223
2020-08-19,-0.0030981657927460324,3.3042568717778997
2020-08-20,0.0003632372951665797,3.3054571011065397
2020-08-21,0.006426544118620209,3.3266997669990075
2020-08-24,-0.002476648099459594,3.3184607023435966
2020-08-25,0.0058794890873855536,3.3379715558299434
2020-08-26,0.008598618246291202,3.3666734989555036
2020-08-27,-0.000688858809013626,3.3643543362586756
2020-08-28,0.006915952361979289,3.387622050577059
2020-08-31,0.019009622319285296,3.4520194663190114
2020-09-01,0.0,3.4520194663190114
2020-09-02,0.005290688022640816,3.4702830243633884
2020-09-03,-0.03096320137945648,3.3628319522363155
2020-09-04,-0.004978641301164277,3.3460896181900366
2020-09-08,-0.02127917729727442,3.2748875839520015
2020-09-09,0.01736840712938642,3.3317671648130527
2020-09-10,-0.00938947768754071,3.3004836113589597
2020-09-11,-0.006411697679545202,3.2793219082466325
2020-09-14,0.007826938829069275,3.3049889602233056
2020-09-15,0.007934350451757244,3.331211900872906
2020-09-16,-0.007123900876477207,3.3074806774925465
2020-09-17,-0.009705992128702162,3.2753782960709694
2020-09-18,-0.0032676649033163804,3.264675457367814
2020-09-21,0.009884277478519294,3.2969444154657492
2020-09-22,0.008272380310017596,3.3242179935314704
2020-09-23,-0.025432531026190048,3.239674716273162
2020-09-24,0.0072051584601201145,3.2630170859631544
2020-09-25,0.016470894825235755,3.3167618971990005
2020-09-28,0.008820564808439985,3.346017610467409
2020-09-29,-0.0011919886401535905,3.3420291954859778
2020-09-30,0.006078713337924563,3.3623444329323116
2020-10-01,0.0,3.3623444329323116
2020-10-02,-0.009328324011262462,3.330979394624454
2020-10-05,0.010106960587066676,3.364645472082255
2020-10-06,-0.00864282944788121,3.3355654151144623
2020-10-07,0.006035572851939258,3.3556974631797947
2020-10-08,0.0017912981137734318,3.361708517715983
2020-10-09,0.0037815080734457662,3.3744208456162976
2020-10-12,0.010129225391105334,3.4086011149259896
2020-10-13,0.001890779039034757,3.415046026466522
2020-10-14,-0.00025569421560964754,3.414172818951514
2020-10-15,-0.007103494039784042,3.389920262681299
2020-10-16,-0.0010992161776081364,3.386194007487758
2020-10-19,-0.006615921554753795,3.3637912135650416
2020-10-20,0.003015305739072971,3.3739340725163474
2020-10-21,0.0014169822047606529,3.378714877057139
2020-10-22,0.00041899773171087966,3.3801305509267237
2020-10-23,0.005240330662582859,3.3978435526962776
2020-10-26,-0.006048201344542492,3.377292710752315
2020-10-27,0.001235155517713821,3.3814641924789357
2020-10-28,-0.017388164947981743,3.322666735334418
2020-10-29,0.015472797397839196,3.3740776845507874
2020-10-30,-0.013117319366413709,3.329818829995445
2020-11-02,0.0,3.329818829995445
2020-11-03,0.007729840503735625,3.3555577984576455
2020-11-04,0.014381001578810332,3.4038140804550543
2020-11-05,0.013613818692902364,3.450152988210718
2020-11-06,0.004243637702935538,3.4647941875123847
2020-11-09,-0.007783703736728004,3.437825256048051
2020-11-10,-0.01360231534430179,3.39106287281668
2020-11-11,0.015801433841241046,3.444646528452982
2020-11-12,-0.0017800803815660627,3.438514780746253
2020-11-13,-0.00046253231337761155,3.4369243565501315
2020-11-16,0.001462882440094332,3.4419521728392612
2020-11-17,0.006925404576582678,3.465789084169421
2020-11-18,0.008088888292377172,3.4938234649162077
2020-11-19,0.0050225711791407664,3.5113714419561015
2020-11-20,-0.005501958623982117,3.4920520215690263
2020-11-23,0.0011082221116103408,3.4959219908342227
2020-11-24,0.0023107063759836735,3.504000040068385
2020-11-25,0.005684335971800097,3.523917953541335
2020-11-27,0.00312931545389698,3.534945404451617
2020-11-30,0.006230195056214738,3.5569688038344203
2020-12-01,0.0,3.5569688038344203
2020-12-02,0.0011340408434948714,3.561002551737005
2020-12-03,-0.0034085922019771674,3.5488645462079336
2020-12-04,0.003637922788530229,3.56177504141399
2020-12-07,0.0016725782277887515,3.56773238880054
2020-12-08,-0.0011388878153189839,3.563669141854616
2020-12-09,-0.011563840847920387,3.522459439063564
2020-12-10,0.0005940055507653809,3.524551799522714
2020-12-11,-0.002437291966522592,3.5159614377361446
2020-12-14,0.0027303705719727346,3.5255613153779306
2020-12-15,0.0028332064832515885,3.535549958553761
2020-12-16,0.0010801721913575092,3.539368961300146
2020-12-17,0.00038248174653950925,3.540722705322112
2020-12-18,0.0020360908667967415,3.547931938484278
2020-12-21,-0.005738992919676228,3.527570382209823
2020-12-22,-0.0011956135231651398,3.5233527713569366
2020-12-23,-0.00500900370715276,3.505704284263603
2020-12-24,0.00029695800522291926,3.5067453312147596
2020-12-28,0.007989389459388374,3.5347620854007262
2020-12-29,-0.002961419373166596,3.524294172481486
2020-12-30,-0.00011175146973697591,3.5239003274279255
2020-12-31,-0.0006404094399539983,3.5216435883927835
2021-01-04,0.0,3.5216435883927835
2021-01-05,0.002162936101520413,3.5292606784468066
2021-01-06,-0.005326667372032739,3.510461480743526
2021-01-07,0.016336158493012863,3.567808935876569
2021-01-08,0.0022665341211046243,3.575895496567315
2021-01-11,0.002839488894531284,3.5860492121178225
2021-01-12,-0.001747067126304652,3.5797841434260205
2021-01-13,-0.0007876879138224324,3.5769643907221504
2021-01-14,0.00209573656153203,3.5844607657750847
2021-01-15,-0.006901455191544009,3.5597227704142402
2021-01-19,0.010179951519308967,3.595960575639238
2021-01-20,0.009319705346670504,3.6294738686424393
2021-01-21,0.010803247902482983,3.668683974600967
2021-01-22,0.0027079553067310856,3.678618606838707
2021-01-25,0.003407290322080186,3.6911527284164123
2021-01-26,-0.004091241593544714,3.676051330845789
2021-01-27,-0.009109161467061228,3.6425655857119095
2021-01-28,0.0018388833531863603,3.6492638389303647
2021-01-29,-0.008572447301083164,3.6179807169833857
2021-02-01,0.0,3.6179807169833857
2021-02-02,0.004264375034337526,3.633409143627605
2021-02-03,-0.007713392199431047,3.605383233881806
2021-02-04,0.003613047135373731,3.618409653446907
2021-02-05,0.0014479724406161467,3.623649010903958
2021-02-08,0.00032953059406641284,3.6248431141152095
2021-02-09,-0.0018568939512054014,3.6181121648625405
2021-02-10,0.0035432558942077867,3.630932062116595
2021-02-11,0.0069576606941659964,3.6561948554083705
2021-02-12,0.0002149989751541071,3.656980933555247
2021-02-16,-0.0006115954344152851,3.654744340712541
2021-02-17,-0.004283074891310895,3.6390907969926745
2021-02-18,-0.0013228784798769765,3.6342767220910144
2021-02-19,0.001686832085890283,3.6404071366748414
2021-02-22,-0.016228607512527502,3.5813283980679413
2021-02-23,-0.0022291875825042272,3.5733449452740986
2021-02-24,0.008371905666780966,3.6032606520708024
2021-02-25,-0.017221708975851478,3.5412063457567022
2021-02-26,0.0032810957783141583,3.5528253829479044
2021-03-01,0.0,3.5528253829479044
2021-03-02,-0.005987202684312881,3.531553897278224
2021-03-03,-0.009922211022869026,3.4965130742707937
2021-03-04,-0.006092239174027719,3.4752114803472214
2021-03-05,0.007629762742099755,3.501726519420892
2021-03-08,-0.02582569657107755,3.411291992855433
2021-03-09,0.03089935894251542,3.5166987286004017
2021-03-10,-0.005068375912626738,3.4988747774723983
2021-03-11,0.016414670848375022,3.556307655284289
2021-03-12,-0.002192358697108437,3.548510953266633
2021-03-15,0.008570594334210785,3.578923801137585
2021-03-16,0.00392068135379608,3.5929556209513613
2021-03-17,0.001327938477781665,3.597726844969384
2021-03-18,-0.011614785423101192,3.5559400196541335
2021-03-19,0.0031003645252684897,3.566964729945052
2021-03-22,0.014670164658594137,3.6192926898647433
2021-03-23,-0.005615466593465007,3.598968672672836
2021-03-24,-0.004929575560001281,3.5812272846628175
2021-03-25,-0.0015984945106209678,3.575502712506998
2021-03-26,0.015427163666608158,3.630662578043245
2021-03-29,-0.0029483597244796987,3.6199580787249666
2021-03-30,-0.0040725349233818485,3.6052156730281806
2021-03-31,0.008582130520288767,3.636156104487899
2021-04-01,0.0,3.636156104487899
2021-04-05,0.007229428410376176,3.6624434347342465
2021-04-06,-0.0028782594280945093,3.6519019723883597
2021-04-07,0.0020688346967139004,3.6594571538978347
2021-04-08,0.006705261793580403,3.68399477213711
2021-04-09,0.0004085668411223765,3.6854999302438736
2021-04-12,-0.0005386766918677786,3.683514637333571
2021-04-13,0.004579988308603195,3.700385091307128
2021-04-14,-0.009615023157054557,3.6648058029641906
2021-04-15,0.009795402088464793,3.700704049380364
2021-04-16,-0.0021443084340623084,3.692768598475309
2021-04-19,-0.010696781487026791,3.6532678596952644
2021-04-20,-0.005434609582594945,3.6334137751771785
2021-04-21,0.0015717598175264747,3.6391246289494488
2021-04-22,-0.009011650389465926,3.606330110069661
2021-04-23,0.014758007521066879,3.6595523569575192
2021-04-26,0.003185148328986887,3.6712085740321223
2021-04-27,-0.004988929587550933,3.652893172955063
2021-04-28,-0.0019725070616605387,3.6456878153759176
2021-04-29,0.00035197717092307903,3.6469710142592424
2021-04-30,-0.006672348500519748,3.6226371526808108
2021-05-03,0.0,3.6226371526808108
2021-05-04,-0.005575421906289596,3.6024394221412157
2021-05-05,-0.0010212706244837942,3.5987603565829005
2021-05-06,0.0033128217283874438,3.610682408087448
2021-05-07,0.002814943515018814,3.6208462751168864
2021-05-10,-0.013645944226591085,3.5714364087935815
2021-05-11,-0.0007770461268912787,3.5686612379646903
2021-05-12,-0.011974567045737365,3.525928064707158
2021-05-13,-0.003575767058167789,3.5133201672839087
2021-05-14,0.007316301529561064,3.5390246769976454
2021-05-17,-0.0007538007865602214,3.536356957412469
2021-05-18,-0.002479143431036529,3.5275898212916994
2021-05-19,5.352796701144085e-05,3.527778646003284
2021-05-20,0.010723391403065502,3.5656083972077535
2021-05-21,-0.0031936539196493474,3.5542210779740766
2021-05-24,0.009675011985331017,3.588608209501992
2021-05-25,0.003034109253385381,3.599496438877217
2021-05-26,0.001975238476750346,3.6066063027402135
2021-05-27,-0.00132965050142545,3.6018107768613308
2021-05-28,0.0011943903001983393,3.6061127447163637
2021-06-01,0.0,3.6061127447163637
2021-06-02,0.0033556748152083816,3.6182136864346104
2021-06-03,-0.0032155895976636035,3.6065789961423875
2021-06-04,0.010192503878496396,3.643339066548673
2021-06-07,0.0003230100360689993,3.64451590163197
2021-06-08,-0.0012872972085223365,3.639824326485384
2021-06-09,-0.0018737945708197422,3.633004043423678
2021-06-10,0.0051119717194451405,3.65157585735029
2021-06-11,-0.0008805172566002606,3.6483605817941083
2021-06-14,0.0034968652303848215,3.6611184070604907
2021-06-15,-0.004056541284670234,3.6462669290941836
2021-06-16,0.0005286892557634593,3.648194671243241
2021-06-17,0.012806787869157689,3.694916326503245
2021-06-18,-0.005694114788445309,3.673877048806435
2021-06-21,0.0014763179059101462,3.6793008592777
2021-06-22,0.0017934956175164165,3.6858996692443395
2021-06-23,-0.000556082199951885,3.6838500060474644
2021-06-24,0.002775583770466561,3.694074840337083
2021-06-25,-0.002979932412777658,3.6830667469851366
2021-06-28,0.003927101867918858,3.6975305252868913
2021-06-29,0.0007946102230191598,3.70046862084221
2021-06-30,-0.0036278908121947064,3.6870437247318417
2021-07-01,0.0,3.6870437247318417
2021-07-02,0.0045108214003359015,3.7036753204693365
2021-07-06,-0.001215225305327594,3.6991745204971846
2021-07-07,-0.005403252601615244,3.6791869461454794
2021-07-08,-0.002317070747461508,3.6706620096981237
2021-07-09,0.003643433035999133,3.6840358209282447
2021-07-12,0.005375250417678285,3.703838436013431
2021-07-13,-0.001392821853728987,3.6986796488970697
2021-07-14,-0.003315435733602545,3.686416914221968
2021-07-15,-0.00923999177764266,3.6523544522455937
2021-07-16,-0.00771949939456571,3.6241601042627445
2021-07-19,-0.0029998485305879116,3.613288172899357
2021-07-20,0.002971073788127537,3.624023518678809
2021-07-21,0.005899813263547865,3.64540458070172
2021-07-22,0.003929806556259075,3.659730315523179
2021-07-23,0.009670043395038004,3.6951200664884243
2021-07-26,2.0366821396328214e-05,3.6951953243388562
2021-07-27,-0.0036286451336922207,3.6817867718071517
2021-07-28,0.008087341749967142,3.7115626396812647
2021-07-29,0.010302928821050938,3.7498026053727727
2021-07-30,0.002485600452065151,3.759123116423843
2021-08-02,0.0,3.759123116423843
2021-08-03,0.0050806031197593365,3.7782217290567055
2021-08-04,0.009879580277718337,3.815548973935941
2021-08-05,-0.0037067046347360132,3.8014058608701906
2021-08-06,-0.004750160024845129,3.7833485747116726
2021-08-09,-0.001956913303969543,3.775944889552265
2021-08-10,-0.0018689746776470062,3.7688877441695015
2021-08-11,-0.0015836259557683642,3.7629192357134573
2021-08-12,0.002711829689140438,3.773123631814703
2021-08-13,0.0062757710552783785,3.796802891891232
2021-08-16,-0.0028052206346441235,3.786152022073222
2021-08-17,-0.004377558333956322,3.7695779207353697
2021-08-18,-0.005277572620174836,3.749683699511281
2021-08-19,0.004633198443658326,3.7670567281920677
2021-08-20,0.007244229493828164,3.7943461516473604
2021-08-23,0.01521108060873625,3.8520622568175167
2021-08-24,-0.0006998940439506995,3.8493662213870428
2021-08-25,0.0037227799488119104,3.8636965647716566
2021-08-26,-0.001263383860973799,3.8588152328880243
2021-08-27,0.008351524671290212,3.891042223507439
2021-08-30,0.008036573149967701,3.922312868966269
2021-08-31,-0.0024000427572510416,3.912899150373434
2021-09-01,0.0,3.912899150373434
2021-09-02,0.0014621695617441923,3.9186204724092852
2021-09-03,0.002170054329569021,3.927124091731375
2021-09-07,0.003170144838006206,3.939573643898987
2021-09-08,-0.0012758362425011494,3.934547393064098
2021-09-09,-0.0014173415873738047,3.928970795416415
2021-09-10,0.0010914738642910482,3.933259164353175
2021-09-13,0.0009975687656653188,3.937182860842801
2021-09-14,0.002617132258999294,3.9474869891174924
2021-09-15,0.002567261639808871,3.9576212210382984
2021-09-16,0.0002622740403006252,3.95865920234592
2021-09-17,-0.006667183256344577,3.932266095994465
2021-09-20,-0.012382786916764699,3.8835736828277474
2021-09-21,0.0033070603519422593,3.8964168953780733
2021-09-22,-0.0020101938800653027,3.8885843419808013
2021-09-23,0.001794215450422465,3.8955613000874543
2021-09-24,-0.0025420999762863217,3.88565839379888
2021-09-27,-0.007543984381380536,3.856345047564681
2021-09-28,-0.01836513853077378,3.785522736543692
2021-09-29,-0.003999268650298121,3.7703834141384425
2021-09-30,-0.0015047646360133228,3.7647098745126355
2021-10-01,0.0,3.7647098745126355
2021-10-04,-0.003467534314337567,3.7516556138392376
2021-10-05,0.00535339030071686,3.771739690613994
2021-10-06,0.0048684878235775554,3.7901023593714527
2021-10-07,0.0030742956044259085,3.8017542543951923
2021-10-08,-0.00258455108405693,3.791928426315677
2021-10-11,-0.0033441138985286166,3.779247785763009
2021-10-12,0.00149557653519668,3.7848999400720906
2021-10-13,0.004871107032293343,3.803336592786702
2021-10-14,0.006621926835106068,3.828522009433417
2021-10-15,0.005286771796901491,3.848762531616706
2021-10-18,0.00468170279332778,3.866781293911831
2021-10-19,0.0020103521052467544,3.8745548858265755
2021-10-20,-0.0023723266122159027,3.865363176160438
2021-10-21,0.002666872431985451,3.875671606654552
2021-10-22,-0.0063932754869632956,3.8508933703762076
2021-10-25,0.0015786596781985076,3.8569726204650627
2021-10-26,0.004757950264194195,3.875323904363594
2021-10-27,0.005443888213458925,3.8964207344898947
2021-10-28,0.003403367648569583,3.9096816867628736
2021-10-29,0.002748974607167992,3.9204293024418946
2021-11-01,0.0,3.9204293024418946
2021-11-02,-0.00038904123831605116,3.918904093771342
2021-11-03,0.008635334821759372,3.9527451427554214
2021-11-04,0.018578927098273756,4.02618290660073
2021-11-05,-2.947893610349972e-06,4.026171037841865
2021-11-08,-0.0010082482134541825,4.0221116580859
2021-11-09,-0.012453399868974802,3.9720226932900915
2021-11-10,-0.0033528222015276167,3.9587052074190567
2021-11-11,0.004644679610904534,3.977092124781538
2021-11-12,-0.0015213201623958783,3.9710416943444016
2021-11-15,-0.002138847604433175,3.962548241329349
2021-11-16,0.005649519826930649,3.984934736183908
2021-11-17,-4.543207809291623e-05,3.9847536923177787
2021-11-18,0.011214128190393136,4.029439231030573
2021-11-19,0.0053493335858832425,4.0509940456414
2021-11-22,-0.009600025029345293,4.0121044014095135
2021-11-23,-0.006722414777118929,3.9851333714941344
2021-11-24,0.00375348783342892,4.000091521118629
2021-11-26,-0.014406233947020574,3.9424652668559013
2021-11-29,0.014576495128360673,3.9999325926119575
2021-11-30,-0.00622798016872294,3.9750210917489417
2021-12-01,0.0,3.9750210917489417
2021-12-02,-0.001246991224254762,3.9700642753313033
2021-12-03,-0.005619038175477387,3.9477563326091176
2021-12-06,0.00599753640782974,3.9714331449431812
2021-12-07,0.020587941066062126,4.053196776479077
2021-12-08,-0.0023001185588516103,4.04387394335082
2021-12-09,-0.00992107780261705,4.003754355334861
2021-12-10,0.011260209968706386,4.048837470039055
2021-12-13,-0.01108459483388205,4.0039577471354315
2021-12-14,-0.001495898608710966,3.9979682323121537
2021-12-15,0.015353999060096424,4.05935303279337
2021-12-16,-0.013393091349532704,4.004985746805166
2021-12-17,-0.0016053256525616342,3.9985564404476754
2021-12-20,-0.006372188600935796,3.9730768846776563
2021-12-21,0.010638495093677208,4.015344443622102
2021-12-22,0.005783677105048779,4.038567899349564
2021-12-23,0.0037187182276176125,4.053586195410348
2021-12-27,0.008076307925123634,4.086324205725512
2021-12-28,-0.004243799096153227,4.068982666754665
2021-12-29,0.00019312816374570944,4.069768501905409
2021-12-30,-0.001024913460361343,4.065597341387251
2021-12-31,-0.003720409906738126,4.050471652761546
2022-01-03,0.0,4.050471652761546
2022-01-04,-0.0011041003303513817,4.045999525671653
2022-01-05,-0.020796525535565324,3.961856793219137
2022-01-06,-0.0002424628239725112,3.9608961902328783
2022-01-07,-0.008246364044122366,3.9282331983072405
2022-01-10,0.0035064626462384344,3.942007401282819
2022-01-11,0.0034088412785270197,3.9554450788325703
2022-01-12,0.005710429045278804,3.978032367297741
2022-01-13,-0.01227441638772024,3.9292043416177003
2022-01-14,0.005413688747204132,3.950475830947381
2022-01-18,-0.012162772753940915,3.9024270911456322
2022-01-19,-0.006032919783442836,3.8788840615440168
2022-01-20,-0.005114343891211881,3.8590461145391397
2022-01-21,-0.007736936084227902,3.8291889214048624
2022-01-24,-0.0002002391125395352,3.828422168013494
2022-01-25,-0.011890828773102912,3.782899055542494
2022-01-26,0.0018097029728545823,3.789744979209318
2022-01-27,-0.0225656615106062,3.704226876796961
2022-01-28,0.00873678834343492,3.7365899229955986
2022-01-31,0.023025358122171,3.822626244128268
2022-02-01,0.0,3.822626244128268
2022-02-02,0.013267821698926935,3.873344167557001
2022-02-03,-0.013097881201897282,3.822611565796278
2022-02-04,0.007417693672074149,3.850966527418683
2022-02-07,-0.007393851728594469,3.8224930519031686
2022-02-08,4.184806068154856e-05,3.82265301582436
2022-02-09,0.010344424842421417,3.8621961626452106
2022-02-10,-0.009122276817349607,3.826964140126656
2022-02-11,-0.021285091250580108,3.7455068591913623
2022-02-14,0.0018004650352488217,3.7522505133306208
2022-02-15,0.011333792577109442,3.7947777423460627
2022-02-16,-2.24770795712033e-06,3.794769212793936
2022-02-17,-0.014495689063482897,3.739761418217597
2022-02-18,-0.003718593486246674,3.7258547657676964
2022-02-22,-0.006219985814290352,3.702680001978515
2022-02-23,-0.016641033213732847,3.641063581085766
2022-02-24,0.02229468386743824,3.722239942567316
2022-02-25,0.006634315155977888,3.746934455432476
2022-02-28,0.00817848627622995,3.777578707454164
2022-03-01,0.0,3.777578707454164
2022-03-02,0.006313646403789558,3.801429003675514
2022-03-03,-0.007614806788404587,3.772481856292688
2022-03-04,-0.010783375636727493,3.7318017673535446
2022-03-07,-0.019597802630485522,3.658666652860853
2022-03-08,0.00557818119756271,3.6790753583919917
2022-03-09,0.018746425859894916,3.7480448718310533
2022-03-10,-0.001969524520210819,3.740663005553132
2022-03-11,-0.009828312328518912,3.7038986012188193
2022-03-14,-0.012958702443547476,3.655900881364553
2022-03-15,0.02210557789388139,3.736716683069867
2022-03-16,0.014007009380832897,3.789056908703141
2022-03-17,0.005406536759286079,3.8095425841630717
2022-03-18,0.020405747061470195,3.887279146555403
2022-03-21,-0.002360401533801776,3.8781036068955577
2022-03-22,0.007246350069684421,3.906205703237629
2022-03-23,-0.0008972789500699017,3.902700747085471
2022-03-24,0.008310889902121267,3.935135663315425
2022-03-25,0.0011475933639246317,3.9396515988887892
2022-03-28,0.011027901181181283,3.983097687409618
2022-03-29,0.001592287824829203,3.9894399253623853
2022-03-30,-0.0016702994498561051,3.9827763660498188
2022-03-31,-0.007705045519531345,3.9520888928552913
2022-04-01,0.0,3.9520888928552913
2022-04-04,0.011644654485479116,3.998109602508491
2022-04-05,-0.01595190148377722,3.934332152007932
2022-04-06,-0.01955480197770316,3.857397065860906
2022-04-07,0.00027573608109612857,3.858460689411078
2022-04-08,-0.009059046350312362,3.8235067151848448
2022-04-11,-0.017585619702929763,3.7562679801600063
2022-04-12,-0.00488400238264477,3.7379223583950525
2022-04-13,0.009897641718064832,3.7749189746683904
2022-04-14,-0.015285453918815257,3.717217624633835
2022-04-18,0.0052980065953180605,3.7369114681253777
2022-04-19,0.008880435650045659,3.7700968699479827
2022-04-20,-0.003240445526875368,3.7578800764098728
2022-04-21,-0.014617734120995218,3.702948384594328
2022-04-22,-0.009622561237180605,3.66731653700545
2022-04-25,0.0034251729887511298,3.6798777305492014
2022-04-26,-0.01954936536742576,3.6079384562872416
2022-04-27,-0.0018233954606933778,3.601359757683586
2022-04-28,0.018039179484968602,3.666325332742383
2022-04-29,-0.021211702606531598,3.5885563301254586
2022-05-02,0.0,3.5885563301254586
2022-05-03,0.0014411364660418759,3.5937279295132476
2022-05-04,0.017977302263861863,3.6583334627561896
2022-05-05,-0.025274970811194154,3.5658691912674123
2022-05-06,-0.00468536431199626,3.549161795017401
2022-05-09,-0.02140855741074984,3.473179360968731
2022-05-10,0.006513974708336578,3.4958035634835976
2022-05-11,-0.01210681203851221,3.4534805268169406
2022-05-12,-0.0014486923259543927,3.4484774960799083
2022-05-13,0.02736729842340946,3.542853008821539
2022-05-16,-0.005039153234810884,3.5250000296216766
2022-05-17,0.01663323571712944,3.583632186017262
2022-05-18,-0.0370019666423433,3.4510307474118234
2022-05-19,-0.0026734356009489586,3.4418046389517234
2022-05-20,-0.004336454391652411,3.4268794101099314
2022-05-23,0.009169567660238714,3.4583024127244135
2022-05-24,-0.007155783682441991,3.4335555487504905
2022-05-25,0.009134961334754416,3.464920945929058
2022-05-26,0.012615183924922797,3.5086315609472707
2022-05-27,0.013465506472647642,3.555877061941342
2022-05-31,-0.003078930415204101,3.544928763902604
2022-06-01,0.0,3.544928763902604
2022-06-02,0.014465340196274039,3.596207364444012
2022-06-03,-0.02130685798625873,3.5195834848406657
2022-06-06,0.004345485659923404,3.534877784402944
2022-06-07,0.0014459502644743106,3.5399890418701863
2022-06-08,-0.007117618465856151,3.514792750496843
2022-06-09,-0.010218505763246843,3.4788768205192726
2022-06-10,-0.021468863383326372,3.4041892893321237
2022-06-13,-0.026849436709948493,3.312788724459516
2022-06-14,0.00041330993267842407,3.3141579329442004
2022-06-15,0.015040846054076485,3.3640056722125107
2022-06-16,-0.018323278218547196,3.30236606035179
2022-06-17,0.005025599785717161,3.3189624305170535
2022-06-21,0.023291507403069955,3.3962660685379524
2022-06-22,-0.003722661709087194,3.383622918890734
2022-06-23,-0.002106750127590928,3.3764944708746416
2022-06-24,0.017224069877608685,3.434651447582346
2022-06-27,-0.0039583743522355495,3.421055811383367
2022-06-28,-0.020026918999144577,3.35254260375724
2022-06-29,-0.009181291643663936,3.321761932364336
2022-06-30,-0.007974645844402495,3.295272057374312
2022-07-01,0.0,3.295272057374312
2022-07-05,0.009501103787444691,3.3265807791992916
2022-07-06,0.00299718863351523,3.336551169299178
2022-07-07,0.013066897794746301,3.3801495424153516
2022-07-08,0.0017774595667726602,3.38615762155664
2022-07-11,-0.012852832629190203,3.3426359043907152
2022-07-12,-0.0046649307825895655,3.327042739265334
2022-07-13,0.002391789600286659,3.335000325488818
2022-07-14,0.0007663893491544338,3.3375562342176996
2022-07-15,0.01253932264420754,3.379406928681742
2022-07-18,0.000918512942174593,3.3825109576826105
2022-07-19,0.012518215263859477,3.424853957983245
2022-07-20,0.007855452772347386,3.451757736502369
2022-07-21,0.013970728839944052,3.4999813078602227
2022-07-22,-0.009810715360786636,3.4656439874807323
2022-07-25,-0.004504347660896407,3.450033522092224
2022-07-26,-0.01606961433079601,3.394592813963884
2022-07-27,0.01855415189444382,3.4575766046539576
2022-07-28,-0.0002582560038661529,3.4566836647369783
2022-07-29,0.010305923393951722,3.492307981782882
2022-08-01,0.0,3.492307981782882
2022-08-02,0.00021753385561081316,3.4930676770031392
2022-08-03,0.010377080758975093,3.5293155223839667
2022-08-04,0.009570285855872274,3.5630920808087487
2022-08-05,-0.010687762465211813,3.5250105990073872
2022-08-08,-0.009719742669999986,3.490748403076013
2022-08-09,-0.006807956103780505,3.4669835411785295
2022-08-10,0.014548715913982163,3.5174236997975874
2022-08-11,-0.0033612352981447265,3.505600811099297
2022-08-12,0.008494487952785946,3.5353790949564567
2022-08-15,0.00022926136783762996,3.536189620803591
2022-08-16,-0.0013604020968516037,3.5313789810285847
2022-08-17,-0.006323238837847283,3.5090492283045873
2022-08-18,0.004568656129557064,3.5250808675703986
2022-08-19,-0.01672029114639755,3.466140489150026
2022-08-22,-0.018801649025039068,3.40097133220155
2022-08-23,0.0010602190991714168,3.4045771069636843
2022-08-24,0.00066472348078091,3.406840209308812
2022-08-25,0.011563564947957022,3.446235427336466
2022-08-26,-0.019557149190362444,3.378836886938934
2022-08-29,-0.006292486986148071,3.357575599799554
2022-08-30,-0.00635110601567575,3.3362512812095804
2022-08-31,-0.004726520733038425,3.320482420358317
2022-09-01,0.0,3.320482420358317
2022-09-02,-0.007786264472758425,3.2946282660562622
2022-09-06,-0.0008858601026259794,3.291709686322379
2022-09-07,0.009020081051616375,3.321401174491397
2022-09-08,0.003382956533509629,3.3326373302950496
2022-09-09,0.015720172598670482,3.38502696433606
2022-09-12,0.0029942272706201534,3.39516250438446
2022-09-13,-0.02625905679334018,3.3060087393592092
2022-09-14,0.005702320655338089,3.3248606612803857
2022-09-15,-0.007438240386493078,3.3001295484301876
2022-09-16,0.0018677106016623867,3.30629323537465
2022-09-19,0.0024701836940207444,3.3144603870123235
2022-09-20,-0.005511539834744355,3.296192606558623
2022-09-21,-0.001902075458980823,3.289922999493614
2022-09-22,-0.015016085141125646,3.2405212356254705
2022-09-23,-0.0036850899318531362,3.2285796234461106
2022-09-26,-0.005965751567593114,3.2093187194964377
2022-09-27,0.001105384420018807,3.212866250407844
2022-09-28,0.00621950713408641,3.232848694973121
2022-09-29,-0.01871024286164665,3.172361310755216
2022-09-30,-0.0059882455498680215,3.153364432253513
2022-10-03,0.0,3.153364432253513
2022-10-04,0.015536742923541864,3.202357444781676
2022-10-05,0.001276606536728031,3.206445595228624
2022-10-06,-0.0023139870724846745,3.1990259215726398
2022-10-07,-0.030630685163866588,3.1010375657379
2022-10-10,-0.007918417660579179,3.0764822551112414
2022-10-11,-0.010294446562662395,3.0448115729350196
2022-10-12,0.00023834534597358406,3.045537289602795
2022-10-13,0.011809559351804689,3.0815037429824934
2022-10-14,-0.02152356796648914,3.015178787731419
2022-10-17,0.0185943688618473,3.0712441342949144
2022-10-18,0.002271594274015115,3.078220754884481
2022-10-19,0.005783971270099775,3.096025095293758
2022-10-20,0.0029354945939989,3.105113460223878
2022-10-21,0.006783115640300508,3.12617580390083
2022-10-24,0.0031673668229528994,3.136077549424823
2022-10-25,0.013199003715244085,3.177470648650975
2022-10-26,-0.007969907349286726,3.1521465019761488
2022-10-27,-0.0241773968736931,3.075935804993848
2022-10-28,0.009832464436793021,3.1061798344063085
2022-10-31,-0.013367733253180664,3.064657250943556
2022-11-01,0.0,3.064657250943556
2022-11-02,-0.013073369761245651,3.0245918535104885
2022-11-03,-0.003229925801064709,3.0148226462451446
2022-11-04,0.009556653023711654,3.0436342602033375
2022-11-07,0.002635725499810149,3.0516564446350514
2022-11-08,-0.0004647330400230686,3.05023823905843
2022-11-09,-0.017191137179934056,2.9978011750592963
2022-11-10,0.0481195838338646,3.1420541200198198
2022-11-11,0.013681712415011671,3.1850428008823335
2022-11-14,-0.002178962524309791,3.178102711980888
2022-11-15,0.004728074417869216,3.1931290181107657
2022-11-16,-0.010602685522531895,3.159273275298866
2022-11-17,-0.002692899530434734,3.150765669779299
2022-11-18,-0.0028220029017890893,3.141874199916324
2022-11-21,-0.010130575838499878,3.1100452050590457
2022-11-22,0.003353770710336124,3.120475583575594
2022-11-23,0.009537509289066493,3.150237148440251
2022-11-25,-0.003247309034598317,3.1400073548869933
2022-11-28,-0.004472561656182594,3.1259634783913945
2022-11-29,-0.003785683216643365,3.114129570915408
2022-11-30,0.024090916491663086,3.18915180635255
2022-12-01,0.0,3.18915180635255
2022-12-02,-0.002362946446258024,3.181616011425152
2022-12-05,-0.013343931618411553,3.1391607449326515
2022-12-06,-0.020139086098618086,3.0759409164130505
2022-12-07,-0.003914369010421653,3.0639005486119553
2022-12-08,0.00497073158849038,3.079130375852934
2022-12-09,0.0025502673585076296,3.086982981543061
2022-12-12,-0.004157743718263773,3.074148097443163
2022-12-13,0.0006152455262611102,3.076039453307179
2022-12-14,-0.004663979468599233,3.0616928684523534
2022-12-15,-0.0075302695655491084,3.038637495825988
2022-12-16,-0.008503593200436232,3.0127981586778914
2022-12-19,-0.005919683572841478,2.994963346909679
2022-12-20,-0.009652627680038571,2.9660540808065976
2022-12-21,0.0128938583932812,3.0042979621113317
2022-12-22,-0.02286634077928995,2.9356006611071677
2022-12-23,0.001846343755184754,2.941020789055519
2022-12-27,-0.014111432673715008,2.899518772198766
2022-12-28,0.001102091089639662,2.902714306001849
2022-12-29,0.008764050734889407,2.928153841448539
2022-12-30,0.00020654873587893654,2.928758647922949
2023-01-03,0.0,2.928758647922949
2023-01-04,0.0005655214558429602,2.9304149237773345
2023-01-05,-0.005248379499113048,2.9150349941674865
2023-01-06,0.015024954606250529,2.9588332626304843
2023-01-09,0.0018420872163546099,2.964283691558901
2023-01-10,0.002020021010221551,2.9702716068961066
2023-01-11,0.004035226046369661,2.982257324249046
2023-01-12,0.007771362301183299,3.0054335263911427
2023-01-13,0.0006041970473357639,3.007249400453752
2023-01-17,-0.00026556642799935304,3.0064507759723704
2023-01-18,-0.004744285156165318,2.992187316183183
2023-01-19,-0.0008247743305027754,2.9897194368927393
2023-01-20,0.01358593222979384,3.0303375625484614
2023-01-23,0.020430937935737817,3.0922502012132242
2023-01-24,0.0019226493301257753,3.0981955139911683
2023-01-25,-0.0011794146220828249,3.0945414568998957
2023-01-26,0.016091188676322293,3.144336307349573
2023-01-27,0.009796692636639326,3.175140403698902
2023-01-30,-0.011831519965607223,3.1375736666189322
2023-01-31,0.008971296537645113,3.1657217703908773
2023-02-01,0.0,3.1657217703908773
2023-02-02,0.03057143031844916,3.2625024129019797
2023-02-03,-0.01397720486841656,3.2169017482931452
2023-02-06,-0.0022169965469859445,3.2097698882251864
2023-02-07,0.011704146350870616,3.247337504749592
2023-02-08,-0.00234623864597705,3.2397184759994175
2023-02-09,0.001885190994768299,3.2458259640959564
2023-02-10,-0.0111060046856175,3.2097778057300075
2023-02-13,0.0050316451394506415,3.225928268624925
2023-02-14,0.011172463329739845,3.2619698339105083
2023-02-15,0.0009549628301336711,3.2650848938549104
2023-02-16,-0.0177415251029961,3.20715730824717
2023-02-17,-0.0055765183559368155,3.1892725366473527
2023-02-21,-0.011544856204102828,3.152452843816065
2023-02-22,0.002163157639305213,3.159272096267715
2023-02-23,0.00410351659919414,3.1722362217561204
2023-02-24,-0.009204469739930487,3.143037469445055
2023-02-27,0.008234219588369101,3.1689179301429373
2023-02-28,-9.431650320020912e-05,3.1686190488848376
2023-03-01,0.0,3.1686190488848376
2023-03-02,0.00473557097727429,3.183624269290775
2023-03-03,0.011215840001870142,3.219331289721211
2023-03-06,-0.0026109566773678205,3.2109257551936543
2023-03-07,-0.0013769468285099117,3.20650448115846
2023-03-08,0.0064112786992454205,3.227062275037546
2023-03-09,-0.0069882488703062575,3.2045107607396073
2023-03-10,-0.003578025728202877,3.193044938791378
2023-03-13,0.0014645194425471964,3.1977212151851644
2023-03-14,0.01014210886149351,3.2301528518582794
2023-03-15,-0.0007591460771544933,3.2277006939921815
2023-03-16,0.015330145614401918,3.277181815630788
2023-03-17,-0.003696781465913462,3.2650667906343354
2023-03-20,0.0028794833290171633,3.274468496026094
2023-03-21,0.010661571714952267,3.3093794767248284
2023-03-22,-0.0037374376400403477,3.29701087730334
2023-03-23,0.005378498337523513,3.314743844825713
2023-03-24,-0.0016099630091777172,3.309407229850644
2023-03-27,-0.0017296029369062494,3.3036832693864757
2023-03-28,-0.002886884406229406,3.294145917672963
2023-03-29,0.007495947838519667,3.318838663644312
2023-03-30,0.005648828931930078,3.337586215507914
2023-03-31,0.01363574944941564,3.3830967049084038
2023-04-03,0.0,3.3830967049084038
2023-04-04,-0.0015314375723347981,3.377915703503665
2023-04-05,-0.00472152912767545,3.36196677611874
2023-04-06,0.007045521907951197,3.385653586693689
2023-04-10,-0.003460321599057636,3.373938136460726
2023-04-11,-0.004053537670638979,3.360261751126177
2023-04-12,-0.002997631463765077,3.350188924774515
2023-04-13,0.007671788227668446,3.375890864728065
2023-04-14,0.0008172341740524669,3.3786497581105923
2023-04-17,-0.004476308707508281,3.363525878778741
2023-04-18,-0.0004936486701282772,3.36186547870174
2023-04-19,-0.0004650030388435533,3.3603022010379604
2023-04-20,0.0005443550833607147,3.362131398622724
2023-04-21,0.002011639805163923,3.368894795974385
2023-04-24,-0.002243558532921458,3.361336483308362
2023-04-25,-0.007415799880325103,3.336409484617711
2023-04-26,0.007910875042813105,3.3628034031421783
2023-04-27,0.0179978249034404,3.423326549976625
2023-04-28,4.307620575359506e-05,3.4234740138954534
2023-05-01,0.0,3.4234740138954534
2023-05-02,-0.003691619212665481,3.410835851451696
2023-05-03,-0.0011503283389919018,3.4069122703121217
2023-05-04,-0.00044706071434960084,3.4053891736788295
2023-05-05,0.011957126077869895,3.4461078413727204
2023-05-08,0.003357951181225116,3.4576797032692874
2023-05-09,-0.004340380780588204,3.4426720567397875
2023-05-10,0.011934918764359415,3.483760068069307
2023-05-11,0.004008187636402094,3.4977236321023337
2023-05-12,-0.002024123403154254,3.4906438078408297
2023-05-15,0.0034849048832490516,3.5028083694924574
2023-05-16,0.001029632212416315,3.5064149738236083
2023-05-17,0.00721814588403018,3.531724788634615
2023-05-18,0.010216035380841797,3.5678050140307023
2023-05-19,-0.0055101761497356955,3.5481457799354827
2023-05-22,0.00361842566828971,3.560984481700435
2023-05-23,-0.005951523067063991,3.5397912004161376
2023-05-24,-0.0024370970759279354,3.531164385632208
2023-05-25,0.026574443403657947,3.625003113747203
2023-05-26,0.008074780943679673,3.6542742198108686
2023-05-30,0.007613710376126942,3.6820968053554557
2023-05-31,-0.01242207693775212,3.636357515547079
2023-06-01,0.0,3.636357515547079
2023-06-02,0.004931502061643528,3.6542902201318728
2023-06-05,0.003174416871222846,3.6658904606590044
2023-06-06,0.0024575781521275707,3.674899672963213
2023-06-07,-0.011127583999941676,3.634006918160957
2023-06-08,0.006950049961262783,3.6592634478017496
2023-06-09,0.00410087606866077,3.674269633703765
2023-06-12,0.00992037982505164,3.7107197840497594
2023-06-13,0.0012369123656958193,3.715309619236283
2023-06-14,0.011480995129984451,3.7579650708811188
2023-06-15,-0.00026750793008182276,3.7569597854236876
2023-06-16,-0.005509965839510916,3.7362590653455867
2023-06-20,0.003197381944306793,3.748205312620375
2023-06-21,-0.006579044127196021,3.723545704470855
2023-06-22,0.0024833233211321967,3.732792472356069
2023-06-23,-0.003384350957739335,3.7201593925772083
2023-06-26,-0.011868947874140267,3.676005014663216
2023-06-27,0.011772983860327935,3.7192825623713306
2023-06-28,0.0015531643058469605,3.725059219290565
2023-06-29,0.0018354643521434455,3.731896432697196
2023-06-30,0.0052495367765529495,3.7514871602669273
2023-07-03,0.0,3.7514871602669273
2023-07-05,-0.004521221621532972,3.734525855405025
2023-07-06,-0.006351750533042633,3.710805078812295
2023-07-07,-0.0009169990516568749,3.707402274074141
2023-07-10,-0.003701896551631367,3.6936778543802355
2023-07-11,0.0002783003228687076,3.694705806119683
2023-07-12,0.004319344773265344,3.7106645143320995
2023-07-13,0.009367864897915407,3.7454255181838514
2023-07-14,0.0019581818745638916,3.7527597425460884
2023-07-17,0.00880915225355373,3.7858183744891845
2023-07-18,0.0020552323245302483,3.793599110787235
2023-07-19,-0.0030849450193181746,3.781896066105122
2023-07-20,-0.010056499799976725,3.7438634290728032
2023-07-21,-0.00026031493264688224,3.742888845516425
2023-07-24,-0.0005011620364697378,3.741013051720326
2023-07-25,0.004013037412896214,3.7560258770590123
2023-07-26,0.0019062969224816209,3.7631859776292114
2023-07-27,0.008777374605995826,3.7962168706668935
2023-07-28,0.01131029569971117,3.839153206014368
2023-07-31,-0.002104406814885379,3.831074065844242
2023-08-01,0.0,3.831074065844242
2023-08-02,-0.01341285316505812,3.779688431934611
2023-08-03,0.00292299660863527,3.790736448402854
2023-08-04,0.0023224109547297423,3.7995400962571177
2023-08-07,0.006778608794222702,3.8252956921676082
2023-08-08,-0.007174638966389362,3.797850576636621
2023-08-09,-0.010663320164608725,3.757352880000601
2023-08-10,0.0001339320050243732,3.7578561098054037
2023-08-11,-0.004551661534553425,3.740751620698016
2023-08-14,0.003123088971965154,3.7524343208314788
2023-08-15,-0.004285407744030334,3.7363536097340226
2023-08-16,-0.006968717619719977,3.710316016500365
2023-08-17,-0.007323923882859779,3.6831419444141607
2023-08-18,0.0010989788650494217,3.6871896395680492
2023-08-21,0.019093713209095302,3.757591781093509
2023-08-22,-0.00285444996975584,3.7468659233476123
2023-08-23,0.006111907819801577,3.7697664224842686
2023-08-24,-0.007898572499197204,3.7399906490912374
2023-08-25,0.000986537123001269,3.7436802887062437
2023-08-28,0.004568425268267185,3.760783012333483
2023-08-29,0.00848686570476001,3.7927002727039003
2023-08-30,0.0015858331508012027,3.7987148625274068
2023-08-31,-0.0003720198146423991,3.7973016653283698
2023-09-01,0.0,3.7973016653283698
2023-09-05,0.006103776824063318,3.820479547227178
2023-09-06,-0.005045554153213183,3.8012031107804
2023-09-07,-0.0028053186995212866,3.7905395246130493
2023-09-08,-0.001524285844692974,3.784761658871932
2023-09-11,0.010154081930608594,3.8231924388439436
2023-09-12,-0.006082589551330991,3.7999375284627037
2023-09-13,0.005740774299284684,3.8217521121649902
2023-09-14,0.001691520895665194,3.82821668572077
2023-09-15,-0.009156083306299594,3.7931652148317445
2023-09-18,-0.002373679268090467,3.7841614572008564
2023-09-19,-0.0013170263710705842,3.779177616769334
2023-09-20,-0.006365666735850022,3.7551206315253967
2023-09-21,-0.008910814172810899,3.7216594493813853
2023-09-22,0.0016062220723105148,3.7276372609346047
2023-09-25,0.0011785844583205697,3.7320305962765987
2023-09-26,-0.004826747485555327,3.714017026980005
2023-09-27,0.0018550313894712066,3.7209066451460835
2023-09-28,0.004838321569155108,3.738909588024107
2023-09-29,5.4150720364437685e-05,3.739112052671676
2023-10-02,0.0,3.739112052671676
2023-10-03,-0.006906343572228029,3.7132884601808662
2023-10-04,0.00868033328717408,3.745521041606654
2023-10-05,0.001455330979893027,3.7509720144143452
2023-10-06,0.009258106541706014,3.7856989129587513
2023-10-09,-0.0009053183358405436,3.782271650318878
2023-10-10,0.004537866898016868,3.799435095640168
2023-10-11,0.0013198388759359746,3.804449737785989
2023-10-12,0.0021795816625432177,3.8127418466705345
2023-10-13,-0.009709906160809594,3.775720481123972
2023-10-16,0.004441442640788096,3.792490127068533
2023-10-17,-0.0037652566826306575,3.7782104282737774
2023-10-18,-0.011714848252128858,3.733949266441939
2023-10-19,-0.008582219186141599,3.701903695407402
2023-10-20,-0.008253623275999766,3.671349576901478
2023-10-23,0.005274443917730087,3.690713904347227
2023-10-24,0.006039673687900471,3.7130046120048816
2023-10-25,-0.009831225160078033,3.6765012276438536
2023-10-26,-0.011816605090400261,3.6330574645224143
2023-10-27,0.0019268650521158503,3.640057875983131
2023-10-30,-0.00193236046984534,3.633023972035632
2023-10-31,0.0031497818705189863,3.644467205077911
2023-11-01,0.0,3.644467205077911
2023-11-02,0.008694112860272179,3.6761526142744194
2023-11-03,0.010108969306017873,3.713314728216357
2023-11-06,0.003040168750761796,3.724603831614824
2023-11-07,0.005852097323843353,3.7464005757301937
2023-11-08,0.0016552936781098761,3.7526019689188668
2023-11-09,-0.0022278088380828787,3.7442418890867017
2023-11-10,0.006033631571356823,3.766833265159492
2023-11-13,0.0016446357314521154,3.7730283337417956
2023-11-14,0.012897220517016311,3.821689912179014
2023-11-15,0.0012738243337590883,3.8265580737852294
2023-11-16,-0.0029139127209734214,3.815407817536483
2023-11-17,-0.0009396731576140237,3.8118225812249933
2023-11-20,0.0021773750946998847,3.820122348778767
2023-11-21,0.00032777444395671885,3.8213744872574846
2023-11-22,0.0004659299766725689,3.8231549801831894
2023-11-24,-0.0007998521066528375,3.82009702161823
2023-11-27,0.0007933609327078596,3.8231277373543353
2023-11-28,0.0039056681925744683,3.8380596057542693
2023-11-29,0.0007493447725910485,3.840935635656734
2023-11-30,-0.0036215745441345423,3.82702540093298
2023-12-01,0.0,3.82702540093298
2023-12-04,-0.006275582034698351,3.8030085890805507
2023-12-05,0.00572652852476676,3.8247866262458534
2023-12-06,-0.004208677627909929,3.8086893323404434
2023-12-07,0.01025148505853623,3.8477340541235376
2023-12-08,0.0018039049155908983,3.8546750004976578
2023-12-11,0.00045134914711096325,3.8564148047715223
2023-12-12,0.003061416979341658,3.8682208985342346
2023-12-13,0.002302952245470613,3.8771292265384907
2023-12-14,0.0015685512036455519,3.8832107022534674
2023-12-15,0.0030709602144743664,3.8951358878245084
2023-12-18,-0.00022192681473063303,3.8942714527239803
2023-12-19,0.0024611896660056034,3.9038559933800454
2023-12-20,-0.006175508547325859,3.8797476973253975
2023-12-21,0.01051037432135033,3.9205252978966847
2023-12-22,-0.0007632980057109051,3.9175327687554606
2023-12-26,0.0024763088238312194,3.927233789718378
2023-12-27,0.003915872359778233,3.9426123359659235
2023-12-28,0.0014787937717333445,3.9484426465327087
2023-12-29,-0.0008776924522478302,3.9449771282237136
2024-01-02,0.0,3.9449771282237136
2024-01-03,-0.0033239873589542665,3.9318640741181343
2024-01-04,-0.0024319165353654916,3.922302108861477
2024-01-05,0.0014623684719760276,3.9280379598030413
2024-01-08,0.007362066879297508,3.9569564379675306
2024-01-09,0.004483827894533149,3.974698749621542
2024-01-10,0.0037777269574207797,3.989714076235614
2024-01-11,0.0016915791876290776,3.9964629935315648
2024-01-12,0.0011131899060099926,4.000911815795706
2024-01-16,0.0038671842096289267,4.016384078793869
2024-01-17,-0.0018153070187890527,4.009093108585482
2024-01-18,0.0017385791951308517,4.016063234455411
2024-01-19,0.011427342799241092,4.061956165738962
2024-01-22,-0.0017841344583668262,4.054709089775291
2024-01-23,0.0028084617808313782,4.0660965852863145
2024-01-24,0.011259521523296711,4.111878887304149
2024-01-25,-0.008096206769473722,4.078588265621501
2024-01-26,-0.0019405611952838463,4.070673515501696
2024-01-29,0.004021747880967097,4.087044738086774
2024-01-30,-0.0038557820171549683,4.07128598448235
2024-01-31,-0.006670804499157728,4.044127231619708
2024-02-01,0.0,4.044127231619708
2024-02-02,0.012184523319745183,4.093402994181395
2024-02-05,-0.0030540560395161454,4.080901512044842
2024-02-06,-0.0047648330935319335,4.061456697468806
2024-02-07,0.009132491155698736,4.0985479148376935
2024-02-08,-0.00044065238755701673,4.096741879913504
2024-02-09,0.004974464516147442,4.117120977026948
2024-02-12,-0.0012085688598669098,4.1121451528218085
2024-02-13,-0.005290818004129055,4.090388541211667
2024-02-14,0.011672881821030252,4.138135163255328
2024-02-15,-0.0012350274120811631,4.13302445289381
2024-02-16,-0.0019177106637700502,4.125098507826873
2024-02-20,-0.006218449327298703,4.099446791785836
2024-02-21,-0.004584404960127331,4.0806532675797955
2024-02-22,0.03326733088282325,4.216405710050447
2024-02-23,-0.003331296821858787,4.202359611108888
2024-02-26,-0.0008565595082909383,4.198760040026736
2024-02-27,0.0005931628023650326,4.201250588298536
2024-02-28,-0.0018821251086494795,4.193343309078571
2024-02-29,0.004580078022622214,4.212549148609792
2024-03-01,0.0,4.212549148609792
2024-03-04,0.0028476904485368717,4.22454518458428
2024-03-05,-0.005152741342515471,4.202777195958348
2024-03-06,0.007601316149084991,4.234723834128992
2024-03-07,0.01122156910675144,4.282244080281679
2024-03-08,-0.011816961313508272,4.23164096764999
2024-03-11,-0.008008633436077578,4.1977513063069924
2024-03-12,0.011409859789573863,4.2456470601434555
2024-03-13,-0.009254291007107862,4.206356606735416
2024-03-14,-0.006907732335487043,4.177300221188481
2024-03-15,-0.0001040974900924252,4.176865374720093
2024-03-18,0.0006298165480753237,4.179496033652175
2024-03-19,-0.0037130124158876064,4.1639775129870715
2024-03-20,0.0032001221262778047,4.177302749559705
2024-03-21,0.005418232617204849,4.199936347569309
2024-03-22,0.0062176973417872984,4.226050280633267
2024-03-25,-1.2191736325772455e-06,4.226045128344195
2024-03-26,-0.004481297951104979,4.207106960969269
2024-03-27,-0.0024880552547288715,4.196639446387823
2024-03-28,0.0011251486385047027,4.201361289547221
2024-04-01,0.0,4.201361289547221
2024-04-02,-0.004130614360496226,4.184007086270984
2024-04-03,0.0036222803082819445,4.199162732749296
2024-04-04,-0.016268618946623292,4.130848154355337
2024-04-05,0.00042770044987791594,4.132614919969331
2024-04-08,-0.002115713813601111,4.1238714894968584
2024-04-09,-0.0007995083805644509,4.120574419680635
2024-04-10,-0.0012711860346720227,4.11533640302351
2024-04-11,0.007123274977271665,4.144651075846222
2024-04-12,-0.0083253595685569,4.110145365353596
2024-04-15,-0.010130379371851272,4.068508033529108
2024-04-16,-0.0007643452399381965,4.065398288780029
2024-04-17,-0.012527755063692298,4.014467974781839
2024-04-18,0.001100944582130531,4.018887681548812
2024-04-19,-0.016730891313481277,3.9516481085477304
2024-04-22,0.0013132166722866713,3.9568374787268854
2024-04-23,0.009789416812052622,3.995572610063695
2024-04-24,0.01028553700011852,4.036669219981165
2024-04-25,0.002193298417141998,4.045522840191875
2024-04-26,0.013693309224231499,4.100919435416314
2024-04-29,-0.0007530167915391238,4.097831374220696
2024-04-30,-0.007760470829766597,4.0660302733757545
2024-05-01,0.0,4.0660302733757545
2024-05-02,0.005444240064846589,4.088166718294946
2024-05-03,0.007524923248658222,4.118929859077835
2024-05-06,0.010631510006825695,4.162720303092034
2024-05-07,-0.0036272511804479823,4.1476210709587695
2024-05-08,-0.00046762874340787176,4.145681524129225
2024-05-09,-0.0025263904986052854,4.135207913716422
2024-05-10,-0.001367545058945363,4.129552830566308
2024-05-13,0.0005507136595874484,4.131827031718089
2024-05-14,0.003156854504069562,4.144870608493205
2024-05-15,0.009647187882684344,4.184856954002755
2024-05-16,-0.001399901293913902,4.178998567338002
2024-05-17,-0.002049528603843342,4.170433590238823
2024-05-20,-0.0001556630472325404,4.169784407837885
2024-05-21,0.006396818682881795,4.196457762641532
2024-05-22,-0.0006733094906572922,4.193632247802803
2024-05-23,-0.002457945325946298,4.183324529020578
2024-05-24,0.005373895071043799,4.205805276087658
2024-05-28,0.007213154561534451,4.236142399599795
2024-05-29,-0.0005728732525034808,4.233715626925268
2024-05-30,-0.004803693595949199,4.213378154281137
2024-05-31,-0.0002928017465241183,4.212144469798797
2024-06-03,0.0,4.212144469798797
2024-06-04,-0.0005246018231047366,4.20993477113076
2024-06-05,0.018465276141718823,4.2876723792183125
2024-06-06,-0.0008006111908833934,4.284239620728669
2024-06-07,0.001701846178791855,4.291530737556235
2024-06-10,-0.0032992259047806617,4.2773720081757265
2024-06-11,0.0007130546162284924,4.280422008031482
2024-06-12,0.009791103605313984,4.322332063386584
2024-06-13,0.002877764079323969,4.334770715337509
2024-06-14,0.0007776236988530693,4.33814153577485
2024-06-17,-0.0010130601388292193,4.333746737508357
2024-06-18,-6.649922583705771e-05,4.333458546705339
2024-06-20,-0.004708105327139883,4.313056167436656
2024-06-21,-0.003010999246169038,4.30006955856782
2024-06-24,-0.007020361759411298,4.269881514676042
2024-06-25,0.009268965575651456,4.309458899447685
2024-06-26,0.0025879963471746982,4.320611763337754
2024-06-27,0.0018850301501638078,4.3287562467787986
2024-06-28,-0.0062094084555750495,4.301877231137927
2024-07-01,0.0,4.301877231137927
2024-07-02,0.009752500837224358,4.343831292436236
2024-07-03,0.015975027249612653,4.413224115700625
2024-07-05,0.005666881621598003,4.438233334333881
2024-07-08,0.009550001046820532,4.480618467322803
2024-07-09,0.004534188663338684,4.500934436782084
2024-07-10,0.003647933277168297,4.517353545292375
2024-07-11,-0.014081373433766064,4.453743003088766
2024-07-12,0.0020723052623256855,4.462972518151113
2024-07-15,7.624818957107653e-05,4.463312811725728
2024-07-16,-0.0035519749477772363,4.447459236434384
2024-07-17,-0.010922737064122178,4.39888080859141
2024-07-18,-2.2462565305592013e-05,4.398781998443975
2024-07-19,-0.005391628059358738,4.375065401994163
2024-07-22,0.01441829265509561,4.438146375345298
2024-07-23,-0.00034101815228174126,4.436632886868821
2024-07-24,-0.026827684156328545,4.317608301062324
2024-07-25,-0.007363951238420846,4.2858136440667005
2024-07-26,0.006158709368974086,4.312208724710091
2024-07-29,-0.0028946986760782,4.2997261798237
2024-07-30,-0.010519989498747556,4.254493105564465
2024-07-31,0.020104054812886088,4.340025668159779
2024-08-01,0.0,4.340025668159779
2024-08-02,-0.0065039942323102335,4.31179816624599
2024-08-05,-0.015329503016896433,4.245700443248274
2024-08-06,0.009413204217641176,4.285666088567499
2024-08-07,-0.0073132330931326315,4.254324013502472
2024-08-08,0.021692068536593535,4.346609101580243
2024-08-09,0.001326018436159393,4.352372785383716
2024-08-12,0.0032087627567899566,4.366338517081122
2024-08-13,0.00987009110791,4.409434676052689
2024-08-14,0.0005224945726362896,4.41173858173932
2024-08-15,0.009997430203772518,4.455844630287549
2024-08-16,0.0037852875492812854,4.472711283488108
2024-08-19,0.007208478136498858,4.504952724986004
2024-08-20,-0.0003623765801832712,4.503320235623637
2024-08-21,0.0009329525506113545,4.507521619723682
2024-08-22,-0.007183084357104369,4.475143711687735
2024-08-23,0.002338325626899163,4.485608054912831
2024-08-26,-0.0026151928092969013,4.473877324982299
2024-08-27,0.002922697159306742,4.486953113531111
2024-08-28,-0.0060797721824918825,4.45967346080732
2024-08-29,-0.00088355652813214,4.455733087207686
2024-08-30,0.007179103759885458,4.487721257367104
2024-09-03,0.0,4.487721257367104
2024-09-04,-0.004547972363758895,4.467311225112345
2024-09-05,0.005097154717744701,4.490081801599061
2024-09-06,-0.025892819055229006,4.37382092596708
2024-09-09,0.005715010003667187,4.398817356313231
2024-09-10,0.0010188052847052765,4.403298894682296
2024-09-11,0.011519621910789363,4.454023233109233
2024-09-12,0.005383612728420162,4.478001969279679
2024-09-13,4.0884688198461906e-06,4.4780202774511055
2024-09-16,-0.0031747423260723327,4.463803716939272
2024-09-17,0.00019894528126021552,4.4646917696252295
2024-09-18,-0.00011169819704948125,4.464193071604181
2024-09-19,0.0149850128669537,4.531089062222735
2024-09-20,-0.0042037695994471495,4.5120414077705755
2024-09-23,0.0003996292186014939,4.51384455135266
2024-09-24,0.007327436219714229,4.546919459408401
2024-09-25,0.0033393865852225256,4.562103381255237
2024-09-26,-0.0002022687237245246,4.561180610426811
2024-09-27,0.0004448839253057946,4.563209806360805
2024-09-30,0.0027693574657374543,4.575846965505777
2024-10-01,0.0,4.575846965505777
2024-10-02,0.0010482760315349174,4.580643716203689
2024-10-03,0.003079162054316287,4.594748260518966
2024-10-04,0.013303035086334302,4.655872357841523
2024-10-07,-0.004652652898489107,4.634210199820816
2024-10-08,0.009473798144445728,4.67811377181285
2024-10-09,0.006835606802350058,4.710091518133622
2024-10-10,-0.0015478727515706558,4.702800895815298
2024-10-11,-0.006870455143765991,4.670490513210537
2024-10-14,0.005096142981911317,4.694292000661519
2024-10-15,-0.009724699023791394,4.648641423825294
2024-10-16,-0.0019183206570444922,4.639723838954778
2024-10-17,-5.659824469937949e-05,4.639461238729603
2024-10-18,0.002259829785107742,4.649945631423737
2024-10-21,0.004208195047057162,4.669513509598979
2024-10-22,-0.001405447459309883,4.6629507537007
2024-10-23,-0.008199187134146685,4.624718347873797
2024-10-24,0.0004688019866735894,4.626886425023086
2024-10-25,0.0023975357255179857,4.637979550524992
2024-10-28,-0.00414505985361599,4.618754847688219
2024-10-29,0.0054610181213045565,4.643977951609308
2024-10-30,-0.018733802388753218,4.5569785863661325
2024-10-31,-0.012528414637296393,4.499886869142857
2024-11-01,0.0,4.499886869142857
2024-11-04,-0.00456924676271731,4.479325775633432
2024-11-05,0.00909943645103521,4.520085115872293
2024-11-06,0.021187044471951966,4.615852360239288
2024-11-07,0.011219420731505848,4.667639549903327
2024-11-08,0.004856959527180671,4.690310086284675
2024-11-11,0.0075260432794266195,4.725609562987985
2024-11-12,-0.010273869693610792,4.6770592661149655
2024-11-13,-0.0020306609777348103,4.667561744372713
2024-11-14,-0.006283279112710687,4.638234151157008
2024-11-15,-0.00898782887022861,4.596546496346359
2024-11-18,0.010242835180208182,4.643628164506598
2024-11-19,0.00528972312887317,4.668191671810275
2024-11-20,-0.0017779027912864062,4.659892080806704
2024-11-21,-0.0007057900722291843,4.656603175238411
2024-11-22,0.0032794239106706423,4.671874151033792
2024-11-25,0.0030810314079826044,4.68626834202727
2024-11-26,0.002320032287394602,4.697140635888168
2024-11-27,-0.004973196111907835,4.673780834340684
2024-11-29,0.006585549143112096,4.704560247709371
2024-12-02,0.0,4.704560247709371
2024-12-03,0.0019543941225123986,4.7137548126065
2024-12-04,0.008130680293675979,4.75208084597058
2024-12-05,0.00129527644838342,4.758236104371179
2024-12-06,0.008644973513175497,4.799370929462904
2024-12-09,-0.004388907159426636,4.77830693602984
2024-12-10,-0.0016555886120527329,4.770396025481657
2024-12-11,0.019053355258407925,4.861288075678456
2024-12-12,-0.007090279804968946,4.826820183009337
2024-12-13,0.026022697458867112,4.952427064320142
2024-12-16,0.01615405483584869,5.032428842687711
2024-12-17,7.382003822798013e-06,5.032465992096666
2024-12-18,-0.013178971139538198,4.966143268026117
2024-12-19,-0.003329162328903196,4.949610170938268
2024-12-20,0.002574916828596191,4.962355005462408
2024-12-23,0.011885139100643594,5.021333284969104
2024-12-24,0.006944337898597885,5.056203120001405
2024-12-26,-0.0003222915496947809,5.0545735484622885
2024-12-27,-0.004055800406848986,5.034073207007987
2024-12-30,-0.007609724935923468,4.995765294595354
2024-12-31,-0.0073486746785278384,4.959053040675093
2025-01-02,0.0,4.959053040675093
2025-01-03,0.002885132539359997,4.973360565967156
2025-01-06,0.014384695372267909,5.044900842685044
2025-01-07,-0.013539256952913026,4.976596633873964
2025-01-08,0.00047100782274897573,4.978940649819185
2025-01-10,-0.00763847639364033,4.940909129200205
2025-01-13,-0.0021713514590675606,4.930180678953396
2025-01-14,-0.0020720036224185835,4.919965326727426
2025-01-15,0.008972738523796153,4.9641108891502945
2025-01-16,-0.004514202253952215,4.941701888585624
2025-01-17,0.009593911357226708,4.989112138458554
2025-01-21,0.0058338158798244,5.018217700078118
2025-01-22,0.007983085714405137,5.058278562111387
2025-01-23,-0.0034695394719000683,5.040728664980276
2025-01-24,-0.0024307397165153843,5.02847596561413
2025-01-27,-0.019639540789784603,4.929719006777
2025-01-28,0.009155116526044903,4.974851158724701
2025-01-29,0.0028801215095353608,4.989179334553681
2025-01-30,0.003705667332647322,5.007667573430456
2025-01-31,-0.006526974550971337,4.974982654618951
2025-02-03,0.0,4.974982654618951
2025-02-04,0.004679372418209688,4.998262451234046
2025-02-05,0.009780745201101832,5.047149182717801
2025-02-06,0.004430600618238289,5.069511085007091
2025-02-07,-0.003068512897702297,5.0539552248577015
2025-02-10,0.005849394157076732,5.083517801020112
2025-02-11,0.0022631969416782305,5.095022802960347
2025-02-12,0.001326971690974288,5.101783753984744
2025-02-13,0.004090834199313093,5.122654305443045
2025-02-14,0.004222600972761814,5.1442852304963305
2025-02-18,0.0004985740504363067,5.1468500376202995
2025-02-19,-0.0018260167102449043,5.1374518034464804
2025-02-20,-0.001240227991729753,5.131080191913684
2025-02-21,-0.007468179338938097,5.092760364838
2025-02-24,-0.009642844084830765,5.043651670678462
2025-02-25,-0.005501568092945525,5.015903677575126
2025-02-26,0.007951830704990654,5.055789294451743
2025-02-27,-0.023130262904483966,4.938847558881399
2025-02-28,0.005409121015926749,4.965562383006604
2025-03-03,0.0,4.965562383006604
2025-03-04,0.0016316874528357786,4.9736646288432285
2025-03-05,0.009033182432448056,5.018592648793383
2025-03-06,-0.01744634846304983,4.931036532648434
2025-03-07,0.009376443358667575,4.977272117396332
2025-03-10,-0.01724424639347346,4.891442810636584
2025-03-11,0.007066366439780069,4.92600753795577
2025-03-12,0.009715661233450619,4.973866958427972
2025-03-13,-0.0063836906342073845,4.942115330509662
2025-03-14,0.01013449877950231,4.992201192294871
2025-03-17,-0.00200377511091801,4.982197943797056
2025-03-18,-0.009714050445127714,4.9338006216434
2025-03-19,0.009244498064866042,4.979411131942617
2025-03-20,0.0008337196890280341,4.983562565043083
2025-03-21,0.0023400356038410894,4.9952242788792525
2025-03-24,0.006316700218332388,5.026777613172269
2025-03-25,0.0034013247459965703,5.043875316260573
2025-03-26,-0.01581619542505216,4.964100398558999
2025-03-27,-0.00876976213758625,4.92056641883654
2025-03-28,-0.012336420794346376,4.859864240947242
2025-03-31,-0.005178472820332858,4.834697566064989
2025-04-01,0.0,4.834697566064989
2025-04-02,0.005338737423309365,4.860508746891322
2025-04-03,-0.01673428215729873,4.779171622092824
2025-04-04,-0.032840646460377855,4.622220536478203
2025-04-07,0.00014375713813889472,4.622885013674374
2025-04-08,-0.010819267586729131,4.572868783688751
2025-04-09,0.07139719121688344,4.899358770647494
2025-04-10,-0.022064474199316963,4.791256995459345
2025-04-11,0.018319866602325867,4.879032184473621
2025-04-14,0.0007128356201071052,4.882510132406363
2025-04-15,0.001080238604679834,4.887784408339129
2025-04-16,-0.028793665700440913,4.747047178069584
2025-04-17,-0.002382897958316782,4.735735449040929
2025-04-21,-0.017023790357531463,4.655115281567726
2025-04-22,0.011959315101054017,4.710787272051726
2025-04-23,0.015686435141127077,4.784682731058412
2025-04-24,0.011113962115280386,4.837859513665032
2025-04-25,0.008970584760662325,4.881257942492541
2025-04-28,-0.002042081779139204,4.871290014588898
2025-04-29,0.0019877797310459636,4.8809730661439445
2025-04-30,-0.004320664192502111,4.85988402059249
2025-05-01,0.0,4.85988402059249
2025-05-02,0.009097714485292646,4.904097857843476
2025-05-05,-0.001496447559647923,4.896759132571832
2025-05-06,-0.005013296121579785,4.8722102290041995
2025-05-07,0.005734358105104004,4.90014922722066
2025-05-08,0.005022404897871147,4.924759760699752
2025-05-09,0.0047597340410337145,4.948200307376667
2025-05-12,0.020764919278866235,5.050949287335004
2025-05-13,0.010485504946187458,5.103911041070297
2025-05-14,0.009083834160328652,5.15027412253645
2025-05-15,-0.0016506336839919088,5.141772906588
2025-05-16,0.0007790195931309029,5.145778448425662
2025-05-19,-0.001281202361827044,5.1391856649241
2025-05-20,-0.001144569472736978,5.1333035098973
2025-05-21,-0.007564729608929194,5.09447145684436
2025-05-22,0.004140570993186582,5.115565477584187
2025-05-23,-0.0037256456796127767,5.096506693163849
2025-05-27,0.007824851467946075,5.136386101043248
2025-05-28,-0.002736537562375591,5.12233018754288
2025-05-29,0.003956744740623364,5.142597940572177
2025-05-30,-0.007913027364543445,5.101904422343584
2025-06-02,0.0,5.101904422343584
2025-06-03,0.00035539510402501933,5.103717614196489
2025-06-04,0.0027824338247261385,5.11791837071808
2025-06-05,-0.016449122772238423,5.033733103099844
2025-06-06,0.0017634849317380186,5.0426100155775515
2025-06-09,0.004072698942855485,5.0631470480572265
2025-06-10,0.006750147430896902,5.097324037095923
2025-06-11,-0.0038649040768699017,5.077623368643824
2025-06-12,-0.0005520058131138594,5.07482049102753
2025-06-13,-0.004851219177424604,5.05020142453947
2025-06-16,0.005813156857122775,5.079559037580382
2025-06-17,-0.004561626134888191,5.056387988320848
2025-06-18,0.0013325307807629141,5.063125780954766
2025-06-20,-0.003081966347629883,5.047521397684046
2025-06-23,0.006848588526538101,5.082089794815681
2025-06-24,0.005300660187803375,5.109028225861902
2025-06-25,0.006763359227562333,5.143582419057162
2025-06-26,0.003988974460104616,5.164100037960225
2025-06-27,0.001219687124739155,5.17039862428739
2025-06-30,-4.590251802793956e-06,5.1703748908557845
2025-07-01,0.0,5.1703748908557845
2025-07-02,0.002529434241465173,5.183453014145927
2025-07-03,0.0036953647519071377,5.202607763707569
2025-07-07,-0.0044663687119049,5.179370999171432
2025-07-08,0.0035821781311290157,5.197924428697668
2025-07-09,0.0038212483204477067,5.2177869886906425
2025-07-10,0.0037279186818623133,5.237238474283761
2025-07-11,0.0028688639405834494,5.25226339889087
2025-07-14,0.0003548688401352862,5.25412726351132
2025-07-15,0.014405080935586945,5.329813391988075
2025-07-16,0.0031687922393330457,5.3467024633017
2025-07-17,0.0008439106627896154,5.351214602521243
2025-07-18,-0.0029085614466458185,5.335650266035621
2025-07-21,0.0023116111767755576,5.347984214825955
2025-07-22,-0.009093670325026514,5.299351409472882
2025-07-23,0.005062425661240994,5.326178982036131
2025-07-24,0.006676761663926528,5.361740609678601
2025-07-25,0.0027083288280086992,5.376261966340099
2025-07-28,0.008700939045253332,5.423040494000538
2025-07-29,-0.005121649577039334,5.395265580948172
2025-07-30,0.000799951176670094,5.399581529998099
2025-07-31,0.009663799262494355,5.451762002005473
2025-08-01,0.0,5.451762002005473
2025-08-04,0.002031537451755822,5.462837460690606
2025-08-05,-0.003531741553758666,5.443544130629255
2025-08-06,0.007039586253533581,5.481864429061736
2025-08-07,0.005144705927425697,5.510067009483274
2025-08-08,0.004839900508339323,5.5367351856034555
2025-08-11,-0.0020297206336025776,5.525497159954442
2025-08-12,0.005579261096871707,5.556325351299851
2025-08-13,0.006079535913271723,5.5901052308189
2025-08-14,-0.0011313623974414267,5.583780795963011
2025-08-15,-0.002421552545329086,5.570259377363987
2025-08-18,-0.0011628666256108034,5.563781908638055
2025-08-19,-0.011963895027023658,5.497217405929856
2025-08-20,-0.0029232247961116066,5.481147803699225
2025-08-21,-0.0020846979770913206,5.4697212659607155
2025-08-22,0.006659042315679948,5.506144371325723
2025-08-25,-0.0033274939175188534,5.487822709421156
2025-08-26,0.002790048653059135,5.503134001779804
2025-08-27,0.0018487246127560587,5.51330778105619
2025-08-28,0.0033381954538043656,5.531712280026335
2025-08-29,-0.006888003530961434,5.493609826309251
2025-09-02,0.0,5.493609826309251
2025-09-03,0.0014129078505072446,5.501371790760468
2025-09-04,0.0065255183319749555,5.537271093232085
2025-09-05,-0.0027426219407104937,5.522084452040124
2025-09-08,0.0010889573149448605,5.5280977662979165
2025-09-09,0.0012720038239618316,5.535129527795882
2025-09-10,0.010806673693349268,5.594945866453195
2025-09-11,0.006150215016696198,5.629355986538656
2025-09-12,0.011478118121583692,5.693970399500592
2025-09-15,0.006911213065790184,5.733322642121843
2025-09-16,0.0034178013834767207,5.7529180001800055
2025-09-17,0.0007771016083417681,5.757388602010604
2025-09-18,-0.00269191948708013,5.741890175438158
2025-09-19,0.004184430748396606,5.765916717242178
2025-09-22,-0.0006276630569458983,5.762297664329338
2025-09-23,-0.0072261358916801905,5.720658518358583
2025-09-24,0.0014910087141246032,5.729188070059987
2025-09-25,-0.006781987032518427,5.690332790861981
2025-09-26,0.004049011163210725,5.713373011854565
2025-09-29,-0.0014404841865561845,5.705142988379092
2025-09-30,-0.0009585359347580146,5.699674403811797
2025-10-01,0.0,5.699674403811797
2025-10-02,0.004317843285141049,5.724284704663786
2025-10-03,-0.004127368420971417,5.700658472741107
2025-10-06,0.026919725285564116,5.854118632774122
2025-10-07,-0.003489048800611366,5.833693327179804
2025-10-08,0.0022436056997245605,5.846781834779111
2025-10-09,-0.001940985591657618,5.8354333154802385
2025-10-10,-0.016408117316387593,5.7396848410478825
2025-10-13,0.0037965265249487287,5.761475706791766
2025-10-14,-0.0010439242114116119,5.755461162807986
2025-10-15,0.012134141136660809,5.825298740864069
2025-10-16,-0.0015772511146922795,5.816110781931625
2025-10-17,0.0010307655051061072,5.822105828299516
2025-10-20,0.009035381385122398,5.874710774922747
2025-10-21,-0.0021033485562643836,5.862354210495842
2025-10-22,-0.006958504051211244,5.821560994972471
2025-10-23,0.003945411107995622,5.844529446387909
2025-10-24,0.011799357928310673,5.913491141248391
2025-10-27,0.009193822031697146,5.967858726387047
2025-10-28,0.001597052187112752,5.9773897082184035
