Date,Adj Close,Close,High,Low,Open,Volume
,ASML,ASML,ASML,ASML,ASML,ASML
2013-11-01,82.48596954345703,92.6500015258789,94.36000061035156,92.38999938964844,93.95999908447266,762300
2013-11-04,81.70250701904297,91.7699966430664,92.41000366210938,91.56999969482422,92.18000030517578,1016300
2013-11-05,80.58963775634766,90.5199966430664,91.05000305175781,89.7699966430664,90.05999755859375,792500
2013-11-06,80.60746765136719,90.54000091552734,91.12000274658203,90.19999694824219,90.58999633789062,884800
2013-11-07,77.72286987304688,87.30000305175781,89.20999908447266,87.26000213623047,88.87000274658203,1502200
2013-11-08,77.78519439697266,87.37000274658203,87.80999755859375,86.33999633789062,86.66000366210938,1012900
2013-11-11,77.79412078857422,87.37999725341797,88.05999755859375,87.22000122070312,87.66000366210938,1508700
2013-11-12,77.40235900878906,86.94000244140625,87.1500015258789,86.11000061035156,86.68000030517578,1965600
2013-11-13,78.06118774414062,87.68000030517578,87.81999969482422,86.58999633789062,86.66999816894531,2201500
2013-11-14,79.1473388671875,88.9000015258789,89.08000183105469,87.87999725341797,88.5999984741211,3110800
2013-11-15,80.06436920166016,89.93000030517578,89.93000030517578,88.4000015258789,89.04000091552734,1255900
2013-11-18,79.11174011230469,88.86000061035156,89.83000183105469,88.70999908447266,89.44000244140625,969900
2013-11-19,79.34322357177734,89.12000274658203,90.05000305175781,88.52999877929688,89.93000030517578,1573500
2013-11-20,78.63988494873047,88.33000183105469,89.69000244140625,88.29000091552734,89.43000030517578,911600
2013-11-21,80.05545043945312,89.91999816894531,90.18000030517578,89.30000305175781,89.4000015258789,1385700
2013-11-22,81.65798950195312,91.72000122070312,91.83999633789062,90.58999633789062,90.76000213623047,1235300
2013-11-25,81.97850036621094,92.08000183105469,92.48999786376953,91.62999725341797,92.13999938964844,760800
2013-11-26,82.5838851928711,92.76000213623047,92.98999786376953,91.93000030517578,92.52999877929688,1075600
2013-11-27,83.32284545898438,93.58999633789062,93.83999633789062,93.19999694824219,93.6500015258789,601600
2013-11-29,83.1358871459961,93.37999725341797,94.08999633789062,93.27999877929688,94.01000213623047,424000
2013-12-02,83.45640563964844,93.73999786376953,94.08000183105469,93.41999816894531,93.58999633789062,381100
2013-12-03,83.49198150634766,93.77999877929688,94.2300033569336,93.38999938964844,93.61000061035156,566100
2013-12-04,81.44435119628906,91.4800033569336,93.02999877929688,90.94999694824219,92.13999938964844,872000
2013-12-05,81.1416244506836,91.13999938964844,92.20999908447266,90.87999725341797,91.94000244140625,757300
2013-12-06,81.41761016845703,91.44999694824219,92.06999969482422,90.81999969482422,90.94999694824219,541300
2013-12-09,81.72924041748047,91.80000305175781,92.8499984741211,91.66000366210938,92.41000366210938,871000
2013-12-10,81.05259704589844,91.04000091552734,92.04000091552734,90.9000015258789,91.80999755859375,672800
2013-12-11,81.10601806640625,91.0999984741211,91.9800033569336,91.01000213623047,91.87999725341797,820500
2013-12-12,79.56578826904297,89.37000274658203,90.6500015258789,89.2699966430664,90.54000091552734,1969600
2013-12-13,78.43511962890625,88.0999984741211,89.4000015258789,87.81999969482422,89.33999633789062,1036800
2013-12-16,78.5419692993164,88.22000122070312,89.33000183105469,87.97000122070312,88.72000122070312,1298100
2013-12-17,78.2659683227539,87.91000366210938,88.44000244140625,87.76000213623047,88.37000274658203,607400
2013-12-18,79.9308090209961,89.77999877929688,89.9800033569336,88.54000091552734,88.9800033569336,874100
2013-12-19,80.8745346069336,90.83999633789062,91.08000183105469,89.94000244140625,90.43000030517578,721000
2013-12-20,81.44435119628906,91.4800033569336,91.77999877929688,91.23999786376953,91.44999694824219,732300
2013-12-23,82.12094116210938,92.23999786376953,92.66000366210938,91.68000030517578,92.56999969482422,495500
2013-12-24,82.48596954345703,92.6500015258789,92.8499984741211,91.97000122070312,91.97000122070312,135800
2013-12-26,83.21601867675781,93.47000122070312,93.66999816894531,92.56999969482422,92.9000015258789,273500
2013-12-27,83.75018310546875,94.06999969482422,94.83000183105469,93.9000015258789,94.77999877929688,925000
2013-12-30,83.1893081665039,93.44000244140625,94.29000091552734,93.43000030517578,94.26000213623047,664100
2013-12-31,83.42076873779297,93.69999694824219,93.97000122070312,93.33000183105469,93.41999816894531,240300
2014-01-02,82.2278060913086,92.36000061035156,92.81999969482422,92.0199966430664,92.62000274658203,647100
2014-01-03,81.94287872314453,92.04000091552734,92.56999969482422,91.91000366210938,92.36000061035156,1084100
2014-01-06,80.26023864746094,90.1500015258789,91.08999633789062,89.98999786376953,91.05999755859375,745100
2014-01-07,79.5835952758789,89.38999938964844,89.5999984741211,88.80999755859375,88.97000122070312,840200
2014-01-08,79.79725646972656,89.62999725341797,89.7300033569336,88.95999908447266,89.27999877929688,785000
2014-01-09,80.2513198852539,90.13999938964844,90.76000213623047,89.66000366210938,90.76000213623047,824000
2014-01-10,81.07929229736328,91.06999969482422,91.06999969482422,90.08000183105469,90.27999877929688,759800
2014-01-13,80.44718170166016,90.36000061035156,90.7699966430664,90.05000305175781,90.08000183105469,1158100
2014-01-14,81.18614196777344,91.19000244140625,91.41000366210938,90.12999725341797,90.19999694824219,1124600
2014-01-15,79.62811279296875,89.44000244140625,90.75,89.0999984741211,90.29000091552734,1521800
2014-01-16,75.87106323242188,85.22000122070312,86.66999816894531,84.83999633789062,86.56999969482422,2774700
2014-01-17,75.14104461669922,84.4000015258789,84.4800033569336,83.27999877929688,83.69000244140625,3130400
2014-01-21,77.58934783935547,87.1500015258789,87.27999877929688,84.87999725341797,85.30000305175781,3920300
2014-01-22,81.27517700195312,91.29000091552734,92.29000091552734,90.1500015258789,91.43000030517578,3541200
2014-01-23,78.69330596923828,88.38999938964844,90.16999816894531,87.27999877929688,90.16999816894531,2320300
2014-01-24,77.9810562133789,87.58999633789062,90.08999633789062,87.4800033569336,90.04000091552734,2351400
2014-01-27,78.00777435302734,87.62000274658203,88.51000213623047,87.05000305175781,88.44000244140625,1931700
2014-01-28,76.95723724365234,86.44000244140625,88.0999984741211,86.3499984741211,87.87999725341797,1367900
2014-01-29,76.25386810302734,85.6500015258789,86.72000122070312,85.3499984741211,85.5999984741211,1255500
2014-01-30,75.87996673583984,85.2300033569336,87.3499984741211,85.02999877929688,87.20999908447266,1619700
2014-01-31,75.34579467773438,84.62999725341797,85.13999938964844,83.76000213623047,83.80000305175781,828300
2014-02-03,75.28347778320312,84.55999755859375,85.73999786376953,83.93000030517578,85.45999908447266,1136900
2014-02-04,74.86502838134766,84.08999633789062,84.81999969482422,83.91999816894531,84.33000183105469,1074500
2014-02-05,75.81766510009766,85.16000366210938,85.48999786376953,84.19000244140625,84.7699966430664,854400
2014-02-06,77.3133316040039,86.83999633789062,87.05999755859375,86.19000244140625,86.2300033569336,568400
2014-02-07,77.95436096191406,87.55999755859375,87.61000061035156,86.38999938964844,86.68000030517578,761400
2014-02-10,77.93655395507812,87.54000091552734,87.66000366210938,87.05000305175781,87.41999816894531,299000
2014-02-11,79.77947235107422,89.61000061035156,89.61000061035156,87.91999816894531,87.93000030517578,375000
2014-02-12,78.28379821777344,87.93000030517578,88.9000015258789,87.86000061035156,88.66999816894531,1205000
2014-02-13,78.7645263671875,88.47000122070312,88.61000061035156,87.52999877929688,87.6500015258789,1823900
2014-02-14,79.39665985107422,89.18000030517578,89.20999908447266,88.5999984741211,89.0199966430664,1176200
2014-02-18,79.8417739868164,89.68000030517578,89.9800033569336,89.04000091552734,89.94999694824219,3076900
2014-02-19,78.52413177490234,88.19999694824219,89.5,88.16999816894531,89.45999908447266,1898900
2014-02-20,79.12954711914062,88.87999725341797,89.05999755859375,88.0999984741211,88.93000030517578,1397400
2014-02-21,79.1562728881836,88.91000366210938,89.69000244140625,88.55000305175781,89.62999725341797,605000
2014-02-24,79.53910064697266,89.33999633789062,90.22000122070312,89.33000183105469,89.38999938964844,490800
2014-02-25,77.12639617919922,86.62999725341797,88.44000244140625,86.56999969482422,88.33000183105469,1349600
2014-02-26,76.49427032470703,85.91999816894531,87.08999633789062,85.45999908447266,86.69000244140625,1408100
2014-02-27,76.58330535888672,86.0199966430664,86.37999725341797,85.0199966430664,86.26000213623047,1547100
2014-02-28,76.69013977050781,86.13999938964844,87.2699966430664,85.6500015258789,87.04000091552734,1534500
2014-03-03,76.56549835205078,86.0,86.16999816894531,84.81999969482422,85.01000213623047,4305500
2014-03-04,79.5746841430664,89.37999725341797,89.43000030517578,88.29000091552734,88.66999816894531,3451000
2014-03-05,80.01095581054688,89.87000274658203,89.87999725341797,89.19000244140625,89.27999877929688,926400
2014-03-06,81.48882293701172,91.52999877929688,91.79000091552734,90.30999755859375,90.33000183105469,1347800
2014-03-07,81.13272094726562,91.12999725341797,91.3499984741211,90.66000366210938,91.29000091552734,1267400
2014-03-10,80.7320785522461,90.68000030517578,90.9800033569336,90.05000305175781,90.72000122070312,1500400
2014-03-11,80.3937759399414,90.30000305175781,91.18000030517578,89.81999969482422,90.22000122070312,1096700
2014-03-12,80.96356964111328,90.94000244140625,90.95999908447266,89.87999725341797,90.12000274658203,1046900
2014-03-13,79.97532653808594,89.83000183105469,91.58000183105469,89.44999694824219,91.41000366210938,1543000
2014-03-14,79.66374206542969,89.4800033569336,90.23999786376953,89.0999984741211,89.0999984741211,2437500
2014-03-17,80.68757629394531,90.62999725341797,90.91999816894531,90.4000015258789,90.43000030517578,1192000
2014-03-18,81.65798950195312,91.72000122070312,91.73999786376953,90.54000091552734,90.5999984741211,519600
2014-03-19,81.0080795288086,90.98999786376953,92.27999877929688,90.44999694824219,91.73999786376953,570200
2014-03-20,82.33463287353516,92.4800033569336,92.54000091552734,90.25,90.30000305175781,868800
2014-03-21,82.25450897216797,92.38999938964844,93.83000183105469,92.19999694824219,93.79000091552734,1046500
2014-03-24,81.11491394042969,91.11000061035156,92.54000091552734,90.72000122070312,92.33999633789062,851900
2014-03-25,81.88947296142578,91.9800033569336,92.26000213623047,90.76000213623047,91.58999633789062,1166200
2014-03-26,82.15656280517578,92.27999877929688,93.3499984741211,92.25,93.22000122070312,675200
2014-03-27,81.88058471679688,91.97000122070312,92.91999816894531,91.83000183105469,92.66000366210938,544200
2014-03-28,81.75592803955078,91.83000183105469,92.45999908447266,91.55000305175781,92.0999984741211,340800
2014-03-31,83.11810302734375,93.36000061035156,93.55000305175781,92.62000274658203,92.9000015258789,625600
2014-04-01,83.30506134033203,93.56999969482422,93.77999877929688,93.05999755859375,93.4800033569336,862600
2014-04-02,82.98453521728516,93.20999908447266,93.37000274658203,92.44999694824219,92.73999786376953,442200
2014-04-03,82.05863189697266,92.16999816894531,93.0999984741211,92.05000305175781,92.88999938964844,547100
2014-04-04,80.85672760009766,90.81999969482422,92.70999908447266,90.5,92.38999938964844,665400
2014-04-07,80.0999755859375,89.97000122070312,91.19999694824219,89.81999969482422,91.12999725341797,753400
2014-04-08,79.7349624633789,89.55999755859375,90.69999694824219,89.25,89.91000366210938,1193900
2014-04-09,82.26341247558594,92.4000015258789,92.48999786376953,90.66000366210938,91.13999938964844,864300
2014-04-10,80.02873992919922,89.88999938964844,92.62999725341797,89.58000183105469,92.61000061035156,1505600
2014-04-11,77.74960327148438,87.33000183105469,88.43000030517578,86.73999786376953,87.76000213623047,2109700
2014-04-14,77.07295989990234,86.56999969482422,87.30000305175781,85.94999694824219,86.58000183105469,1415100
2014-04-15,75.79986572265625,85.13999938964844,86.58000183105469,84.7300033569336,86.08999633789062,2003400
2014-04-16,73.20909118652344,82.2300033569336,82.3499984741211,79.94000244140625,80.30999755859375,5649200
2014-04-17,72.69271087646484,81.6500015258789,82.37999725341797,81.3499984741211,81.81999969482422,1790400
2014-04-21,72.69271087646484,81.6500015258789,82.30999755859375,81.04000091552734,81.80999755859375,856700
2014-04-22,72.71940612792969,81.68000030517578,82.2699966430664,81.58999633789062,81.8499984741211,820100
2014-04-23,73.00431823730469,82.0,82.97000122070312,81.44999694824219,81.5,1469100
2014-04-24,74.93624877929688,84.16999816894531,84.44999694824219,83.26000213623047,83.62000274658203,1352400
2014-04-25,73.44804382324219,81.68000030517578,83.26000213623047,81.41999816894531,83.25,1680300
2014-04-28,74.04154205322266,82.33999633789062,82.66999816894531,81.43000030517578,82.18000030517578,816000
2014-04-29,73.84370422363281,82.12000274658203,82.80000305175781,82.08999633789062,82.51000213623047,975400
2014-04-30,73.1872787475586,81.38999938964844,82.6500015258789,81.27999877929688,82.13999938964844,729300
2014-05-01,73.15131378173828,81.3499984741211,81.69999694824219,80.80000305175781,81.25,812600
2014-05-02,72.72867584228516,80.87999725341797,81.55000305175781,80.68000030517578,80.8499984741211,1185900
2014-05-05,72.16215515136719,80.25,80.70999908447266,79.9000015258789,80.06999969482422,492000
2014-05-06,71.84744262695312,79.9000015258789,80.54000091552734,79.66000366210938,80.26000213623047,1033100
2014-05-07,72.35100555419922,80.45999908447266,81.26000213623047,80.16999816894531,80.91000366210938,989800
2014-05-08,72.74666595458984,80.9000015258789,81.72000122070312,80.41000366210938,80.5999984741211,1007800
2014-05-09,72.22512817382812,80.31999969482422,80.94000244140625,80.11000061035156,80.94000244140625,534500
2014-05-12,73.87968444824219,82.16000366210938,82.23999786376953,81.37000274658203,81.58999633789062,619100
2014-05-13,73.04339599609375,81.2300033569336,81.72000122070312,81.0,81.70999908447266,393700
2014-05-14,72.82759094238281,80.98999786376953,81.47000122070312,80.94999694824219,81.36000061035156,487100
2014-05-15,72.54883575439453,80.68000030517578,80.94000244140625,80.12000274658203,80.51000213623047,1081100
2014-05-16,72.89952850341797,81.06999969482422,81.1500015258789,80.41000366210938,80.58999633789062,340500
2014-05-19,73.01641082763672,81.19999694824219,81.56999969482422,80.80999755859375,80.88999938964844,322300
2014-05-20,72.89054870605469,81.05999755859375,81.62000274658203,80.87999725341797,81.4000015258789,270500
2014-05-21,74.62603759765625,82.98999786376953,83.05999755859375,81.55999755859375,81.58000183105469,655200
2014-05-22,74.92276000976562,83.31999969482422,83.5999984741211,82.87999725341797,83.04000091552734,675800
2014-05-23,75.10260772705078,83.5199966430664,83.8499984741211,82.79000091552734,82.91000366210938,470600
2014-05-27,76.64027404785156,85.2300033569336,85.55999755859375,84.29000091552734,84.31999969482422,867900
2014-05-28,76.30755615234375,84.86000061035156,85.25,84.6500015258789,85.04000091552734,344900
2014-05-29,76.63127899169922,85.22000122070312,85.30000305175781,84.70999908447266,85.19999694824219,239400
2014-05-30,77.22476196289062,85.87999725341797,86.31999969482422,85.41999816894531,86.30000305175781,637200
2014-06-02,77.23374938964844,85.88999938964844,86.6500015258789,85.56999969482422,86.61000061035156,601200
2014-06-03,77.41360473632812,86.08999633789062,86.81999969482422,85.94000244140625,85.94999694824219,1104800
2014-06-04,77.90817260742188,86.63999938964844,86.7699966430664,86.36000061035156,86.4000015258789,748400
2014-06-05,78.82537841796875,87.66000366210938,87.87000274658203,87.0199966430664,87.79000091552734,1551300
2014-06-06,80.09325408935547,89.06999969482422,89.0999984741211,88.4800033569336,88.75,1169400
2014-06-09,80.12923431396484,89.11000061035156,89.56999969482422,88.5199966430664,88.54000091552734,545200
2014-06-10,80.10224914550781,89.08000183105469,89.31999969482422,88.91000366210938,89.18000030517578,560900
2014-06-11,80.83061218261719,89.88999938964844,90.12000274658203,89.41000366210938,89.86000061035156,695400
2014-06-12,80.32705688476562,89.33000183105469,90.0,89.11000061035156,89.77999877929688,1400900
2014-06-13,80.37200927734375,89.37999725341797,90.02999877929688,89.08999633789062,89.97000122070312,1062300
2014-06-16,81.46906280517578,90.5999984741211,90.80999755859375,89.95999908447266,90.11000061035156,1249700
2014-06-17,82.06253814697266,91.26000213623047,91.48999786376953,90.95999908447266,91.02999877929688,744700
2014-06-18,83.87897491455078,93.27999877929688,93.5,92.43000030517578,92.56999969482422,1113800
2014-06-19,84.05880737304688,93.4800033569336,93.9800033569336,92.83999633789062,93.73999786376953,923000
2014-06-20,85.24578094482422,94.80000305175781,94.91000366210938,94.12000274658203,94.37999725341797,1044000
2014-06-23,83.57323455810547,92.94000244140625,93.2300033569336,92.25,92.5,1050400
2014-06-24,82.934814453125,92.2300033569336,93.44999694824219,92.12999725341797,92.94999694824219,428000
2014-06-25,83.48332214355469,92.83999633789062,92.93000030517578,92.27999877929688,92.31999969482422,353100
2014-06-26,82.91680908203125,92.20999908447266,92.3499984741211,91.19999694824219,92.2300033569336,576400
2014-06-27,83.04267883300781,92.3499984741211,92.45999908447266,91.30999755859375,91.30999755859375,457300
2014-06-30,83.8699722290039,93.2699966430664,93.41999816894531,92.48999786376953,92.5199966430664,305200
2014-07-01,85.12887573242188,94.66999816894531,94.87000274658203,94.08999633789062,94.0999984741211,407200
2014-07-02,84.47244262695312,93.94000244140625,93.95999908447266,93.36000061035156,93.52999877929688,449800
2014-07-03,86.04609680175781,95.69000244140625,95.69000244140625,95.08999633789062,95.12999725341797,232600
2014-07-07,86.43276977539062,96.12000274658203,96.23999786376953,95.72000122070312,95.91999816894531,972100
2014-07-08,85.1019058227539,94.63999938964844,95.16999816894531,94.02999877929688,95.0,523800
2014-07-09,84.07679748535156,93.5,93.8499984741211,93.0199966430664,93.69000244140625,989000
2014-07-10,83.51927185058594,92.87999725341797,93.44000244140625,92.19999694824219,92.38999938964844,835000
2014-07-11,82.2064437866211,91.41999816894531,91.83000183105469,90.86000061035156,91.4000015258789,1323100
2014-07-14,81.61294555664062,90.76000213623047,91.54000091552734,90.58999633789062,91.30999755859375,986900
2014-07-15,81.49604797363281,90.62999725341797,91.22000122070312,90.41999816894531,91.05000305175781,1578400
2014-07-16,79.48179626464844,88.38999938964844,88.4800033569336,87.0,87.58000183105469,2130800
2014-07-17,77.5215072631836,86.20999908447266,87.4000015258789,85.80999755859375,86.86000061035156,1573000
2014-07-18,77.18880462646484,85.83999633789062,86.22000122070312,85.30999755859375,85.41999816894531,1515600
2014-07-21,78.64552307128906,87.45999908447266,87.86000061035156,87.04000091552734,87.47000122070312,1540100
2014-07-22,78.39375305175781,87.18000030517578,88.0999984741211,86.95999908447266,87.87999725341797,926200
2014-07-23,78.24988555908203,87.0199966430664,87.69999694824219,86.68000030517578,87.66999816894531,911900
2014-07-24,77.97110748291016,86.70999908447266,86.91999816894531,86.16000366210938,86.26000213623047,767400
2014-07-25,76.40646362304688,84.97000122070312,85.87000274658203,84.58000183105469,85.87000274658203,1080400
2014-07-28,75.96586608886719,84.4800033569336,84.7699966430664,83.54000091552734,83.9800033569336,1087100
2014-07-29,74.88680267333984,83.27999877929688,83.72000122070312,83.26000213623047,83.41000366210938,1190200
2014-07-30,85.551513671875,95.13999938964844,96.66999816894531,91.81999969482422,92.30000305175781,6992400
2014-07-31,84.67029571533203,94.16000366210938,95.58000183105469,93.36000061035156,94.81999969482422,2520500
2014-08-01,82.99773406982422,92.30000305175781,94.41000366210938,92.01000213623047,93.94999694824219,1395400
2014-08-04,81.89169311523438,91.06999969482422,92.02999877929688,90.77999877929688,91.83999633789062,1204100
2014-08-05,81.67589569091797,90.83000183105469,92.0,90.18000030517578,90.94000244140625,1016600
2014-08-06,82.83587646484375,92.12000274658203,92.31999969482422,91.2300033569336,91.31999969482422,628700
2014-08-07,82.46720886230469,91.70999908447266,93.30999755859375,91.37999725341797,93.1500015258789,576500
2014-08-08,82.19743347167969,91.41000366210938,91.55000305175781,90.18000030517578,90.56999969482422,892000
2014-08-11,83.26749420166016,92.5999984741211,92.79000091552734,91.98999786376953,92.18000030517578,386300
2014-08-12,82.16146087646484,91.37000274658203,92.16000366210938,91.0199966430664,91.41000366210938,518300
2014-08-13,82.08953857421875,91.29000091552734,91.69999694824219,90.66000366210938,90.98999786376953,635300
2014-08-14,81.90968322753906,91.08999633789062,91.38999938964844,90.9000015258789,91.26000213623047,682600
2014-08-15,82.54814910888672,91.80000305175781,92.44000244140625,90.5999984741211,92.0,839200
2014-08-18,83.50130462646484,92.86000061035156,92.87999725341797,91.98999786376953,92.37000274658203,666500
2014-08-19,83.71711730957031,93.0999984741211,93.5199966430664,92.97000122070312,93.11000061035156,530600
2014-08-20,83.14159393310547,92.45999908447266,92.83999633789062,92.19000244140625,92.69999694824219,471500
2014-08-21,84.61634063720703,94.0999984741211,94.29000091552734,93.20999908447266,93.33000183105469,437900
2014-08-22,84.06781005859375,93.48999786376953,93.9800033569336,93.02999877929688,93.11000061035156,1139700
2014-08-25,85.35369110107422,94.91999816894531,95.55000305175781,94.38999938964844,94.51000213623047,450900
2014-08-26,85.90220642089844,95.52999877929688,96.16000366210938,95.31999969482422,95.3499984741211,369700
2014-08-27,86.05506896972656,95.69999694824219,95.91000366210938,95.08000183105469,95.38999938964844,318600
2014-08-28,86.2708969116211,95.94000244140625,96.2300033569336,95.0,95.2699966430664,771600
2014-08-29,86.43276977539062,96.12000274658203,96.7300033569336,94.9800033569336,95.62999725341797,793700
2014-09-02,90.17346954345703,100.27999877929688,101.27999877929688,96.08000183105469,96.08000183105469,3084500
2014-09-03,88.1502456665039,98.02999877929688,99.69999694824219,97.86000061035156,99.6500015258789,1536400
2014-09-04,88.1502456665039,98.02999877929688,99.63999938964844,95.80999755859375,98.45999908447266,2120900
2014-09-05,87.86250305175781,97.70999908447266,98.05000305175781,97.4000015258789,97.87999725341797,557700
2014-09-08,87.5567626953125,97.37000274658203,98.01000213623047,96.97000122070312,97.66000366210938,813200
2014-09-09,87.41288757324219,97.20999908447266,97.75,96.73999786376953,97.55999755859375,453100
2014-09-10,87.67365264892578,97.5,97.63999938964844,96.6500015258789,97.11000061035156,903500
2014-09-11,88.59085845947266,98.5199966430664,98.62999725341797,97.54000091552734,97.7300033569336,1365900
2014-09-12,88.95055389404297,98.91999816894531,99.76000213623047,98.7699966430664,99.30000305175781,1436100
2014-09-15,89.78681945800781,99.8499984741211,100.30000305175781,99.3499984741211,99.88999938964844,1009300
2014-09-16,91.02774047851562,101.2300033569336,101.70999908447266,99.36000061035156,99.4000015258789,1625400
2014-09-17,90.3173599243164,100.44000244140625,101.18000030517578,100.27999877929688,100.7699966430664,1418200
2014-09-18,91.8370361328125,102.12999725341797,102.43000030517578,101.2699966430664,101.2699966430664,887400
2014-09-19,90.66805267333984,100.83000183105469,102.04000091552734,100.5999984741211,101.05000305175781,756900
2014-09-22,89.06746673583984,99.05000305175781,100.5999984741211,99.05000305175781,100.55000305175781,1037600
2014-09-23,88.66281127929688,98.5999984741211,99.33000183105469,98.3499984741211,98.98999786376953,1023800
2014-09-24,90.10154724121094,100.19999694824219,100.2699966430664,98.04000091552734,98.1500015258789,728600
2014-09-25,89.1843490600586,99.18000030517578,99.68000030517578,98.7300033569336,99.58000183105469,1425800
2014-09-26,89.97566223144531,100.05999755859375,100.16999816894531,99.25,99.58000183105469,213400
2014-09-29,89.65193176269531,99.69999694824219,100.19999694824219,98.69999694824219,98.91000366210938,249900
2014-09-30,88.8606185913086,98.81999969482422,99.83000183105469,98.56999969482422,99.05999755859375,733500
2014-10-01,87.08917236328125,96.8499984741211,98.7300033569336,96.7699966430664,98.7300033569336,915700
2014-10-02,87.16111755371094,96.93000030517578,97.4800033569336,95.58000183105469,97.37999725341797,822600
2014-10-03,87.62870025634766,97.44999694824219,98.11000061035156,97.27999877929688,97.62999725341797,539400
2014-10-06,88.0693359375,97.94000244140625,98.54000091552734,97.26000213623047,98.29000091552734,528300
2014-10-07,85.29973602294922,94.86000061035156,96.88999938964844,94.86000061035156,96.63999938964844,1041400
2014-10-08,86.62157440185547,96.33000183105469,96.38999938964844,94.12999725341797,94.41000366210938,1289100
2014-10-09,84.82315826416016,94.33000183105469,95.55000305175781,94.16000366210938,95.04000091552734,1083800
2014-10-10,80.9834976196289,90.05999755859375,93.19000244140625,90.0199966430664,93.11000061035156,1524500
2014-10-13,81.29822540283203,90.41000366210938,92.43000030517578,90.36000061035156,90.91999816894531,1440300
2014-10-14,83.3664321899414,92.70999908447266,94.25,91.19999694824219,91.25,1599600
2014-10-15,82.56608581542969,91.81999969482422,92.51000213623047,88.69999694824219,90.80999755859375,1298600
2014-10-16,81.59495544433594,90.73999786376953,91.91000366210938,88.55000305175781,88.63999938964844,1165600
2014-10-17,83.18657684326172,92.51000213623047,93.45999908447266,92.22000122070312,93.33999633789062,1013600
2014-10-20,83.18657684326172,92.51000213623047,92.62000274658203,90.93000030517578,90.94999694824219,443400
2014-10-21,84.13075256347656,93.55999755859375,93.77999877929688,91.81999969482422,91.93000030517578,684800
2014-10-22,82.8718490600586,92.16000366210938,93.80999755859375,92.0999984741211,93.30000305175781,762700
2014-10-23,84.49945068359375,93.97000122070312,94.51000213623047,93.44000244140625,93.62000274658203,630200
2014-10-24,85.47958374023438,95.05999755859375,95.58000183105469,94.0999984741211,94.2300033569336,821200
2014-10-27,86.1360092163086,95.79000091552734,95.98999786376953,94.27999877929688,94.5199966430664,492600
2014-10-28,88.13227844238281,98.01000213623047,98.29000091552734,96.87000274658203,97.58000183105469,938200
2014-10-29,86.79244232177734,96.5199966430664,98.06999969482422,96.29000091552734,97.81999969482422,566700
2014-10-30,87.65567779541016,97.4800033569336,97.88999938964844,96.19999694824219,96.93000030517578,516800
2014-10-31,89.63396453857422,99.68000030517578,99.91999816894531,98.72000122070312,99.2300033569336,688700
2014-11-03,89.51707458496094,99.55000305175781,99.8499984741211,99.04000091552734,99.55999755859375,412900
2014-11-04,88.98653411865234,98.95999908447266,99.44999694824219,98.31999969482422,99.2699966430664,551900
2014-11-05,90.00262451171875,100.08999633789062,100.38999938964844,99.12999725341797,99.80000305175781,422500
2014-11-06,91.55828094482422,101.81999969482422,101.9800033569336,100.62000274658203,100.6500015258789,532100
2014-11-07,89.71488189697266,99.7699966430664,100.12000274658203,99.0199966430664,100.12000274658203,524600
2014-11-10,91.68419647216797,101.95999908447266,102.0,100.5199966430664,100.69000244140625,721300
2014-11-11,91.98990631103516,102.30000305175781,102.4800033569336,101.2300033569336,101.41999816894531,833200
2014-11-12,91.56727600097656,101.83000183105469,102.56999969482422,101.58999633789062,102.11000061035156,582200
2014-11-13,91.648193359375,101.91999816894531,102.7300033569336,101.4000015258789,101.86000061035156,574000
2014-11-14,91.8100814819336,102.0999984741211,102.33000183105469,101.01000213623047,101.2699966430664,278500
2014-11-17,92.12478637695312,102.44999694824219,102.69999694824219,101.87000274658203,102.1500015258789,576100
2014-11-18,93.3927001953125,103.86000061035156,104.22000122070312,102.83999633789062,102.83999633789062,649700
2014-11-19,94.90336608886719,105.54000091552734,106.94999694824219,105.08000183105469,106.8499984741211,1016800
2014-11-20,95.23609161376953,105.91000366210938,106.08000183105469,104.33000183105469,104.52999877929688,584200
2014-11-21,95.0292739868164,105.68000030517578,106.19999694824219,104.8499984741211,106.0,1133700
2014-11-24,93.10494995117188,103.54000091552734,103.66999816894531,102.63999938964844,103.44999694824219,1282300
2014-11-25,92.79021453857422,103.19000244140625,103.9000015258789,103.06999969482422,103.22000122070312,765000
2014-11-26,93.32975006103516,103.79000091552734,103.91999816894531,102.93000030517578,103.06999969482422,470800
2014-11-28,95.0292739868164,105.68000030517578,105.93000030517578,105.33000183105469,105.51000213623047,344700
2014-12-01,94.76847839355469,105.38999938964844,106.30999755859375,105.22000122070312,106.16999816894531,660200
2014-12-02,95.1011962890625,105.76000213623047,106.19000244140625,105.04000091552734,106.11000061035156,496700
2014-12-03,96.90862274169922,107.7699966430664,108.83000183105469,105.88999938964844,106.25,907100
2014-12-04,96.53094482421875,107.3499984741211,108.36000061035156,107.04000091552734,108.2300033569336,606500
2014-12-05,98.2574462890625,109.2699966430664,109.51000213623047,108.02999877929688,108.19000244140625,627700
2014-12-08,97.04351806640625,107.91999816894531,109.55999755859375,107.3499984741211,108.95999908447266,776500
2014-12-09,97.04351806640625,107.91999816894531,108.54000091552734,106.69000244140625,107.66000366210938,599500
2014-12-10,96.2252197265625,107.01000213623047,108.5,106.70999908447266,108.41000366210938,644600
2014-12-11,96.23420715332031,107.0199966430664,108.18000030517578,106.88999938964844,107.1500015258789,369600
2014-12-12,95.33497619628906,106.0199966430664,108.13999938964844,106.0,108.05999755859375,482000
2014-12-15,92.93408966064453,103.3499984741211,106.7300033569336,103.26000213623047,106.51000213623047,632900
2014-12-16,94.2469482421875,104.80999755859375,106.37999725341797,103.5999984741211,103.62999725341797,752200
2014-12-17,95.03825378417969,105.69000244140625,105.9800033569336,103.83000183105469,104.08000183105469,503600
2014-12-18,97.21434783935547,108.11000061035156,108.12000274658203,106.05999755859375,106.12000274658203,547200
2014-12-19,96.07234954833984,106.83999633789062,107.19000244140625,106.08000183105469,106.44000244140625,734900
2014-12-22,98.48224639892578,109.5199966430664,109.93000030517578,107.44000244140625,107.44000244140625,771500
2014-12-23,98.13155364990234,109.12999725341797,109.5999984741211,108.75,108.83999633789062,796700
2014-12-24,98.59015655517578,109.63999938964844,109.76000213623047,108.86000061035156,109.25,66700
2014-12-26,98.28443908691406,109.30000305175781,109.91000366210938,109.18000030517578,109.8499984741211,196900
2014-12-29,98.3563461303711,109.37999725341797,109.58999633789062,109.05999755859375,109.16999816894531,190400
2014-12-30,97.29528045654297,108.19999694824219,108.86000061035156,107.97000122070312,108.7300033569336,387000
2014-12-31,96.96257019042969,107.83000183105469,109.31999969482422,107.72000122070312,108.02999877929688,388900
2015-01-02,96.57592010498047,107.4000015258789,108.41000366210938,106.58000183105469,107.66999816894531,394000
2015-01-05,93.32975006103516,103.79000091552734,106.08999633789062,103.6500015258789,105.81999969482422,678700
2015-01-06,90.56912994384766,100.72000122070312,102.69999694824219,100.54000091552734,102.61000061035156,1081300
2015-01-07,91.08171081542969,101.29000091552734,101.41000366210938,100.20999908447266,100.4800033569336,855100
2015-01-08,92.98802947998047,103.41000366210938,104.25,101.8499984741211,101.94000244140625,481600
2015-01-09,91.80107879638672,102.08999633789062,103.23999786376953,100.97000122070312,103.23999786376953,440600
2015-01-12,93.02399444580078,103.44999694824219,104.54000091552734,102.5999984741211,104.44999694824219,1115500
2015-01-13,93.02399444580078,103.44999694824219,105.31999969482422,102.86000061035156,104.0999984741211,809200
2015-01-14,92.71826934814453,103.11000061035156,103.8499984741211,102.2699966430664,102.94999694824219,592800
2015-01-15,91.68419647216797,101.95999908447266,102.83000183105469,101.2699966430664,101.48999786376953,1283000
2015-01-16,92.65534210205078,103.04000091552734,103.12000274658203,101.2300033569336,101.77999877929688,633700
2015-01-20,93.34771728515625,103.80999755859375,104.0999984741211,102.77999877929688,103.11000061035156,947000
2015-01-21,95.8475570678711,106.58999633789062,107.02999877929688,104.25,105.05999755859375,1569100
2015-01-22,96.75575256347656,107.5999984741211,107.94999694824219,106.4000015258789,106.76000213623047,589400
2015-01-23,94.69654083251953,105.30999755859375,106.62999725341797,105.27999877929688,106.48999786376953,974600
2015-01-26,96.50397491455078,107.31999969482422,107.3499984741211,106.36000061035156,107.0,995200
2015-01-27,95.61375427246094,106.33000183105469,107.33999633789062,106.12000274658203,106.93000030517578,911900
2015-01-28,94.09408569335938,104.63999938964844,107.11000061035156,104.58000183105469,106.9800033569336,753700
2015-01-29,95.44291687011719,106.13999938964844,106.44999694824219,104.94000244140625,106.2699966430664,632600
2015-01-30,93.4646224975586,103.94000244140625,106.26000213623047,103.80999755859375,105.94999694824219,1073800
2015-02-02,92.6643295288086,103.05000305175781,103.20999908447266,101.4800033569336,102.9800033569336,1177900
2015-02-03,93.419677734375,103.88999938964844,103.93000030517578,102.81999969482422,103.30000305175781,716800
2015-02-04,91.57626342773438,101.83999633789062,102.91000366210938,101.6500015258789,102.56999969482422,789900
2015-02-05,92.70928192138672,103.0999984741211,103.26000213623047,101.62999725341797,102.55999755859375,569900
2015-02-06,90.63208770751953,100.79000091552734,102.25,100.44000244140625,101.52999877929688,964800
2015-02-09,88.7077865600586,98.6500015258789,99.86000061035156,98.56999969482422,98.87000274658203,798800
2015-02-10,91.8100814819336,102.0999984741211,102.37000274658203,101.06999969482422,101.30000305175781,679400
2015-02-11,92.99701690673828,103.41999816894531,103.79000091552734,102.66999816894531,102.94999694824219,715300
2015-02-12,93.5545425415039,104.04000091552734,104.0999984741211,103.08999633789062,103.81999969482422,443500
2015-02-13,93.95021057128906,104.4800033569336,104.6500015258789,103.83000183105469,104.52999877929688,359100
2015-02-17,92.59237670898438,102.97000122070312,103.33000183105469,101.97000122070312,102.51000213623047,493700
2015-02-18,93.2578125,103.70999908447266,104.06999969482422,103.26000213623047,103.58999633789062,311900
2015-02-19,94.05810546875,104.5999984741211,105.16999816894531,103.70999908447266,103.80999755859375,275400
2015-02-20,94.28292083740234,104.8499984741211,105.05999755859375,102.5999984741211,102.5999984741211,582500
2015-02-23,94.52570343017578,105.12000274658203,105.70999908447266,105.01000213623047,105.62999725341797,452200
2015-02-24,99.5882797241211,110.75,110.8499984741211,107.87999725341797,108.52999877929688,2153800
2015-02-25,97.9876937866211,108.97000122070312,109.94000244140625,108.41999816894531,109.69000244140625,1152300
2015-02-26,97.03453063964844,107.91000366210938,108.66999816894531,107.51000213623047,107.5999984741211,608300
2015-02-27,96.82769012451172,107.68000030517578,108.43000030517578,106.75,107.52999877929688,686800
2015-03-02,98.85094451904297,109.93000030517578,110.2699966430664,108.98999786376953,109.26000213623047,600500
2015-03-03,97.55606842041016,108.48999786376953,109.95999908447266,108.05999755859375,109.87999725341797,651300
2015-03-04,97.57405853271484,108.51000213623047,108.87000274658203,107.31999969482422,108.2300033569336,536600
2015-03-05,98.32940673828125,109.3499984741211,109.80000305175781,108.72000122070312,109.20999908447266,402500
2015-03-06,96.50397491455078,107.31999969482422,108.37999725341797,106.68000030517578,108.26000213623047,652500
2015-03-09,97.05249786376953,107.93000030517578,108.19000244140625,107.06999969482422,107.44999694824219,506000
2015-03-10,95.451904296875,106.1500015258789,107.19999694824219,105.95999908447266,106.98999786376953,626000
2015-03-11,95.92845916748047,106.68000030517578,107.9800033569336,106.30999755859375,106.72000122070312,551100
2015-03-12,94.23796081542969,104.80000305175781,106.66000366210938,104.22000122070312,106.62000274658203,1529800
2015-03-13,94.84943389892578,105.4800033569336,105.73999786376953,104.68000030517578,105.0999984741211,1429100
2015-03-16,96.94459533691406,107.80999755859375,108.0,106.55999755859375,106.86000061035156,420100
2015-03-17,96.00941467285156,106.7699966430664,107.25,106.30000305175781,106.62000274658203,694400
2015-03-18,96.05438232421875,106.81999969482422,107.3499984741211,104.4000015258789,105.9800033569336,1703300
2015-03-19,96.34211730957031,107.13999938964844,107.47000122070312,106.31999969482422,106.45999908447266,641200
2015-03-20,99.05775451660156,110.16000366210938,110.68000030517578,108.72000122070312,109.37999725341797,747800
2015-03-23,99.56133270263672,110.72000122070312,111.19999694824219,109.93000030517578,110.3499984741211,562600
2015-03-24,99.26456451416016,110.38999938964844,111.4000015258789,110.20999908447266,111.22000122070312,628600
2015-03-25,94.08509063720703,104.62999725341797,109.73999786376953,104.44999694824219,109.69999694824219,1733200
2015-03-26,89.09443664550781,99.08000183105469,101.01000213623047,98.41999816894531,101.01000213623047,4330300
2015-03-27,91.59425354003906,101.86000061035156,102.12000274658203,99.94999694824219,99.98999786376953,1260200
2015-03-30,92.72727966308594,103.12000274658203,103.43000030517578,101.56999969482422,101.56999969482422,990600
2015-03-31,90.847900390625,101.02999877929688,102.22000122070312,100.97000122070312,101.47000122070312,1224100
2015-04-01,90.22743225097656,100.33999633789062,101.12000274658203,99.55000305175781,101.12000274658203,641600
2015-04-02,90.58712768554688,100.73999786376953,102.01000213623047,100.4800033569336,101.61000061035156,498700
2015-04-06,90.1285400390625,100.2300033569336,101.19999694824219,100.0,100.91999816894531,916400
2015-04-07,90.0745849609375,100.16999816894531,101.86000061035156,100.12000274658203,100.93000030517578,1161800
2015-04-08,89.89472961425781,99.97000122070312,100.18000030517578,99.19999694824219,99.80000305175781,630400
2015-04-09,90.58712768554688,100.73999786376953,100.86000061035156,99.48999786376953,100.30999755859375,1609700
2015-04-10,89.939697265625,100.0199966430664,100.58000183105469,99.58999633789062,99.7300033569336,846300
2015-04-13,89.75084686279297,99.80999755859375,100.98999786376953,99.58999633789062,100.38999938964844,1037700
2015-04-14,89.89472961425781,99.97000122070312,100.97000122070312,99.56999969482422,100.86000061035156,1137300
2015-04-15,86.45075225830078,96.13999938964844,100.08000183105469,95.88999938964844,100.05999755859375,4129100
2015-04-16,85.53353118896484,95.12000274658203,96.12999725341797,94.16000366210938,94.83000183105469,2293600
2015-04-17,84.97602844238281,94.5,95.11000061035156,93.94999694824219,94.75,1671200
2015-04-20,86.39675903320312,96.08000183105469,96.23999786376953,94.94000244140625,94.98999786376953,1129100
2015-04-21,87.89846801757812,97.75,98.73999786376953,97.08999633789062,98.16999816894531,2396700
2015-04-22,96.94459533691406,107.80999755859375,111.19999694824219,106.37999725341797,109.81999969482422,4849300
2015-04-23,97.73593139648438,108.69000244140625,108.95999908447266,107.45999908447266,108.83999633789062,1357000
2015-04-24,97.08451080322266,107.16000366210938,108.19999694824219,106.5999984741211,108.05999755859375,1748100
2015-04-27,99.39474487304688,109.70999908447266,110.91000366210938,109.25,109.56999969482422,4075600
2015-04-28,99.46722412109375,109.79000091552734,110.04000091552734,108.87000274658203,109.75,1076200
2015-04-29,97.51937103271484,107.63999938964844,109.19000244140625,107.08999633789062,108.79000091552734,2160600
2015-04-30,96.97579956054688,107.04000091552734,108.68000030517578,106.44000244140625,108.0199966430664,1989500
2015-05-01,98.18075561523438,108.37000274658203,108.55000305175781,107.41000366210938,107.5,637400
2015-05-04,97.74586486816406,107.88999938964844,109.47000122070312,107.76000213623047,109.47000122070312,676900
2015-05-05,95.52623748779297,105.44000244140625,107.33000183105469,105.0199966430664,107.33000183105469,1636800
2015-05-06,95.8523941040039,105.80000305175781,107.33000183105469,105.55999755859375,107.19000244140625,1305500
2015-05-07,96.23289489746094,106.22000122070312,106.56999969482422,105.30999755859375,105.7300033569336,1104600
2015-05-08,97.6099624633789,107.73999786376953,108.30999755859375,107.13999938964844,107.2699966430664,951900
2015-05-11,98.4072265625,108.62000274658203,108.87999725341797,107.47000122070312,107.5199966430664,459800
2015-05-12,98.41627502441406,108.62999725341797,108.93000030517578,107.87000274658203,108.3499984741211,483600
2015-05-13,98.37100219726562,108.58000183105469,109.30999755859375,107.9000015258789,108.88999938964844,468900
2015-05-14,100.18295288085938,110.58000183105469,111.05999755859375,109.4000015258789,109.9000015258789,729100
2015-05-15,100.6087646484375,111.05000305175781,111.48999786376953,110.5999984741211,111.08999633789062,795100
2015-05-18,100.58157348632812,111.0199966430664,111.25,109.61000061035156,109.95999908447266,554700
2015-05-19,100.7627944946289,111.22000122070312,111.73999786376953,110.58000183105469,110.97000122070312,476500
2015-05-20,101.14330291748047,111.63999938964844,112.27999877929688,111.1500015258789,111.44999694824219,531600
2015-05-21,101.04364013671875,111.52999877929688,111.81999969482422,111.05000305175781,111.33000183105469,365900
2015-05-22,100.54534912109375,110.9800033569336,111.37000274658203,110.44999694824219,110.98999786376953,253200
2015-05-26,98.72431945800781,108.97000122070312,110.5199966430664,108.4000015258789,110.37999725341797,541400
2015-05-27,101.94961547851562,112.52999877929688,112.91000366210938,109.5199966430664,109.61000061035156,588500
2015-05-28,103.10020446777344,113.80000305175781,114.13999938964844,112.5,113.69000244140625,588100
2015-05-29,101.7412338256836,112.30000305175781,113.87999725341797,111.5,113.2699966430664,542600
2015-06-01,101.13420104980469,111.62999725341797,112.3499984741211,110.41000366210938,112.19000244140625,856200
2015-06-02,99.70277404785156,110.05000305175781,111.41000366210938,110.05000305175781,111.37000274658203,735800
2015-06-03,101.21578216552734,111.72000122070312,112.91999816894531,111.44000244140625,112.25,1029300
2015-06-04,100.1920166015625,110.58999633789062,113.68000030517578,110.37000274658203,112.06999969482422,1372200
2015-06-05,98.84210205078125,109.0999984741211,110.01000213623047,108.75,109.5999984741211,997100
2015-06-08,97.6643295288086,107.80000305175781,108.5999984741211,107.12999725341797,108.16999816894531,803100
2015-06-09,98.072021484375,108.25,108.68000030517578,107.25,108.5199966430664,844100
2015-06-10,98.74244689941406,108.98999786376953,110.06999969482422,108.3499984741211,108.93000030517578,497000
2015-06-11,99.6574935913086,110.0,111.80000305175781,109.47000122070312,111.0,872700
2015-06-12,97.7640151977539,107.91000366210938,108.63999938964844,106.95999908447266,107.6500015258789,583600
2015-06-15,98.18980407714844,108.37999725341797,108.54000091552734,106.19000244140625,106.4800033569336,841800
2015-06-16,98.9417724609375,109.20999908447266,109.55000305175781,107.7300033569336,108.27999877929688,538400
2015-06-17,97.68245697021484,107.81999969482422,108.43000030517578,107.26000213623047,107.97000122070312,557600
2015-06-18,98.6880874633789,108.93000030517578,110.26000213623047,107.0999984741211,107.1500015258789,1387500
2015-06-19,98.5793685913086,108.80999755859375,109.1500015258789,108.37000274658203,108.95999908447266,479900
2015-06-22,101.38788604736328,111.91000366210938,113.0,111.30000305175781,111.97000122070312,709000
2015-06-23,100.57251739501953,111.01000213623047,112.12999725341797,110.97000122070312,111.94000244140625,479800
2015-06-24,99.63029479980469,109.97000122070312,111.0,109.79000091552734,110.55000305175781,404900
2015-06-25,99.89303588867188,110.26000213623047,111.08999633789062,109.9000015258789,110.83999633789062,395600
2015-06-26,98.55220031738281,108.77999877929688,111.13999938964844,108.19000244140625,110.6500015258789,869400
2015-06-29,94.72896575927734,104.55999755859375,106.58000183105469,104.02999877929688,105.81999969482422,1043600
2015-06-30,94.33939361572266,104.12999725341797,105.79000091552734,103.22000122070312,105.70999908447266,754300
2015-07-01,95.71646118164062,105.6500015258789,107.9000015258789,105.26000213623047,107.73999786376953,1305400
2015-07-02,94.76519775390625,104.5999984741211,105.33000183105469,103.70999908447266,105.31999969482422,942800
2015-07-06,92.33719635009766,101.91999816894531,103.11000061035156,100.94999694824219,101.08999633789062,720300
2015-07-07,90.74267578125,100.16000366210938,100.63999938964844,97.30999755859375,99.2699966430664,1286700
2015-07-08,88.00662994384766,97.13999938964844,98.54000091552734,96.77999877929688,98.0999984741211,784400
2015-07-09,90.25345611572266,99.62000274658203,102.12000274658203,99.19999694824219,101.75,1683600
2015-07-10,93.04385375976562,102.69999694824219,104.13999938964844,101.63999938964844,103.9800033569336,2272000
2015-07-13,93.58746337890625,103.30000305175781,103.88999938964844,102.94999694824219,103.79000091552734,859000
2015-07-14,93.37907409667969,103.06999969482422,103.8499984741211,102.44999694824219,103.26000213623047,1238200
2015-07-15,96.64962768554688,106.68000030517578,108.16999816894531,105.75,106.08999633789062,2298700
2015-07-16,90.92386627197266,100.36000061035156,104.23999786376953,99.2699966430664,104.1500015258789,4115500
2015-07-17,91.09600830078125,100.55000305175781,101.08999633789062,99.41000366210938,101.0,2782500
2015-07-20,91.5036849975586,101.0,102.37999725341797,100.76000213623047,102.05000305175781,1112300
2015-07-21,91.41309356689453,100.9000015258789,101.95999908447266,100.41999816894531,101.0,1525300
2015-07-22,91.35871887207031,100.83999633789062,101.08999633789062,99.56999969482422,100.05999755859375,1894400
2015-07-23,92.34624481201172,101.93000030517578,102.30000305175781,100.97000122070312,101.18000030517578,897100
2015-07-24,89.26593017578125,98.52999877929688,101.05999755859375,97.44999694824219,100.87999725341797,1994700
2015-07-27,89.35653686523438,98.62999725341797,99.94000244140625,98.33000183105469,99.48999786376953,844600
2015-07-28,89.76423645019531,99.08000183105469,99.80999755859375,97.22000122070312,97.73999786376953,1558700
2015-07-29,89.7098617553711,99.0199966430664,99.33000183105469,98.12000274658203,98.94000244140625,568000
2015-07-30,89.77326965332031,99.08999633789062,99.41000366210938,97.68000030517578,97.87000274658203,1170500
2015-07-31,89.84577941894531,99.16999816894531,100.51000213623047,98.91000366210938,100.2699966430664,714400
2015-08-03,88.91260528564453,98.13999938964844,99.37999725341797,97.30999755859375,99.33999633789062,817900
2015-08-04,87.68953704833984,96.79000091552734,98.37000274658203,96.4000015258789,98.18000030517578,786500
2015-08-05,89.35653686523438,98.62999725341797,99.20999908447266,98.36000061035156,98.47000122070312,1052100
2015-08-06,87.29995727539062,96.36000061035156,98.11000061035156,96.23999786376953,98.02999877929688,1421400
2015-08-07,87.85261535644531,96.97000122070312,96.98999786376953,95.66999816894531,96.05000305175781,501400
2015-08-10,90.07225036621094,99.41999816894531,99.75,97.3499984741211,97.3499984741211,777400
2015-08-11,89.8638687133789,99.19000244140625,100.08000183105469,98.5999984741211,100.06999969482422,637800
2015-08-12,87.95225524902344,97.08000183105469,97.4000015258789,94.95999908447266,96.37000274658203,1103800
2015-08-13,85.81414794921875,94.72000122070312,96.36000061035156,94.63999938964844,96.12999725341797,895800
2015-08-14,83.97503662109375,92.69000244140625,93.13999938964844,91.0999984741211,92.25,2399900
2015-08-17,84.40990447998047,93.16999816894531,93.30000305175781,91.4800033569336,91.7300033569336,2569500
2015-08-18,84.1199722290039,92.8499984741211,94.02999877929688,92.62000274658203,94.01000213623047,2575200
2015-08-19,82.3714370727539,90.91999816894531,91.75,90.11000061035156,91.12000274658203,1624600
2015-08-20,79.2186508178711,87.44000244140625,89.58999633789062,87.0,89.5199966430664,1952200
2015-08-21,77.83251190185547,85.91000366210938,89.41999816894531,85.79000091552734,88.4800033569336,2453900
2015-08-24,77.27986907958984,85.30000305175781,85.30000305175781,82.06999969482422,84.44000244140625,4016800
2015-08-25,78.82908630371094,87.01000213623047,91.2699966430664,86.36000061035156,91.1500015258789,2027500
2015-08-26,80.08838653564453,88.4000015258789,89.30000305175781,86.25,89.2699966430664,2111500
2015-08-27,83.26836395263672,91.91000366210938,91.93000030517578,90.47000122070312,91.16999816894531,2061700
2015-08-28,83.33177947998047,91.9800033569336,93.12999725341797,91.43000030517578,92.48999786376953,1150100
2015-08-31,82.46204376220703,91.0199966430664,92.08000183105469,90.72000122070312,91.36000061035156,1173300
2015-09-01,80.77693176269531,89.16000366210938,90.58000183105469,88.55999755859375,89.76000213623047,1096100
2015-09-02,82.10870361328125,90.62999725341797,91.04000091552734,89.20999908447266,91.04000091552734,1415200
2015-09-03,83.96597290039062,92.68000030517578,93.94000244140625,92.25,93.38999938964844,1240200
2015-09-04,82.77912902832031,91.37000274658203,91.8499984741211,90.27999877929688,90.44999694824219,775100
2015-09-08,85.0531234741211,93.87999725341797,94.47000122070312,92.91000366210938,93.72000122070312,993400
2015-09-09,82.50733184814453,91.06999969482422,94.5,90.80999755859375,93.91999816894531,1031200
2015-09-10,83.5401611328125,92.20999908447266,92.94999694824219,90.70999908447266,91.7699966430664,846900
2015-09-11,83.05996704101562,91.68000030517578,91.87999725341797,90.95999908447266,91.61000061035156,568800
2015-09-14,82.3804931640625,90.93000030517578,91.62999725341797,90.47000122070312,91.48999786376953,588500
2015-09-15,84.55484771728516,93.33000183105469,93.66999816894531,92.16000366210938,92.4800033569336,809000
2015-09-16,84.89913177490234,93.70999908447266,93.91000366210938,92.70999908447266,93.6500015258789,702200
2015-09-17,84.06560516357422,92.79000091552734,94.38999938964844,91.91000366210938,92.16999816894531,629100
2015-09-18,81.5470199584961,90.01000213623047,91.19000244140625,89.4800033569336,89.87000274658203,1448100
2015-09-21,80.99434661865234,89.4000015258789,91.05999755859375,88.66999816894531,90.61000061035156,1378600
2015-09-22,78.53008270263672,86.68000030517578,88.47000122070312,85.88999938964844,88.4000015258789,1712700
2015-09-23,75.99336242675781,83.87999725341797,85.81999969482422,83.70999908447266,85.69000244140625,1660300
2015-09-24,76.28326416015625,84.19999694824219,84.93000030517578,82.0999984741211,82.87999725341797,2316700
2015-09-25,77.32514953613281,85.3499984741211,87.0999984741211,84.75,87.01000213623047,1236500
2015-09-28,75.26856994628906,83.08000183105469,83.8499984741211,82.43000030517578,83.26000213623047,1638200
2015-09-29,77.19832611083984,85.20999908447266,85.52999877929688,82.62000274658203,82.9000015258789,1351400
2015-09-30,79.70787048339844,87.9800033569336,88.06999969482422,86.62999725341797,86.97000122070312,2466400
2015-10-01,77.88685607910156,85.97000122070312,86.5999984741211,84.44999694824219,86.23999786376953,1323200
2015-10-02,80.09744262695312,88.41000366210938,88.70999908447266,85.44999694824219,85.88999938964844,950800
2015-10-05,80.98528289794922,89.38999938964844,90.05999755859375,88.52999877929688,88.69000244140625,951000
2015-10-06,81.58324432373047,90.05000305175781,90.80000305175781,89.29000091552734,89.97000122070312,732200
2015-10-07,81.59230041503906,90.05999755859375,91.61000061035156,88.8499984741211,91.0,873800
2015-10-08,82.7881851196289,91.37999725341797,91.44999694824219,89.87999725341797,91.2699966430664,974000
2015-10-09,82.32611846923828,90.87000274658203,91.0999984741211,90.27999877929688,90.70999908447266,542600
2015-10-12,81.41109466552734,89.86000061035156,90.36000061035156,89.62000274658203,90.2300033569336,742300
2015-10-13,79.10084533691406,87.30999755859375,88.87000274658203,87.12000274658203,88.58999633789062,1047500
2015-10-14,79.06462097167969,87.2699966430664,87.75,84.61000061035156,85.01000213623047,3118200
2015-10-15,80.1789779663086,88.5,89.29000091552734,87.1500015258789,87.83000183105469,2230100
2015-10-16,80.31488037109375,88.6500015258789,89.06999969482422,87.75,88.22000122070312,892700
2015-10-19,80.4326171875,88.77999877929688,88.98999786376953,88.02999877929688,88.61000061035156,502800
2015-10-20,80.65007781982422,89.0199966430664,90.47000122070312,87.54000091552734,88.08000183105469,1108000
2015-10-21,81.5470199584961,90.01000213623047,91.23999786376953,89.95999908447266,90.87000274658203,943900
2015-10-22,83.63981628417969,92.31999969482422,92.91000366210938,91.88999938964844,92.02999877929688,1644800
2015-10-23,84.83570098876953,93.63999938964844,94.41000366210938,93.23999786376953,94.23999786376953,1585100
2015-10-26,83.61263275146484,92.29000091552734,92.9000015258789,92.11000061035156,92.5,614500
2015-10-27,82.94220733642578,91.55000305175781,92.75,91.2699966430664,92.52999877929688,544700
2015-10-28,84.56390380859375,93.33999633789062,94.08999633789062,92.26000213623047,93.55000305175781,618600
2015-10-29,83.40424346923828,92.05999755859375,92.56999969482422,91.68000030517578,92.26000213623047,517600
2015-10-30,84.06560516357422,92.79000091552734,93.36000061035156,92.08999633789062,92.36000061035156,464800
2015-11-02,85.26152801513672,94.11000061035156,94.58999633789062,93.54000091552734,94.27999877929688,528100
2015-11-03,86.16747283935547,95.11000061035156,95.44999694824219,93.66000366210938,94.01000213623047,538200
2015-11-04,86.58424377441406,95.56999969482422,95.80999755859375,94.77999877929688,95.37000274658203,429800
2015-11-05,86.25811004638672,95.20999908447266,96.62000274658203,94.5999984741211,96.3499984741211,792400
2015-11-06,87.27275848388672,96.33000183105469,96.4000015258789,94.76000213623047,95.47000122070312,736200
2015-11-09,86.7201156616211,95.72000122070312,96.62999725341797,95.16999816894531,96.58000183105469,480300
2015-11-10,84.72697448730469,93.5199966430664,94.01000213623047,93.1500015258789,93.98999786376953,2305700
2015-11-11,85.1165542602539,93.94999694824219,94.83000183105469,93.41000366210938,94.37000274658203,1442600
2015-11-12,84.0475082397461,92.7699966430664,93.8499984741211,92.52999877929688,93.58999633789062,788300
2015-11-13,82.80628967285156,91.4000015258789,92.30000305175781,90.68000030517578,91.51000213623047,1588300
2015-11-16,83.61263275146484,92.29000091552734,92.4800033569336,90.41000366210938,90.5999984741211,3582100
2015-11-17,83.33177947998047,91.9800033569336,92.75,91.81999969482422,92.20999908447266,2380300
2015-11-18,84.39176940917969,93.1500015258789,93.25,92.0999984741211,92.37000274658203,2181100
2015-11-19,84.50955200195312,93.27999877929688,93.9000015258789,92.51000213623047,92.93000030517578,3388500
2015-11-20,82.84254455566406,91.44000244140625,92.9800033569336,91.1500015258789,92.81999969482422,1829900
2015-11-23,81.78256225585938,90.2699966430664,91.16000366210938,89.95999908447266,90.12999725341797,476800
2015-11-24,81.83690643310547,90.33000183105469,90.61000061035156,88.62999725341797,88.66000366210938,1024700
2015-11-25,82.41675567626953,90.97000122070312,91.47000122070312,90.45999908447266,90.55000305175781,424800
2015-11-27,83.79383087158203,92.48999786376953,92.55000305175781,92.05999755859375,92.30000305175781,200300
2015-11-30,84.002197265625,92.72000122070312,92.88999938964844,92.16000366210938,92.77999877929688,368500
2015-12-01,84.4732894897461,93.23999786376953,93.51000213623047,92.7300033569336,93.12999725341797,495900
2015-12-02,83.63981628417969,92.31999969482422,93.44000244140625,92.0199966430664,93.3499984741211,485800
2015-12-03,82.41675567626953,90.97000122070312,93.08000183105469,90.3499984741211,92.9800033569336,854400
2015-12-04,83.34989166259766,92.0,92.26000213623047,91.06999969482422,91.37000274658203,899900
2015-12-07,82.73383331298828,91.31999969482422,92.2699966430664,91.13999938964844,92.25,880900
2015-12-08,82.00904846191406,90.5199966430664,90.83000183105469,89.63999938964844,90.12999725341797,631500
2015-12-09,81.42017364501953,89.87000274658203,91.0199966430664,89.29000091552734,89.97000122070312,1041200
2015-12-10,80.76786041259766,89.1500015258789,90.26000213623047,88.93000030517578,89.69999694824219,472500
2015-12-11,79.07365417480469,87.27999877929688,88.27999877929688,87.1500015258789,87.9000015258789,486700
2015-12-14,78.33077239990234,86.45999908447266,87.44000244140625,85.68000030517578,87.33999633789062,649100
2015-12-15,80.48699951171875,88.83999633789062,89.45999908447266,88.25,88.41000366210938,505800
2015-12-16,80.9581298828125,89.36000061035156,89.56999969482422,87.7300033569336,88.54000091552734,627400
2015-12-17,79.66258239746094,87.93000030517578,89.77999877929688,87.93000030517578,89.70999908447266,662900
2015-12-18,79.20052337646484,87.41999816894531,87.94000244140625,86.98999786376953,87.29000091552734,500600
2015-12-21,80.84033203125,89.2300033569336,89.87000274658203,88.44999694824219,89.4800033569336,1048100
2015-12-22,81.90033721923828,90.4000015258789,90.63999938964844,89.27999877929688,89.83999633789062,1691100
2015-12-23,82.73383331298828,91.31999969482422,91.61000061035156,90.88999938964844,91.04000091552734,418400
2015-12-24,82.84254455566406,91.44000244140625,91.83000183105469,90.9000015258789,90.9000015258789,94600
2015-12-28,82.96033477783203,91.56999969482422,91.76000213623047,90.8499984741211,91.66999816894531,348700
2015-12-29,83.27740478515625,91.91999816894531,92.20999908447266,91.44999694824219,91.51000213623047,632500
2015-12-30,82.75196838378906,91.33999633789062,92.25,91.31999969482422,92.12000274658203,281600
2015-12-31,80.423583984375,88.7699966430664,90.1500015258789,88.7699966430664,89.98999786376953,433800
2016-01-04,79.09180450439453,87.30000305175781,87.41999816894531,85.91000366210938,87.29000091552734,2275300
2016-01-05,78.29454803466797,86.41999816894531,87.08999633789062,85.66000366210938,86.18000030517578,813100
2016-01-06,76.65473937988281,84.61000061035156,85.22000122070312,83.73999786376953,83.9000015258789,2323900
2016-01-07,74.73405456542969,82.48999786376953,84.1500015258789,82.23999786376953,82.44000244140625,811200
2016-01-08,72.73184204101562,80.27999877929688,82.12000274658203,80.12999725341797,81.7699966430664,899400
2016-01-11,74.57096862792969,82.30999755859375,83.26000213623047,81.5999984741211,82.9800033569336,1117900
2016-01-12,74.87902069091797,82.6500015258789,83.94999694824219,81.66999816894531,83.3499984741211,875800
2016-01-13,72.48723602294922,80.01000213623047,83.0999984741211,79.87000274658203,82.70999908447266,945700
2016-01-14,75.10551452636719,82.9000015258789,83.48999786376953,81.06999969482422,82.29000091552734,1442700
2016-01-15,70.18604278564453,77.47000122070312,79.44999694824219,77.16999816894531,78.62000274658203,1550300
2016-01-19,72.76808166503906,80.31999969482422,80.86000061035156,79.30999755859375,79.79000091552734,1487400
2016-01-20,77.24362182617188,85.26000213623047,86.2699966430664,80.97000122070312,81.58999633789062,4539200
2016-01-21,79.14616394042969,87.36000061035156,88.08000183105469,85.58000183105469,86.75,1254100
2016-01-22,81.86408996582031,90.36000061035156,91.72000122070312,90.06999969482422,91.22000122070312,1700700
2016-01-25,81.28426361083984,89.72000122070312,90.62999725341797,89.41999816894531,90.27999877929688,881600
2016-01-26,81.71007537841797,90.19000244140625,90.45999908447266,89.16000366210938,89.61000061035156,674500
2016-01-27,81.27521514892578,89.70999908447266,91.1500015258789,89.41000366210938,89.8499984741211,907200
2016-01-28,81.36579132080078,89.80999755859375,90.31999969482422,88.93000030517578,89.94999694824219,1846200
2016-01-29,83.20494842529297,91.83999633789062,91.93000030517578,89.04000091552734,89.13999938964844,1172600
2016-02-01,83.56732177734375,92.23999786376953,92.73999786376953,90.81999969482422,91.0199966430664,528400
2016-02-02,80.18804168701172,88.51000213623047,90.37999725341797,88.41999816894531,90.29000091552734,740200
2016-02-03,82.42579650878906,90.9800033569336,91.22000122070312,88.80999755859375,90.33000183105469,889300
2016-02-04,82.86973571777344,91.47000122070312,92.18000030517578,90.41999816894531,90.5,666800
2016-02-05,80.05215454101562,88.36000061035156,89.91999816894531,88.05000305175781,89.91999816894531,893000
2016-02-08,78.24019622802734,86.36000061035156,86.88999938964844,84.62999725341797,84.95999908447266,1281100
2016-02-09,76.98088073730469,84.97000122070312,86.36000061035156,84.69000244140625,84.80999755859375,1202400
2016-02-10,74.05455017089844,81.73999786376953,84.7300033569336,81.6500015258789,84.41000366210938,2413100
2016-02-11,74.11800384521484,81.80999755859375,82.44000244140625,80.87999725341797,82.44000244140625,1099900
2016-02-12,74.32636260986328,82.04000091552734,82.08999633789062,80.23999786376953,80.9800033569336,1143300
2016-02-16,76.08396911621094,83.9800033569336,84.2300033569336,82.72000122070312,83.05999755859375,758300
2016-02-17,78.16770935058594,86.27999877929688,86.41999816894531,84.94999694824219,85.01000213623047,812100
2016-02-18,77.84154510498047,85.91999816894531,86.75,85.83000183105469,86.5199966430664,672500
2016-02-19,79.73504638671875,88.01000213623047,88.55000305175781,86.75,87.12000274658203,1254600
2016-02-22,79.65351104736328,87.91999816894531,88.47000122070312,87.66000366210938,87.83000183105469,810800
2016-02-23,80.25144958496094,88.58000183105469,89.2699966430664,87.29000091552734,87.41999816894531,1526600
2016-02-24,80.82221221923828,89.20999908447266,89.37999725341797,87.72000122070312,87.87000274658203,807300
2016-02-25,81.46546173095703,89.91999816894531,89.97000122070312,88.95999908447266,89.41999816894531,315800
2016-02-26,82.28086853027344,90.81999969482422,91.20999908447266,90.63999938964844,91.0999984741211,279300
2016-02-29,82.46204376220703,91.0199966430664,92.19000244140625,91.0199966430664,91.33000183105469,359700
2016-03-01,84.97160339355469,93.79000091552734,93.94000244140625,92.62999725341797,92.95999908447266,593300
2016-03-02,84.56390380859375,93.33999633789062,93.3499984741211,92.08999633789062,92.54000091552734,458300
2016-03-03,85.7960433959961,94.69999694824219,94.70999908447266,92.76000213623047,92.81999969482422,562000
2016-03-04,86.38491821289062,95.3499984741211,95.5199966430664,94.68000030517578,94.83999633789062,1181800
2016-03-07,87.01006317138672,96.04000091552734,96.2300033569336,94.30999755859375,94.33999633789062,1015400
2016-03-08,84.97160339355469,93.79000091552734,94.9800033569336,93.72000122070312,94.61000061035156,619200
2016-03-09,85.26152801513672,94.11000061035156,94.45999908447266,93.87000274658203,94.08999633789062,169000
2016-03-10,86.9194564819336,95.94000244140625,97.81999969482422,95.12000274658203,96.43000030517578,1123000
2016-03-11,88.55927276611328,97.75,97.7699966430664,96.80000305175781,97.29000091552734,656100
2016-03-14,87.87073516845703,96.98999786376953,97.87999725341797,96.61000061035156,97.47000122070312,378800
2016-03-15,87.5083236694336,96.58999633789062,96.91999816894531,96.29000091552734,96.5199966430664,299700
2016-03-16,88.1334457397461,97.27999877929688,97.43000030517578,95.70999908447266,96.0,520700
2016-03-17,88.56830596923828,97.76000213623047,97.97000122070312,96.55999755859375,96.72000122070312,302000
2016-03-18,88.76765441894531,97.9800033569336,98.66999816894531,97.6500015258789,97.77999877929688,312800
2016-03-21,88.6226806640625,97.81999969482422,97.97000122070312,97.2300033569336,97.45999908447266,567400
2016-03-22,89.00320434570312,98.23999786376953,98.54000091552734,96.9800033569336,97.02999877929688,757100
2016-03-23,88.52301788330078,97.70999908447266,98.6500015258789,97.66999816894531,98.5999984741211,892300
2016-03-24,87.81637573242188,96.93000030517578,96.93000030517578,95.9800033569336,96.16000366210938,292900
2016-03-28,88.30558776855469,97.47000122070312,97.6500015258789,96.69000244140625,97.37000274658203,182600
2016-03-29,90.6249008178711,100.02999877929688,100.18000030517578,98.16999816894531,98.33999633789062,409000
2016-03-30,91.63958740234375,101.1500015258789,101.87999725341797,100.56999969482422,101.16999816894531,460400
2016-03-31,90.95104217529297,100.38999938964844,101.91999816894531,100.33999633789062,101.4800033569336,637900
2016-04-01,91.11412811279297,100.56999969482422,100.62999725341797,99.30000305175781,99.4000015258789,367600
2016-04-04,92.0744400024414,101.62999725341797,102.5999984741211,101.55999755859375,102.13999938964844,861500
2016-04-05,90.16282653808594,99.5199966430664,100.12000274658203,99.27999877929688,99.58000183105469,1059400
2016-04-06,91.59429931640625,101.0999984741211,101.16999816894531,99.29000091552734,99.37000274658203,753000
2016-04-07,90.67925262451172,100.08999633789062,100.94999694824219,99.94999694824219,100.75,452200
2016-04-08,91.18659973144531,100.6500015258789,101.36000061035156,100.37999725341797,100.87999725341797,424200
2016-04-11,90.82423400878906,100.25,101.55999755859375,100.13999938964844,100.8499984741211,188400
2016-04-12,91.36782836914062,100.8499984741211,101.2300033569336,99.69999694824219,100.66999816894531,295100
2016-04-13,92.4549789428711,102.05000305175781,102.19999694824219,101.27999877929688,101.58999633789062,363100
2016-04-14,90.93293762207031,100.37000274658203,100.80000305175781,99.7699966430664,100.79000091552734,547800
2016-04-15,90.19002532958984,99.55000305175781,100.5199966430664,99.30999755859375,99.87000274658203,540400
2016-04-18,89.90013122558594,99.2300033569336,100.02999877929688,98.79000091552734,98.86000061035156,342600
2016-04-19,90.3712158203125,99.75,100.73999786376953,99.3499984741211,100.23999786376953,833800
2016-04-20,87.3634033203125,96.43000030517578,99.55999755859375,95.12999725341797,99.01000213623047,2104400
2016-04-21,86.81074523925781,95.81999969482422,97.23999786376953,95.51000213623047,97.23999786376953,626600
2016-04-22,86.85603332519531,95.87000274658203,96.47000122070312,95.31999969482422,95.7300033569336,275500
2016-04-25,87.09158325195312,96.12999725341797,96.5199966430664,95.93000030517578,96.30000305175781,367000
2016-04-26,87.34525299072266,96.41000366210938,96.9800033569336,96.29000091552734,96.44999694824219,348200
2016-04-27,89.9091567993164,99.23999786376953,99.41999816894531,97.69000244140625,97.7300033569336,600200
2016-04-28,88.7948226928711,98.01000213623047,99.58000183105469,97.75,98.30000305175781,902200
2016-04-29,87.51738739013672,96.5999984741211,98.55000305175781,96.05000305175781,98.33999633789062,786700
2016-05-02,88.29652404785156,97.45999908447266,97.56999969482422,96.54000091552734,96.69999694824219,461300
2016-05-03,86.55929565429688,94.41999816894531,95.19000244140625,94.12999725341797,95.12999725341797,604700
2016-05-04,85.97257995605469,93.77999877929688,93.83999633789062,93.22000122070312,93.5999984741211,1430900
2016-05-05,85.16585540771484,92.9000015258789,93.91999816894531,92.69999694824219,92.77999877929688,464400
2016-05-06,84.64329528808594,92.33000183105469,92.7300033569336,91.81999969482422,92.37999725341797,336300
2016-05-09,85.24835205078125,92.98999786376953,93.62000274658203,92.54000091552734,93.26000213623047,456800
2016-05-10,85.57838439941406,93.3499984741211,93.51000213623047,92.45999908447266,92.5199966430664,367700
2016-05-11,84.87248992919922,92.58000183105469,93.25,91.7699966430664,91.80999755859375,897100
2016-05-12,83.90989685058594,91.52999877929688,92.94000244140625,90.43000030517578,92.80999755859375,1099600
2016-05-13,83.69903564453125,91.30000305175781,92.37999725341797,91.1500015258789,91.6500015258789,770000
2016-05-16,87.85191345214844,95.83000183105469,96.38999938964844,93.77999877929688,94.16000366210938,1553600
2016-05-17,86.44927978515625,94.30000305175781,95.55000305175781,94.16999816894531,95.18000030517578,710300
2016-05-18,86.65097045898438,94.5199966430664,95.55000305175781,94.08000183105469,94.18000030517578,349400
2016-05-19,85.54170989990234,93.30999755859375,93.87000274658203,92.80000305175781,93.5,573700
2016-05-20,87.53105163574219,95.4800033569336,95.58000183105469,94.94999694824219,95.1500015258789,571700
2016-05-23,87.73273468017578,95.69999694824219,96.23999786376953,95.20999908447266,95.31999969482422,387200
2016-05-24,89.40119934082031,97.5199966430664,97.66000366210938,95.52999877929688,95.52999877929688,785500
2016-05-25,90.68466186523438,98.91999816894531,99.2300033569336,98.1500015258789,98.3499984741211,1000800
2016-05-26,91.13387298583984,99.41000366210938,99.7699966430664,98.41000366210938,99.19000244140625,748900
2016-05-27,91.74807739257812,100.08000183105469,100.48999786376953,99.37999725341797,99.37999725341797,765500
2016-05-31,91.65641784667969,99.9800033569336,100.23999786376953,99.33999633789062,100.05000305175781,509600
2016-06-01,91.53724670410156,99.8499984741211,100.06999969482422,98.87999725341797,98.91000366210938,1335700
2016-06-02,91.80309295654297,100.13999938964844,100.22000122070312,99.29000091552734,99.70999908447266,614600
2016-06-03,92.4540023803711,100.8499984741211,101.06999969482422,100.16000366210938,100.8499984741211,279900
2016-06-06,91.73892211914062,100.06999969482422,101.29000091552734,100.0,101.06999969482422,389000
2016-06-07,92.76569366455078,101.19000244140625,101.37999725341797,100.66000366210938,101.16999816894531,444400
2016-06-08,92.68317413330078,101.0999984741211,101.2300033569336,100.33999633789062,100.8499984741211,527300
2016-06-09,92.17896270751953,100.55000305175781,100.56999969482422,99.4000015258789,99.45999908447266,624600
2016-06-10,89.27285766601562,97.37999725341797,98.23999786376953,96.79000091552734,97.63999938964844,1514900
2016-06-13,88.31027221679688,96.33000183105469,97.18000030517578,95.62999725341797,95.63999938964844,1055100
2016-06-14,86.72430419921875,94.5999984741211,94.69999694824219,93.33000183105469,93.5,1624300
2016-06-15,86.33927154541016,94.18000030517578,95.2300033569336,94.12999725341797,94.70999908447266,740100
2016-06-16,87.61356353759766,95.56999969482422,95.62000274658203,93.20999908447266,93.79000091552734,501300
2016-06-17,86.77015686035156,94.6500015258789,94.95999908447266,93.2699966430664,94.61000061035156,702400
2016-06-20,88.7869873046875,96.8499984741211,97.62000274658203,96.70999908447266,97.33000183105469,949900
2016-06-21,90.29047393798828,98.48999786376953,98.80999755859375,97.81999969482422,98.16000366210938,691700
2016-06-22,90.52882385253906,98.75,99.55000305175781,98.69000244140625,99.19999694824219,501700
2016-06-23,92.94901275634766,101.38999938964844,101.41000366210938,99.31999969482422,100.54000091552734,888700
2016-06-24,87.10018157958984,95.01000213623047,96.5999984741211,93.95999908447266,94.08000183105469,2063600
2016-06-27,84.79914093017578,92.5,92.9000015258789,91.1500015258789,92.4000015258789,2285900
2016-06-28,86.54096221923828,94.4000015258789,94.56999969482422,93.05000305175781,93.5999984741211,707900
2016-06-29,88.10861206054688,96.11000061035156,96.58999633789062,95.62999725341797,95.86000061035156,556100
2016-06-30,90.95050811767578,99.20999908447266,99.20999908447266,96.91999816894531,97.37000274658203,669800
2016-07-01,90.24463653564453,98.44000244140625,98.66999816894531,98.0999984741211,98.37000274658203,957500
2016-07-05,87.4026870727539,95.33999633789062,97.12000274658203,95.0199966430664,96.6500015258789,1007800
2016-07-06,86.99016571044922,94.88999938964844,94.97000122070312,92.83999633789062,93.41999816894531,1257500
2016-07-07,86.73346710205078,94.61000061035156,95.23999786376953,94.08000183105469,94.0999984741211,827900
2016-07-08,89.1261978149414,97.22000122070312,97.26000213623047,95.94999694824219,96.0999984741211,588200
2016-07-11,91.45471954345703,99.76000213623047,99.94999694824219,99.0,99.12000274658203,493000
2016-07-12,92.48147583007812,100.87999725341797,101.83000183105469,100.0,100.87000274658203,1280100
2016-07-13,92.69232940673828,101.11000061035156,101.80999755859375,100.86000061035156,101.08999633789062,547200
2016-07-14,94.39747619628906,102.97000122070312,103.8499984741211,102.5999984741211,103.7300033569336,1023800
2016-07-15,93.15069580078125,101.61000061035156,101.94000244140625,101.19000244140625,101.25,538600
2016-07-18,94.54415130615234,103.12999725341797,103.37000274658203,102.45999908447266,102.75,802800
2016-07-19,96.83604431152344,105.62999725341797,106.30000305175781,103.16000366210938,103.2699966430664,3330400
2016-07-20,99.1554183959961,108.16000366210938,108.3499984741211,107.05999755859375,107.58000183105469,1642100
2016-07-21,96.69852447509766,105.4800033569336,106.37000274658203,104.95999908447266,105.41000366210938,2199400
2016-07-22,96.83604431152344,105.62999725341797,105.86000061035156,105.19000244140625,105.55000305175781,397800
2016-07-25,97.6152572631836,106.4800033569336,106.56999969482422,105.93000030517578,106.19000244140625,500300
2016-07-26,99.7146224975586,108.7699966430664,108.91000366210938,107.30999755859375,107.48999786376953,926600
2016-07-27,100.4388656616211,109.55999755859375,109.91000366210938,108.37999725341797,109.63999938964844,876300
2016-07-28,100.91555786132812,110.08000183105469,110.20999908447266,109.48999786376953,109.87000274658203,530000
2016-07-29,100.49386596679688,109.62000274658203,110.8499984741211,109.30999755859375,110.4800033569336,1399700
2016-08-01,100.56720733642578,109.69999694824219,110.1500015258789,109.29000091552734,109.62000274658203,419800
2016-08-02,100.27384185791016,109.37999725341797,109.58999633789062,108.77999877929688,109.56999969482422,358600
2016-08-03,99.4212646484375,108.44999694824219,108.75,107.88999938964844,107.94999694824219,414200
2016-08-04,100.92472839355469,110.08999633789062,110.2300033569336,109.54000091552734,109.69999694824219,288500
2016-08-05,100.47550964355469,109.5999984741211,110.66000366210938,109.4000015258789,109.94999694824219,599800
2016-08-08,100.15467834472656,109.25,109.55999755859375,109.04000091552734,109.25,352200
2016-08-09,100.74138641357422,109.88999938964844,110.11000061035156,109.45999908447266,109.45999908447266,558600
2016-08-10,100.37467956542969,109.48999786376953,110.4000015258789,109.20999908447266,110.30999755859375,840300
2016-08-11,101.47479248046875,110.69000244140625,111.04000091552734,110.12000274658203,110.6500015258789,879600
2016-08-12,101.08972930908203,110.2699966430664,111.12999725341797,109.98999786376953,110.94000244140625,540400
2016-08-15,101.6031265258789,110.83000183105469,111.58000183105469,110.79000091552734,111.27999877929688,329400
2016-08-16,98.9628677368164,107.94999694824219,110.94000244140625,107.01000213623047,110.83000183105469,1531000
2016-08-17,96.67102813720703,105.44999694824219,105.79000091552734,104.7300033569336,105.30999755859375,2084100
2016-08-18,97.20274353027344,106.02999877929688,106.5199966430664,105.72000122070312,106.12000274658203,679500
2016-08-19,97.84446716308594,106.7300033569336,106.97000122070312,106.2699966430664,106.80000305175781,525400
2016-08-22,98.2386703491211,107.16000366210938,107.3499984741211,106.5999984741211,106.9800033569336,486300
2016-08-23,99.45793914794922,108.48999786376953,109.13999938964844,108.20999908447266,108.66000366210938,723200
2016-08-24,97.79862213134766,106.68000030517578,107.8499984741211,106.45999908447266,107.72000122070312,473600
2016-08-25,97.60610961914062,106.47000122070312,106.79000091552734,106.25,106.55999755859375,271700
2016-08-26,97.45942687988281,106.30999755859375,107.9800033569336,105.52999877929688,106.7699966430664,870400
2016-08-29,98.16532897949219,107.08000183105469,107.12000274658203,106.23999786376953,106.23999786376953,280400
2016-08-30,98.56867218017578,107.5199966430664,108.7300033569336,107.33000183105469,108.69999694824219,602800
2016-08-31,97.679443359375,106.55000305175781,106.94000244140625,105.9000015258789,106.83000183105469,346400
2016-09-01,98.54119873046875,107.48999786376953,107.52999877929688,106.2699966430664,106.31999969482422,455400
2016-09-02,98.8803939819336,107.86000061035156,108.25,107.5,108.05000305175781,259200
2016-09-06,98.94454956054688,107.93000030517578,108.04000091552734,107.4800033569336,107.77999877929688,346300
2016-09-07,97.4777603149414,106.33000183105469,108.30000305175781,106.05999755859375,108.01000213623047,992100
2016-09-08,95.41506958007812,104.08000183105469,104.73999786376953,103.63999938964844,104.13999938964844,919700
2016-09-09,93.24239349365234,101.70999908447266,103.4800033569336,101.69999694824219,103.16000366210938,818200
2016-09-12,94.55332946777344,103.13999938964844,103.2699966430664,100.93000030517578,101.02999877929688,502100
2016-09-13,93.26988983154297,101.73999786376953,102.9800033569336,101.47000122070312,102.5,516200
2016-09-14,93.4898910522461,101.9800033569336,102.29000091552734,100.83000183105469,100.9800033569336,1069200
2016-09-15,95.0116958618164,103.63999938964844,103.8499984741211,102.0999984741211,102.31999969482422,1072000
2016-09-16,93.69157409667969,102.19999694824219,102.48999786376953,101.37000274658203,102.04000091552734,1040000
2016-09-19,94.73668670654297,103.33999633789062,104.18000030517578,103.19999694824219,103.22000122070312,550000
2016-09-20,96.14849090576172,104.87999725341797,105.27999877929688,104.31999969482422,104.69999694824219,773900
2016-09-21,97.82611083984375,106.70999908447266,106.87000274658203,105.41000366210938,105.69000244140625,832500
2016-09-22,99.73297882080078,108.79000091552734,109.55999755859375,108.69000244140625,109.04000091552734,579500
2016-09-23,99.53125762939453,108.56999969482422,109.26000213623047,108.41999816894531,108.76000213623047,664700
2016-09-26,99.7146224975586,108.7699966430664,109.16000366210938,108.27999877929688,108.48999786376953,663300
2016-09-27,100.49386596679688,109.62000274658203,109.80000305175781,107.83999633789062,107.95999908447266,591600
2016-09-28,100.71388244628906,109.86000061035156,110.04000091552734,108.87000274658203,109.27999877929688,316300
2016-09-29,99.6779556274414,108.7300033569336,109.73999786376953,107.55000305175781,109.2699966430664,551900
2016-09-30,100.45719146728516,109.58000183105469,110.13999938964844,109.0199966430664,109.19000244140625,338000
2016-10-03,99.86129760742188,108.93000030517578,109.61000061035156,108.54000091552734,109.36000061035156,416800
2016-10-04,99.8888168334961,108.95999908447266,109.8499984741211,108.61000061035156,109.38999938964844,324300
2016-10-05,99.75128936767578,108.80999755859375,109.30000305175781,108.70999908447266,109.0999984741211,280100
2016-10-06,99.68712615966797,108.73999786376953,108.98999786376953,107.80999755859375,108.2699966430664,473500
2016-10-07,97.52360534667969,106.37999725341797,107.16999816894531,105.36000061035156,107.04000091552734,861900
2016-10-10,98.08280181884766,106.98999786376953,107.73999786376953,106.98999786376953,107.62999725341797,686400
2016-10-11,94.15914916992188,102.70999908447266,105.63999938964844,102.41000366210938,105.61000061035156,959100
2016-10-12,94.03995513916016,102.58000183105469,102.66999816894531,101.41999816894531,102.30999755859375,794500
2016-10-13,92.03228759765625,100.38999938964844,100.6500015258789,100.04000091552734,100.58999633789062,1161200
2016-10-14,92.70150756835938,101.12000274658203,102.11000061035156,100.94999694824219,101.58000183105469,331200
2016-10-17,92.73818969726562,101.16000366210938,101.33999633789062,100.51000213623047,100.62000274658203,399000
2016-10-18,93.81078338623047,102.33000183105469,102.58000183105469,101.83000183105469,102.51000213623047,955700
2016-10-19,95.42424774169922,104.08999633789062,104.75,103.19999694824219,104.75,1109900
2016-10-20,94.95672607421875,103.58000183105469,103.62000274658203,102.47000122070312,102.5199966430664,739900
2016-10-21,96.49684143066406,105.26000213623047,105.31999969482422,103.4000015258789,103.47000122070312,1638300
2016-10-24,96.51518249511719,105.27999877929688,105.41999816894531,104.7699966430664,104.91999816894531,971000
2016-10-25,95.8367919921875,104.54000091552734,105.13999938964844,104.12999725341797,104.68000030517578,567100
2016-10-26,95.20423126220703,103.8499984741211,104.7300033569336,103.7300033569336,104.47000122070312,376200
2016-10-27,95.3875732421875,104.05000305175781,105.2699966430664,103.86000061035156,105.18000030517578,606800
2016-10-28,96.68018341064453,105.45999908447266,105.94999694824219,104.69000244140625,104.86000061035156,915500
2016-10-31,96.82687377929688,105.62000274658203,106.36000061035156,104.94000244140625,105.51000213623047,794000
2016-11-01,95.24090576171875,103.88999938964844,105.68000030517578,103.29000091552734,105.6500015258789,936100
2016-11-02,95.36923217773438,104.02999877929688,104.7300033569336,103.66999816894531,104.01000213623047,564400
2016-11-03,93.30656433105469,101.77999877929688,103.5999984741211,101.77999877929688,103.3499984741211,707000
2016-11-04,93.95745849609375,102.48999786376953,103.01000213623047,101.4800033569336,102.22000122070312,791600
2016-11-07,96.02930450439453,104.75,104.76000213623047,103.5999984741211,103.80000305175781,413000
2016-11-08,96.0843276977539,104.80999755859375,105.22000122070312,103.52999877929688,103.58999633789062,516600
2016-11-09,95.03921508789062,103.66999816894531,103.81999969482422,102.33000183105469,102.33000183105469,495700
2016-11-10,92.95820617675781,101.4000015258789,103.41000366210938,100.70999908447266,102.77999877929688,934900
2016-11-11,91.90396118164062,100.25,100.51000213623047,98.72000122070312,99.69999694824219,1212200
2016-11-14,90.94135284423828,99.19999694824219,99.7699966430664,98.70999908447266,98.94000244140625,687800
2016-11-15,91.6930923461914,100.0199966430664,100.27999877929688,98.75,99.12000274658203,491100
2016-11-16,92.31646728515625,100.69999694824219,100.7699966430664,99.1500015258789,99.19999694824219,1036300
2016-11-17,94.02162170410156,102.55999755859375,102.8499984741211,101.19000244140625,101.23999786376953,1344700
2016-11-18,95.88258361816406,104.58999633789062,104.75,103.37999725341797,103.58000183105469,1914300
2016-11-21,96.34097290039062,105.08999633789062,105.11000061035156,104.0199966430664,104.08999633789062,1408200
2016-11-22,96.55184936523438,105.31999969482422,105.61000061035156,104.80000305175781,105.44999694824219,876300
2016-11-23,96.35015869140625,105.0999984741211,105.3499984741211,104.25,104.4800033569336,432300
2016-11-25,95.47010803222656,104.13999938964844,104.45999908447266,103.7699966430664,103.98999786376953,251900
2016-11-28,95.00253295898438,103.62999725341797,103.91000366210938,103.22000122070312,103.30000305175781,453200
2016-11-29,95.14921569824219,103.79000091552734,104.01000213623047,102.70999908447266,102.87999725341797,1194200
2016-11-30,94.54415130615234,103.12999725341797,103.81999969482422,102.93000030517578,103.7699966430664,434200
2016-12-01,91.66557312011719,99.98999786376953,102.73999786376953,99.68000030517578,102.66999816894531,837900
2016-12-02,91.47306060791016,99.77999877929688,100.30000305175781,98.83999633789062,99.01000213623047,701100
2016-12-05,94.35165405273438,102.91999816894531,103.0199966430664,101.69000244140625,102.29000091552734,818600
2016-12-06,94.15914916992188,102.70999908447266,102.9000015258789,101.79000091552734,101.88999938964844,399900
2016-12-07,94.92920684814453,103.55000305175781,103.91999816894531,101.83000183105469,101.9800033569336,566600
2016-12-08,94.52583312988281,103.11000061035156,103.7300033569336,102.6500015258789,103.19000244140625,478800
2016-12-09,94.1133041381836,102.66000366210938,103.11000061035156,102.08999633789062,102.91999816894531,362500
2016-12-12,94.33332061767578,102.9000015258789,103.33999633789062,102.41000366210938,103.16999816894531,308500
2016-12-13,95.92845153808594,104.63999938964844,104.86000061035156,104.0,104.11000061035156,308400
2016-12-14,95.00253295898438,103.62999725341797,104.94000244140625,103.52999877929688,104.58000183105469,390800
2016-12-15,96.28598022460938,105.02999877929688,105.38999938964844,104.31999969482422,104.47000122070312,655400
2016-12-16,97.3952407836914,106.23999786376953,106.72000122070312,105.95999908447266,106.26000213623047,865800
2016-12-19,101.04390716552734,110.22000122070312,110.4800033569336,108.36000061035156,108.36000061035156,1709400
2016-12-20,100.57636260986328,109.70999908447266,109.80000305175781,109.11000061035156,109.37000274658203,810500
2016-12-21,100.8880615234375,110.05000305175781,110.30000305175781,109.72000122070312,110.02999877929688,659500
2016-12-22,100.82389068603516,109.9800033569336,110.41999816894531,109.7699966430664,110.36000061035156,324200
2016-12-23,101.5114517211914,110.7300033569336,110.8499984741211,110.2699966430664,110.41999816894531,183900
2016-12-27,102.22651672363281,111.51000213623047,111.62000274658203,110.79000091552734,110.79000091552734,308500
2016-12-28,101.55728912353516,110.77999877929688,111.30999755859375,110.43000030517578,110.80999755859375,509900
2016-12-29,101.90565490722656,111.16000366210938,111.37000274658203,110.69999694824219,110.97000122070312,754900
2016-12-30,102.85906982421875,112.19999694824219,112.66000366210938,111.2699966430664,112.05999755859375,858700
2017-01-03,101.2547607421875,110.44999694824219,111.27999877929688,110.1500015258789,110.9800033569336,874700
2017-01-04,100.76889038085938,109.91999816894531,110.3499984741211,109.62000274658203,109.83999633789062,846200
2017-01-05,101.9789810180664,111.23999786376953,111.9000015258789,110.75,110.80000305175781,493800
2017-01-06,101.86897277832031,111.12000274658203,111.58999633789062,110.30000305175781,110.55999755859375,360200
2017-01-09,103.12492370605469,112.48999786376953,112.7300033569336,111.01000213623047,111.0199966430664,554800
2017-01-10,103.2716064453125,112.6500015258789,113.12999725341797,112.58000183105469,112.58000183105469,816100
2017-01-11,104.03250122070312,113.4800033569336,113.51000213623047,112.19000244140625,112.25,419900
2017-01-12,105.21510314941406,114.7699966430664,114.81999969482422,113.0,113.94000244140625,713900
2017-01-13,105.70101165771484,115.30000305175781,115.54000091552734,114.75,114.7699966430664,1474200
2017-01-17,106.26018524169922,115.91000366210938,116.31999969482422,114.88999938964844,115.62999725341797,1381400
2017-01-18,112.73242950439453,122.97000122070312,125.87999725341797,121.94000244140625,122.06999969482422,4392000
2017-01-19,111.71484375,121.86000061035156,121.98999786376953,120.45999908447266,120.86000061035156,1936700
2017-01-20,111.88903045654297,122.05000305175781,122.30999755859375,121.5199966430664,121.5199966430664,786900
2017-01-23,111.9990234375,122.16999816894531,122.31999969482422,120.5999984741211,121.97000122070312,1570600
2017-01-24,112.34742736816406,122.55000305175781,123.0,122.06999969482422,122.27999877929688,975100
2017-01-25,112.5582504272461,122.77999877929688,122.97000122070312,122.2699966430664,122.51000213623047,649500
2017-01-26,111.0456314086914,121.12999725341797,122.16000366210938,121.06999969482422,121.30000305175781,611200
2017-01-27,111.63233947753906,121.7699966430664,122.08000183105469,121.04000091552734,121.44000244140625,663500
2017-01-30,111.57733917236328,121.70999908447266,121.86000061035156,120.0199966430664,120.91000366210938,1161000
2017-01-31,111.29313659667969,121.4000015258789,122.0,120.98999786376953,121.63999938964844,1435700
2017-02-01,111.21063232421875,121.30999755859375,122.11000061035156,121.0,121.6500015258789,1324600
2017-02-02,112.52157592773438,122.73999786376953,123.19000244140625,122.29000091552734,123.08999633789062,632800
2017-02-03,112.76911163330078,123.01000213623047,123.56999969482422,122.87000274658203,122.91000366210938,358300
2017-02-06,112.0540542602539,122.2300033569336,122.62999725341797,121.87000274658203,122.23999786376953,260700
2017-02-07,112.998291015625,123.26000213623047,123.56999969482422,121.87000274658203,122.02999877929688,1117200
2017-02-08,113.7591781616211,124.08999633789062,124.26000213623047,122.98999786376953,123.41000366210938,853100
2017-02-09,114.15338897705078,124.5199966430664,125.55000305175781,124.31999969482422,124.41000366210938,820400
2017-02-10,114.45592498779297,124.8499984741211,125.25,124.1500015258789,124.80000305175781,791500
2017-02-13,115.96854400634766,126.5,126.63999938964844,125.75,126.13999938964844,1052600
2017-02-14,115.73936462402344,126.25,126.5,125.62000274658203,126.08000183105469,1825300
2017-02-15,116.6653060913086,127.26000213623047,127.27999877929688,125.30000305175781,125.44999694824219,900800
2017-02-16,116.67445373535156,127.2699966430664,127.44000244140625,126.4800033569336,126.55000305175781,1023500
2017-02-17,116.31690979003906,126.87999725341797,126.87999725341797,125.81999969482422,125.83999633789062,808100
2017-02-21,116.96782684326172,127.58999633789062,127.5999984741211,125.25,125.27999877929688,3895800
2017-02-22,113.52085876464844,123.83000183105469,125.51000213623047,123.58000183105469,125.0999984741211,2312100
2017-02-23,113.47501373291016,123.77999877929688,124.62000274658203,123.25,124.52999877929688,764500
2017-02-24,112.32905578613281,122.52999877929688,122.94999694824219,121.63999938964844,122.29000091552734,1442500
2017-02-27,112.66828918457031,122.9000015258789,123.0199966430664,122.08000183105469,122.29000091552734,736500
2017-02-28,111.55900573730469,121.69000244140625,122.22000122070312,121.41000366210938,121.5,1033500
2017-03-01,113.1908187866211,123.47000122070312,123.91999816894531,122.43000030517578,122.5,1274400
2017-03-02,111.4489974975586,121.56999969482422,122.55000305175781,121.4800033569336,121.77999877929688,961800
2017-03-03,112.74160766601562,122.9800033569336,122.98999786376953,121.83000183105469,122.76000213623047,783800
2017-03-06,111.47649383544922,121.5999984741211,121.91000366210938,120.77999877929688,121.25,495300
2017-03-07,109.99137115478516,119.9800033569336,121.38999938964844,119.83000183105469,121.25,1234500
2017-03-08,110.69723510742188,120.75,121.16999816894531,120.33999633789062,120.81999969482422,575800
2017-03-09,111.15563201904297,121.25,121.54000091552734,120.66000366210938,121.18000030517578,405700
2017-03-10,114.59343719482422,125.0,125.11000061035156,123.94000244140625,124.47000122070312,1016100
2017-03-13,113.85086822509766,124.19000244140625,124.45999908447266,123.43000030517578,123.55999755859375,838100
2017-03-14,113.66751098632812,123.98999786376953,124.83000183105469,123.86000061035156,124.7699966430664,412900
2017-03-15,115.57435607910156,126.06999969482422,126.30999755859375,124.58000183105469,124.8499984741211,838900
2017-03-16,115.68437194824219,126.19000244140625,126.25,124.80999755859375,124.88999938964844,424200
2017-03-17,117.25199890136719,127.9000015258789,128.42999267578125,126.93000030517578,127.19000244140625,1030300
2017-03-20,117.59119415283203,128.27000427246094,129.16000366210938,127.9800033569336,128.83999633789062,577600
2017-03-21,115.80355072021484,126.31999969482422,129.82000732421875,126.1500015258789,129.69000244140625,1398800
2017-03-22,118.18708801269531,128.9199981689453,129.24000549316406,127.01000213623047,127.06999969482422,529900
2017-03-23,118.46211242675781,129.22000122070312,129.6999969482422,128.8000030517578,129.1999969482422,266000
2017-03-24,121.230712890625,132.24000549316406,133.5500030517578,131.9600067138672,133.27999877929688,1709800
2017-03-27,121.65240478515625,132.6999969482422,133.1999969482422,132.36000061035156,132.77999877929688,2238000
2017-03-28,122.6516342163086,133.7899932861328,134.2899932861328,133.1199951171875,133.3699951171875,1370300
2017-03-29,121.84492492675781,132.91000366210938,133.4600067138672,132.5399932861328,133.16000366210938,358300
2017-03-30,121.58821105957031,132.6300048828125,133.19000244140625,132.33999633789062,132.3800048828125,361100
2017-03-31,121.74404907226562,132.8000030517578,133.19000244140625,132.1199951171875,132.27000427246094,535400
2017-04-03,121.17568969726562,132.17999267578125,132.75,131.17999267578125,132.35000610351562,564100
2017-04-04,121.6890869140625,132.74000549316406,132.77999877929688,131.85000610351562,132.3000030517578,584000
2017-04-05,120.12142944335938,131.02999877929688,132.00999450683594,130.9199981689453,131.60000610351562,557200
2017-04-06,120.07557678222656,130.97999572753906,131.24000549316406,130.5500030517578,130.9499969482422,370000
2017-04-07,120.2589340209961,131.17999267578125,131.64999389648438,130.52999877929688,130.5399932861328,546900
2017-04-10,119.09468078613281,129.91000366210938,130.7899932861328,129.6999969482422,130.6300048828125,1180800
2017-04-11,119.00298309326172,129.80999755859375,129.85000610351562,128.30999755859375,129.63999938964844,613200
2017-04-12,118.26959228515625,129.00999450683594,129.97000122070312,128.3000030517578,129.75,485300
2017-04-13,117.69205474853516,128.3800048828125,129.8800048828125,128.33999633789062,129.00999450683594,575600
2017-04-17,119.3330078125,130.1699981689453,130.2899932861328,128.88999938964844,128.88999938964844,334800
2017-04-18,119.77306365966797,130.64999389648438,130.9600067138672,129.8000030517578,130.3800048828125,915700
2017-04-19,116.32609558105469,126.88999938964844,133.7100067138672,126.04000091552734,133.11000061035156,3355400
2017-04-20,119.2230224609375,130.0500030517578,130.82000732421875,129.2899932861328,130.10000610351562,2259500
2017-04-21,119.20468139648438,130.02999877929688,130.49000549316406,129.72000122070312,130.35000610351562,1298800
2017-04-24,122.34912109375,133.4600067138672,134.2899932861328,132.7100067138672,133.6300048828125,685100
2017-04-25,123.06417083740234,134.24000549316406,134.9499969482422,133.86000061035156,134.89999389648438,681300
2017-04-26,121.43238830566406,132.4600067138672,133.42999267578125,132.0,133.0399932861328,633600
2017-04-27,121.8815689086914,132.9499969482422,133.88999938964844,132.35000610351562,132.66000366210938,453100
2017-04-28,122.07324981689453,131.85000610351562,133.1699981689453,131.61000061035156,133.1300048828125,753400
2017-05-01,123.00833129882812,132.86000061035156,133.00999450683594,131.72000122070312,132.0500030517578,264200
2017-05-02,124.98040008544922,134.99000549316406,135.0500030517578,133.72999572753906,133.97999572753906,850700
2017-05-03,124.22122192382812,134.1699981689453,134.9600067138672,133.74000549316406,133.80999755859375,1008300
2017-05-04,125.04521179199219,135.05999755859375,135.38999938964844,133.74000549316406,133.75,871400
2017-05-05,125.76737213134766,135.83999633789062,135.9199981689453,134.47000122070312,134.61000061035156,481000
2017-05-08,123.38792419433594,133.27000427246094,133.77999877929688,133.07000732421875,133.5500030517578,957800
2017-05-09,124.95262145996094,134.9600067138672,135.14999389648438,134.24000549316406,134.3000030517578,438200
2017-05-10,123.8786392211914,133.8000030517578,134.5,133.50999450683594,134.0500030517578,703900
2017-05-11,124.21195983886719,134.16000366210938,134.27000427246094,132.82000732421875,133.22999572753906,639900
2017-05-12,125.39701080322266,135.44000244140625,135.47000122070312,134.10000610351562,134.11000061035156,443300
2017-05-15,125.6748275756836,135.74000549316406,136.13999938964844,135.2100067138672,135.41000366210938,577500
2017-05-16,127.08209991455078,137.25999450683594,137.27000427246094,136.5,136.8800048828125,729100
2017-05-17,122.96202850341797,132.80999755859375,135.97000122070312,132.8000030517578,135.66000366210938,645700
2017-05-18,124.0638198852539,134.0,134.27999877929688,132.30999755859375,132.60000610351562,689500
2017-05-19,124.85079956054688,134.85000610351562,135.42999267578125,134.52999877929688,135.0,619200
2017-05-22,124.25823974609375,134.2100067138672,134.52000427246094,133.6699981689453,133.97999572753906,548800
2017-05-23,123.98048400878906,133.91000366210938,134.80999755859375,133.72000122070312,134.63999938964844,687200
2017-05-24,123.59162902832031,133.49000549316406,134.27999877929688,133.1699981689453,133.97000122070312,938000
2017-05-25,124.88776397705078,134.88999938964844,135.02000427246094,133.49000549316406,133.49000549316406,457600
2017-05-26,124.24895477294922,134.1999969482422,134.60000610351562,133.5500030517578,133.86000061035156,731800
2017-05-30,123.5175552368164,133.41000366210938,133.80999755859375,133.0,133.05999755859375,1020200
2017-05-31,122.20285034179688,131.99000549316406,133.33999633789062,131.6199951171875,133.05999755859375,1436000
2017-06-01,123.88788604736328,133.80999755859375,133.8300018310547,132.6199951171875,132.89999389648438,707400
2017-06-02,124.7118911743164,134.6999969482422,134.7899932861328,133.5500030517578,134.6199951171875,334300
2017-06-05,123.28607940673828,133.16000366210938,133.8300018310547,132.77999877929688,132.89999389648438,519500
2017-06-06,122.7861328125,132.6199951171875,133.32000732421875,132.33999633789062,132.36000061035156,614500
2017-06-07,124.05455017089844,133.99000549316406,134.4600067138672,133.10000610351562,133.7899932861328,413400
2017-06-08,124.99890899658203,135.00999450683594,135.08999633789062,133.66000366210938,134.50999450683594,312400
2017-06-09,120.38818359375,130.02999877929688,134.4499969482422,128.66000366210938,134.22999572753906,1203900
2017-06-12,119.50863647460938,129.0800018310547,129.57000732421875,126.02999877929688,129.22000122070312,1941400
2017-06-13,122.14728546142578,131.92999267578125,132.08999633789062,130.35000610351562,131.1999969482422,1373900
2017-06-14,120.49928283691406,130.14999389648438,132.5500030517578,129.0399932861328,132.41000366210938,857700
2017-06-15,118.11985778808594,127.58000183105469,128.14999389648438,127.0,127.87000274658203,1551700
2017-06-16,120.0178451538086,129.6300048828125,130.08999633789062,128.77999877929688,129.1999969482422,925300
2017-06-19,121.70287322998047,131.4499969482422,131.82000732421875,130.77999877929688,131.19000244140625,388000
2017-06-20,118.9623794555664,128.49000549316406,131.05999755859375,128.42999267578125,130.6300048828125,604100
2017-06-21,120.75850677490234,130.42999267578125,130.6300048828125,128.5,128.5800018310547,710600
2017-06-22,120.37890625,130.02000427246094,130.7899932861328,129.67999267578125,130.27999877929688,660400
2017-06-23,124.65637969970703,134.63999938964844,135.4199981689453,132.89999389648438,132.94000244140625,1276100
2017-06-26,123.86012268066406,133.77999877929688,136.07000732421875,133.66000366210938,135.80999755859375,978400
2017-06-27,122.5546875,132.3699951171875,134.89999389648438,132.2899932861328,134.72000122070312,1783600
2017-06-28,124.98040008544922,134.99000549316406,135.27999877929688,132.5,133.22000122070312,773900
2017-06-29,119.99007415771484,129.60000610351562,133.17999267578125,128.35000610351562,132.6699981689453,1988500
2017-06-30,120.64743041992188,130.30999755859375,131.47999572753906,129.8800048828125,131.11000061035156,899500
2017-07-03,120.05489349365234,129.6699981689453,131.33999633789062,129.3300018310547,131.10000610351562,427900
2017-07-05,121.73065948486328,131.47999572753906,131.57000732421875,129.44000244140625,129.49000549316406,796200
2017-07-06,121.48992919921875,131.22000122070312,131.77000427246094,130.10000610351562,130.7899932861328,832000
2017-07-07,123.03611755371094,132.88999938964844,133.5399932861328,131.8300018310547,131.8300018310547,588700
2017-07-10,124.81372833251953,134.80999755859375,135.0500030517578,133.50999450683594,134.0,439700
2017-07-11,125.7488784790039,135.82000732421875,136.05999755859375,133.6699981689453,133.6999969482422,1100900
2017-07-12,126.87837219238281,137.0399932861328,137.5500030517578,136.27999877929688,136.61000061035156,841300
2017-07-13,126.70250701904297,136.85000610351562,137.57000732421875,136.3699951171875,136.75999450683594,484300
2017-07-14,129.5448455810547,139.9199981689453,140.0500030517578,137.88999938964844,138.0399932861328,1164700
2017-07-17,129.82257080078125,140.22000122070312,140.7899932861328,139.10000610351562,140.4199981689453,869900
2017-07-18,132.62794494628906,143.25,143.3800048828125,141.1300048828125,141.27999877929688,1252200
2017-07-19,139.46070861816406,150.6300048828125,150.82000732421875,147.9600067138672,148.6199951171875,2528800
2017-07-20,142.41415405273438,153.82000732421875,154.35000610351562,151.36000061035156,152.24000549316406,2971500
2017-07-21,142.8493194580078,154.2899932861328,154.35000610351562,152.64999389648438,153.08999633789062,938400
2017-07-24,142.34007263183594,153.74000549316406,154.5,153.05999755859375,153.8800048828125,1272100
2017-07-25,141.40493774414062,152.72999572753906,154.3800048828125,152.55999755859375,154.35000610351562,974600
2017-07-26,143.0714874267578,154.52999877929688,154.6999969482422,152.91000366210938,153.0,768800
2017-07-27,141.87716674804688,153.24000549316406,155.72999572753906,151.47999572753906,154.89999389648438,1019400
2017-07-28,141.2197723388672,152.52999877929688,152.8800048828125,151.64999389648438,151.6999969482422,539100
2017-07-31,139.1829071044922,150.3300018310547,152.33999633789062,149.91000366210938,151.74000549316406,868100
2017-08-01,139.72918701171875,150.9199981689453,152.10000610351562,150.57000732421875,151.9499969482422,391600
2017-08-02,139.82174682617188,151.02000427246094,152.88999938964844,150.30999755859375,152.57000732421875,855200
2017-08-03,140.88648986816406,152.1699981689453,152.8300018310547,151.4600067138672,152.66000366210938,924000
2017-08-04,141.59938049316406,152.94000244140625,153.05999755859375,151.9499969482422,152.61000061035156,491200
2017-08-07,142.96963500976562,154.4199981689453,154.66000366210938,153.33999633789062,153.35000610351562,476000
2017-08-08,141.77529907226562,153.1300048828125,155.1999969482422,152.91000366210938,154.47999572753906,490700
2017-08-09,142.1734161376953,153.55999755859375,153.72999572753906,152.35000610351562,152.66000366210938,547100
2017-08-10,139.04405212402344,150.17999267578125,152.5,150.08999633789062,152.4600067138672,844800
2017-08-11,139.97914123535156,151.19000244140625,151.33999633789062,148.9499969482422,149.38999938964844,416900
2017-08-14,141.29385375976562,152.61000061035156,153.3000030517578,150.83999633789062,150.86000061035156,552600
2017-08-15,141.15499877929688,152.4600067138672,152.6300048828125,151.33999633789062,151.4499969482422,376800
2017-08-16,142.2752685546875,153.6699981689453,154.1300048828125,152.0399932861328,152.1999969482422,518900
2017-08-17,139.47915649414062,150.64999389648438,153.19000244140625,150.60000610351562,152.86000061035156,486000
2017-08-18,140.96981811523438,152.25999450683594,152.61000061035156,150.97999572753906,152.0,688800
2017-08-21,140.3494873046875,151.58999633789062,152.3000030517578,150.94000244140625,152.16000366210938,562600
2017-08-22,142.92333984375,154.3699951171875,154.80999755859375,151.8699951171875,151.89999389648438,839100
2017-08-23,142.0252685546875,153.39999389648438,154.1999969482422,153.1300048828125,153.89999389648438,532300
2017-08-24,142.0716094970703,153.4499969482422,153.89999389648438,152.7100067138672,153.2899932861328,400200
2017-08-25,142.78448486328125,154.22000122070312,154.8000030517578,153.5500030517578,153.74000549316406,535300
2017-08-28,142.69192504882812,154.1199951171875,154.36000061035156,153.38999938964844,153.6699981689453,261400
2017-08-29,143.6455078125,155.14999389648438,155.52999877929688,153.5,153.6300048828125,575500
2017-08-30,143.33074951171875,154.80999755859375,155.3000030517578,153.4199981689453,153.83999633789062,834200
2017-08-31,144.7195281982422,156.30999755859375,156.6699981689453,154.58999633789062,154.9199981689453,787400
2017-09-01,145.61756896972656,157.27999877929688,157.57000732421875,156.3800048828125,157.16000366210938,739700
2017-09-05,143.33074951171875,154.80999755859375,156.4600067138672,153.47000122070312,155.91000366210938,493400
2017-09-06,144.87689208984375,156.47999572753906,157.27999877929688,155.8800048828125,156.30999755859375,496400
2017-09-07,148.93212890625,160.86000061035156,160.94000244140625,158.32000732421875,159.00999450683594,1027800
2017-09-08,147.8766632080078,159.72000122070312,161.10000610351562,159.08999633789062,160.25,659400
2017-09-11,150.70973205566406,162.77999877929688,162.8800048828125,160.94000244140625,161.11000061035156,698200
2017-09-12,149.38575744628906,161.35000610351562,162.10000610351562,160.86000061035156,161.8699951171875,439400
2017-09-13,148.20071411132812,160.07000732421875,161.0,160.0,160.60000610351562,613300
2017-09-14,149.45985412597656,161.42999267578125,161.88999938964844,160.2899932861328,160.6999969482422,525500
2017-09-15,150.3671875,162.41000366210938,163.1300048828125,162.14999389648438,163.0399932861328,632300
2017-09-18,154.60755920410156,166.99000549316406,167.2100067138672,164.6699981689453,164.80999755859375,1294000
2017-09-19,155.8111572265625,168.2899932861328,168.69000244140625,167.6699981689453,168.63999938964844,992800
2017-09-20,152.9410858154297,165.19000244140625,168.0,163.72999572753906,167.9199981689453,990200
2017-09-21,153.47804260253906,165.77000427246094,166.10000610351562,164.1699981689453,165.52999877929688,1066000
2017-09-22,153.6539764404297,165.9600067138672,166.4499969482422,165.0800018310547,165.1999969482422,303600
2017-09-25,149.99684143066406,162.00999450683594,165.19000244140625,161.14999389648438,164.8800048828125,849400
2017-09-26,150.78384399414062,162.86000061035156,162.9199981689453,160.9499969482422,161.67999267578125,1180700
2017-09-27,154.56130981445312,166.94000244140625,167.89999389648438,163.07000732421875,163.1999969482422,1253600
2017-09-28,157.84803771972656,170.49000549316406,171.0,168.13999938964844,168.27000427246094,1477700
2017-09-29,158.50540161132812,171.1999969482422,171.52999877929688,169.6199951171875,170.10000610351562,1677100
2017-10-02,158.04249572753906,170.6999969482422,171.75999450683594,169.77999877929688,170.38999938964844,585700
2017-10-03,157.82028198242188,170.4600067138672,170.6300048828125,169.55999755859375,170.4600067138672,454400
2017-10-04,158.4961395263672,171.19000244140625,171.42999267578125,169.52000427246094,169.97000122070312,861200
2017-10-05,156.0241241455078,168.52000427246094,169.82000732421875,167.86000061035156,169.5500030517578,422300
2017-10-06,156.8759002685547,169.44000244140625,170.9199981689453,167.6999969482422,168.0,1224200
2017-10-09,157.5240020751953,170.13999938964844,170.64999389648438,169.3000030517578,169.4600067138672,352800
2017-10-10,158.48687744140625,171.17999267578125,171.17999267578125,168.9199981689453,170.27000427246094,522200
2017-10-11,160.07933044433594,172.89999389648438,173.05999755859375,171.0800018310547,171.36000061035156,859100
2017-10-12,160.7366943359375,173.61000061035156,174.88999938964844,171.9499969482422,172.05999755859375,1302000
2017-10-13,163.2272491455078,176.3000030517578,176.8699951171875,175.5800018310547,176.57000732421875,809400
2017-10-16,163.4956817626953,176.58999633789062,176.60000610351562,175.41000366210938,175.80999755859375,743200
2017-10-17,163.26425170898438,176.33999633789062,176.69000244140625,174.49000549316406,176.00999450683594,1055300
2017-10-18,158.99609375,171.72999572753906,175.97000122070312,168.6199951171875,175.83999633789062,2715900
2017-10-19,162.96798706054688,176.02000427246094,176.2899932861328,173.4199981689453,174.02999877929688,1120100
2017-10-20,162.22732543945312,175.22000122070312,176.22000122070312,174.69000244140625,176.00999450683594,1091300
2017-10-23,164.86598205566406,178.07000732421875,179.27999877929688,177.2899932861328,177.9499969482422,1240700
2017-10-24,165.19927978515625,178.42999267578125,178.49000549316406,177.25,177.80999755859375,614400
2017-10-25,164.20864868164062,177.36000061035156,178.97999572753906,175.72000122070312,178.5,560000
2017-10-26,164.63453674316406,177.82000732421875,178.5399932861328,176.8699951171875,177.52999877929688,427700
2017-10-27,165.66221618652344,178.92999267578125,179.25999450683594,177.1300048828125,178.25,703800
2017-10-30,164.73634338378906,177.92999267578125,178.83999633789062,177.2899932861328,178.2899932861328,1268300
2017-10-31,167.34725952148438,180.75,180.97000122070312,179.6300048828125,179.66000366210938,526400
2017-11-01,167.94908142089844,181.39999389648438,182.97999572753906,179.5399932861328,182.67999267578125,941900
2017-11-02,168.73605346679688,182.25,182.44000244140625,180.88999938964844,181.33999633789062,553700
2017-11-03,170.8932342529297,184.5800018310547,184.64999389648438,182.58999633789062,183.5500030517578,470100
2017-11-06,171.2080535888672,184.9199981689453,185.38999938964844,182.92999267578125,183.97999572753906,503200
2017-11-07,169.91189575195312,183.52000427246094,183.97999572753906,183.07000732421875,183.1199951171875,611700
2017-11-08,168.05091857910156,181.50999450683594,182.7899932861328,181.1699981689453,182.0500030517578,677200
2017-11-09,164.81040954589844,178.00999450683594,178.97999572753906,176.22000122070312,178.47999572753906,685100
2017-11-10,166.28256225585938,179.60000610351562,179.6999969482422,178.19000244140625,178.7100067138672,692000
2017-11-13,165.5881805419922,178.85000610351562,179.17999267578125,177.7899932861328,178.00999450683594,415300
2017-11-14,166.96763610839844,180.33999633789062,180.47999572753906,178.64999389648438,179.89999389648438,382800
2017-11-15,164.71786499023438,177.91000366210938,178.69000244140625,176.5500030517578,177.83999633789062,494400
2017-11-16,168.31011962890625,181.7899932861328,181.9199981689453,179.5,179.6699981689453,1853700
2017-11-17,166.9584503173828,180.3300018310547,181.3699951171875,179.77000427246094,181.27000427246094,553700
2017-11-20,168.0694122314453,181.52999877929688,182.36000061035156,179.7899932861328,179.94000244140625,996700
2017-11-21,171.62466430664062,185.3699951171875,185.4499969482422,182.6699981689453,182.6699981689453,845900
2017-11-22,169.43040466308594,183.0,185.19000244140625,182.35000610351562,184.88999938964844,526600
2017-11-24,172.550537109375,186.3699951171875,186.3699951171875,185.3699951171875,185.50999450683594,311400
2017-11-27,171.02288818359375,184.72000122070312,185.94000244140625,184.5500030517578,185.8300018310547,863900
2017-11-28,170.62478637695312,184.2899932861328,185.0500030517578,183.47000122070312,184.8699951171875,787700
2017-11-29,159.65345764160156,172.44000244140625,182.52000427246094,172.08999633789062,182.47000122070312,2544800
2017-11-30,162.5050506591797,175.52000427246094,176.5500030517578,173.77999877929688,175.86000061035156,1584600
2017-12-01,159.64422607421875,172.42999267578125,174.22000122070312,171.2100067138672,174.00999450683594,1143300
2017-12-04,156.77406311035156,169.3300018310547,175.30999755859375,168.35000610351562,175.19000244140625,1446200
2017-12-05,157.8572998046875,170.5,172.97999572753906,168.6999969482422,169.5399932861328,737800
2017-12-06,158.0146942138672,170.6699981689453,171.35000610351562,168.3000030517578,169.27999877929688,869500
2017-12-07,159.40345764160156,172.1699981689453,172.8300018310547,170.42999267578125,170.42999267578125,989700
2017-12-08,159.2275848388672,171.97999572753906,174.5399932861328,171.77000427246094,173.8300018310547,487000
2017-12-11,162.14401245117188,175.1300048828125,175.41000366210938,172.25999450683594,172.52999877929688,1571600
2017-12-12,159.39422607421875,172.16000366210938,173.5800018310547,171.8000030517578,173.3000030517578,1129300
2017-12-13,160.50523376464844,173.36000061035156,174.5399932861328,172.3800048828125,173.35000610351562,828900
2017-12-14,159.1627655029297,171.91000366210938,174.3699951171875,171.61000061035156,173.39999389648438,935500
2017-12-15,160.91261291503906,173.8000030517578,174.13999938964844,170.85000610351562,171.92999267578125,3118500
2017-12-18,163.29202270507812,176.3699951171875,177.0500030517578,174.9600067138672,175.47000122070312,1207900
2017-12-19,163.903076171875,177.02999877929688,177.49000549316406,175.61000061035156,176.13999938964844,708700
2017-12-20,162.18099975585938,175.1699981689453,177.49000549316406,174.55999755859375,177.05999755859375,528400
2017-12-21,161.59774780273438,174.5399932861328,175.97000122070312,174.0500030517578,175.72999572753906,393400
2017-12-22,162.22732543945312,175.22000122070312,175.38999938964844,173.7100067138672,174.25999450683594,285900
2017-12-26,160.25526428222656,173.08999633789062,173.6999969482422,171.3800048828125,173.64999389648438,281400
2017-12-27,161.1348114013672,174.0399932861328,174.69000244140625,172.9199981689453,173.1999969482422,334800
2017-12-28,161.28292846679688,174.1999969482422,174.7100067138672,173.66000366210938,174.11000061035156,402100
2017-12-29,160.93118286132812,173.82000732421875,174.8699951171875,173.72000122070312,174.61000061035156,194400
2018-01-02,164.55120849609375,177.72999572753906,177.83999633789062,173.97999572753906,174.13999938964844,818600
2018-01-03,165.80108642578125,179.0800018310547,179.5800018310547,177.67999267578125,177.72999572753906,1054200
2018-01-04,167.34725952148438,180.75,181.77000427246094,179.39999389648438,180.49000549316406,915600
2018-01-05,169.31005859375,182.8699951171875,183.4499969482422,180.75,180.83999633789062,516100
2018-01-08,170.1988983154297,183.8300018310547,184.4600067138672,182.80999755859375,183.19000244140625,763900
2018-01-09,169.28228759765625,182.83999633789062,184.1699981689453,181.24000549316406,184.07000732421875,854300
2018-01-10,167.3102264404297,180.7100067138672,181.5500030517578,179.3300018310547,181.38999938964844,668700
2018-01-11,165.31039428710938,178.5500030517578,180.22999572753906,177.91000366210938,180.0800018310547,831900
2018-01-12,167.45834350585938,180.8699951171875,181.47000122070312,179.94000244140625,181.11000061035156,710300
2018-01-16,172.5597686767578,186.3800048828125,188.5,185.25999450683594,187.6999969482422,1518900
2018-01-17,184.41064453125,199.17999267578125,201.1999969482422,194.75999450683594,194.99000549316406,2653200
2018-01-18,188.28074645996094,203.36000061035156,205.5800018310547,201.80999755859375,202.17999267578125,3618500
2018-01-19,190.2805633544922,205.52000427246094,206.02999877929688,203.1699981689453,205.22000122070312,1122900
2018-01-22,190.299072265625,205.5399932861328,205.5399932861328,203.3000030517578,204.5,1002300
2018-01-23,190.19720458984375,205.42999267578125,205.9199981689453,204.0500030517578,204.4199981689453,559900
2018-01-24,187.2530059814453,202.25,204.00999450683594,200.47000122070312,203.50999450683594,669800
2018-01-25,185.93829345703125,200.8300018310547,208.5800018310547,200.64999389648438,207.13999938964844,1380200
2018-01-26,191.1971435546875,206.50999450683594,206.6699981689453,203.72999572753906,204.0399932861328,1069200
2018-01-29,188.8917694091797,204.02000427246094,204.58999633789062,201.92999267578125,204.33999633789062,1064500
2018-01-30,185.38278198242188,200.22999572753906,203.4199981689453,200.02999877929688,202.86000061035156,744900
2018-01-31,187.91038513183594,202.9600067138672,203.66000366210938,202.0,202.38999938964844,701800
2018-02-01,186.4845733642578,201.4199981689453,203.39999389648438,200.41000366210938,202.0800018310547,741500
2018-02-02,180.1425018310547,194.57000732421875,199.5,194.47000122070312,199.33999633789062,917300
2018-02-05,172.83749389648438,186.67999267578125,196.57000732421875,186.55999755859375,193.33999633789062,912600
2018-02-06,179.7165985107422,194.11000061035156,194.2899932861328,185.83999633789062,186.69000244140625,2881200
2018-02-07,173.27268981933594,187.14999389648438,191.60000610351562,187.0,191.10000610351562,1275500
2018-02-08,166.560302734375,179.89999389648438,187.3699951171875,178.1999969482422,186.8800048828125,1767200
2018-02-09,170.05072021484375,183.6699981689453,184.91000366210938,175.8800048828125,182.07000732421875,2070900
2018-02-12,172.5227813720703,186.33999633789062,187.38999938964844,183.07000732421875,183.3300018310547,1563400
2018-02-13,171.5043182373047,185.24000549316406,186.24000549316406,183.8300018310547,185.27999877929688,496300
2018-02-14,177.15199279785156,191.33999633789062,192.0800018310547,183.5500030517578,183.7100067138672,930600
2018-02-15,180.44798278808594,194.89999389648438,195.1999969482422,190.97000122070312,193.2100067138672,1125900
2018-02-16,177.97601318359375,192.22999572753906,195.3000030517578,192.0500030517578,192.86000061035156,738800
2018-02-20,181.0220947265625,195.52000427246094,197.38999938964844,191.97000122070312,191.99000549316406,764000
2018-02-21,179.99435424804688,194.41000366210938,197.97999572753906,194.27000427246094,196.74000549316406,703400
2018-02-22,178.9573974609375,193.2899932861328,196.02999877929688,192.52000427246094,195.72999572753906,796500
2018-02-23,182.22567749023438,196.82000732421875,197.08999633789062,193.66000366210938,193.9499969482422,741700
2018-02-26,185.94754028320312,200.83999633789062,201.0,198.36000061035156,200.10000610351562,1172200
2018-02-27,182.79971313476562,197.44000244140625,200.52999877929688,197.44000244140625,198.97999572753906,861100
2018-02-28,180.9016571044922,195.38999938964844,198.74000549316406,195.0,198.22000122070312,623700
2018-03-01,177.69822692871094,191.92999267578125,194.91000366210938,189.02999877929688,193.16000366210938,901900
2018-03-02,179.21669006347656,193.57000732421875,193.8800048828125,189.08999633789062,190.5,696000
2018-03-05,183.64219665527344,198.35000610351562,199.58999633789062,194.3800048828125,194.72000122070312,730700
2018-03-06,187.7992401123047,202.83999633789062,203.38999938964844,199.2899932861328,200.02999877929688,1538800
2018-03-07,190.771240234375,206.0500030517578,206.4199981689453,202.83999633789062,204.3800048828125,1308300
2018-03-08,189.81765747070312,205.02000427246094,207.22999572753906,204.3000030517578,206.9499969482422,458100
2018-03-09,193.882080078125,209.41000366210938,209.88999938964844,206.92999267578125,207.39999389648438,645100
2018-03-12,195.6319580078125,211.3000030517578,212.75,210.32000732421875,210.89999389648438,788800
2018-03-13,192.59519958496094,208.02000427246094,213.60000610351562,207.1199951171875,212.77000427246094,656900
2018-03-14,195.84494018554688,211.52999877929688,212.47000122070312,209.2899932861328,212.35000610351562,733400
2018-03-15,198.5391387939453,214.44000244140625,215.47999572753906,212.75,214.3000030517578,700500
2018-03-16,198.1873321533203,214.05999755859375,214.5800018310547,212.55999755859375,213.5399932861328,822000
2018-03-19,196.97445678710938,212.75,214.10000610351562,210.02999877929688,214.0,1063300
2018-03-20,196.83558654785156,212.60000610351562,214.3000030517578,210.47999572753906,210.5500030517578,790400
2018-03-21,197.8817901611328,213.72999572753906,216.0,212.35000610351562,213.08999633789062,465400
2018-03-22,189.5398712158203,204.72000122070312,212.02000427246094,204.4600067138672,210.0800018310547,1008300
2018-03-23,184.3458251953125,199.11000061035156,206.27000427246094,199.02999877929688,205.52000427246094,1149000
2018-03-26,192.06741333007812,207.4499969482422,207.52999877929688,202.08999633789062,205.00999450683594,776800
2018-03-27,185.43833923339844,200.2899932861328,207.9199981689453,198.8800048828125,207.17999267578125,681900
2018-03-28,180.10546875,194.52999877929688,199.16000366210938,193.17999267578125,197.49000549316406,2776600
2018-03-29,183.8366241455078,198.55999755859375,200.4199981689453,194.8300018310547,195.85000610351562,1193200
2018-04-02,178.73519897460938,193.0500030517578,199.16000366210938,190.6300048828125,197.47000122070312,705200
2018-04-03,184.64212036132812,199.42999267578125,200.08999633789062,196.39999389648438,197.60000610351562,1165600
2018-04-04,183.55886840820312,198.25999450683594,198.30999755859375,191.49000549316406,191.66000366210938,1704900
2018-04-05,183.94773864746094,198.67999267578125,200.92999267578125,197.27000427246094,199.44000244140625,861200
2018-04-06,180.1980743408203,194.6300048828125,199.27999877929688,194.00999450683594,197.49000549316406,837900
2018-04-09,183.80885314941406,198.52999877929688,202.57000732421875,196.88999938964844,198.00999450683594,774100
2018-04-10,190.30831909179688,205.5500030517578,207.07000732421875,202.0,204.4199981689453,885800
2018-04-11,190.30831909179688,205.5500030517578,206.6999969482422,203.8800048828125,204.13999938964844,855500
2018-04-12,190.9471893310547,206.24000549316406,207.32000732421875,205.07000732421875,205.8699951171875,1044500
2018-04-13,190.40090942382812,205.64999389648438,207.14999389648438,204.8300018310547,205.8300018310547,526000
2018-04-16,191.37306213378906,206.6999969482422,207.97000122070312,205.55999755859375,207.63999938964844,828600
2018-04-17,196.92813110351562,212.6999969482422,213.35000610351562,207.83999633789062,208.47999572753906,1233000
2018-04-18,191.02125549316406,206.32000732421875,208.75,203.0,208.75,1700600
2018-04-19,180.63319396972656,195.10000610351562,203.6199951171875,194.19000244140625,203.50999450683594,2623900
2018-04-20,178.7074432373047,193.02000427246094,195.99000549316406,192.3000030517578,194.8300018310547,1729200
2018-04-23,177.13348388671875,191.32000732421875,195.27999877929688,190.64999389648438,194.44000244140625,808200
2018-04-24,179.6610565185547,194.0500030517578,197.07000732421875,191.6699981689453,196.02000427246094,1147600
2018-04-25,177.44830322265625,191.66000366210938,193.8300018310547,190.32000732421875,193.64999389648438,830300
2018-04-26,181.1702117919922,195.67999267578125,195.97999572753906,193.3000030517578,193.94000244140625,875600
2018-04-27,179.1040496826172,191.75,194.64999389648438,191.17999267578125,194.47999572753906,1109600
2018-04-30,176.02171325683594,188.4499969482422,190.2100067138672,187.6300048828125,189.6199951171875,645900
2018-05-01,178.81451416015625,191.44000244140625,191.75999450683594,187.97999572753906,188.5,484200
2018-05-02,177.78707885742188,190.33999633789062,192.19000244140625,189.97000122070312,191.2100067138672,509500
2018-05-03,180.03811645507812,192.75,193.8000030517578,189.9499969482422,192.52000427246094,1588200
2018-05-04,182.6160888671875,195.50999450683594,196.3000030517578,190.74000549316406,191.25,788000
2018-05-07,182.0276641845703,194.8800048828125,195.5500030517578,194.0,194.83999633789062,570300
2018-05-08,181.08424377441406,193.8699951171875,194.3800048828125,192.13999938964844,192.75,843800
2018-05-09,184.89517211914062,197.9499969482422,198.08999633789062,194.63999938964844,194.8699951171875,518200
2018-05-10,187.80943298339844,201.07000732421875,201.1199951171875,199.0,199.3300018310547,414200
2018-05-11,185.68914794921875,198.8000030517578,200.61000061035156,198.2899932861328,199.8800048828125,405000
2018-05-14,188.62203979492188,201.94000244140625,203.6699981689453,201.3000030517578,201.4199981689453,406800
2018-05-15,186.74459838867188,199.92999267578125,201.25999450683594,197.63999938964844,201.08999633789062,569700
2018-05-16,189.5000762939453,202.8800048828125,202.97000122070312,200.82000732421875,200.9600067138672,490900
2018-05-17,189.0330352783203,202.3800048828125,204.16000366210938,201.22000122070312,203.49000549316406,524400
2018-05-18,184.32542419433594,197.33999633789062,201.14999389648438,196.67999267578125,200.7899932861328,1002100
2018-05-21,189.15443420410156,202.50999450683594,202.88999938964844,200.91000366210938,202.32000732421875,1089000
2018-05-22,189.1824493408203,202.5399932861328,203.6300048828125,201.5500030517578,202.99000549316406,463600
2018-05-23,186.99679565429688,200.1999969482422,200.1999969482422,197.64999389648438,198.1199951171875,719300
2018-05-24,187.58523559570312,200.8300018310547,201.0800018310547,198.6300048828125,200.36000061035156,325300
2018-05-25,187.83746337890625,201.10000610351562,201.25,198.8000030517578,199.4600067138672,309800
2018-05-29,182.70016479492188,195.60000610351562,198.5800018310547,194.4600067138672,196.00999450683594,654000
2018-05-30,184.10125732421875,197.10000610351562,198.64999389648438,196.11000061035156,197.0,583200
2018-05-31,183.68092346191406,196.64999389648438,198.86000061035156,194.80999755859375,198.3699951171875,785700
2018-06-01,188.82754516601562,202.16000366210938,202.24000549316406,198.8000030517578,200.38999938964844,518000
2018-06-04,190.47146606445312,203.9199981689453,204.14999389648438,202.33999633789062,203.55999755859375,441300
2018-06-05,195.51536560058594,209.32000732421875,209.83999633789062,207.47000122070312,208.6300048828125,611000
2018-06-06,199.52236938476562,213.61000061035156,213.80999755859375,209.19000244140625,210.10000610351562,569900
2018-06-07,193.8714141845703,207.55999755859375,211.3300018310547,205.91000366210938,211.0500030517578,923400
2018-06-08,193.7686309814453,207.4499969482422,208.27999877929688,205.2899932861328,207.39999389648438,837500
2018-06-11,196.01971435546875,209.86000061035156,210.75999450683594,209.22999572753906,209.75999450683594,528100
2018-06-12,195.5339813232422,209.33999633789062,210.16000366210938,207.3300018310547,208.67999267578125,363900
2018-06-13,199.65316772460938,213.75,215.50999450683594,212.61000061035156,213.32000732421875,998900
2018-06-14,201.65203857421875,215.88999938964844,216.89999389648438,214.61000061035156,215.08999633789062,710700
2018-06-15,200.652587890625,214.82000732421875,215.5,213.80999755859375,215.0,821300
2018-06-18,197.17796325683594,211.10000610351562,211.2899932861328,208.5500030517578,209.83999633789062,599700
2018-06-19,192.5823974609375,206.17999267578125,206.44000244140625,201.77999877929688,203.75999450683594,749300
2018-06-20,191.94725036621094,205.5,206.55999755859375,204.4199981689453,205.58999633789062,542300
2018-06-21,190.77040100097656,204.24000549316406,206.9499969482422,203.52000427246094,206.83999633789062,893400
2018-06-22,192.75987243652344,206.3699951171875,207.6199951171875,204.10000610351562,207.02999877929688,730900
2018-06-25,183.68092346191406,196.64999389648438,201.49000549316406,195.7899932861328,201.36000061035156,1060000
2018-06-26,184.9138641357422,197.97000122070312,199.2899932861328,197.25,198.72000122070312,1106500
2018-06-27,181.1122589111328,193.89999389648438,200.38999938964844,193.72999572753906,199.74000549316406,663000
2018-06-28,180.81338500976562,193.5800018310547,193.66000366210938,190.0399932861328,190.69000244140625,887500
2018-06-29,184.9138641357422,197.97000122070312,199.5399932861328,197.60000610351562,198.02000427246094,894300
2018-07-02,182.37322998046875,195.25,195.3800048828125,189.80999755859375,193.6199951171875,1963200
2018-07-03,178.84255981445312,191.47000122070312,194.89999389648438,191.27000427246094,193.44000244140625,434600
2018-07-05,183.06443786621094,195.99000549316406,196.6699981689453,194.52000427246094,195.67999267578125,540800
2018-07-06,184.30673217773438,197.32000732421875,197.83999633789062,194.16000366210938,194.19000244140625,380300
2018-07-09,185.97865295410156,199.11000061035156,200.22000122070312,197.44000244140625,199.97999572753906,1242600
2018-07-10,186.27755737304688,199.42999267578125,200.69000244140625,198.5500030517578,200.47000122070312,977300
2018-07-11,180.82269287109375,193.58999633789062,197.49000549316406,193.3300018310547,196.6999969482422,842500
2018-07-12,186.1842041015625,199.3300018310547,199.3699951171875,196.27000427246094,196.8000030517578,625100
2018-07-13,186.05340576171875,199.19000244140625,200.32000732421875,198.57000732421875,200.32000732421875,422900
2018-07-16,186.88470458984375,200.0800018310547,201.13999938964844,199.3699951171875,199.86000061035156,1153300
2018-07-17,190.86375427246094,204.33999633789062,204.8800048828125,199.38999938964844,199.80999755859375,1383900
2018-07-18,203.5294647216797,217.89999389648438,218.47999572753906,212.75,213.08999633789062,3615000
2018-07-19,201.06358337402344,215.25999450683594,216.6999969482422,214.64999389648438,215.75,843000
2018-07-20,205.31350708007812,219.80999755859375,221.4600067138672,216.7100067138672,216.7100067138672,1371300
2018-07-23,206.21954345703125,220.77999877929688,221.66000366210938,217.0,219.57000732421875,930500
2018-07-24,199.6064453125,213.6999969482422,219.8699951171875,213.16000366210938,219.4600067138672,918500
2018-07-25,204.5288848876953,218.97000122070312,219.07000732421875,214.88999938964844,215.72000122070312,2240200
2018-07-26,202.36192321777344,216.64999389648438,216.83999633789062,214.22999572753906,216.07000732421875,1511000
2018-07-27,199.2328338623047,213.3000030517578,217.50999450683594,212.42999267578125,216.86000061035156,920600
2018-07-30,200.3537139892578,214.5,216.60000610351562,213.61000061035156,216.42999267578125,692600
2018-07-31,199.88665771484375,214.0,216.3000030517578,213.9600067138672,215.14999389648438,1162300
2018-08-01,199.80259704589844,213.91000366210938,215.3699951171875,212.74000549316406,214.00999450683594,802500
2018-08-02,201.586669921875,215.82000732421875,216.1199951171875,212.1999969482422,212.6699981689453,613900
2018-08-03,200.61521911621094,214.77999877929688,214.92999267578125,212.35000610351562,214.05999755859375,456100
2018-08-06,199.4850616455078,213.57000732421875,213.75999450683594,212.3800048828125,212.99000549316406,501000
2018-08-07,199.4757080078125,213.55999755859375,215.0,212.97000122070312,214.5399932861328,537600
2018-08-08,198.95263671875,213.0,214.3699951171875,212.88999938964844,213.64999389648438,491500
2018-08-09,195.375244140625,209.1699981689453,213.38999938964844,209.02999877929688,213.22000122070312,1016800
2018-08-10,190.44342041015625,203.88999938964844,205.60000610351562,202.64999389648438,204.74000549316406,842500
2018-08-13,191.20005798339844,204.6999969482422,206.0399932861328,204.5,204.91000366210938,914400
2018-08-14,192.05001831054688,205.61000061035156,207.3300018310547,204.92999267578125,207.13999938964844,408800
2018-08-15,184.13858032226562,197.13999938964844,201.60000610351562,195.82000732421875,201.27000427246094,1281400
2018-08-16,184.81112670898438,197.86000061035156,199.60000610351562,197.27000427246094,198.27000427246094,1250600
2018-08-17,184.3534393310547,197.3699951171875,197.66000366210938,193.89999389648438,194.74000549316406,730900
2018-08-20,186.33363342285156,199.49000549316406,199.9499969482422,197.52000427246094,198.8300018310547,538300
2018-08-21,187.26766967773438,200.49000549316406,201.61000061035156,199.49000549316406,199.80999755859375,699000
2018-08-22,187.56655883789062,200.80999755859375,201.14999389648438,199.2100067138672,200.13999938964844,385600
2018-08-23,186.3802947998047,199.5399932861328,202.22000122070312,199.36000061035156,201.8300018310547,374400
2018-08-24,189.59344482421875,202.97999572753906,203.17999267578125,201.52000427246094,201.69000244140625,301900
2018-08-27,194.8334503173828,208.58999633789062,209.22999572753906,205.47999572753906,206.16000366210938,546200
2018-08-28,193.05880737304688,206.69000244140625,208.05999755859375,204.94000244140625,207.6199951171875,437600
2018-08-29,193.18019104003906,206.82000732421875,207.57000732421875,205.50999450683594,205.5800018310547,401500
2018-08-30,191.66702270507812,205.1999969482422,206.85000610351562,204.72999572753906,205.3800048828125,352800
2018-08-31,191.52691650390625,205.0500030517578,205.66000366210938,203.6999969482422,204.3000030517578,388400
2018-09-04,186.32427978515625,199.47999572753906,199.89999389648438,197.3300018310547,199.0500030517578,693000
2018-09-05,182.25181579589844,195.1199951171875,198.14999389648438,194.1999969482422,197.8000030517578,633900
2018-09-06,172.28555297851562,184.4499969482422,192.1300048828125,183.42999267578125,191.55999755859375,2100300
2018-09-07,168.9416046142578,180.8699951171875,184.42999267578125,180.27999877929688,181.1999969482422,889600
2018-09-10,173.42501831054688,185.6699981689453,187.7100067138672,184.5800018310547,187.6300048828125,1003600
2018-09-11,171.27674865722656,183.3699951171875,183.85000610351562,181.27999877929688,182.4600067138672,610500
2018-09-12,163.8043212890625,175.3699951171875,177.47999572753906,172.69000244140625,177.3800048828125,3094700
2018-09-13,169.9970703125,182.0,184.6300048828125,181.14999389648438,182.30999755859375,2444700
2018-09-14,172.19210815429688,184.35000610351562,185.00999450683594,182.27000427246094,183.44000244140625,1095400
2018-09-17,171.01522827148438,183.08999633789062,185.0399932861328,182.75,184.0500030517578,574900
2018-09-18,174.2657012939453,186.57000732421875,187.61000061035156,184.7100067138672,184.7100067138672,687000
2018-09-19,176.5821533203125,189.0500030517578,189.27999877929688,186.27999877929688,186.67999267578125,1053800
2018-09-20,178.8612518310547,191.49000549316406,192.05999755859375,189.83999633789062,191.19000244140625,561200
2018-09-21,176.00302124023438,188.42999267578125,190.10000610351562,187.9600067138672,189.44000244140625,1116700
2018-09-24,178.84255981445312,191.47000122070312,191.5800018310547,189.44000244140625,190.75999450683594,509400
2018-09-25,177.66561889648438,190.2100067138672,192.35000610351562,189.16000366210938,192.1199951171875,515600
2018-09-26,176.34864807128906,188.8000030517578,191.3000030517578,186.58999633789062,186.8000030517578,701000
2018-09-27,176.29258728027344,188.74000549316406,189.83999633789062,187.74000549316406,188.11000061035156,298700
2018-09-28,175.6200714111328,188.02000427246094,188.27000427246094,185.4600067138672,185.52999877929688,609800
2018-10-01,177.5442352294922,190.0800018310547,192.52000427246094,189.50999450683594,190.8699951171875,513900
2018-10-02,177.6189422607422,190.16000366210938,192.33999633789062,188.27000427246094,188.27000427246094,421000
2018-10-03,179.1601104736328,191.80999755859375,192.33999633789062,189.94000244140625,191.25999450683594,826600
2018-10-04,175.0970458984375,187.4600067138672,191.0800018310547,184.89999389648438,190.94000244140625,610400
2018-10-05,171.6690673828125,183.7899932861328,186.97999572753906,181.58999633789062,185.89999389648438,691200
2018-10-08,169.6981964111328,181.67999267578125,182.8800048828125,179.69000244140625,181.0,603900
2018-10-09,170.88446044921875,182.9499969482422,183.9600067138672,180.38999938964844,180.67999267578125,596000
2018-10-10,160.5818634033203,171.9199981689453,176.52000427246094,171.85000610351562,174.61000061035156,1515900
2018-10-11,160.45108032226562,171.77999877929688,180.17999267578125,169.58999633789062,176.08999633789062,1665300
2018-10-12,162.7862091064453,174.27999877929688,176.33999633789062,171.35000610351562,175.4600067138672,906100
2018-10-15,161.91754150390625,173.35000610351562,175.1199951171875,172.8300018310547,173.4199981689453,672600
2018-10-16,169.7355499267578,181.72000122070312,182.24000549316406,177.77999877929688,178.3800048828125,823600
2018-10-17,172.80859375,185.00999450683594,189.25,183.30999755859375,187.5800018310547,1709500
2018-10-18,164.8037872314453,176.44000244140625,182.8000030517578,175.85000610351562,182.3800048828125,847700
2018-10-19,164.16860961914062,175.75999450683594,178.24000549316406,173.7100067138672,176.19000244140625,740400
2018-10-22,164.7010498046875,176.3300018310547,177.02000427246094,174.25999450683594,176.4600067138672,518600
2018-10-23,161.5439453125,172.9499969482422,174.4199981689453,167.25999450683594,167.52999877929688,1260800
2018-10-24,147.7292938232422,158.16000366210938,167.6999969482422,157.9499969482422,167.3000030517578,1942800
2018-10-25,157.891845703125,169.0399932861328,170.2899932861328,163.69000244140625,165.14999389648438,1067700
2018-10-26,155.2484588623047,166.2100067138672,169.16000366210938,162.25999450683594,164.39999389648438,876000
2018-10-29,152.59573364257812,163.3699951171875,169.6999969482422,160.3800048828125,168.52000427246094,745500
2018-10-30,157.61163330078125,168.74000549316406,169.41000366210938,165.66000366210938,166.10000610351562,1307500
2018-10-31,160.99285888671875,172.36000061035156,173.08999633789062,169.97999572753906,170.9600067138672,731400
2018-11-01,164.13121032714844,175.72000122070312,176.05999755859375,169.64999389648438,171.02999877929688,1352600
2018-11-02,163.4494171142578,174.99000549316406,178.67999267578125,172.82000732421875,178.07000732421875,948400
2018-11-05,161.45989990234375,172.86000061035156,173.5,169.7100067138672,172.49000549316406,567400
2018-11-06,165.72848510742188,177.42999267578125,177.6699981689453,174.0500030517578,174.30999755859375,1493800
2018-11-07,165.71914672851562,177.4199981689453,178.52000427246094,176.08999633789062,178.25999450683594,1039400
2018-11-08,163.4494171142578,174.99000549316406,177.36000061035156,174.1999969482422,175.3300018310547,1891400
2018-11-09,163.92575073242188,175.5,175.86000061035156,171.75,172.5500030517578,1748000
2018-11-12,157.8544158935547,169.0,170.27999877929688,167.0500030517578,170.1300048828125,2888200
2018-11-13,159.61976623535156,170.88999938964844,173.69000244140625,169.49000549316406,169.8300018310547,1433100
2018-11-14,161.3384246826172,172.72999572753906,174.5800018310547,172.02999877929688,173.58999633789062,1166700
2018-11-15,165.13070678710938,176.7899932861328,176.8000030517578,168.9600067138672,169.4600067138672,2028800
2018-11-16,157.84512329101562,168.99000549316406,171.0399932861328,167.88999938964844,170.08999633789062,3096800
2018-11-19,152.80125427246094,163.58999633789062,168.5399932861328,163.38999938964844,168.25,1476500
2018-11-20,150.6902618408203,161.3300018310547,163.08999633789062,156.5800018310547,157.0399932861328,2125600
2018-11-21,153.10012817382812,163.91000366210938,166.5,163.89999389648438,164.3000030517578,1074000
2018-11-23,152.86663818359375,163.66000366210938,164.52999877929688,162.1199951171875,162.1199951171875,742800
2018-11-26,156.38795471191406,167.42999267578125,167.66000366210938,164.2899932861328,165.13999938964844,1056800
2018-11-27,156.36929321289062,167.41000366210938,168.1699981689453,165.6300048828125,166.72999572753906,544300
2018-11-28,162.81422424316406,174.30999755859375,174.4199981689453,167.75,170.27999877929688,613300
2018-11-29,160.208251953125,171.52000427246094,173.25,170.9600067138672,172.52999877929688,1079700
2018-11-30,160.0494842529297,171.35000610351562,171.4499969482422,168.36000061035156,168.9600067138672,1360900
2018-12-03,165.94332885742188,177.66000366210938,178.1999969482422,173.1300048828125,173.86000061035156,2413300
2018-12-04,158.45220947265625,169.63999938964844,176.30999755859375,169.3800048828125,175.58999633789062,1625300
2018-12-06,155.3792266845703,166.35000610351562,166.5,162.25999450683594,164.52999877929688,1097300
2018-12-07,149.00897216796875,159.52999877929688,165.9199981689453,158.89999389648438,164.85000610351562,1412200
2018-12-10,150.7650146484375,161.41000366210938,163.0800018310547,158.80999755859375,161.52000427246094,915800
2018-12-11,150.82101440429688,161.47000122070312,164.85000610351562,160.4600067138672,163.82000732421875,1475500
2018-12-12,154.32371520996094,165.22000122070312,167.33999633789062,164.74000549316406,166.35000610351562,917700
2018-12-13,153.26821899414062,164.08999633789062,165.61000061035156,163.7100067138672,165.02000427246094,698200
2018-12-14,150.41001892089844,161.02999877929688,164.17999267578125,160.82000732421875,162.41000366210938,692500
2018-12-17,150.00840759277344,160.60000610351562,164.1999969482422,159.6199951171875,161.0,686500
2018-12-18,151.8578338623047,162.5800018310547,164.72999572753906,161.77000427246094,163.17999267578125,710200
2018-12-19,143.73159790039062,153.8800048828125,162.97999572753906,153.33999633789062,159.9499969482422,1580600
2018-12-20,142.61074829101562,152.67999267578125,156.75999450683594,151.69000244140625,156.2100067138672,2719400
2018-12-21,138.65969848632812,148.4499969482422,152.58999633789062,148.0,151.77000427246094,1805700
2018-12-24,135.44659423828125,145.00999450683594,150.49000549316406,144.80999755859375,149.13999938964844,321500
2018-12-26,142.83493041992188,152.9199981689453,153.00999450683594,144.5,146.49000549316406,634500
2018-12-27,144.20799255371094,154.38999938964844,154.41000366210938,149.57000732421875,149.83999633789062,725800
2018-12-28,144.86180114746094,155.08999633789062,157.69000244140625,154.75999450683594,157.5399932861328,676500
2018-12-31,145.35684204101562,155.6199951171875,157.02999877929688,153.9499969482422,156.0399932861328,356500
2019-01-02,145.99203491210938,156.3000030517578,157.25,153.83999633789062,154.27999877929688,602500
2019-01-03,137.9405059814453,147.67999267578125,152.22000122070312,147.3800048828125,151.19000244140625,1078600
2019-01-04,143.90907287597656,154.07000732421875,154.9600067138672,150.0399932861328,150.64999389648438,589500
2019-01-07,147.1969451904297,157.58999633789062,159.25999450683594,155.82000732421875,156.5,971900
2019-01-08,146.1134033203125,156.42999267578125,158.77000427246094,155.5500030517578,158.5,531700
2019-01-09,152.17539978027344,162.9199981689453,163.6300048828125,160.97000122070312,161.89999389648438,779900
2019-01-10,151.88583374023438,162.61000061035156,163.0500030517578,160.50999450683594,161.2899932861328,1028100
2019-01-11,151.3347625732422,162.02000427246094,163.3699951171875,160.8699951171875,161.5,639600
2019-01-14,148.22439575195312,158.69000244140625,160.35000610351562,158.25999450683594,160.10000610351562,680200
2019-01-15,148.728759765625,159.22999572753906,160.88999938964844,158.27999877929688,158.9199981689453,482700
2019-01-16,146.90736389160156,157.27999877929688,159.38999938964844,157.19000244140625,159.1699981689453,537600
2019-01-17,147.1502227783203,157.5399932861328,158.6300048828125,155.22000122070312,155.77999877929688,953000
2019-01-18,151.9699249267578,162.6999969482422,164.00999450683594,158.86000061035156,159.17999267578125,1664700
2019-01-22,148.98094177246094,159.5,161.0,157.97000122070312,160.89999389648438,968500
2019-01-23,151.42819213867188,162.1199951171875,164.0500030517578,160.66000366210938,163.3300018310547,1458900
2019-01-24,157.76100158691406,168.89999389648438,169.5399932861328,167.2899932861328,167.52999877929688,1385700
2019-01-25,165.00924682617188,176.66000366210938,176.83999633789062,172.6300048828125,173.2100067138672,1352900
2019-01-28,162.664794921875,174.14999389648438,175.42999267578125,171.24000549316406,171.74000549316406,2261100
2019-01-29,163.09446716308594,174.61000061035156,174.77999877929688,172.3300018310547,174.44000244140625,966800
2019-01-30,165.5043182373047,177.19000244140625,177.58999633789062,173.74000549316406,175.14999389648438,687600
2019-01-31,163.4867706298828,175.02999877929688,176.50999450683594,174.25999450683594,174.7100067138672,562100
2019-02-01,166.6438446044922,178.41000366210938,178.6300048828125,176.17999267578125,176.7899932861328,795000
2019-02-04,167.718017578125,179.55999755859375,179.72000122070312,177.86000061035156,178.42999267578125,543000
2019-02-05,169.63282775878906,181.61000061035156,182.1300048828125,179.55999755859375,179.80999755859375,650800
2019-02-06,174.53659057617188,186.86000061035156,187.0500030517578,184.02000427246094,184.0500030517578,1554900
2019-02-07,169.1564483642578,181.10000610351562,184.00999450683594,180.30999755859375,183.55999755859375,1474500
2019-02-08,169.12844848632812,181.07000732421875,181.57000732421875,177.83999633789062,178.11000061035156,633100
2019-02-11,166.74661254882812,178.52000427246094,179.88999938964844,178.07000732421875,179.4199981689453,653300
2019-02-12,170.73500061035156,182.7899932861328,183.25999450683594,180.32000732421875,180.32000732421875,901600
2019-02-13,170.28665161132812,182.30999755859375,183.60000610351562,182.08999633789062,182.6199951171875,653800
2019-02-14,172.17343139648438,184.3300018310547,184.8699951171875,182.66000366210938,183.17999267578125,1060100
2019-02-15,172.21078491210938,184.3699951171875,185.10000610351562,183.5,185.08999633789062,824400
2019-02-19,170.42674255371094,182.4600067138672,183.60000610351562,180.92999267578125,180.94000244140625,900500
2019-02-20,171.72509765625,183.85000610351562,184.27000427246094,181.80999755859375,181.8699951171875,600400
2019-02-21,170.49209594726562,182.52999877929688,183.2899932861328,181.13999938964844,181.80999755859375,712700
2019-02-22,172.69650268554688,184.88999938964844,185.1300048828125,183.30999755859375,184.30999755859375,495600
2019-02-25,174.65798950195312,186.99000549316406,188.27000427246094,186.2899932861328,187.8000030517578,737200
2019-02-26,173.135498046875,185.36000061035156,186.47000122070312,184.69000244140625,185.30999755859375,660600
2019-02-27,171.9772491455078,184.1199951171875,185.1300048828125,182.27000427246094,185.1300048828125,387900
2019-02-28,170.80972290039062,182.8699951171875,183.86000061035156,182.57000732421875,183.32000732421875,318500
2019-03-01,172.9019775390625,185.11000061035156,185.27000427246094,183.16000366210938,184.41000366210938,389800
2019-03-04,173.4157257080078,185.66000366210938,186.72999572753906,183.55999755859375,185.36000061035156,558300
2019-03-05,172.36024475097656,184.52999877929688,185.77999877929688,184.14999389648438,184.64999389648438,258700
2019-03-06,169.2124786376953,181.16000366210938,184.3800048828125,181.0399932861328,184.3000030517578,499300
2019-03-07,165.8125457763672,177.52000427246094,180.14999389648438,176.92999267578125,180.1300048828125,648300
2019-03-08,167.0454864501953,178.83999633789062,178.97000122070312,175.57000732421875,175.9600067138672,415700
2019-03-11,169.14706420898438,181.08999633789062,182.10000610351562,178.30999755859375,178.33999633789062,609900
2019-03-12,170.47344970703125,182.50999450683594,183.52999877929688,180.80999755859375,182.0,509000
2019-03-13,170.49209594726562,182.52999877929688,183.99000549316406,182.38999938964844,183.75,418500
2019-03-14,171.20201110839844,183.2899932861328,184.27999877929688,182.72999572753906,183.25,524100
2019-03-15,180.0941619873047,192.80999755859375,192.9600067138672,187.61000061035156,187.63999938964844,1445100
2019-03-18,178.06729125976562,190.63999938964844,191.42999267578125,189.3800048828125,190.52999877929688,589500
2019-03-19,178.22605895996094,190.80999755859375,192.5500030517578,189.38999938964844,191.58999633789062,683400
2019-03-20,178.53428649902344,191.13999938964844,192.69000244140625,188.38999938964844,190.49000549316406,584100
2019-03-21,181.54196166992188,194.36000061035156,195.4600067138672,189.94000244140625,189.9499969482422,770100
2019-03-22,175.3678741455078,187.75,191.88999938964844,187.4499969482422,191.36000061035156,937000
2019-03-25,174.04150390625,186.3300018310547,187.94000244140625,185.17999267578125,186.3300018310547,1028700
2019-03-26,174.9381866455078,187.2899932861328,187.9499969482422,186.07000732421875,186.19000244140625,414800
2019-03-27,171.92123413085938,184.05999755859375,187.9600067138672,183.10000610351562,187.1300048828125,786700
2019-03-28,172.052001953125,184.1999969482422,184.97000122070312,182.77000427246094,183.60000610351562,312100
2019-03-29,175.6481170654297,188.0500030517578,188.4199981689453,185.5,186.27999877929688,687400
2019-04-01,179.78590393066406,192.47999572753906,193.0,190.75999450683594,191.24000549316406,647500
2019-04-02,181.05624389648438,193.83999633789062,194.17999267578125,192.36000061035156,193.97999572753906,498300
2019-04-03,184.6990509033203,197.74000549316406,198.69000244140625,196.5800018310547,197.16000366210938,691700
2019-04-04,185.2968292236328,198.3800048828125,199.02000427246094,197.42999267578125,198.25,437500
2019-04-05,188.1083221435547,201.38999938964844,201.72000122070312,200.5,200.57000732421875,503300
2019-04-08,190.13522338867188,203.55999755859375,203.67999267578125,201.6300048828125,202.0,503600
2019-04-09,188.2764434814453,201.57000732421875,203.00999450683594,201.07000732421875,202.10000610351562,708300
2019-04-10,186.61383056640625,199.7899932861328,200.72000122070312,198.58999633789062,200.08999633789062,611600
2019-04-11,184.8578338623047,197.91000366210938,199.25,197.2899932861328,197.72000122070312,453300
2019-04-12,189.4440155029297,202.82000732421875,202.8800048828125,200.6699981689453,201.8300018310547,430900
2019-04-15,186.66053771972656,199.83999633789062,201.72999572753906,199.00999450683594,201.27999877929688,389400
2019-04-16,190.1912384033203,203.6199951171875,204.4600067138672,201.0800018310547,201.3800048828125,755200
2019-04-17,189.94842529296875,203.36000061035156,208.89999389648438,200.5800018310547,208.3800048828125,1280500
2019-04-18,192.33023071289062,205.91000366210938,207.02999877929688,204.5800018310547,206.0500030517578,1007900
2019-04-22,191.95655822753906,205.50999450683594,205.8699951171875,203.72999572753906,204.6199951171875,357500
2019-04-23,191.75108337402344,205.2899932861328,206.11000061035156,204.02999877929688,204.11000061035156,438200
2019-04-24,191.86318969726562,205.41000366210938,207.80999755859375,205.1999969482422,205.55999755859375,485700
2019-04-25,192.61044311523438,206.2100067138672,207.30999755859375,204.02000427246094,206.86000061035156,756700
2019-04-26,195.80072021484375,207.1999969482422,207.25999450683594,203.17999267578125,204.8699951171875,637900
2019-04-29,195.05419921875,206.41000366210938,207.25999450683594,205.05999755859375,205.91000366210938,365800
2019-04-30,197.33160400390625,208.82000732421875,209.00999450683594,206.2899932861328,206.63999938964844,337500
2019-05-01,195.03526306152344,206.38999938964844,210.8699951171875,206.3699951171875,209.9199981689453,391200
2019-05-02,194.6005401611328,205.92999267578125,207.47999572753906,204.08999633789062,206.5399932861328,405500
2019-05-03,197.1992645263672,208.67999267578125,208.69000244140625,206.22000122070312,206.77000427246094,345200
2019-05-06,193.88238525390625,205.1699981689453,205.5399932861328,201.0500030517578,202.24000549316406,413200
2019-05-07,189.64891052246094,200.69000244140625,203.0,198.41000366210938,203.0,623100
2019-05-08,190.34812927246094,201.42999267578125,203.57000732421875,200.89999389648438,201.69000244140625,573400
2019-05-09,188.04238891601562,198.99000549316406,199.94000244140625,194.74000549316406,198.3800048828125,688000
2019-05-10,187.80616760253906,198.74000549316406,200.0,195.42999267578125,198.11000061035156,780200
2019-05-13,179.96278381347656,190.44000244140625,193.97999572753906,189.9199981689453,193.39999389648438,994000
2019-05-14,187.1446075439453,198.0399932861328,198.97000122070312,194.72999572753906,195.33999633789062,1036700
2019-05-15,189.59213256835938,200.6300048828125,202.10000610351562,194.9600067138672,195.13999938964844,711300
2019-05-16,191.01910400390625,202.13999938964844,203.6699981689453,200.05999755859375,200.5399932861328,708600
2019-05-17,190.13075256347656,201.1999969482422,204.4600067138672,200.75,201.86000061035156,700300
2019-05-20,180.0005645751953,190.47999572753906,195.27000427246094,188.8699951171875,193.8699951171875,1287300
2019-05-21,183.09066772460938,193.75,195.16000366210938,193.0800018310547,194.5,736600
2019-05-22,180.9927978515625,191.52999877929688,193.83999633789062,191.47999572753906,191.47999572753906,505300
2019-05-23,180.1328582763672,190.6199951171875,191.4600067138672,188.8000030517578,189.57000732421875,835500
2019-05-24,179.35801696777344,189.8000030517578,192.66000366210938,189.6699981689453,191.97000122070312,432200
2019-05-28,180.48251342773438,190.99000549316406,193.3800048828125,190.88999938964844,192.6199951171875,665700
2019-05-29,178.18621826171875,188.55999755859375,190.0800018310547,186.89999389648438,188.55999755859375,1154100
2019-05-30,179.4429931640625,189.88999938964844,191.25,188.80999755859375,189.14999389648438,465300
2019-05-31,177.7042694091797,188.0500030517578,189.88999938964844,187.67999267578125,188.6199951171875,777300
2019-06-03,176.69309997558594,186.97999572753906,189.85000610351562,186.30999755859375,188.5800018310547,527300
2019-06-04,179.98167419433594,190.4600067138672,190.55999755859375,188.11000061035156,188.97000122070312,922600
2019-06-05,178.97999572753906,189.39999389648438,192.2100067138672,188.80999755859375,191.8300018310547,356400
2019-06-06,182.15513610839844,192.75999450683594,193.10000610351562,190.22000122070312,190.6699981689453,399300
2019-06-07,185.8027801513672,196.6199951171875,198.4600067138672,194.9600067138672,195.6300048828125,482300
2019-06-10,187.35255432128906,198.25999450683594,199.42999267578125,196.16000366210938,196.27000427246094,755900
2019-06-11,189.09132385253906,200.10000610351562,202.66000366210938,199.05999755859375,202.36000061035156,520400
2019-06-12,185.99179077148438,196.82000732421875,199.5500030517578,196.72999572753906,199.5500030517578,464500
2019-06-13,187.0406951904297,197.92999267578125,198.13999938964844,197.00999450683594,197.75999450683594,268300
2019-06-14,181.45584106445312,192.02000427246094,193.13999938964844,190.5,191.5500030517578,482300
2019-06-17,179.20677185058594,189.63999938964844,192.42999267578125,189.5399932861328,192.0,476400
2019-06-18,184.00730895996094,194.72000122070312,195.8000030517578,189.49000549316406,189.49000549316406,1358900
2019-06-19,185.99179077148438,196.82000732421875,198.22000122070312,195.32000732421875,196.47000122070312,358200
2019-06-20,190.56549072265625,201.66000366210938,203.61000061035156,200.49000549316406,203.11000061035156,431100
2019-06-21,191.14193725585938,202.27000427246094,202.8000030517578,200.41000366210938,201.3000030517578,562900
2019-06-24,191.6427764892578,202.8000030517578,203.86000061035156,201.8800048828125,203.38999938964844,476800
2019-06-25,188.08961486816406,199.0399932861328,203.08999633789062,198.1199951171875,202.8000030517578,535400
2019-06-26,193.1453094482422,204.38999938964844,204.97000122070312,203.0800018310547,204.38999938964844,784500
2019-06-27,193.71231079101562,204.99000549316406,205.52999877929688,204.08999633789062,204.69000244140625,345100
2019-06-28,196.49050903320312,207.92999267578125,209.77000427246094,207.6199951171875,209.27000427246094,405000
2019-07-01,203.14324951171875,214.97000122070312,216.58999633789062,212.97000122070312,215.97000122070312,634200
2019-07-02,202.62350463867188,214.4199981689453,215.27000427246094,213.36000061035156,214.52000427246094,572400
2019-07-03,202.0659637451172,213.8300018310547,214.7899932861328,213.38999938964844,213.8300018310547,297100
2019-07-05,198.2104034423828,209.75,210.3800048828125,207.19000244140625,209.52999877929688,428600
2019-07-08,196.58502197265625,208.02999877929688,209.50999450683594,206.82000732421875,208.57000732421875,425300
2019-07-09,195.2431640625,206.61000061035156,207.30999755859375,205.3000030517578,205.88999938964844,530000
2019-07-10,196.6701202392578,208.1199951171875,209.30999755859375,206.97000122070312,207.5,986500
2019-07-11,197.2559814453125,208.74000549316406,209.75,207.3000030517578,209.61000061035156,269600
2019-07-12,196.72679138183594,208.17999267578125,209.05999755859375,207.3800048828125,208.0399932861328,427400
2019-07-15,195.38491821289062,206.75999450683594,209.19000244140625,206.0500030517578,208.32000732421875,681300
2019-07-16,193.72171020507812,205.0,206.92999267578125,204.36000061035156,205.39999389648438,639200
2019-07-17,205.69468688964844,217.6699981689453,219.5800018310547,215.2100067138672,217.64999389648438,2050400
2019-07-18,214.18063354492188,226.64999389648438,226.99000549316406,221.57000732421875,221.69000244140625,1750500
2019-07-19,211.31736755371094,223.6199951171875,224.92999267578125,223.11000061035156,223.19000244140625,790500
2019-07-22,215.210693359375,227.74000549316406,228.1199951171875,225.2899932861328,225.2899932861328,787500
2019-07-23,217.54478454589844,230.2100067138672,231.3300018310547,229.32000732421875,230.8699951171875,831100
2019-07-24,221.1829833984375,234.05999755859375,234.5,230.00999450683594,230.19000244140625,786500
2019-07-25,217.39356994628906,230.0500030517578,232.97000122070312,229.72000122070312,232.75999450683594,521700
2019-07-26,218.14959716796875,230.85000610351562,232.41000366210938,230.8300018310547,232.22000122070312,399700
2019-07-29,218.26296997070312,230.97000122070312,231.25999450683594,229.38999938964844,230.61000061035156,325900
2019-07-30,215.7776641845703,228.33999633789062,229.41000366210938,227.3300018310547,227.66000366210938,462000
2019-07-31,210.5519256591797,222.80999755859375,227.36000061035156,221.2100067138672,227.05999755859375,519500
2019-08-01,209.25723266601562,221.44000244140625,229.97000122070312,219.17999267578125,225.97999572753906,834200
2019-08-02,207.8114471435547,219.91000366210938,222.5399932861328,218.19000244140625,222.5399932861328,555700
2019-08-05,200.45948791503906,212.1300048828125,216.4199981689453,210.3000030517578,216.3800048828125,693900
2019-08-06,203.067626953125,214.88999938964844,216.5399932861328,212.5500030517578,215.5800018310547,481400
2019-08-07,203.83306884765625,215.6999969482422,216.24000549316406,212.39999389648438,213.57000732421875,428700
2019-08-08,207.9248504638672,220.02999877929688,220.5500030517578,216.6699981689453,216.89999389648438,627600
2019-08-09,204.1071014404297,215.99000549316406,217.36000061035156,213.22000122070312,216.8300018310547,415100
2019-08-12,202.65184020996094,214.4499969482422,216.61000061035156,213.6999969482422,216.0500030517578,292000
2019-08-13,207.1405029296875,219.1999969482422,220.8000030517578,211.38999938964844,212.72000122070312,587600
2019-08-14,197.23709106445312,208.72000122070312,212.25,207.07000732421875,210.82000732421875,914100
2019-08-15,198.31436157226562,209.86000061035156,211.3300018310547,207.5800018310547,209.33999633789062,671500
2019-08-16,201.139892578125,212.85000610351562,213.3300018310547,209.08999633789062,209.2899932861328,574500
2019-08-19,203.82359313964844,215.69000244140625,217.42999267578125,215.1300048828125,216.82000732421875,329200
2019-08-20,202.878662109375,214.69000244140625,216.22000122070312,214.0800018310547,215.63999938964844,275200
2019-08-21,205.08987426757812,217.02999877929688,218.61000061035156,216.50999450683594,218.61000061035156,298100
2019-08-22,203.4172821044922,215.25999450683594,216.83999633789062,213.66000366210938,216.30999755859375,376100
2019-08-23,198.919189453125,210.5,216.5,209.60000610351562,213.6300048828125,591500
2019-08-26,202.21717834472656,213.99000549316406,214.44000244140625,212.30999755859375,213.86000061035156,296800
2019-08-27,202.292724609375,214.07000732421875,215.6699981689453,213.10000610351562,215.30999755859375,359700
2019-08-28,203.88031005859375,215.75,215.94000244140625,212.35000610351562,213.17999267578125,317500
2019-08-29,207.65084838867188,219.74000549316406,221.8699951171875,219.52999877929688,220.0500030517578,370300
2019-08-30,210.36288452148438,222.61000061035156,224.00999450683594,220.1199951171875,223.27000427246094,357600
2019-09-03,207.91539001464844,220.02000427246094,221.5800018310547,218.89999389648438,220.64999389648438,598700
2019-09-04,214.76654052734375,227.27000427246094,227.4499969482422,224.17999267578125,224.74000549316406,432700
2019-09-05,224.04627990722656,237.08999633789062,238.02999877929688,235.6999969482422,236.35000610351562,982300
2019-09-06,225.4354248046875,238.55999755859375,240.11000061035156,237.1699981689453,238.19000244140625,872100
2019-09-09,228.05300903320312,241.3300018310547,242.32000732421875,238.88999938964844,239.0800018310547,536700
2019-09-10,228.3743438720703,241.6699981689453,241.6699981689453,238.11000061035156,240.07000732421875,735500
2019-09-11,231.74790954589844,245.24000549316406,245.24000549316406,241.24000549316406,241.67999267578125,782500
2019-09-12,233.2504425048828,246.8300018310547,248.2100067138672,244.60000610351562,245.10000610351562,828000
2019-09-13,235.29159545898438,248.99000549316406,251.22999572753906,248.3699951171875,250.36000061035156,934000
2019-09-16,232.66456604003906,246.2100067138672,247.3300018310547,245.38999938964844,246.0800018310547,398900
2019-09-17,234.4505157470703,248.10000610351562,248.4199981689453,245.1999969482422,245.66000366210938,730000
2019-09-18,236.0475616455078,249.7899932861328,250.5399932861328,246.61000061035156,248.7100067138672,519400
2019-09-19,235.85858154296875,249.58999633789062,252.11000061035156,249.58999633789062,250.42999267578125,394700
2019-09-20,232.26763916015625,245.7899932861328,250.8800048828125,244.6699981689453,250.6999969482422,819500
2019-09-23,234.8096466064453,248.47999572753906,249.25,245.83999633789062,246.19000244140625,296100
2019-09-24,232.8346405029297,246.38999938964844,249.94000244140625,245.13999938964844,248.74000549316406,605600
2019-09-25,233.9119110107422,247.52999877929688,248.02999877929688,241.1699981689453,242.6699981689453,518300
2019-09-26,234.39382934570312,248.0399932861328,249.63999938964844,246.47000122070312,249.55999755859375,615100
2019-09-27,230.30209350585938,243.7100067138672,248.0500030517578,241.32000732421875,247.07000732421875,564500
2019-09-30,234.75296020507812,248.4199981689453,249.41000366210938,244.82000732421875,244.97999572753906,495000
2019-10-01,231.88963317871094,245.38999938964844,250.1699981689453,244.67999267578125,249.1699981689453,655300
2019-10-02,227.07022094726562,240.2899932861328,243.52000427246094,238.2899932861328,243.49000549316406,710100
2019-10-03,230.9068603515625,244.35000610351562,244.8800048828125,238.5399932861328,240.91000366210938,531000
2019-10-04,232.50389099121094,246.0399932861328,246.36000061035156,244.17999267578125,244.47000122070312,518000
2019-10-07,233.80796813964844,247.4199981689453,249.42999267578125,247.17999267578125,247.41000366210938,515900
2019-10-08,228.76174926757812,242.0800018310547,245.60000610351562,241.50999450683594,244.0500030517578,576700
2019-10-09,232.72122192382812,246.27000427246094,247.9499969482422,244.83999633789062,245.55999755859375,431300
2019-10-10,237.65406799316406,251.49000549316406,254.24000549316406,248.3800048828125,249.13999938964844,835700
2019-10-11,245.6958465576172,260.0,262.4599914550781,257.739990234375,258.3999938964844,1034300
2019-10-14,247.24563598632812,261.6400146484375,262.0,259.0899963378906,259.82000732421875,731800
2019-10-15,252.82098388671875,267.5400085449219,269.3900146484375,263.010009765625,263.44000244140625,1265400
2019-10-16,240.4701385498047,254.47000122070312,260.70001220703125,253.52999877929688,260.260009765625,1720200
2019-10-17,239.7991485595703,253.75999450683594,257.1700134277344,253.25999450683594,256.19000244140625,1543900
2019-10-18,240.4228515625,254.4199981689453,255.3000030517578,252.3300018310547,253.99000549316406,1640900
2019-10-21,246.10220336914062,260.42999267578125,261.0,257.1000061035156,257.7799987792969,790400
2019-10-22,241.24497985839844,255.2899932861328,260.2699890136719,255.07000732421875,258.80999755859375,797300
2019-10-23,243.484619140625,257.6600036621094,257.95001220703125,253.58999633789062,254.85000610351562,917100
2019-10-24,250.39242553710938,264.9700012207031,265.4800109863281,260.6499938964844,260.79998779296875,642300
2019-10-25,249.4663543701172,263.989990234375,264.70001220703125,261.8800048828125,262.45001220703125,550500
2019-10-28,251.84776306152344,266.510009765625,268.3599853515625,265.8800048828125,267.3900146484375,683000
2019-10-29,250.04278564453125,264.6000061035156,269.260009765625,264.239990234375,268.8800048828125,501900
2019-10-30,251.03504943847656,265.6499938964844,266.0199890136719,261.0799865722656,263.1600036621094,494700
2019-10-31,247.5574951171875,261.9700012207031,265.29998779296875,261.32000732421875,265.29998779296875,630600
2019-11-01,255.71266174316406,270.6000061035156,270.8399963378906,266.1600036621094,267.2099914550781,617600
2019-11-04,259.27178955078125,273.17999267578125,275.0,272.0799865722656,272.6000061035156,664600
2019-11-05,257.9620361328125,271.79998779296875,273.92999267578125,271.0,271.82000732421875,382700
2019-11-06,255.05783081054688,268.739990234375,270.1300048828125,267.80999755859375,269.54998779296875,909500
2019-11-07,254.02333068847656,267.6499938964844,270.7699890136719,267.20001220703125,269.0799865722656,560900
2019-11-08,253.68157958984375,267.2900085449219,268.20001220703125,264.69000244140625,265.7900085449219,743400
2019-11-11,253.140625,266.7200012207031,267.489990234375,265.1300048828125,266.1499938964844,451700
2019-11-12,253.9663848876953,267.5899963378906,269.1499938964844,266.6099853515625,268.20001220703125,336100
2019-11-13,256.17779541015625,269.9200134277344,270.489990234375,267.30999755859375,268.0299987792969,422800
2019-11-14,255.9973907470703,269.7300109863281,270.4599914550781,268.1499938964844,268.6499938964844,539200
2019-11-15,260.9706726074219,274.9700012207031,275.5199890136719,273.5799865722656,274.30999755859375,667900
2019-11-18,259.5469970703125,273.4700012207031,276.2300109863281,271.80999755859375,273.07000732421875,430700
2019-11-19,257.72467041015625,271.54998779296875,273.239990234375,270.3999938964844,272.95001220703125,465200
2019-11-20,255.18118286132812,268.8699951171875,272.0,267.0,271.29998779296875,408800
2019-11-21,253.4348907470703,267.0299987792969,269.510009765625,266.5899963378906,269.45001220703125,652100
2019-11-22,252.66612243652344,266.2200012207031,270.2300109863281,264.80999755859375,269.8699951171875,616000
2019-11-25,257.34515380859375,271.1499938964844,271.75,268.1300048828125,268.3599853515625,409800
2019-11-26,257.6488342285156,271.4700012207031,273.8399963378906,271.2099914550781,273.7200012207031,445600
2019-11-27,257.6582946777344,271.4800109863281,271.6499938964844,270.0799865722656,271.20001220703125,383300
2019-11-29,256.8421630859375,270.6199951171875,273.42999267578125,270.42999267578125,273.42999267578125,267600
2019-12-02,252.0681915283203,265.5899963378906,270.2099914550781,263.9200134277344,270.1099853515625,764600
2019-12-03,251.3563690185547,264.8399963378906,265.0,261.1099853515625,263.1400146484375,929800
2019-12-04,256.0260009765625,269.760009765625,270.4100036621094,268.1400146484375,268.9599914550781,447100
2019-12-05,259.8981628417969,273.8399963378906,275.17999267578125,271.3999938964844,272.80999755859375,639200
2019-12-06,265.8299865722656,280.0899963378906,281.9700012207031,278.6000061035156,280.79998779296875,724600
2019-12-09,263.39080810546875,277.5199890136719,282.5,277.42999267578125,282.1199951171875,427200
2019-12-10,264.8998718261719,279.1099853515625,280.2799987792969,277.2300109863281,277.8900146484375,380000
2019-12-11,269.5788879394531,284.0400085449219,284.3599853515625,278.44000244140625,278.44000244140625,465600
2019-12-12,272.615966796875,287.239990234375,287.2799987792969,281.29998779296875,281.70001220703125,856800
2019-12-13,275.13104248046875,289.8900146484375,291.8299865722656,287.1099853515625,288.5299987792969,723000
2019-12-16,278.0542297363281,292.9700012207031,293.95001220703125,291.2300109863281,291.2300109863281,552800
2019-12-17,279.8289794921875,294.8399963378906,297.0899963378906,293.05999755859375,296.9800109863281,401100
2019-12-18,277.2854919433594,292.1600036621094,295.6600036621094,291.9100036621094,294.8299865722656,478500
2019-12-19,276.96282958984375,291.82000732421875,291.8299865722656,289.1400146484375,290.6499938964844,410100
2019-12-20,278.6426696777344,293.5899963378906,294.3599853515625,292.30999755859375,292.75,824600
2019-12-23,281.0628662109375,296.1400146484375,297.4200134277344,295.45001220703125,295.5,424900
2019-12-24,279.9144592285156,294.92999267578125,295.19000244140625,291.29998779296875,293.989990234375,219500
2019-12-26,281.2526550292969,296.3399963378906,296.54998779296875,294.2300109863281,295.0400085449219,191300
2019-12-27,281.5658874511719,296.6700134277344,298.5,296.1499938964844,297.45001220703125,317000
2019-12-30,279.87652587890625,294.8900146484375,296.70001220703125,293.6499938964844,296.4200134277344,338900
2019-12-31,280.873046875,295.94000244140625,296.489990234375,293.3599853515625,294.9800109863281,298900
2020-01-02,287.4122314453125,302.8299865722656,303.32000732421875,300.6099853515625,301.2699890136719,573600
2020-01-03,282.7806701660156,297.95001220703125,300.75,297.6600036621094,298.0400085449219,410800
2020-01-06,280.5313720703125,295.5799865722656,295.7200012207031,292.42999267578125,293.1700134277344,617600
2020-01-07,283.5779724121094,298.7900085449219,301.2200012207031,297.4100036621094,298.6700134277344,477700
2020-01-08,286.5201110839844,301.8900146484375,303.19000244140625,299.94000244140625,300.6600036621094,536900
2020-01-09,286.03607177734375,301.3800048828125,303.9100036621094,300.2699890136719,303.2799987792969,579700
2020-01-10,281.1008605957031,296.17999267578125,300.510009765625,295.55999755859375,300.04998779296875,447700
2020-01-13,286.1025085449219,301.45001220703125,301.6199951171875,297.5,298.67999267578125,405700
2020-01-14,287.1465148925781,302.54998779296875,305.8999938964844,298.4700012207031,299.1499938964844,609600
2020-01-15,284.8021545410156,300.0799865722656,302.95001220703125,299.75,301.6000061035156,505300
2020-01-16,285.7513122558594,301.0799865722656,302.94000244140625,299.54998779296875,302.54998779296875,547500
2020-01-17,284.7643127441406,300.0400085449219,301.04998779296875,299.2699890136719,300.8999938964844,743900
2020-01-21,283.207763671875,298.3999938964844,301.25,297.4700012207031,298.1099853515625,573000
2020-01-22,281.1672058105469,296.25,301.6600036621094,296.010009765625,300.55999755859375,1108600
2020-01-23,279.3354797363281,294.32000732421875,297.1000061035156,291.55999755859375,296.92999267578125,713000
2020-01-24,280.7685852050781,295.8299865722656,299.3299865722656,294.489990234375,296.8900146484375,977800
2020-01-27,269.80657958984375,284.2799987792969,288.6199951171875,283.7699890136719,287.1600036621094,889100
2020-01-28,275.40631103515625,290.17999267578125,290.260009765625,285.1600036621094,286.2300109863281,1636100
2020-01-29,281.0628662109375,296.1400146484375,298.2900085449219,293.7099914550781,296.07000732421875,965500
2020-01-30,279.39239501953125,294.3800048828125,294.70001220703125,290.5400085449219,290.7900085449219,794100
2020-01-31,266.3709716796875,280.6600036621094,288.25,280.1700134277344,288.0,1272600
2020-02-03,273.4891052246094,288.1600036621094,288.8500061035156,283.32000732421875,283.6300048828125,823200
2020-02-04,283.9955749511719,299.2300109863281,299.260009765625,294.2300109863281,294.9100036621094,795300
2020-02-05,290.7246398925781,306.32000732421875,307.3500061035156,303.04998779296875,307.3500061035156,1042000
2020-02-06,293.79010009765625,309.54998779296875,309.6099853515625,306.6199951171875,307.5299987792969,698000
2020-02-07,289.4432373046875,304.9700012207031,305.6300048828125,303.20001220703125,304.6700134277344,1775900
2020-02-10,293.9134521484375,309.67999267578125,309.70001220703125,304.0,304.0400085449219,373000
2020-02-11,299.921142578125,316.010009765625,316.2699890136719,313.010009765625,313.0400085449219,789900
2020-02-12,301.27838134765625,317.44000244140625,317.7099914550781,315.25,315.6300048828125,656100
2020-02-13,301.0980224609375,317.25,318.3699951171875,314.0199890136719,314.95001220703125,742200
2020-02-14,300.1964416503906,316.29998779296875,319.2200012207031,314.510009765625,317.3699951171875,661400
2020-02-18,293.43890380859375,309.17999267578125,310.2099914550781,306.8900146484375,307.3999938964844,757100
2020-02-19,301.23095703125,317.3900146484375,317.6300048828125,311.0,311.1499938964844,1093900
2020-02-20,297.5105285644531,313.4700012207031,316.5799865722656,310.44000244140625,315.8500061035156,1118400
2020-02-21,290.4208984375,306.0,310.8299865722656,304.7300109863281,310.20001220703125,1134600
2020-02-24,275.61505126953125,290.3999938964844,295.2300109863281,288.2699890136719,289.04998779296875,1347400
2020-02-25,270.1009216308594,284.5899963378906,295.92999267578125,284.44000244140625,295.54998779296875,1166700
2020-02-26,271.7427673339844,286.32000732421875,292.30999755859375,285.5899963378906,289.45001220703125,861100
2020-02-27,263.1155700683594,277.2300109863281,286.8500061035156,275.8699951171875,278.8599853515625,1373900
2020-02-28,262.6220397949219,276.7099914550781,277.4599914550781,265.9800109863281,267.80999755859375,1647400
2020-03-02,272.85321044921875,287.489990234375,287.489990234375,275.4700012207031,279.6199951171875,1081300
2020-03-03,269.8256530761719,284.29998779296875,296.8500061035156,282.2200012207031,292.92999267578125,1916300
2020-03-04,286.2543640136719,301.6099853515625,301.989990234375,289.9800109863281,292.3900146484375,1289500
2020-03-05,273.5745544433594,288.25,295.94000244140625,286.0400085449219,291.0400085449219,1453900
2020-03-06,273.441650390625,288.1099853515625,288.239990234375,281.2900085449219,284.4599914550781,1148400
2020-03-09,250.4737548828125,263.9100036621094,276.3699951171875,263.8599853515625,265.45001220703125,1759600
2020-03-10,265.5167236328125,279.760009765625,280.3500061035156,265.0,277.989990234375,1699200
2020-03-11,250.69204711914062,264.1400146484375,274.3299865722656,260.55999755859375,272.510009765625,1175900
2020-03-12,228.49285888671875,240.75,254.86000061035156,237.5500030517578,245.4199981689453,2779800
2020-03-13,243.86810302734375,256.95001220703125,257.8599853515625,233.83999633789062,257.05999755859375,2637200
2020-03-16,217.68275451660156,229.36000061035156,248.2100067138672,209.6199951171875,220.64999389648438,1496800
2020-03-17,226.20555114746094,238.33999633789062,239.97999572753906,225.02000427246094,231.5500030517578,1642500
2020-03-18,186.96080017089844,196.99000549316406,226.2899932861328,191.25,213.36000061035156,3131900
2020-03-19,203.13327026367188,214.02999877929688,219.24000549316406,200.58999633789062,205.80999755859375,1634600
2020-03-20,205.0978546142578,216.10000610351562,237.32000732421875,215.58999633789062,225.14999389648438,2316700
2020-03-23,221.27978515625,233.14999389648438,235.3000030517578,222.6699981689453,225.3300018310547,1731500
2020-03-24,246.96212768554688,260.2099914550781,260.5299987792969,250.8000030517578,254.3300018310547,1427600
2020-03-25,248.72738647460938,262.07000732421875,272.3399963378906,251.9499969482422,260.6700134277344,1211300
2020-03-26,261.8533020019531,275.8999938964844,277.1400146484375,261.6099853515625,262.8900146484375,1018600
2020-03-27,239.75856018066406,252.6199951171875,263.7099914550781,251.80999755859375,262.2099914550781,1518300
2020-03-30,254.38397216796875,268.0299987792969,270.1300048828125,260.69000244140625,263.57000732421875,1142400
2020-03-31,248.31930541992188,261.6400146484375,268.5899963378906,259.0,268.1199951171875,881800
2020-04-01,236.33233642578125,249.00999450683594,257.67999267578125,247.3800048828125,253.1300048828125,715700
2020-04-02,234.69039916992188,247.27999877929688,251.9600067138672,242.25,243.8699951171875,788600
2020-04-03,232.1563720703125,244.61000061035156,248.0,242.47999572753906,246.05999755859375,571700
2020-04-06,257.326171875,271.1300048828125,272.7799987792969,259.4200134277344,260.0,807600
2020-04-07,258.7118225097656,272.5899963378906,281.2799987792969,271.0,280.4599914550781,768200
2020-04-08,264.39678955078125,278.5799865722656,281.3399963378906,274.4100036621094,278.0299987792969,891700
2020-04-09,262.71697998046875,276.80999755859375,285.1300048828125,275.1199951171875,282.2200012207031,728900
2020-04-13,260.1449279785156,274.1000061035156,276.1499938964844,272.010009765625,274.8500061035156,789400
2020-04-14,274.2198791503906,288.92999267578125,294.760009765625,285.04998779296875,286.989990234375,1700600
2020-04-15,268.10772705078125,282.489990234375,284.5400085449219,275.04998779296875,276.9200134277344,1487600
2020-04-16,277.51318359375,292.3999938964844,292.54998779296875,286.1700134277344,289.8299865722656,1212000
2020-04-17,280.59771728515625,295.6499938964844,301.42999267578125,293.6099853515625,301.25,899100
2020-04-20,276.7350158691406,291.5799865722656,298.010009765625,291.44000244140625,291.6499938964844,510100
2020-04-21,266.779052734375,281.0899963378906,287.54998779296875,278.57000732421875,286.07000732421875,663700
2020-04-22,279.95245361328125,294.9700012207031,295.4700012207031,288.2300109863281,290.0,596100
2020-04-23,274.6659240722656,289.3999938964844,297.1600036621094,288.30999755859375,290.94000244140625,730500
2020-04-24,278.38421630859375,291.8399963378906,292.4599914550781,285.9700012207031,289.8900146484375,464200
2020-04-27,277.4875793457031,290.8999938964844,294.760009765625,290.2799987792969,293.7900085449219,689100
2020-04-28,277.983642578125,291.4200134277344,297.5899963378906,291.0899963378906,297.5899963378906,532000
2020-04-29,289.7069396972656,303.7099914550781,304.760009765625,295.3500061035156,296.29998779296875,968000
2020-04-30,275.1314697265625,288.42999267578125,301.5299987792969,287.05999755859375,301.3599853515625,846300
2020-05-01,266.1934509277344,279.05999755859375,283.8599853515625,278.20001220703125,283.8599853515625,862800
2020-05-04,270.1235656738281,283.17999267578125,283.2300109863281,275.9599914550781,279.6000061035156,1036900
2020-05-05,275.0552062988281,288.3500061035156,293.0,284.3299865722656,284.3299865722656,821600
2020-05-06,278.4415283203125,291.8999938964844,295.7799987792969,290.7900085449219,293.8900146484375,552400
2020-05-07,285.77691650390625,299.5899963378906,300.1199951171875,294.54998779296875,297.94000244140625,570800
2020-05-08,290.36517333984375,304.3999938964844,304.510009765625,299.44000244140625,300.2200012207031,680600
2020-05-11,290.3556823730469,304.3900146484375,305.79998779296875,298.3500061035156,298.6000061035156,513600
2020-05-12,282.9533996582031,296.6300048828125,305.8999938964844,296.239990234375,305.3800048828125,481700
2020-05-13,280.6640930175781,294.2300109863281,301.4700012207031,290.75,298.489990234375,1142300
2020-05-14,288.6004638671875,302.54998779296875,303.760009765625,283.30999755859375,286.1700134277344,1296800
2020-05-15,279.052001953125,292.5400085449219,296.2200012207031,290.1000061035156,292.75,957200
2020-05-18,290.8326110839844,304.8900146484375,306.55999755859375,297.6600036621094,297.69000244140625,997000
2020-05-19,292.1298828125,306.25,311.989990234375,303.7300109863281,303.82000732421875,687400
2020-05-20,310.6258850097656,325.6400146484375,326.260009765625,317.54998779296875,318.239990234375,1084900
2020-05-21,304.28253173828125,318.989990234375,324.4599914550781,317.29998779296875,322.6000061035156,639200
2020-05-22,304.6354064941406,319.3599853515625,319.5,314.32000732421875,315.9700012207031,365400
2020-05-26,305.1123352050781,319.8599853515625,325.3800048828125,319.3800048828125,322.4599914550781,540400
2020-05-27,303.8436584472656,318.5299987792969,319.6000061035156,311.1099853515625,318.989990234375,808100
2020-05-28,305.2173156738281,319.9700012207031,329.0799865722656,319.4100036621094,321.260009765625,797900
2020-05-29,314.31744384765625,329.510009765625,329.9800109863281,324.239990234375,325.45001220703125,649500
2020-06-01,311.66558837890625,326.7300109863281,327.1600036621094,323.5,323.8800048828125,526100
2020-06-02,319.29669189453125,334.7300109863281,335.0199890136719,328.7699890136719,331.69000244140625,717200
2020-06-03,330.33331298828125,346.29998779296875,347.4599914550781,338.8500061035156,340.510009765625,693900
2020-06-04,336.8293151855469,353.1099853515625,353.3900146484375,347.0,347.8500061035156,884600
2020-06-05,340.74981689453125,357.2200012207031,364.1600036621094,356.1600036621094,359.0,899200
2020-06-08,333.1473388671875,349.25,351.57000732421875,343.1099853515625,350.9700012207031,1001700
2020-06-09,333.2236022949219,349.3299865722656,353.1400146484375,345.17999267578125,346.6199951171875,737200
2020-06-10,331.87860107421875,347.9200134277344,353.4200134277344,347.7099914550781,351.010009765625,997900
2020-06-11,317.5416564941406,332.8900146484375,344.82000732421875,332.79998779296875,341.6000061035156,919300
2020-06-12,327.2521667480469,343.07000732421875,347.2699890136719,337.25,346.260009765625,845000
2020-06-15,333.87225341796875,350.010009765625,350.010009765625,336.6300048828125,337.510009765625,598200
2020-06-16,335.8182678222656,352.04998779296875,355.0,347.0400085449219,351.25,863900
2020-06-17,345.7005310058594,362.4100036621094,365.75,360.4100036621094,361.3800048828125,710400
2020-06-18,342.3332214355469,358.8800048828125,361.79998779296875,356.5199890136719,359.5799865722656,494700
2020-06-19,344.0407409667969,360.6700134277344,368.1400146484375,359.5899963378906,364.7300109863281,786900
2020-06-22,347.4938659667969,364.2900085449219,364.92999267578125,359.82000732421875,362.3800048828125,554500
2020-06-23,349.7354736328125,366.6400146484375,371.79998779296875,366.54998779296875,370.6099853515625,604100
2020-06-24,344.9087219238281,361.5799865722656,367.55999755859375,359.5299987792969,365.5899963378906,613500
2020-06-25,349.6495666503906,366.54998779296875,366.92999267578125,358.5799865722656,362.4700012207031,465100
2020-06-26,345.0804443359375,361.760009765625,368.20001220703125,361.0,367.42999267578125,493000
2020-06-29,347.98992919921875,364.80999755859375,365.1000061035156,358.1099853515625,362.92999267578125,612800
2020-06-30,351.0614013671875,368.0299987792969,368.9100036621094,362.19000244140625,362.2200012207031,678600
2020-07-01,350.6416320800781,367.5899963378906,370.19000244140625,365.2699890136719,368.0299987792969,516600
2020-07-02,356.0121154785156,373.2200012207031,375.8800048828125,372.4100036621094,373.55999755859375,449400
2020-07-06,367.6877136230469,385.4599914550781,389.489990234375,383.5,386.2799987792969,752900
2020-07-07,364.4063415527344,382.0199890136719,388.6099853515625,381.8699951171875,385.3999938964844,410900
2020-07-08,373.8594055175781,391.92999267578125,392.1499938964844,386.8900146484375,388.8299865722656,599300
2020-07-09,376.5208435058594,394.7200012207031,395.67999267578125,386.1000061035156,395.45001220703125,644200
2020-07-10,377.5987548828125,395.8500061035156,399.19000244140625,391.95001220703125,399.0799865722656,667200
2020-07-13,370.70208740234375,388.6199951171875,402.8699951171875,387.8699951171875,397.8599853515625,1083600
2020-07-14,378.53350830078125,396.8299865722656,397.54998779296875,385.4100036621094,386.6300048828125,880100
2020-07-15,358.1202392578125,375.42999267578125,387.69000244140625,372.510009765625,387.1700134277344,1640300
2020-07-16,367.4588317871094,385.2200012207031,393.8599853515625,372.82000732421875,374.1000061035156,2240900
2020-07-17,365.90399169921875,383.5899963378906,387.04998779296875,380.1099853515625,385.42999267578125,1048700
2020-07-20,373.4301452636719,391.4800109863281,392.4700012207031,382.0799865722656,383.9100036621094,972600
2020-07-21,366.1234130859375,383.82000732421875,392.2900085449219,383.1600036621094,392.1400146484375,823700
2020-07-22,374.49853515625,392.6000061035156,394.54998779296875,389.75,392.6199951171875,710100
2020-07-23,366.51446533203125,384.2300109863281,394.2099914550781,381.8900146484375,390.04998779296875,990800
2020-07-24,350.7275390625,367.67999267578125,375.1600036621094,366.7699890136719,371.010009765625,1628900
2020-07-27,364.1774597167969,381.7799987792969,383.7900085449219,376.260009765625,377.989990234375,1080300
2020-07-28,359.00732421875,376.3599853515625,381.739990234375,376.19000244140625,381.1099853515625,502000
2020-07-29,347.8086242675781,364.6199951171875,366.1600036621094,361.69000244140625,365.0,1446700
2020-07-30,346.00579833984375,362.7300109863281,362.82000732421875,354.8599853515625,355.8500061035156,1010400
2020-07-31,337.4112243652344,353.7200012207031,362.1600036621094,350.739990234375,361.95001220703125,954900
2020-08-03,349.70684814453125,366.6099853515625,367.1499938964844,359.82000732421875,361.0199890136719,862400
2020-08-04,353.2553405761719,370.3299865722656,371.8699951171875,368.20001220703125,368.42999267578125,833400
2020-08-05,351.5192565917969,368.510009765625,373.2099914550781,366.7099914550781,371.010009765625,591300
2020-08-06,352.2061462402344,369.2300109863281,369.55999755859375,364.17999267578125,368.04998779296875,402100
2020-08-07,349.1917419433594,366.07000732421875,371.1700134277344,362.3299865722656,370.739990234375,572500
2020-08-10,348.5622253417969,365.4100036621094,366.7799987792969,359.5400085449219,364.760009765625,547900
2020-08-11,344.6512756347656,361.30999755859375,369.3699951171875,360.6600036621094,366.0400085449219,627000
2020-08-12,357.5288391113281,374.80999755859375,376.0299987792969,365.6400146484375,366.5899963378906,565400
2020-08-13,357.4811096191406,374.760009765625,378.1400146484375,373.0,376.5799865722656,470700
2020-08-14,353.98980712890625,371.1000061035156,374.1499938964844,369.6700134277344,371.0799865722656,543900
2020-08-17,361.0582580566406,378.510009765625,380.5,376.25,376.6600036621094,428200
2020-08-18,359.8277282714844,377.2200012207031,383.9800109863281,376.989990234375,383.6099853515625,466500
2020-08-19,357.65283203125,374.94000244140625,380.42999267578125,373.9599914550781,380.3900146484375,354400
2020-08-20,355.010498046875,372.1700134277344,373.3800048828125,368.3800048828125,369.5400085449219,498200
2020-08-21,354.962890625,372.1199951171875,372.1300048828125,365.5400085449219,366.1499938964844,605400
2020-08-24,360.5621643066406,377.989990234375,380.79998779296875,374.5299987792969,380.25,590700
2020-08-25,363.271240234375,380.8299865722656,380.8299865722656,376.2699890136719,379.29998779296875,378200
2020-08-26,368.12652587890625,385.9200134277344,386.6700134277344,380.0799865722656,380.0899963378906,417600
2020-08-27,358.8738098144531,376.2200012207031,386.79998779296875,373.239990234375,386.7200012207031,636100
2020-08-28,361.9739685058594,379.4700012207031,379.8900146484375,374.79998779296875,376.1199951171875,490200
2020-08-31,356.9278259277344,374.17999267578125,378.44000244140625,373.30999755859375,375.9200134277344,533300
2020-09-01,369.06134033203125,386.8999938964844,386.8999938964844,382.3299865722656,384.1099853515625,634500
2020-09-02,380.11700439453125,398.489990234375,401.1499938964844,390.489990234375,395.6600036621094,904300
2020-09-03,358.81658935546875,376.1600036621094,389.30999755859375,370.0799865722656,389.1000061035156,1258500
2020-09-04,350.47955322265625,367.4200134277344,371.0,352.8599853515625,365.5,1206300
2020-09-08,331.3348693847656,347.3500061035156,353.3900146484375,343.25,345.3699951171875,1541000
2020-09-09,342.8006591796875,359.3699951171875,361.5400085449219,353.510009765625,357.9700012207031,847300
2020-09-10,340.5398864746094,357.0,366.80999755859375,355.0299987792969,364.2699890136719,678600
2020-09-11,342.6671447753906,359.2300109863281,367.1499938964844,357.5899963378906,364.0,678700
2020-09-14,350.9754943847656,367.94000244140625,369.9800109863281,365.3599853515625,369.7699890136719,575700
2020-09-15,353.1789855957031,370.25,374.760009765625,369.1000061035156,374.54998779296875,717100
2020-09-16,345.6719055175781,362.3800048828125,372.9800109863281,362.3599853515625,372.0,973900
2020-09-17,349.830810546875,366.739990234375,367.6300048828125,355.1400146484375,355.510009765625,901000
2020-09-18,349.4492492675781,366.3399963378906,370.9100036621094,359.92999267578125,370.2900085449219,912200
2020-09-21,345.9007873535156,362.6199951171875,363.0,352.57000732421875,355.30999755859375,657900
2020-09-22,347.8277282714844,364.6400146484375,365.1000061035156,358.7300109863281,363.989990234375,971200
2020-09-23,341.0741271972656,357.55999755859375,366.5799865722656,356.92999267578125,365.2099914550781,709800
2020-09-24,343.5543212890625,360.1600036621094,363.5899963378906,353.67999267578125,354.6499938964844,768400
2020-09-25,343.85955810546875,360.4800109863281,361.1099853515625,351.0899963378906,352.82000732421875,724100
2020-09-28,353.9516906738281,371.05999755859375,371.489990234375,364.3500061035156,365.8999938964844,821900
2020-09-29,356.7561340332031,374.0,375.8800048828125,369.57000732421875,370.07000732421875,608800
2020-09-30,352.24420166015625,369.2699890136719,373.25,367.5,368.7799987792969,867800
2020-10-01,364.3968200683594,382.010009765625,382.6499938964844,374.4200134277344,375.5299987792969,891600
2020-10-02,352.9405517578125,370.0,375.7200012207031,370.0,372.3999938964844,711600
2020-10-05,364.4922180175781,382.1099853515625,382.3999938964844,374.9100036621094,375.1499938964844,649900
2020-10-06,353.0455017089844,370.1099853515625,377.3800048828125,368.55999755859375,374.20001220703125,686600
2020-10-07,358.47308349609375,375.79998779296875,376.5299987792969,371.6300048828125,374.42999267578125,550900
2020-10-08,363.3284606933594,380.8900146484375,380.95001220703125,376.44000244140625,376.7699890136719,686700
2020-10-09,371.0549621582031,388.989990234375,389.9800109863281,385.7699890136719,385.79998779296875,539300
2020-10-12,380.6415710449219,399.0400085449219,401.0,395.42999267578125,395.42999267578125,840300
2020-10-13,386.4699401855469,405.1499938964844,409.1099853515625,398.2799987792969,401.510009765625,1027900
2020-10-14,379.67822265625,398.0299987792969,406.0,395.5,402.6400146484375,954800
2020-10-15,368.7466125488281,386.57000732421875,387.9200134277344,380.7200012207031,383.79998779296875,786200
2020-10-16,369.06134033203125,386.8999938964844,392.3800048828125,385.8699951171875,390.760009765625,594500
2020-10-19,367.544677734375,385.30999755859375,392.2699890136719,383.7900085449219,392.19000244140625,392700
2020-10-20,367.2107849121094,384.9599914550781,389.2699890136719,384.260009765625,386.82000732421875,356800
2020-10-21,365.3412170410156,383.0,389.2900085449219,382.9800109863281,385.6499938964844,359100
2020-10-22,358.1869812011719,375.5,382.0899963378906,375.3999938964844,381.1000061035156,611700
2020-10-23,361.10595703125,378.55999755859375,379.55999755859375,374.1400146484375,378.8399963378906,467600
2020-10-26,350.54632568359375,367.489990234375,374.8800048828125,364.0,371.54998779296875,900400
2020-10-27,349.47796630859375,366.3699951171875,370.5400085449219,364.4599914550781,368.4100036621094,968700
2020-10-28,346.1297302246094,362.8599853515625,365.07000732421875,357.3800048828125,359.4700012207031,953100
2020-10-29,353.7609558105469,370.8599853515625,373.79998779296875,362.2200012207031,363.3399963378906,808800
2020-10-30,344.5558776855469,361.2099914550781,365.8299865722656,359.010009765625,363.80999755859375,821100
2020-11-02,349.7229919433594,365.2099914550781,368.32000732421875,361.7200012207031,364.4800109863281,893200
2020-11-03,356.2825012207031,372.05999755859375,376.3900146484375,367.8599853515625,368.4599914550781,813500
2020-11-04,366.7586364746094,383.0,384.9599914550781,372.32000732421875,373.6600036621094,2451500
2020-11-05,381.3045349121094,398.19000244140625,399.67999267578125,393.4599914550781,397.20001220703125,1115500
2020-11-06,389.01312255859375,406.239990234375,407.5,398.19000244140625,402.1000061035156,710700
2020-11-09,389.0992736816406,406.3299865722656,420.6499938964844,406.32000732421875,417.0400085449219,1273700
2020-11-10,382.3674011230469,399.29998779296875,410.1099853515625,397.9800109863281,409.1199951171875,1323100
2020-11-11,400.322265625,418.04998779296875,418.6400146484375,407.2799987792969,407.3999938964844,933300
2020-11-12,395.2182922363281,412.7200012207031,421.17999267578125,412.010009765625,419.0,800800
2020-11-13,401.7969665527344,419.5899963378906,421.3800048828125,416.3800048828125,419.57000732421875,582700
2020-11-16,408.42352294921875,426.510009765625,426.6499938964844,419.6300048828125,419.95001220703125,547300
2020-11-17,408.39483642578125,426.4800109863281,427.45001220703125,422.25,424.9200134277344,524600
2020-11-18,405.8380126953125,423.80999755859375,427.3599853515625,421.0199890136719,424.1199951171875,543600
2020-11-19,405.40716552734375,423.3599853515625,423.3800048828125,416.8699951171875,417.30999755859375,914100
2020-11-20,405.6273498535156,423.5899963378906,428.3999938964844,423.5199890136719,424.0400085449219,484000
2020-11-23,409.03643798828125,427.1499938964844,429.6400146484375,421.95001220703125,427.989990234375,596000
2020-11-24,406.27850341796875,424.2699890136719,427.6099853515625,423.0199890136719,425.4200134277344,610400
2020-11-25,405.52203369140625,423.4800109863281,424.67999267578125,420.75,423.260009765625,308200
2020-11-27,419.20599365234375,437.7699890136719,438.7200012207031,428.7799987792969,429.3299865722656,432500
2020-11-30,419.16778564453125,437.7300109863281,441.2900085449219,433.6700134277344,440.5400085449219,508500
2020-12-01,430.18963623046875,449.239990234375,451.7300109863281,444.4800109863281,447.1000061035156,685100
2020-12-02,431.8750305175781,451.0,452.1099853515625,444.260009765625,447.1600036621094,1050700
2020-12-03,433.6944580078125,452.8999938964844,459.2200012207031,452.30999755859375,457.010009765625,677900
2020-12-04,444.6972351074219,464.3900146484375,464.5,453.4700012207031,454.0,660800
2020-12-07,449.81072998046875,469.7300109863281,471.010009765625,464.1000061035156,464.55999755859375,632900
2020-12-08,448.699951171875,468.57000732421875,470.8500061035156,464.94000244140625,465.9200134277344,738800
2020-12-09,433.6849670410156,452.8900146484375,465.9599914550781,450.5199890136719,463.79998779296875,868800
2020-12-10,438.38665771484375,457.79998779296875,458.8800048828125,449.1199951171875,451.1400146484375,539300
2020-12-11,433.4358825683594,452.6300048828125,457.1499938964844,451.8399963378906,453.80999755859375,512100
2020-12-14,433.7806091308594,452.989990234375,456.82000732421875,452.1700134277344,452.3399963378906,546100
2020-12-15,449.39898681640625,469.29998779296875,469.6199951171875,461.8900146484375,464.510009765625,639200
2020-12-16,451.534423828125,471.5299987792969,472.239990234375,465.010009765625,467.989990234375,524900
2020-12-17,457.0597839355469,477.29998779296875,481.32000732421875,476.010009765625,478.7300109863281,477300
2020-12-18,457.0023193359375,477.239990234375,479.45001220703125,474.32000732421875,478.489990234375,730700
2020-12-21,452.2334899902344,472.260009765625,472.2799987792969,459.4800109863281,460.260009765625,622800
2020-12-22,455.98724365234375,476.17999267578125,478.6199951171875,472.95001220703125,473.4800109863281,431300
2020-12-23,454.4934387207031,474.6199951171875,480.3900146484375,474.20001220703125,478.94000244140625,389200
2020-12-24,462.604248046875,483.0899963378906,484.6000061035156,477.0799865722656,478.95001220703125,271900
2020-12-28,459.8750915527344,480.239990234375,488.7200012207031,478.42999267578125,487.1400146484375,449300
2020-12-29,463.48529052734375,484.010009765625,489.45001220703125,482.510009765625,489.45001220703125,377200
2020-12-30,469.13507080078125,489.9100036621094,492.6600036621094,488.0,488.1300048828125,381900
2020-12-31,467.0378723144531,487.7200012207031,490.5199890136719,483.45001220703125,490.0,312700
2021-01-04,478.797119140625,500.0,504.75,490.7099914550781,499.989990234375,1527600
2021-01-05,483.9298095703125,505.3599853515625,505.3599853515625,493.8900146484375,494.1600036621094,1029900
2021-01-06,469.4319152832031,490.2200012207031,499.8399963378906,489.739990234375,491.8500061035156,977900
2021-01-07,480.16656494140625,501.42999267578125,503.2200012207031,495.5199890136719,495.9700012207031,936200
2021-01-08,487.1664733886719,508.739990234375,514.280029296875,501.7099914550781,512.5900268554688,734500
2021-01-11,486.41009521484375,507.95001220703125,508.9100036621094,499.42999267578125,500.5,703000
2021-01-12,492.13641357421875,513.9299926757812,514.7899780273438,503.5,507.1000061035156,651700
2021-01-13,492.2608337402344,514.0599975585938,515.6099853515625,509.3800048828125,511.2099914550781,513700
2021-01-14,521.5535888671875,544.6500244140625,546.4000244140625,529.8900146484375,530.1599731445312,1450300
2021-01-15,505.1310119628906,527.5,536.8499755859375,525.3599853515625,532.3099975585938,869200
2021-01-19,526.1981201171875,549.5,550.47998046875,530.6099853515625,533.0,1504000
2021-01-20,526.0831909179688,549.3800048828125,558.1599731445312,543.1599731445312,555.5700073242188,1121900
2021-01-21,546.5372314453125,570.739990234375,573.7999877929688,565.6099853515625,568.0,1272100
2021-01-22,545.3020629882812,569.4500122070312,570.7100219726562,562.7899780273438,563.489990234375,901600
2021-01-25,543.5400390625,567.6099853515625,568.219970703125,554.1199951171875,562.1500244140625,966500
2021-01-26,525.7192993164062,549.0,563.6500244140625,548.4400024414062,563.1799926757812,887700
2021-01-27,502.3826904296875,524.6300048828125,539.52001953125,522.5,534.969970703125,1506800
2021-01-28,524.0147705078125,547.219970703125,553.8400268554688,537.3800048828125,542.1099853515625,968600
2021-01-29,511.5086975097656,534.1599731445312,543.5,528.2999877929688,540.9600219726562,867300
2021-02-01,530.880615234375,554.3900146484375,555.469970703125,544.530029296875,547.4000244140625,849600
2021-02-02,530.0285034179688,553.5,556.7899780273438,549.4500122070312,553.780029296875,721600
2021-02-03,519.887451171875,542.9099731445312,551.719970703125,541.9500122070312,551.2899780273438,635400
2021-02-04,531.88623046875,555.4400024414062,555.97998046875,544.280029296875,546.9600219726562,554500
2021-02-05,529.36767578125,552.8099975585938,556.1400146484375,551.02001953125,554.9600219726562,461700
2021-02-08,540.0831298828125,564.0,566.9299926757812,557.969970703125,557.969970703125,716900
2021-02-09,541.5195922851562,565.5,571.9299926757812,565.5,566.5399780273438,483300
2021-02-10,542.8507080078125,566.8900146484375,573.0599975585938,559.7000122070312,571.4299926757812,458600
2021-02-11,566.4266967773438,591.510009765625,591.7899780273438,573.8300170898438,574.6300048828125,975400
2021-02-12,572.6318359375,597.989990234375,601.4600219726562,589.1500244140625,591.969970703125,732400
2021-02-16,577.5634765625,603.1400146484375,608.7100219726562,599.1699829101562,605.5800170898438,621600
2021-02-17,562.663330078125,587.5800170898438,598.47998046875,581.4600219726562,598.3499755859375,825100
2021-02-18,557.7794799804688,582.47998046875,589.4600219726562,576.0499877929688,584.3599853515625,716800
2021-02-19,569.194091796875,594.4000244140625,600.75,589.3900146484375,591.8400268554688,821500
2021-02-22,553.96826171875,578.5,590.1199951171875,576.5,587.6199951171875,753400
2021-02-23,551.6414184570312,576.0700073242188,579.1799926757812,560.1300048828125,571.719970703125,1004800
2021-02-24,569.7783203125,595.010009765625,595.9600219726562,565.5499877929688,573.3400268554688,1023000
2021-02-25,536.0326538085938,559.77001953125,586.4000244140625,559.6599731445312,582.6300048828125,1288900
2021-02-26,543.0421752929688,567.0900268554688,573.489990234375,560.7000122070312,572.3400268554688,946500
2021-03-01,558.8042602539062,583.5499877929688,584.3599853515625,568.8599853515625,572.3699951171875,679500
2021-03-02,539.259765625,563.1400146484375,579.8699951171875,563.0,579.030029296875,696100
2021-03-03,520.5482788085938,543.5999755859375,565.9500122070312,541.2000122070312,564.5900268554688,1006900
2021-03-04,488.8518981933594,510.5,541.3300170898438,502.0899963378906,537.8499755859375,1702500
2021-03-05,504.6905212402344,527.0399780273438,530.8499755859375,508.3299865722656,527.969970703125,1370100
2021-03-08,480.894287109375,502.19000244140625,529.1699829101562,501.1099853515625,526.4400024414062,1180700
2021-03-09,516.6414184570312,539.52001953125,543.2100219726562,524.9500122070312,527.6400146484375,1240500
2021-03-10,501.1378479003906,523.3300170898438,541.8200073242188,521.1099853515625,540.0800170898438,876500
2021-03-11,521.3143920898438,544.4000244140625,548.489990234375,540.010009765625,546.989990234375,1009700
2021-03-12,514.8313598632812,537.6300048828125,539.0800170898438,528.5999755859375,534.1199951171875,714900
2021-03-15,523.9859619140625,547.1900024414062,547.7999877929688,536.010009765625,538.6699829101562,582400
2021-03-16,526.0831909179688,549.3800048828125,555.72998046875,545.9600219726562,546.3800048828125,651600
2021-03-17,535.8411254882812,559.5700073242188,566.0499877929688,542.8599853515625,548.219970703125,841400
2021-03-18,516.3253173828125,539.1900024414062,552.47998046875,539.02001953125,547.97998046875,790000
2021-03-19,524.2062377929688,547.4199829101562,557.0900268554688,541.3099975585938,544.6900024414062,1404600
2021-03-22,551.564697265625,575.989990234375,577.989990234375,563.8300170898438,567.6400146484375,1216800
2021-03-23,535.1707153320312,558.8699951171875,571.280029296875,555.5,569.52001953125,866300
2021-03-24,554.044921875,578.5800170898438,594.469970703125,578.0,587.1799926757812,2121400
2021-03-25,559.2349243164062,584.0,585.8400268554688,569.0900268554688,570.9099731445312,1088900
2021-03-26,599.1381225585938,625.6699829101562,627.2999877929688,588.6900024414062,588.6900024414062,1933600
2021-03-29,582.2174072265625,608.0,616.8599853515625,601.4400024414062,614.760009765625,1214900
2021-03-30,575.7919311523438,601.2899780273438,606.260009765625,595.52001953125,599.9199829101562,1071600
2021-03-31,591.1805419921875,617.3599853515625,620.9400024414062,605.2000122070312,606.1599731445312,1579600
2021-04-01,610.0831909179688,637.0999755859375,639.489990234375,619.75,619.7999877929688,1908300
2021-04-05,613.3296508789062,640.489990234375,653.0,638.030029296875,651.6500244140625,1529800
2021-04-06,601.3692016601562,628.0,635.75,618.3800048828125,633.4099731445312,1281900
2021-04-07,599.990234375,626.5599975585938,631.4000244140625,622.1900024414062,627.1599731445312,820600
2021-04-08,612.745361328125,639.8800048828125,641.5900268554688,632.75,635.9600219726562,865900
2021-04-09,607.4212646484375,634.3200073242188,638.7100219726562,628.5499877929688,634.3400268554688,631100
2021-04-12,603.6962280273438,630.4299926757812,631.5800170898438,620.6199951171875,631.5599975585938,739500
2021-04-13,602.4418334960938,629.1199951171875,636.739990234375,623.719970703125,635.6300048828125,710500
2021-04-14,604.232421875,630.989990234375,641.0900268554688,627.0399780273438,635.6699829101562,718000
2021-04-15,614.86181640625,642.0900268554688,642.9000244140625,627.52001953125,633.780029296875,980400
2021-04-16,618.3091430664062,645.6900024414062,647.9400024414062,638.47998046875,640.260009765625,605200
2021-04-19,603.3897094726562,630.1099853515625,639.260009765625,622.4500122070312,637.6400146484375,1138900
2021-04-20,590.7781372070312,616.9400024414062,627.7899780273438,612.780029296875,626.030029296875,988000
2021-04-21,627.6935424804688,655.489990234375,655.8400268554688,635.9299926757812,637.719970703125,2160900
2021-04-22,619.6497802734375,647.0900268554688,665.8699951171875,640.47998046875,664.1699829101562,1233400
2021-04-23,642.4595336914062,670.9099731445312,671.280029296875,658.3699951171875,659.219970703125,1109600
2021-04-26,642.009521484375,670.4400024414062,675.6500244140625,666.9600219726562,666.9600219726562,801000
2021-04-27,644.279052734375,672.8099975585938,674.8400268554688,661.7899780273438,670.3300170898438,678200
2021-04-28,637.1257934570312,665.3400268554688,670.8599853515625,661.280029296875,664.4500122070312,571300
2021-04-29,634.3870239257812,662.47998046875,666.6300048828125,654.0599975585938,666.2899780273438,504300
2021-04-30,620.6168823242188,648.0999755859375,661.0499877929688,645.7000122070312,654.27001953125,575200
2021-05-03,628.4918823242188,654.4299926757812,658.0800170898438,647.7100219726562,657.7100219726562,672000
2021-05-04,604.0697631835938,629.0,639.22998046875,615.9099731445312,635.6699829101562,1505800
2021-05-05,616.4392700195312,641.8800048828125,651.97998046875,635.8200073242188,642.0,948200
2021-05-06,618.8018798828125,644.3400268554688,644.6400146484375,629.9299926757812,638.3300170898438,618200
2021-05-07,632.4677734375,658.5700073242188,661.2899780273438,647.7100219726562,651.780029296875,573700
2021-05-10,602.3987426757812,627.260009765625,648.6400146484375,626.52001953125,648.2999877929688,882700
2021-05-11,605.6639404296875,630.6599731445312,633.6599731445312,614.6099853515625,616.1199951171875,891200
2021-05-12,578.024658203125,601.8800048828125,619.7100219726562,600.260009765625,615.0,1107700
2021-05-13,598.3939819335938,623.0900268554688,628.75,611.8099975585938,621.6400146484375,1436100
2021-05-14,622.0862426757812,647.760009765625,651.1400146484375,625.4099731445312,630.1400146484375,1331000
2021-05-17,610.1680908203125,635.3499755859375,636.0800170898438,623.2999877929688,631.8900146484375,929400
2021-05-18,607.1333618164062,632.1900024414062,643.760009765625,631.6099853515625,641.4000244140625,644700
2021-05-19,605.7792358398438,630.780029296875,630.97998046875,606.6400146484375,608.010009765625,1049600
2021-05-20,623.0560913085938,648.77001953125,652.25,631.75,632.6900024414062,1086900
2021-05-21,613.8847045898438,639.219970703125,647.3599853515625,636.1799926757812,645.8599853515625,847500
2021-05-24,632.8326416015625,658.9500122070312,662.260009765625,645.760009765625,647.5,794000
2021-05-25,645.64404296875,672.2899780273438,679.4400024414062,667.280029296875,671.1699829101562,1088800
2021-05-26,639.3823852539062,665.77001953125,669.5399780273438,659.8599853515625,667.219970703125,597100
2021-05-27,638.7293701171875,665.0900268554688,667.8599853515625,658.9299926757812,661.0,652600
2021-05-28,648.6978759765625,675.469970703125,675.97998046875,666.9400024414062,669.030029296875,610700
2021-06-01,645.17333984375,671.7999877929688,688.0900268554688,668.52001953125,684.739990234375,1292000
2021-06-02,647.372802734375,674.0900268554688,678.72998046875,668.77001953125,670.52001953125,596800
2021-06-03,639.4976806640625,665.8900146484375,670.4099731445312,660.1099853515625,667.3499755859375,612100
2021-06-04,656.2176513671875,683.2999877929688,684.02001953125,673.0900268554688,674.8099975585938,531000
2021-06-07,654.9498901367188,681.97998046875,684.4099731445312,676.47998046875,680.1799926757812,594300
2021-06-08,653.7494506835938,680.72998046875,692.1199951171875,676.5499877929688,690.6699829101562,562800
2021-06-09,655.5357666015625,682.5900268554688,688.0599975585938,680.8099975585938,685.0,440700
2021-06-10,672.197998046875,699.9400024414062,704.780029296875,686.5599975585938,689.3599853515625,800100
2021-06-11,669.4033813476562,697.030029296875,698.9400024414062,691.3499755859375,698.2000122070312,445100
2021-06-14,681.2160034179688,709.3300170898438,709.6300048828125,695.5399780273438,699.510009765625,636600
2021-06-15,673.9652709960938,701.780029296875,710.969970703125,696.8699951171875,707.5999755859375,510700
2021-06-16,671.3433227539062,699.0499877929688,709.969970703125,693.7000122070312,706.0499877929688,590900
2021-06-17,671.1321411132812,698.8300170898438,704.530029296875,691.0999755859375,691.3599853515625,746700
2021-06-18,644.4723510742188,671.0700073242188,687.2000122070312,668.5700073242188,685.3499755859375,1669900
2021-06-21,653.6727294921875,680.6500244140625,681.9500122070312,672.4000244140625,678.5,565500
2021-06-22,658.6280517578125,685.8099975585938,687.5700073242188,676.260009765625,680.489990234375,542200
2021-06-23,654.633056640625,681.6500244140625,689.22998046875,679.5499877929688,686.530029296875,523400
2021-06-24,667.453857421875,695.0,697.9600219726562,690.6699829101562,691.6699829101562,469400
2021-06-25,659.0123901367188,686.2100219726562,695.5599975585938,685.969970703125,693.9299926757812,431200
2021-06-28,676.2027587890625,704.1099853515625,705.7999877929688,698.6699829101562,698.9299926757812,623900
2021-06-29,675.789794921875,703.6799926757812,705.27001953125,698.2000122070312,699.9500122070312,400000
2021-06-30,663.458740234375,690.8400268554688,696.5700073242188,686.5900268554688,694.5999755859375,767500
2021-07-01,652.3857421875,679.3099975585938,691.6799926757812,674.530029296875,687.239990234375,997500
2021-07-02,660.2894897460938,687.5399780273438,689.8699951171875,683.7000122070312,688.489990234375,449700
2021-07-06,658.685791015625,685.8699951171875,693.5499877929688,676.7000122070312,689.4400024414062,788700
2021-07-07,662.824951171875,690.1799926757812,695.719970703125,684.3699951171875,694.0399780273438,442900
2021-07-08,646.988525390625,673.6900024414062,675.5999755859375,664.8300170898438,670.97998046875,849400
2021-07-09,663.9581909179688,691.3599853515625,693.0,678.9299926757812,683.969970703125,583600
2021-07-12,679.756103515625,707.8099975585938,708.510009765625,699.1699829101562,700.0,618500
2021-07-13,678.4213256835938,706.4199829101562,710.6599731445312,703.5999755859375,706.25,623300
2021-07-14,688.1113891601562,716.510009765625,723.010009765625,712.8800048828125,719.97998046875,852000
2021-07-15,676.0396118164062,703.9400024414062,713.27001953125,696.8400268554688,712.5700073242188,729400
2021-07-16,660.1742553710938,687.4199829101562,706.989990234375,686.8699951171875,702.8800048828125,578300
2021-07-19,656.8898315429688,684.0,684.3200073242188,671.5900268554688,673.8499755859375,855300
2021-07-20,656.9379272460938,684.0499877929688,688.6599731445312,672.9299926757812,676.8599853515625,805600
2021-07-21,692.4232788085938,721.0,721.0900268554688,700.6900024414062,705.9400024414062,1281300
2021-07-22,700.9898681640625,729.9199829101562,740.0599975585938,724.2000122070312,733.0,946000
2021-07-23,718.4876708984375,748.1400146484375,756.780029296875,743.0900268554688,747.7899780273438,1069800
2021-07-26,724.2017822265625,754.0900268554688,759.0,748.3800048828125,758.2000122070312,691800
2021-07-27,716.0482788085938,745.5999755859375,752.1500244140625,733.0599975585938,751.1699829101562,881200
2021-07-28,729.7431030273438,759.8599853515625,761.0399780273438,745.4000244140625,750.0,716500
2021-07-29,735.3613891601562,765.7100219726562,767.8900146484375,759.8599853515625,761.6300048828125,634000
2021-07-30,736.350341796875,766.739990234375,768.7000122070312,756.7899780273438,760.77001953125,488200
2021-08-02,739.1453247070312,769.6500244140625,775.8400268554688,768.4099731445312,770.8099975585938,499900
2021-08-03,748.6336059570312,779.530029296875,780.4500122070312,767.510009765625,770.530029296875,533700
2021-08-04,763.9513549804688,795.47998046875,798.5700073242188,787.7999877929688,792.010009765625,629700
2021-08-05,763.2503662109375,794.75,805.6400146484375,790.3200073242188,805.510009765625,723700
2021-08-06,752.2349853515625,783.280029296875,787.1900024414062,779.9000244140625,784.5,556900
2021-08-09,757.4208374023438,788.6799926757812,792.25,785.5999755859375,790.219970703125,477100
2021-08-10,758.0066528320312,789.2899780273438,797.0399780273438,783.8300170898438,795.5900268554688,589500
2021-08-11,757.9393310546875,789.219970703125,793.3400268554688,781.4199829101562,791.1400146484375,421300
2021-08-12,750.1124877929688,781.0700073242188,788.7000122070312,778.530029296875,788.7000122070312,764600
2021-08-13,757.6897583007812,788.9600219726562,789.5900268554688,776.5399780273438,779.1400146484375,454700
2021-08-16,756.1434936523438,787.3499755859375,790.969970703125,779.739990234375,787.8300170898438,426000
2021-08-17,745.7811889648438,776.5599975585938,783.3900146484375,770.4000244140625,781.760009765625,483600
2021-08-18,741.8341674804688,772.4500122070312,785.3800048828125,772.030029296875,776.219970703125,452500
2021-08-19,750.5350952148438,781.510009765625,784.010009765625,761.2100219726562,761.8699951171875,514000
2021-08-20,756.940673828125,788.1799926757812,790.8800048828125,778.010009765625,785.0800170898438,507700
2021-08-23,779.45166015625,811.6199951171875,812.5,794.5700073242188,795.030029296875,724300
2021-08-24,773.679931640625,805.6099853515625,807.7100219726562,801.5800170898438,806.0999755859375,453800
2021-08-25,775.850341796875,807.8699951171875,813.3699951171875,805.0,808.4199829101562,471100
2021-08-26,778.7985229492188,810.9400024414062,815.8300170898438,804.1599731445312,808.27001953125,450000
2021-08-27,799.907470703125,832.9199829101562,834.77001953125,813.77001953125,814.25,658900
2021-08-30,806.3131103515625,839.5900268554688,843.010009765625,836.760009765625,839.9400024414062,491000
2021-08-31,800.022705078125,833.0399780273438,844.1599731445312,827.2100219726562,843.780029296875,579300
2021-09-01,808.7908935546875,842.1699829101562,850.719970703125,836.6900024414062,838.719970703125,581900
2021-09-02,827.1434326171875,861.280029296875,862.0499877929688,848.8699951171875,852.1599731445312,746800
2021-09-03,824.09912109375,858.1099853515625,862.97998046875,848.52001953125,848.52001953125,698000
2021-09-07,827.6140747070312,861.77001953125,868.8800048828125,857.760009765625,865.2899780273438,780900
2021-09-08,823.9837036132812,857.989990234375,859.9000244140625,849.9199829101562,857.6099853515625,714900
2021-09-09,819.6716918945312,853.5,862.760009765625,852.0999755859375,855.47998046875,641900
2021-09-10,824.8289184570312,858.8699951171875,875.3599853515625,857.4000244140625,870.9400024414062,1137400
2021-09-13,836.708740234375,871.239990234375,872.2100219726562,861.0399780273438,869.219970703125,636000
2021-09-14,852.8716430664062,888.0700073242188,895.9299926757812,879.6799926757812,883.8200073242188,978300
2021-09-15,854.0816650390625,889.3300170898438,890.010009765625,879.4400024414062,886.989990234375,799700
2021-09-16,852.1417236328125,887.3099975585938,889.780029296875,875.4400024414062,877.1400146484375,811400
2021-09-17,825.7700805664062,859.8499755859375,875.3099975585938,852.4099731445312,875.0999755859375,1670500
2021-09-20,807.41748046875,840.739990234375,845.489990234375,829.7000122070312,838.8800048828125,1122600
2021-09-21,820.85302734375,854.72998046875,862.3699951171875,844.489990234375,860.0,905700
2021-09-22,830.4662475585938,864.739990234375,871.6500244140625,849.4600219726562,851.8300170898438,669400
2021-09-23,844.91015625,879.780029296875,888.719970703125,877.260009765625,877.3900146484375,744500
2021-09-24,834.3846435546875,868.8200073242188,873.3599853515625,865.1199951171875,867.3599853515625,510400
2021-09-27,802.2027587890625,835.3099975585938,847.8800048828125,833.0499877929688,843.280029296875,1063900
2021-09-28,749.2481689453125,780.1699829101562,799.3400268554688,773.0700073242188,794.8400268554688,2390100
2021-09-29,720.67724609375,750.4199829101562,786.22998046875,749.1199951171875,785.0,2216000
2021-09-30,715.5777587890625,745.1099853515625,762.3200073242188,742.2899780273438,754.25,1078800
2021-10-01,712.4085083007812,741.8099975585938,745.0,728.3699951171875,745.0,1180400
2021-10-04,684.6828002929688,712.9400024414062,730.1599731445312,709.030029296875,728.9000244140625,1663500
2021-10-05,703.8229370117188,732.8699951171875,742.6300048828125,722.6199951171875,725.0399780273438,1201500
2021-10-06,703.467529296875,732.5,734.7000122070312,719.010009765625,725.3800048828125,973000
2021-10-07,717.2199096679688,746.8200073242188,753.6699829101562,742.22998046875,745.4099731445312,1267500
2021-10-08,701.3259887695312,730.27001953125,749.739990234375,729.3300170898438,749.3599853515625,1039700
2021-10-11,693.2781372070312,721.8900146484375,735.8300170898438,721.3599853515625,722.780029296875,702500
2021-10-12,696.3128051757812,725.0499877929688,734.0,722.4000244140625,734.0,868400
2021-10-13,714.9151611328125,744.4199829101562,749.4600219726562,740.0,743.1500244140625,1170000
2021-10-14,747.4427490234375,778.2899780273438,778.6400146484375,765.6799926757812,769.5999755859375,1370500
2021-10-15,758.1123046875,789.4000244140625,789.6400146484375,775.8400268554688,780.9600219726562,877400
2021-10-18,756.9790649414062,788.219970703125,788.3300170898438,772.989990234375,774.0900268554688,1014600
2021-10-19,769.214111328125,800.9600219726562,801.6199951171875,786.2999877929688,788.1799926757812,956600
2021-10-20,737.2725219726562,767.7000122070312,785.1400146484375,758.239990234375,782.239990234375,1894900
2021-10-21,756.3453369140625,787.5599975585938,787.5599975585938,763.8699951171875,764.530029296875,1083100
2021-10-22,769.2238159179688,800.969970703125,808.7999877929688,796.27001953125,798.1900024414062,1294600
2021-10-25,757.1904907226562,788.4400024414062,803.1900024414062,787.010009765625,799.6900024414062,786000
2021-10-26,759.8697509765625,791.22998046875,797.989990234375,784.1900024414062,796.4000244140625,741400
2021-10-27,769.2526245117188,801.0,818.9500122070312,797.2000122070312,798.0599975585938,949800
2021-10-28,780.9594116210938,813.1900024414062,821.9199829101562,810.719970703125,814.1199951171875,687500
2021-10-29,780.6616821289062,812.8800048828125,814.4600219726562,804.75,807.22998046875,583800
2021-11-01,775.447021484375,807.4500122070312,808.0,796.47998046875,806.9099731445312,573600
2021-11-02,781.853759765625,812.02001953125,817.6900024414062,811.2899780273438,812.3200073242188,503800
2021-11-03,799.1849365234375,830.02001953125,831.5800170898438,810.47998046875,818.4000244140625,566900
2021-11-04,818.8946533203125,850.489990234375,853.1500244140625,829.5999755859375,831.6400146484375,1058200
2021-11-05,815.5343017578125,847.0,854.6400146484375,841.6400146484375,852.22998046875,735300
2021-11-08,818.35546875,849.9299926757812,856.9500122070312,848.0,855.510009765625,728100
2021-11-09,818.4708862304688,850.0499877929688,855.4600219726562,842.0,852.010009765625,676500
2021-11-10,787.4671630859375,817.8499755859375,835.4400024414062,815.1099853515625,829.6099853515625,737700
2021-11-11,802.429931640625,833.3900146484375,839.0399780273438,829.2000122070312,833.27001953125,416000
2021-11-12,819.9922485351562,851.6300048828125,855.0,835.0999755859375,840.0,531200
2021-11-15,824.8931274414062,856.719970703125,861.5999755859375,852.989990234375,855.0,638000
2021-11-16,828.5808715820312,860.5499877929688,862.6099853515625,847.239990234375,851.52001953125,690900
2021-11-17,827.5314331054688,859.4600219726562,868.0,857.5999755859375,859.2000122070312,549400
2021-11-18,846.4610595703125,879.1199951171875,881.1199951171875,870.5599975585938,877.4199829101562,865800
2021-11-19,825.3263549804688,857.1699829101562,867.5499877929688,854.469970703125,866.8499755859375,778200
2021-11-22,795.07373046875,825.75,859.6599731445312,824.719970703125,855.0,880800
2021-11-23,777.4823608398438,807.47998046875,819.3599853515625,793.1199951171875,811.6599731445312,1193000
2021-11-24,772.58154296875,802.3900146484375,803.47998046875,777.4400024414062,782.0,1246700
2021-11-26,752.96826171875,782.02001953125,795.9199829101562,776.010009765625,786.9600219726562,786300
2021-11-29,784.732666015625,815.010009765625,815.72998046875,789.989990234375,795.010009765625,1410700
2021-11-30,762.105712890625,791.510009765625,821.3499755859375,787.1500244140625,807.0700073242188,1144500
2021-12-01,774.1317138671875,804.0,832.6799926757812,802.4400024414062,812.5599975585938,1201200
2021-12-02,760.0548095703125,789.3800048828125,796.4500122070312,778.3200073242188,784.4400024414062,957100
2021-12-03,742.8583374023438,771.52001953125,790.739990234375,759.8400268554688,785.969970703125,1115600
2021-12-06,728.2904052734375,756.3900146484375,761.4000244140625,741.4000244140625,758.8800048828125,1222900
2021-12-07,776.0670166015625,806.010009765625,809.4000244140625,783.719970703125,788.0,983200
2021-12-08,774.0546875,803.9199829101562,805.0,796.1900024414062,803.2100219726562,551500
2021-12-09,743.9078979492188,772.6099853515625,790.010009765625,772.3599853515625,786.1599731445312,709100
2021-12-10,752.7948608398438,781.8400268554688,783.6500244140625,772.47998046875,777.280029296875,602700
2021-12-13,736.0701904296875,764.469970703125,781.8400268554688,764.3400268554688,780.5700073242188,615100
2021-12-14,726.3646240234375,754.3900146484375,760.3099975585938,743.25,754.4199829101562,842400
2021-12-15,762.7892456054688,792.219970703125,792.5999755859375,760.6599731445312,764.5700073242188,910700
2021-12-16,726.9519653320312,755.0,799.8400268554688,753.6199951171875,799.0,1006900
2021-12-17,722.0125122070312,749.8699951171875,758.0,743.9600219726562,751.1599731445312,1656700
2021-12-20,724.9107666015625,752.8800048828125,756.719970703125,744.4500122070312,747.5999755859375,647100
2021-12-21,753.9503173828125,783.0399780273438,784.4500122070312,765.02001953125,775.72998046875,838100
2021-12-22,762.6930541992188,792.1199951171875,792.1199951171875,775.0,777.7999877929688,534800
2021-12-23,771.6377563476562,801.4099731445312,805.719970703125,794.0800170898438,794.6400146484375,496600
2021-12-27,781.28564453125,811.4299926757812,813.5900268554688,794.3599853515625,794.4000244140625,527500
2021-12-28,774.8731079101562,804.77001953125,817.2999877929688,803.0900268554688,817.2999877929688,548500
2021-12-29,772.1865844726562,801.97998046875,805.239990234375,794.4000244140625,798.1099853515625,404900
2021-12-30,770.4920654296875,800.219970703125,808.2899780273438,799.9199829101562,803.6900024414062,411900
2021-12-31,766.5635986328125,796.1400146484375,805.280029296875,795.8800048828125,801.510009765625,236400
2022-01-03,767.863525390625,797.489990234375,799.3599853515625,784.9600219726562,795.739990234375,720600
2022-01-04,750.2432861328125,779.1900024414062,793.6300048828125,763.2899780273438,793.6300048828125,874100
2022-01-05,717.968505859375,745.6699829101562,766.5399780273438,745.0399780273438,765.9099731445312,1193200
2022-01-06,734.7702026367188,763.1199951171875,763.760009765625,729.8099975585938,739.530029296875,2041200
2022-01-07,728.0111694335938,756.0999755859375,763.3599853515625,743.5999755859375,758.3900146484375,1363300
2022-01-10,700.1558837890625,727.1699829101562,727.6599731445312,702.2999877929688,716.52001953125,1973400
2022-01-11,702.0719604492188,729.1599731445312,731.4400024414062,700.7100219726562,706.989990234375,2120700
2022-01-12,714.5986328125,742.1699829101562,749.4500122070312,735.0,739.3099975585938,959700
2022-01-13,702.9577026367188,730.0800170898438,777.9199829101562,728.6400146484375,772.4099731445312,1628700
2022-01-14,716.8709716796875,744.530029296875,746.5999755859375,728.1699829101562,735.5999755859375,1313600
2022-01-18,688.659423828125,715.22998046875,741.0700073242188,714.239990234375,741.030029296875,1178500
2022-01-19,672.8592529296875,698.8200073242188,738.8800048828125,698.7100219726562,736.9400024414062,1593200
2022-01-20,680.2151489257812,706.4600219726562,729.97998046875,706.2100219726562,724.8900146484375,1536500
2022-01-21,668.9210815429688,694.72998046875,721.2000122070312,694.7100219726562,707.2899780273438,1689600
2022-01-24,661.8825073242188,687.4199829101562,688.6400146484375,648.6300048828125,666.0499877929688,2833100
2022-01-25,624.4758911132812,648.5700073242188,668.1599731445312,643.8200073242188,652.6400146484375,2095300
2022-01-26,628.9916381835938,653.260009765625,679.3800048828125,644.6599731445312,661.6300048828125,1376700
2022-01-27,611.0825805664062,634.6599731445312,665.0,631.4000244140625,664.7999877929688,1465300
2022-01-28,621.0095825195312,644.969970703125,644.97998046875,620.6699829101562,633.5999755859375,1339700
2022-01-31,652.0421752929688,677.2000122070312,677.5499877929688,648.030029296875,650.7000122070312,1357400
2022-02-01,656.1632080078125,681.47998046875,683.7100219726562,666.27001953125,682.5499877929688,945000
2022-02-02,661.2373046875,686.75,691.239990234375,674.0900268554688,687.9500122070312,713600
2022-02-03,621.9337768554688,645.9299926757812,664.6699829101562,644.469970703125,659.0900268554688,1212000
2022-02-04,628.5584106445312,652.8099975585938,661.2100219726562,643.2999877929688,648.0499877929688,863100
2022-02-07,625.881591796875,650.030029296875,661.4099731445312,648.5499877929688,654.1500244140625,520300
2022-02-08,629.1936645507812,653.469970703125,655.3599853515625,635.5999755859375,636.8499755859375,745300
2022-02-09,655.0945434570312,680.3699951171875,682.22998046875,663.8800048828125,670.7899780273438,842000
2022-02-10,632.4771118164062,656.8800048828125,677.6199951171875,653.0,654.5900268554688,961200
2022-02-11,604.901123046875,628.239990234375,660.3200073242188,625.25,657.5399780273438,1116300
2022-02-14,604.5833129882812,627.9099731445312,634.9500122070312,620.0,626.1500244140625,890200
2022-02-15,632.0245361328125,656.4099731445312,658.3499755859375,642.3099975585938,647.47998046875,821400
2022-02-16,639.19775390625,663.8599853515625,666.0,644.6699829101562,651.0,610000
2022-02-17,626.2667236328125,650.4299926757812,662.219970703125,650.0,659.3099975585938,1020600
2022-02-18,623.7633056640625,647.8300170898438,657.77001953125,640.989990234375,652.1199951171875,899400
2022-02-22,616.4841918945312,640.27001953125,653.0,629.8599853515625,638.5,934000
2022-02-23,608.261474609375,631.72998046875,654.4500122070312,631.010009765625,651.0800170898438,997000
2022-02-24,632.4386596679688,656.8400268554688,658.8599853515625,599.6799926757812,600.2899780273438,2047800
2022-02-25,642.336669921875,667.1199951171875,667.1400146484375,650.0,656.9099731445312,1295400
2022-02-28,641.7493896484375,666.510009765625,672.5700073242188,647.6500244140625,647.6500244140625,1979000
2022-03-01,610.6493530273438,634.2100219726562,665.0999755859375,627.5800170898438,660.2100219726562,1097300
2022-03-02,631.0232543945312,655.3699951171875,658.4199829101562,638.0999755859375,642.5900268554688,1035700
2022-03-03,607.3563842773438,630.7899780273438,653.7000122070312,627.1900024414062,652.02001953125,1020200
2022-03-04,572.2412109375,594.3200073242188,609.4199829101562,581.6300048828125,603.7000122070312,2025300
2022-03-07,553.00341796875,574.3400268554688,620.6099853515625,573.75,617.3900146484375,1607200
2022-03-08,551.7517700195312,573.0399780273438,593.47998046875,558.77001953125,574.0800170898438,1441800
2022-03-09,598.2575073242188,621.3400268554688,627.0,595.0,609.1500244140625,1593200
2022-03-10,577.777587890625,600.0700073242188,608.5499877929688,596.1799926757812,599.5399780273438,735500
2022-03-11,564.0858764648438,585.8499755859375,615.0,584.8800048828125,614.0,819000
2022-03-14,556.0942993164062,577.5499877929688,601.5,577.3099975585938,599.5499877929688,1621700
2022-03-15,574.5328979492188,596.7000122070312,598.1900024414062,583.8599853515625,591.9199829101562,1542500
2022-03-16,626.459228515625,650.6300048828125,651.0,617.1500244140625,621.4400024414062,1815200
2022-03-17,629.800537109375,654.0999755859375,656.4000244140625,639.469970703125,643.1300048828125,854900
2022-03-18,654.6034545898438,679.8599853515625,683.4000244140625,647.4000244140625,649.239990234375,1689800
2022-03-21,657.5401000976562,682.9099731445312,683.3900146484375,669.0,678.219970703125,1293000
2022-03-22,663.1534423828125,688.739990234375,698.0999755859375,685.2999877929688,688.0,1111100
2022-03-23,640.64208984375,665.3599853515625,679.3699951171875,663.6099853515625,668.7999877929688,999100
2022-03-24,664.8865966796875,690.5399780273438,690.5499877929688,663.2000122070312,666.2000122070312,1176700
2022-03-25,661.82470703125,687.3599853515625,690.75,672.2999877929688,690.4600219726562,768600
2022-03-28,669.017333984375,694.8300170898438,695.0,676.0,680.1099853515625,687100
2022-03-29,682.7957153320312,709.1400146484375,714.6199951171875,697.6699829101562,710.0,1076200
2022-03-30,659.1287841796875,684.5599975585938,702.75,680.1199951171875,700.0,1031900
2022-03-31,643.1165771484375,667.9299926757812,689.0999755859375,667.5,684.489990234375,780700
2022-04-01,642.9240112304688,667.72998046875,677.1900024414062,661.8300170898438,675.2899780273438,739400
2022-04-04,655.5372924804688,680.8300170898438,681.5399780273438,669.989990234375,672.489990234375,731200
2022-04-05,622.4443359375,646.4600219726562,675.1500244140625,645.7899780273438,674.02001953125,1251500
2022-04-06,605.1610717773438,628.510009765625,639.3099975585938,617.4000244140625,626.0900268554688,1110700
2022-04-07,602.0703735351562,625.2999877929688,632.0999755859375,612.780029296875,624.530029296875,713500
2022-04-08,588.2341918945312,610.9299926757812,622.4099731445312,610.0,621.4199829101562,840800
2022-04-11,575.5342407226562,597.739990234375,610.6300048828125,597.1300048828125,607.0399780273438,859600
2022-04-12,571.93310546875,594.0,622.5,592.0,613.0700073242188,1067900
2022-04-13,589.9962768554688,612.760009765625,617.2100219726562,596.4199829101562,601.4099731445312,934200
2022-04-14,575.6593017578125,597.8699951171875,616.510009765625,596.0,614.52001953125,814200
2022-04-18,583.0830078125,605.5800170898438,613.8599853515625,595.77001953125,597.0499877929688,576800
2022-04-19,594.2230224609375,617.1500244140625,619.1199951171875,596.0,597.530029296875,1230800
2022-04-20,610.3603515625,633.9099731445312,652.5499877929688,628.989990234375,650.760009765625,1857900
2022-04-21,596.9478759765625,619.97998046875,648.8099975585938,617.739990234375,645.0599975585938,940700
2022-04-22,585.0375366210938,607.6099853515625,620.8699951171875,607.469970703125,615.0800170898438,1093400
2022-04-25,577.536865234375,599.8200073242188,600.3900146484375,583.6699829101562,592.72998046875,2074700
2022-04-26,539.6101684570312,560.4299926757812,587.47998046875,559.9000244140625,585.1500244140625,1803100
2022-04-27,536.192138671875,556.8800048828125,567.3800048828125,544.0,552.0900268554688,1904400
2022-04-28,568.6015014648438,590.5399780273438,595.4600219726562,564.5999755859375,574.9500122070312,1513500
2022-04-29,542.826171875,563.77001953125,588.9000244140625,562.4600219726562,576.4500122070312,1225300
2022-05-02,549.874267578125,571.0900268554688,571.52001953125,553.5399780273438,558.739990234375,1146700
2022-05-03,553.2557983398438,570.6799926757812,575.4400024414062,563.02001953125,566.6300048828125,825300
2022-05-04,574.5452270507812,592.6400146484375,594.25,564.6599731445312,579.0800170898438,1112800
2022-05-05,546.9445190429688,564.1699829101562,584.5700073242188,558.0900268554688,582.3200073242188,1231800
2022-05-06,534.1766357421875,551.0,561.6799926757812,545.0499877929688,555.1500244140625,1214600
2022-05-09,497.0071716308594,512.6599731445312,535.7999877929688,510.3599853515625,530.2100219726562,1714700
2022-05-10,507.3902893066406,523.3699951171875,530.4099731445312,512.3300170898438,529.2000122070312,1232900
2022-05-11,505.3834228515625,521.2999877929688,544.1799926757812,520.469970703125,531.280029296875,1302800
2022-05-12,506.4110107421875,522.3599853515625,529.0499877929688,509.54998779296875,514.7000122070312,1134800
2022-05-13,531.5784301757812,548.3200073242188,551.2899780273438,538.2100219726562,540.5599975585938,946800
2022-05-16,518.6166381835938,534.9500122070312,540.97998046875,528.0,533.25,757800
2022-05-17,544.4820556640625,561.6300048828125,563.3800048828125,548.8499755859375,556.9500122070312,895800
2022-05-18,512.1695556640625,528.2999877929688,552.8300170898438,526.8699951171875,547.1799926757812,1037900
2022-05-19,509.93988037109375,526.0,537.0499877929688,522.3200073242188,523.77001953125,905500
2022-05-20,516.5712280273438,532.8400268554688,542.3900146484375,514.1699829101562,541.4400024414062,1205700
2022-05-23,537.6763916015625,554.6099853515625,557.8200073242188,545.719970703125,549.239990234375,977000
2022-05-24,529.7461547851562,546.4299926757812,557.5499877929688,542.6300048828125,555.5700073242188,1085500
2022-05-25,531.3458251953125,548.0800170898438,551.8599853515625,538.030029296875,541.6900024414062,832600
2022-05-26,542.9696655273438,560.0700073242188,562.47998046875,541.3499755859375,542.4000244140625,933800
2022-05-27,565.5679931640625,583.3800048828125,583.8599853515625,572.0999755859375,572.6300048828125,843900
2022-05-31,558.6943359375,576.2899780273438,584.8099975585938,572.8499755859375,584.5900268554688,822300
2022-06-01,546.4501342773438,563.6599731445312,579.75,557.0,577.4400024414062,542100
2022-06-02,562.8146362304688,580.5399780273438,581.3200073242188,562.8200073242188,564.4199829101562,669200
2022-06-03,546.4403686523438,563.6500244140625,569.8499755859375,560.8900146484375,567.1599731445312,531000
2022-06-06,554.2349853515625,571.6900024414062,583.4600219726562,569.4299926757812,579.6099853515625,483300
2022-06-07,559.392333984375,577.010009765625,578.02001953125,563.1400146484375,564.719970703125,479000
2022-06-08,550.1146240234375,567.4400024414062,577.9500122070312,562.52001953125,573.5999755859375,605700
2022-06-09,525.8488159179688,542.4099731445312,564.6400146484375,542.3499755859375,559.4099731445312,658600
2022-06-10,505.6064758300781,521.530029296875,535.1900024414062,519.4000244140625,532.0599975585938,928900
2022-06-13,478.509765625,493.5799865722656,502.5,491.6199951171875,498.04998779296875,1395100
2022-06-14,476.17340087890625,491.1700134277344,498.6199951171875,484.45001220703125,493.7900085449219,965400
2022-06-15,489.9010314941406,505.3299865722656,512.2000122070312,494.0,499.3800048828125,841700
2022-06-16,453.856201171875,468.1499938964844,484.04998779296875,465.5,479.760009765625,1223100
2022-06-17,458.8974304199219,473.3500061035156,478.6199951171875,461.8500061035156,467.5,1328700
2022-06-21,479.2562561035156,494.3500061035156,497.8399963378906,488.4700012207031,488.9800109863281,1081400
2022-06-22,470.676513671875,485.5,496.6400146484375,482.44000244140625,486.44000244140625,845800
2022-06-23,470.676513671875,485.5,487.4100036621094,476.05999755859375,483.8999938964844,739100
2022-06-24,499.52783203125,515.260009765625,515.5499877929688,498.29998779296875,499.04998779296875,907800
2022-06-27,492.5283508300781,508.0400085449219,517.0499877929688,505.6600036621094,514.969970703125,696500
2022-06-28,475.43658447265625,490.4100036621094,511.4200134277344,489.5400085449219,508.04998779296875,847200
2022-06-29,469.8233642578125,484.6199951171875,493.70001220703125,482.0199890136719,491.1000061035156,847400
2022-06-30,461.3502502441406,475.8800048828125,484.6300048828125,464.1300048828125,474.1499938964844,866400
2022-07-01,436.0955505371094,449.8299865722656,457.9599914550781,443.4599914550781,455.29998779296875,1570200
2022-07-05,419.1977233886719,432.3999938964844,433.04998779296875,412.6700134277344,419.19000244140625,2778300
2022-07-06,415.7852478027344,428.8800048828125,437.5899963378906,425.3500061035156,433.25,1464700
2022-07-07,438.10235595703125,451.8999938964844,452.79998779296875,438.6499938964844,438.760009765625,1400900
2022-07-08,439.12030029296875,452.95001220703125,455.29998779296875,440.6600036621094,444.6099853515625,739100
2022-07-11,425.6544189453125,439.05999755859375,450.1700134277344,437.9100036621094,449.55999755859375,745600
2022-07-12,421.2239685058594,434.489990234375,444.45001220703125,431.8800048828125,440.57000732421875,848000
2022-07-13,433.3616638183594,447.010009765625,451.94000244140625,429.29998779296875,430.4800109863281,1052500
2022-07-14,442.94970703125,456.8999938964844,458.8800048828125,434.54998779296875,442.20001220703125,1075900
2022-07-15,461.1078796386719,475.6300048828125,475.7799987792969,460.510009765625,465.3900146484375,1630500
2022-07-18,459.02349853515625,473.4800109863281,486.8299865722656,470.5,483.6099853515625,1039500
2022-07-19,483.1437683105469,498.3599853515625,500.9100036621094,484.04998779296875,484.8699951171875,1415000
2022-07-20,498.71343994140625,514.4199829101562,516.760009765625,490.6000061035156,492.8999938964844,2294900
2022-07-21,525.7131958007812,542.27001953125,543.239990234375,524.5999755859375,530.0,2281900
2022-07-22,517.9478759765625,534.260009765625,546.8499755859375,529.22998046875,542.4099731445312,1459900
2022-07-25,522.5138549804688,538.969970703125,543.6699829101562,532.1199951171875,535.4199829101562,1194600
2022-07-26,508.165771484375,524.1699829101562,529.6400146484375,518.5399780273438,528.0499877929688,1029500
2022-07-27,529.5037841796875,546.1799926757812,549.8499755859375,532.5900268554688,533.6199951171875,1110900
2022-07-28,543.5901489257812,560.7100219726562,560.9400024414062,540.760009765625,547.7999877929688,1216800
2022-07-29,556.9010009765625,574.4400024414062,576.9199829101562,559.5,561.4500122070312,1210700
2022-08-01,560.4977416992188,578.1500244140625,583.0499877929688,568.9400024414062,573.239990234375,895500
2022-08-02,548.3307495117188,565.5999755859375,572.8499755859375,558.75,562.0800170898438,876600
2022-08-03,566.033447265625,583.8599853515625,587.6699829101562,569.25,570.0,825900
2022-08-04,571.8602294921875,588.4600219726562,592.75,581.0999755859375,583.1699829101562,680100
2022-08-05,561.0247192382812,577.3099975585938,579.5800170898438,565.97998046875,571.6300048828125,767900
2022-08-08,556.5933227539062,572.75,582.5599975585938,564.989990234375,578.0,700600
2022-08-09,525.8457641601562,541.1099853515625,552.2999877929688,533.739990234375,551.0999755859375,1138500
2022-08-10,550.0821533203125,566.0499877929688,566.0900268554688,550.469970703125,558.719970703125,1074800
2022-08-11,546.5449829101562,562.4099731445312,574.3599853515625,561.1199951171875,565.739990234375,833300
2022-08-12,559.7129516601562,575.9600219726562,577.989990234375,562.1199951171875,562.6199951171875,811600
2022-08-15,558.7214965820312,574.9400024414062,577.6199951171875,567.8900146484375,569.1099853515625,783100
2022-08-16,550.6946411132812,566.6799926757812,572.3400268554688,559.010009765625,566.4000244140625,697000
2022-08-17,541.5597534179688,557.280029296875,565.989990234375,551.9099731445312,559.0999755859375,667700
2022-08-18,545.4662475585938,561.2999877929688,565.9299926757812,555.2999877929688,557.280029296875,580600
2022-08-19,529.8788452148438,545.260009765625,558.8499755859375,544.4299926757812,557.1900024414062,794400
2022-08-22,505.39935302734375,520.0700073242188,530.8499755859375,518.6099853515625,529.2899780273438,795800
2022-08-23,510.91925048828125,525.75,529.3499755859375,519.4600219726562,520.0,592900
2022-08-24,510.617919921875,525.4400024414062,530.5800170898438,521.719970703125,522.8599853515625,485200
2022-08-25,524.5143432617188,539.739990234375,540.219970703125,521.760009765625,522.3599853515625,758300
2022-08-26,495.55511474609375,509.94000244140625,539.72998046875,508.7699890136719,539.5499877929688,1229700
2022-08-29,485.7789611816406,499.8800048828125,511.3500061035156,499.3999938964844,506.32000732421875,754100
2022-08-30,479.11236572265625,493.0199890136719,507.6499938964844,487.4599914550781,506.54998779296875,1006400
2022-08-31,476.1192626953125,489.94000244140625,501.5799865722656,486.70001220703125,500.8500061035156,936000
2022-09-01,456.6640625,469.9200134277344,479.0199890136719,460.8900146484375,477.9200134277344,1665500
2022-09-02,454.0110778808594,467.19000244140625,486.8999938964844,466.010009765625,479.8599853515625,1145400
2022-09-06,456.6640625,469.9200134277344,477.8900146484375,462.29998779296875,469.3599853515625,996900
2022-09-07,463.2333679199219,476.67999267578125,480.9700012207031,465.6000061035156,468.8900146484375,745400
2022-09-08,469.1321105957031,482.75,483.3900146484375,464.1700134277344,465.45001220703125,943300
2022-09-09,486.8673400878906,501.0,503.17999267578125,495.29998779296875,495.5199890136719,1012800
2022-09-12,490.6864318847656,504.92999267578125,511.0,499.6600036621094,506.7699890136719,1041400
2022-09-13,457.8108215332031,471.1000061035156,488.4200134277344,468.6099853515625,484.0,1188200
2022-09-14,464.61328125,478.1000061035156,481.5299987792969,471.1000061035156,476.9700012207031,663700
2022-09-15,452.5145263671875,465.6499938964844,478.3599853515625,462.8999938964844,472.5400085449219,853500
2022-09-16,454.06939697265625,467.25,472.19000244140625,459.9100036621094,462.0299987792969,914000
2022-09-19,457.8204650878906,471.1099853515625,472.989990234375,459.6499938964844,459.6499938964844,646500
2022-09-20,448.9286193847656,461.9599914550781,466.5299987792969,457.3599853515625,458.95001220703125,906700
2022-09-21,442.0872497558594,454.9200134277344,476.1700134277344,454.8599853515625,461.54998779296875,783900
2022-09-22,428.5987548828125,441.0400085449219,452.19000244140625,439.1000061035156,450.70001220703125,952900
2022-09-23,423.83697509765625,436.1400146484375,436.94000244140625,427.3500061035156,433.6000061035156,1362300
2022-09-26,418.6573181152344,430.80999755859375,440.7699890136719,429.1199951171875,434.0899963378906,1164000
2022-09-27,421.06732177734375,433.2900085449219,442.510009765625,426.5,438.8500061035156,876400
2022-09-28,428.78338623046875,441.2300109863281,443.4200134277344,423.1700134277344,426.1400146484375,957100
2022-09-29,415.7127380371094,427.7799987792969,428.7099914550781,419.2300109863281,425.6099853515625,1141800
2022-09-30,403.6334228515625,415.3500061035156,428.04998779296875,413.95001220703125,414.0,1084700
2022-10-03,419.5027770996094,431.67999267578125,435.510009765625,421.0199890136719,423.6000061035156,1452400
2022-10-04,451.98974609375,465.1099853515625,467.7699890136719,455.7799987792969,461.2099914550781,1954600
2022-10-05,456.0518798828125,469.2900085449219,474.75,453.04998779296875,456.94000244140625,1193800
2022-10-06,449.103515625,462.1400146484375,474.17999267578125,461.489990234375,465.2900085449219,926100
2022-10-07,422.0099182128906,434.260009765625,448.7200012207031,432.739990234375,446.5,1412400
2022-10-10,409.9889221191406,421.8900146484375,434.07000732421875,416.3599853515625,433.9100036621094,1383700
2022-10-11,388.28887939453125,399.55999755859375,412.6499938964844,394.010009765625,412.5299987792969,2044200
2022-10-12,387.0934753417969,398.3299865722656,404.92999267578125,397.510009765625,403.80999755859375,1277100
2022-10-13,393.9640808105469,405.3999938964844,410.7300109863281,363.1499938964844,364.9100036621094,2782200
2022-10-14,368.4351806640625,379.1300048828125,405.6199951171875,378.6000061035156,404.3800048828125,1727900
2022-10-17,381.1559143066406,392.2200012207031,399.6000061035156,388.8299865722656,394.4599914550781,1417900
2022-10-18,387.7348937988281,398.989990234375,409.1700134277344,393.19000244140625,407.3800048828125,1324800
2022-10-19,412.058837890625,424.0199890136719,431.8500061035156,410.3900146484375,415.8900146484375,2435200
2022-10-20,424.9350891113281,437.2699890136719,448.9200134277344,428.7799987792969,431.25,2090900
2022-10-21,449.19097900390625,462.2300109863281,462.8800048828125,437.70001220703125,440.4800109863281,2756600
2022-10-24,459.6280212402344,472.9700012207031,476.0899963378906,459.6000061035156,470.42999267578125,2389300
2022-10-25,472.3001708984375,486.010009765625,495.75,478.3500061035156,478.489990234375,2047200
2022-10-26,470.4342956542969,484.0899963378906,496.20001220703125,474.25,475.95001220703125,1879400
2022-10-27,461.0273742675781,474.4100036621094,489.6000061035156,473.989990234375,482.1000061035156,1075700
2022-10-28,475.3807373046875,489.17999267578125,489.8699951171875,468.8900146484375,469.8599853515625,1436100
2022-10-31,459.0935363769531,472.4200134277344,480.8800048828125,471.6499938964844,479.0400085449219,1063600
2022-11-01,461.97003173828125,475.3800048828125,483.6700134277344,472.8599853515625,483.3800048828125,760700
2022-11-02,433.7394714355469,446.3299865722656,477.0,446.260009765625,470.04998779296875,1887400
2022-11-03,428.79779052734375,439.9200134277344,446.760009765625,437.1199951171875,440.79998779296875,1615700
2022-11-04,456.9085998535156,468.760009765625,469.6099853515625,454.3299865722656,462.3500061035156,1587800
2022-11-07,471.1687316894531,483.3900146484375,485.44000244140625,469.6099853515625,474.8299865722656,1429400
2022-11-08,490.85797119140625,503.5899963378906,505.989990234375,491.05999755859375,498.25,2316100
2022-11-09,477.085205078125,489.4599914550781,504.2200012207031,488.9100036621094,494.510009765625,1302600
2022-11-10,546.61181640625,560.7899780273438,561.8200073242188,520.3599853515625,531.5,3518000
2022-11-11,561.8660888671875,576.4400024414062,578.6199951171875,558.489990234375,560.780029296875,1982800
2022-11-14,563.2112426757812,577.8200073242188,590.2999877929688,573.8800048828125,574.780029296875,1806400
2022-11-15,582.3643188476562,597.469970703125,608.3200073242188,586.5399780273438,606.75,1669400
2022-11-16,562.1195678710938,576.7000122070312,583.9500122070312,573.7999877929688,583.52001953125,1418900
2022-11-17,574.1378173828125,589.030029296875,590.4500122070312,568.9500122070312,568.9600219726562,917900
2022-11-18,578.1633911132812,593.1599731445312,599.9299926757812,584.7999877929688,599.6199951171875,1115300
2022-11-21,565.6188354492188,580.2899780273438,583.7899780273438,575.0999755859375,581.2000122070312,849800
2022-11-22,581.1362915039062,596.2100219726562,596.530029296875,574.22998046875,581.719970703125,1082400
2022-11-23,588.5830078125,603.8499755859375,610.0,595.1799926757812,595.1799926757812,874700
2022-11-25,576.8767700195312,591.8400268554688,597.9000244140625,591.8400268554688,596.9299926757812,408900
2022-11-28,568.5917358398438,583.3400268554688,598.1300048828125,580.4199829101562,593.780029296875,1056200
2022-11-29,564.1859741210938,578.8200073242188,587.0,576.77001953125,584.0900268554688,562900
2022-11-30,592.7451171875,608.1199951171875,608.4099731445312,576.9400024414062,585.2999877929688,1569700
2022-12-01,595.8057250976562,611.260009765625,616.5599975585938,601.3599853515625,611.7100219726562,1245900
2022-12-02,590.3961181640625,605.7100219726562,607.4500122070312,597.0,600.2999877929688,719800
2022-12-05,585.6004638671875,600.7899780273438,607.1599731445312,593.3800048828125,605.0999755859375,873900
2022-12-06,578.05615234375,593.0499877929688,604.4500122070312,586.8200073242188,603.5,839200
2022-12-07,586.1463012695312,601.3499755859375,604.0,590.6900024414062,592.2100219726562,878600
2022-12-08,591.5463256835938,606.8900146484375,609.4600219726562,587.6599731445312,591.8800048828125,1019300
2022-12-09,582.5885620117188,597.7000122070312,611.1699829101562,596.4000244140625,602.989990234375,870700
2022-12-12,594.5678100585938,609.989990234375,610.0,595.7999877929688,596.8699951171875,819600
2022-12-13,612.3858032226562,628.27001953125,643.3599853515625,617.5700073242188,642.97998046875,1334000
2022-12-14,600.28955078125,615.8599853515625,626.760009765625,609.9299926757812,622.5,1167500
2022-12-15,571.515869140625,586.3400268554688,604.7999877929688,584.260009765625,603.0,1420500
2022-12-16,559.7998046875,574.3200073242188,585.75,565.739990234375,577.260009765625,2097300
2022-12-19,554.2340087890625,568.6099853515625,575.8499755859375,562.6699829101562,574.0499877929688,906800
2022-12-20,548.9218139648438,563.1599731445312,568.9600219726562,561.1500244140625,562.239990234375,845700
2022-12-21,566.2719116210938,580.9600219726562,583.9600219726562,567.2999877929688,569.0599975585938,797700
2022-12-22,541.8941650390625,555.9500122070312,571.0499877929688,546.7999877929688,571.0499877929688,1351800
2022-12-23,537.4299926757812,551.3699951171875,552.0700073242188,542.530029296875,546.8699951171875,602600
2022-12-27,523.5987548828125,537.1799926757812,546.5,536.510009765625,546.0499877929688,802600
2022-12-28,518.1988525390625,531.6400146484375,541.7999877929688,529.010009765625,536.7000122070312,609900
2022-12-29,537.5274047851562,551.469970703125,555.3699951171875,540.1500244140625,541.2000122070312,841000
2022-12-30,532.585693359375,546.4000244140625,546.47998046875,536.77001953125,540.8599853515625,703200
2023-01-03,535.6754150390625,549.5700073242188,564.1500244140625,545.77001953125,561.280029296875,675100
2023-01-04,556.39794921875,570.8300170898438,575.510009765625,561.0599975585938,570.7999877929688,1087300
2023-01-05,551.0272827148438,565.3200073242188,573.5499877929688,562.5499877929688,565.3800048828125,710900
2023-01-06,580.7852783203125,595.8499755859375,598.6799926757812,567.280029296875,575.3300170898438,1025800
2023-01-09,605.6212158203125,621.3300170898438,632.3900146484375,612.7999877929688,613.989990234375,1348800
2023-01-10,617.3763427734375,633.3900146484375,633.780029296875,621.6099853515625,622.6300048828125,873900
2023-01-11,628.380859375,644.6799926757812,645.1400146484375,633.2999877929688,635.5499877929688,806500
2023-01-12,636.0617065429688,652.5599975585938,656.2899780273438,634.8400268554688,651.4400024414062,1322200
2023-01-13,643.0113525390625,659.6900024414062,660.739990234375,648.72998046875,649.3300170898438,649700
2023-01-17,641.5491943359375,658.1900024414062,662.97998046875,651.0999755859375,651.0999755859375,902600
2023-01-18,635.7984619140625,652.2899780273438,676.1099853515625,651.5399780273438,673.52001953125,1152700
2023-01-19,614.315673828125,630.25,655.6799926757812,627.02001953125,654.6099853515625,1534100
2023-01-20,632.4454345703125,648.8499755859375,650.5999755859375,634.2000122070312,638.0900268554688,1033200
2023-01-23,658.938232421875,676.030029296875,676.280029296875,656.8499755859375,658.0499877929688,1780900
2023-01-24,653.070556640625,670.010009765625,673.0399780273438,659.9199829101562,666.719970703125,1066900
2023-01-25,664.2991943359375,681.530029296875,683.02001953125,655.02001953125,656.9600219726562,1569200
2023-01-26,666.6092529296875,683.9000244140625,684.9400024414062,667.8200073242188,681.9000244140625,1593300
2023-01-27,650.5167236328125,667.3900146484375,678.1199951171875,666.6799926757812,667.2000122070312,1249700
2023-01-30,633.8684692382812,650.3099975585938,658.239990234375,647.6199951171875,650.0,1209900
2023-01-31,644.1323852539062,660.8400268554688,660.8599853515625,647.2999877929688,651.219970703125,801800
2023-02-01,661.3750610351562,678.530029296875,685.0900268554688,655.8900146484375,659.530029296875,1274200
2023-02-02,678.9393920898438,696.5499877929688,698.5900268554688,684.9500122070312,696.9000244140625,1318600
2023-02-03,662.4375610351562,679.6199951171875,693.3800048828125,677.9299926757812,678.4500122070312,1015800
2023-02-06,646.6342163085938,661.969970703125,669.3400268554688,659.489990234375,665.9199829101562,783100
2023-02-07,662.99609375,678.719970703125,683.6900024414062,659.239990234375,659.239990234375,1236100
2023-02-08,647.4351806640625,662.7899780273438,674.8900146484375,661.3599853515625,671.469970703125,763900
2023-02-09,648.7443237304688,664.1300048828125,682.280029296875,662.02001953125,673.1199951171875,686500
2023-02-10,641.1444702148438,656.3499755859375,657.1699829101562,648.6400146484375,653.0900268554688,731800
2023-02-13,653.2473754882812,668.739990234375,673.02001953125,657.3200073242188,659.1300048828125,596000
2023-02-14,661.784912109375,677.47998046875,680.97998046875,657.2100219726562,661.7100219726562,1013400
2023-02-15,661.13037109375,676.8099975585938,677.47998046875,661.0,661.8200073242188,683500
2023-02-16,641.0761108398438,656.280029296875,668.2000122070312,655.4500122070312,658.7000122070312,946300
2023-02-17,636.826904296875,651.9299926757812,658.0,647.3900146484375,650.75,1149600
2023-02-21,615.18994140625,629.780029296875,643.9400024414062,629.530029296875,638.010009765625,1022700
2023-02-22,609.7490844726562,624.2100219726562,635.4000244140625,620.4299926757812,632.5599975585938,1017300
2023-02-23,623.3074951171875,638.0900268554688,642.8800048828125,626.6799926757812,642.1300048828125,1093000
2023-02-24,604.0540161132812,618.3800048828125,624.6699829101562,612.719970703125,619.4299926757812,995700
2023-02-27,617.4368286132812,632.0800170898438,639.3699951171875,626.260009765625,631.4099731445312,804500
2023-02-28,603.4190673828125,617.72998046875,625.25,610.1400146484375,612.4500122070312,1381700
2023-03-01,600.7036743164062,614.9500122070312,623.1199951171875,611.9600219726562,621.0700073242188,794300
2023-03-02,609.7099609375,624.1699829101562,625.0900268554688,603.22998046875,606.3200073242188,795800
2023-03-03,622.6139526367188,637.3800048828125,637.6699829101562,621.77001953125,625.3499755859375,1024100
2023-03-06,606.5841064453125,620.969970703125,633.1099853515625,619.8499755859375,627.3200073242188,1403000
2023-03-07,594.9988403320312,609.1099853515625,621.739990234375,605.2999877929688,619.3499755859375,1033000
2023-03-08,605.050537109375,619.4000244140625,620.5499877929688,609.030029296875,611.7999877929688,1081800
2023-03-09,590.7300415039062,604.739990234375,623.8900146484375,604.5599975585938,617.0700073242188,983800
2023-03-10,587.2819213867188,601.2100219726562,617.3499755859375,599.4299926757812,614.0999755859375,1043500
2023-03-13,590.7691650390625,604.780029296875,612.969970703125,589.8900146484375,593.1199951171875,966900
2023-03-14,605.9296264648438,620.2999877929688,620.4500122070312,611.280029296875,617.489990234375,844600
2023-03-15,592.6348876953125,606.6900024414062,609.0900268554688,596.6099853515625,600.719970703125,1047200
2023-03-16,615.951904296875,630.5599975585938,631.02001953125,598.989990234375,600.75,1063200
2023-03-17,619.0093994140625,633.6900024414062,638.4000244140625,626.8099975585938,633.7100219726562,1109300
2023-03-20,631.3565063476562,646.3300170898438,648.3300170898438,639.0999755859375,646.2999877929688,935600
2023-03-21,627.2538452148438,642.1300048828125,655.8300170898438,635.2000122070312,651.7100219726562,848500
2023-03-22,625.53466796875,640.3699951171875,661.4000244140625,639.5399780273438,643.0,955500
2023-03-23,648.7734375,664.1599731445312,673.9400024414062,654.9400024414062,657.739990234375,1171500
2023-03-24,632.52880859375,647.530029296875,658.9500122070312,639.75,656.0599975585938,842700
2023-03-27,629.12939453125,644.0499877929688,657.47998046875,643.0499877929688,655.3699951171875,800300
2023-03-28,624.8899536132812,639.7100219726562,644.6199951171875,632.3800048828125,644.0999755859375,793200
2023-03-29,643.8501586914062,659.1199951171875,665.1699829101562,648.469970703125,649.5700073242188,1101800
2023-03-30,661.0034790039062,676.6799926757812,680.6300048828125,673.510009765625,675.2000122070312,892500
2023-03-31,664.940185546875,680.7100219726562,683.1799926757812,673.6300048828125,675.0900268554688,681600
2023-04-03,658.3758544921875,673.989990234375,675.739990234375,667.3900146484375,674.7999877929688,657200
2023-04-04,653.1888427734375,668.6799926757812,681.5999755859375,666.0599975585938,675.8800048828125,877900
2023-04-05,648.5196533203125,663.9000244140625,664.780029296875,657.3099975585938,663.6599731445312,850300
2023-04-06,641.8966674804688,657.1199951171875,665.2000122070312,655.3200073242188,658.2999877929688,679600
2023-04-10,646.3118896484375,661.6400146484375,661.989990234375,645.489990234375,649.9299926757812,688700
2023-04-11,644.4853515625,659.77001953125,672.739990234375,658.969970703125,669.510009765625,787400
2023-04-12,639.4935302734375,654.6599731445312,672.0,653.6900024414062,669.010009765625,897300
2023-04-13,649.9945678710938,665.4099731445312,670.8800048828125,659.8499755859375,662.3300170898438,1118600
2023-04-14,650.7662353515625,666.2000122070312,672.6400146484375,659.3699951171875,665.4099731445312,645900
2023-04-17,624.2353515625,639.0399780273438,642.0999755859375,632.280029296875,638.739990234375,1536500
2023-04-18,628.426025390625,643.3300170898438,648.27001953125,636.760009765625,644.6900024414062,910300
2023-04-19,609.1531982421875,623.5999755859375,627.9500122070312,616.8800048828125,624.760009765625,2266100
2023-04-20,618.8922119140625,633.5700073242188,639.8800048828125,625.3599853515625,625.3599853515625,1692900
2023-04-21,619.771240234375,634.469970703125,637.1400146484375,627.7999877929688,635.510009765625,982000
2023-04-24,612.8456420898438,627.3800048828125,641.3099975585938,626.9299926757812,640.8300170898438,1431400
2023-04-25,591.7264404296875,605.760009765625,626.469970703125,605.760009765625,626.469970703125,1404900
2023-04-26,594.9890747070312,609.0999755859375,615.1300048828125,606.1699829101562,613.719970703125,844200
2023-04-27,614.6625366210938,629.239990234375,631.2999877929688,612.77001953125,621.760009765625,1127000
2023-04-28,622.10595703125,636.8599853515625,637.3400268554688,626.52001953125,630.8599853515625,823000
2023-05-01,622.2999877929688,635.2000122070312,639.2100219726562,634.030029296875,635.0,469300
2023-05-02,621.17333984375,634.0499877929688,637.52001953125,628.530029296875,632.8699951171875,738100
2023-05-03,621.849365234375,634.739990234375,644.6500244140625,630.719970703125,633.9400024414062,582900
2023-05-04,622.15283203125,635.0499877929688,639.3400268554688,629.8499755859375,632.1300048828125,614000
2023-05-05,637.1129150390625,650.3200073242188,654.219970703125,633.9000244140625,636.6799926757812,801400
2023-05-08,641.6879272460938,654.989990234375,655.0,649.2100219726562,651.75,518900
2023-05-09,629.9905395507812,643.0499877929688,643.8699951171875,638.280029296875,640.5,746100
2023-05-10,643.7943115234375,657.1400146484375,660.4000244140625,651.9000244140625,654.3800048828125,813600
2023-05-11,636.9854736328125,650.1900024414062,652.280029296875,645.1500244140625,650.780029296875,560600
2023-05-12,634.3599243164062,647.510009765625,651.0,642.0999755859375,649.3400268554688,375300
2023-05-15,642.3738403320312,655.6900024414062,655.7000122070312,644.8800048828125,646.8800048828125,893400
2023-05-16,638.8076782226562,652.0499877929688,657.8699951171875,651.5800170898438,652.780029296875,709600
2023-05-17,656.883056640625,670.5,671.4000244140625,652.77001953125,656.989990234375,1162700
2023-05-18,681.7965698242188,695.9299926757812,697.25,675.0700073242188,675.27001953125,1459000
2023-05-19,679.9058227539062,694.0,699.8699951171875,693.8400268554688,698.0,949700
2023-05-22,684.45166015625,698.6400146484375,699.5999755859375,688.8300170898438,690.8599853515625,856000
2023-05-23,667.6106567382812,681.4500122070312,693.3800048828125,678.8599853515625,690.8499755859375,958600
2023-05-24,653.2484130859375,666.7899780273438,670.8400268554688,661.1799926757812,668.0599975585938,1159300
2023-05-25,694.0917358398438,708.47998046875,710.989990234375,693.760009765625,701.02001953125,1929800
2023-05-26,720.9842529296875,735.9299926757812,742.3099975585938,715.6400146484375,716.6500244140625,2349100
2023-05-30,713.4700317382812,728.260009765625,747.1300048828125,725.5499877929688,743.1300048828125,1411100
2023-05-31,708.2481689453125,722.9299926757812,730.0399780273438,713.280029296875,727.0700073242188,1347600
2023-06-01,712.0103149414062,726.77001953125,732.719970703125,718.5499877929688,724.2000122070312,992100
2023-06-02,709.9334716796875,724.6500244140625,732.5499877929688,719.760009765625,730.0,813800
2023-06-05,707.5330810546875,722.2000122070312,726.6300048828125,718.4000244140625,724.6400146484375,663700
2023-06-06,702.0761108398438,716.6300048828125,717.6400146484375,702.9500122070312,707.75,845400
2023-06-07,695.78662109375,710.2100219726562,720.1500244140625,705.5700073242188,713.3599853515625,921200
2023-06-08,705.4267578125,720.0499877929688,720.4199829101562,708.3699951171875,711.0999755859375,762400
2023-06-09,701.32177734375,715.8599853515625,725.6099853515625,712.6099853515625,720.5599975585938,864500
2023-06-12,715.3411865234375,730.1699829101562,730.77001953125,720.0,721.989990234375,1058900
2023-06-13,722.2970581054688,737.27001953125,739.4000244140625,723.7999877929688,737.219970703125,876100
2023-06-14,725.1773681640625,740.2100219726562,741.719970703125,728.1599731445312,735.4099731445312,821400
2023-06-15,723.6881713867188,738.6900024414062,744.4400024414062,722.3200073242188,723.27001953125,820400
2023-06-16,707.2195434570312,721.8800048828125,733.1599731445312,720.0,731.4000244140625,1337400
2023-06-20,705.7794189453125,720.4099731445312,724.739990234375,710.5800170898438,720.6199951171875,799300
2023-06-21,692.9356689453125,707.2999877929688,719.5499877929688,704.8599853515625,718.6199951171875,820300
2023-06-22,702.84033203125,717.4099731445312,717.75,700.3499755859375,701.97998046875,699800
2023-06-23,683.716796875,697.8900146484375,701.6300048828125,695.9199829101562,698.0999755859375,916900
2023-06-26,686.01904296875,700.239990234375,714.1199951171875,700.22998046875,703.0800170898438,714000
2023-06-27,710.3546142578125,725.0800170898438,726.6599731445312,704.52001953125,706.9000244140625,1115800
2023-06-28,709.4827270507812,724.1900024414062,730.0,717.3200073242188,719.4299926757812,866400
2023-06-29,708.6597290039062,723.3499755859375,729.3800048828125,721.5900268554688,727.6199951171875,768100
2023-06-30,710.0313720703125,724.75,727.4500122070312,715.6599731445312,722.530029296875,963600
2023-07-03,718.9758911132812,733.8800048828125,737.1699829101562,726.1500244140625,733.989990234375,531900
2023-07-05,701.1356201171875,715.6699829101562,722.6099853515625,714.4400024414062,721.2000122070312,954800
2023-07-06,685.1079711914062,699.3099975585938,703.6799926757812,693.22998046875,701.72998046875,1218700
2023-07-07,682.590087890625,696.739990234375,705.739990234375,693.6599731445312,697.9000244140625,1352000
2023-07-10,695.414306640625,709.8300170898438,712.8300170898438,703.4299926757812,703.7100219726562,930900
2023-07-11,690.6824340820312,705.0,709.780029296875,695.6900024414062,708.9199829101562,623200
2023-07-12,710.1390380859375,724.8599853515625,730.5,722.22998046875,729.52001953125,1311700
2023-07-13,735.493408203125,750.739990234375,751.5,740.2000122070312,741.1699829101562,1209100
2023-07-14,738.7068481445312,754.02001953125,771.97998046875,751.969970703125,760.6500244140625,1843900
2023-07-17,739.167236328125,754.489990234375,756.9199829101562,735.47998046875,744.5,1355200
2023-07-18,741.65576171875,757.030029296875,760.0,742.4500122070312,748.7999877929688,1220600
2023-07-19,701.2434692382812,715.780029296875,742.8300170898438,713.1300048828125,739.2000122070312,2406200
2023-07-20,662.3987426757812,676.1300048828125,697.8099975585938,673.3400268554688,697.0,2918800
2023-07-21,679.2787475585938,693.3599853515625,697.8599853515625,689.27001953125,695.3099975585938,2524100
2023-07-24,670.5790405273438,684.47998046875,688.75,680.8499755859375,685.0,1145300
2023-07-25,673.341796875,687.2999877929688,695.3200073242188,684.9099731445312,684.9199829101562,1061900
2023-07-26,670.4027709960938,684.2999877929688,690.1699829101562,677.4400024414062,679.9299926757812,752200
2023-07-27,693.739013671875,708.1199951171875,720.4199829101562,703.5700073242188,714.9400024414062,1488800
2023-07-28,703.7809448242188,718.3699951171875,721.5,709.6900024414062,714.4299926757812,949800
2023-07-31,701.860595703125,716.4099731445312,722.7100219726562,712.1900024414062,721.2899780273438,789100
2023-08-01,695.8643798828125,708.7100219726562,712.5,705.5399780273438,711.4500122070312,555100
2023-08-02,670.6792602539062,683.0599975585938,695.9400024414062,682.0800170898438,695.5999755859375,1025400
2023-08-03,668.6664428710938,681.010009765625,682.8499755859375,672.72998046875,673.7999877929688,920200
2023-08-04,665.750244140625,678.0399780273438,689.1500244140625,675.25,685.3499755859375,891600
2023-08-07,680.8514404296875,693.4199829101562,693.4299926757812,684.4199829101562,690.4400024414062,663500
2023-08-08,667.05615234375,679.3699951171875,680.7000122070312,670.4600219726562,675.3099975585938,746700
2023-08-09,660.3009033203125,672.489990234375,683.989990234375,670.6400146484375,679.75,685200
2023-08-10,665.5244750976562,677.8099975585938,695.3200073242188,676.1199951171875,688.1900024414062,913900
2023-08-11,649.7849731445312,661.780029296875,670.010009765625,661.27001953125,666.7999877929688,806000
2023-08-14,654.4685668945312,666.5499877929688,666.739990234375,648.7100219726562,652.9500122070312,957400
2023-08-15,639.8877563476562,651.7000122070312,658.8699951171875,650.75,657.9000244140625,633100
2023-08-16,634.722900390625,646.4400024414062,658.989990234375,646.280029296875,655.5900268554688,665300
2023-08-17,632.6610717773438,644.3400268554688,655.77001953125,642.8800048828125,655.739990234375,797100
2023-08-18,643.451904296875,655.3300170898438,658.3300170898438,642.9500122070312,645.02001953125,937600
2023-08-21,650.511474609375,662.52001953125,664.6400146484375,649.9099731445312,653.8599853515625,1104300
2023-08-22,655.4209594726562,667.52001953125,680.530029296875,663.7100219726562,679.219970703125,760200
2023-08-23,664.846923828125,677.1199951171875,680.9500122070312,666.52001953125,668.239990234375,908100
2023-08-24,636.0780029296875,647.8200073242188,678.1699829101562,646.8699951171875,678.010009765625,1336800
2023-08-25,639.210205078125,651.010009765625,652.8900146484375,635.8699951171875,643.6799926757812,986200
2023-08-28,647.0455932617188,658.989990234375,659.8099975585938,652.489990234375,657.0599975585938,535800
2023-08-29,655.4112548828125,667.510009765625,668.5399780273438,652.3599853515625,652.5,757900
2023-08-30,657.4240112304688,669.5599975585938,671.219970703125,663.530029296875,667.3900146484375,564100
2023-08-31,648.5576171875,660.530029296875,669.3200073242188,656.6199951171875,660.0,1100100
2023-09-01,650.511474609375,662.52001953125,674.5399780273438,657.5,674.0,592800
2023-09-05,651.53271484375,663.5599975585938,667.4299926757812,661.1699829101562,665.1300048828125,592100
2023-09-06,653.9677734375,666.0399780273438,669.7899780273438,657.0800170898438,666.1500244140625,870800
2023-09-07,626.2296752929688,637.7899780273438,639.6699829101562,628.8599853515625,637.6300048828125,1236200
2023-09-08,616.4798583984375,627.8599853515625,633.02001953125,625.219970703125,628.3699951171875,873200
2023-09-11,616.3325805664062,627.7100219726562,631.530029296875,618.3800048828125,630.8300170898438,1066300
2023-09-12,607.583984375,618.7999877929688,622.989990234375,610.2000122070312,611.0,1311300
2023-09-13,605.86572265625,617.0499877929688,619.9600219726562,613.8099975585938,614.3699951171875,1077000
2023-09-14,610.6279296875,621.9000244140625,624.7999877929688,615.3599853515625,620.8099975585938,1237000
2023-09-15,585.8452758789062,596.6599731445312,605.22998046875,594.02001953125,602.6199951171875,2841400
2023-09-18,586.8958740234375,597.72998046875,598.3599853515625,588.010009765625,588.1799926757812,1071700
2023-09-19,583.0077514648438,593.77001953125,598.1500244140625,589.1300048828125,596.0399780273438,893500
2023-09-20,579.188232421875,589.8800048828125,600.8300170898438,589.75,595.6199951171875,1094500
2023-09-21,571.56884765625,582.1199951171875,590.97998046875,582.1199951171875,586.989990234375,1313800
2023-09-22,576.4585571289062,587.0999755859375,594.77001953125,586.0399780273438,593.8800048828125,837300
2023-09-25,575.5062255859375,586.1300048828125,587.989990234375,580.530029296875,583.6300048828125,607300
2023-09-26,562.3294677734375,572.7100219726562,578.77001953125,567.9199829101562,576.4000244140625,1471000
2023-09-27,564.1165161132812,574.530029296875,582.1799926757812,564.280029296875,578.0,1477600
2023-09-28,570.1255493164062,580.6500244140625,588.2999877929688,564.0,566.22998046875,1112500
2023-09-29,577.9903564453125,588.6599731445312,600.8599853515625,586.760009765625,600.4299926757812,1017400
2023-10-02,571.6278076171875,582.1799926757812,587.6199951171875,576.3499755859375,583.3599853515625,811300
2023-10-03,560.2576293945312,570.5999755859375,579.6799926757812,567.5700073242188,574.9500122070312,1101300
2023-10-04,580.150390625,590.8599853515625,591.8400268554688,580.4600219726562,584.1699829101562,1325900
2023-10-05,571.146728515625,581.6900024414062,586.5999755859375,575.4000244140625,583.7000122070312,865500
2023-10-06,586.5326538085938,597.3599853515625,600.489990234375,577.5999755859375,583.7899780273438,1042100
2023-10-09,580.6512451171875,591.3699951171875,591.7100219726562,582.4099731445312,587.6500244140625,738500
2023-10-10,591.23583984375,602.1500244140625,606.7999877929688,598.3499755859375,600.1799926757812,1087000
2023-10-11,595.2025756835938,606.1900024414062,606.1900024414062,598.0,601.3499755859375,981800
2023-10-12,605.5811157226562,616.760009765625,624.1900024414062,609.6400146484375,609.6400146484375,1618400
2023-10-13,588.8792724609375,599.75,612.2000122070312,597.3400268554688,611.3400268554688,1098500
2023-10-16,592.8558349609375,603.7999877929688,606.0499877929688,598.0,601.0399780273438,1154100
2023-10-17,597.5983276367188,608.6300048828125,610.3499755859375,586.9400024414062,590.8900146484375,1535700
2023-10-18,572.6784057617188,583.25,591.7899780273438,573.8599853515625,581.780029296875,2401700
2023-10-19,577.0771484375,587.72998046875,604.5399780273438,584.8599853515625,600.4400024414062,1475500
2023-10-20,569.5853881835938,580.0999755859375,592.2899780273438,578.2999877929688,588.9500122070312,1035000
2023-10-23,577.1361083984375,587.7899780273438,593.510009765625,573.8599853515625,577.6099853515625,905100
2023-10-24,589.8612060546875,600.75,602.760009765625,589.6300048828125,590.6199951171875,1333900
2023-10-25,572.766845703125,583.3400268554688,598.1900024414062,581.5700073242188,597.4500122070312,1322700
2023-10-26,577.5386962890625,588.2000122070312,599.0,585.5700073242188,593.0999755859375,1093000
2023-10-27,579.3059692382812,590.0,595.969970703125,587.3300170898438,594.8699951171875,819400
2023-10-30,578.2062377929688,588.8800048828125,594.4500122070312,582.47998046875,592.77001953125,746700
2023-10-31,587.9564208984375,598.8099975585938,602.1300048828125,593.5599975585938,599.6500244140625,1020300
2023-11-01,598.7748413085938,608.27001953125,608.7999877929688,596.780029296875,599.6699829101562,1005800
2023-11-02,621.533935546875,631.3900146484375,637.489990234375,627.0900268554688,636.969970703125,1527400
2023-11-03,632.3819580078125,642.4099731445312,647.0,638.9000244140625,643.0999755859375,906900
2023-11-06,627.4893798828125,637.4400024414062,638.7999877929688,631.1699829101562,636.8800048828125,651300
2023-11-07,626.3770751953125,636.3099975585938,641.3900146484375,633.530029296875,633.8200073242188,529000
2023-11-08,629.3106079101562,639.2899780273438,642.6599731445312,637.1500244140625,639.5499877929688,727000
2023-11-09,624.3590087890625,634.260009765625,649.3800048828125,633.8499755859375,646.3900146484375,1221600
2023-11-10,650.9573364257812,661.280029296875,663.219970703125,640.7899780273438,644.4600219726562,1246700
2023-11-13,644.381591796875,654.5999755859375,657.75,648.27001953125,654.1400146484375,641200
2023-11-14,664.8667602539062,675.4099731445312,678.489990234375,669.5,674.6500244140625,1166800
2023-11-15,667.4163208007812,678.0,682.2000122070312,675.010009765625,680.280029296875,918500
2023-11-16,670.241455078125,680.8699951171875,684.5800170898438,675.0,676.7100219726562,854700
2023-11-17,675.3800659179688,686.0900268554688,687.5900268554688,679.2000122070312,681.0599975585938,627600
2023-11-20,683.4716186523438,694.3099975585938,696.969970703125,685.3200073242188,685.3200073242188,674700
2023-11-21,673.7360229492188,684.4199829101562,694.5800170898438,679.9199829101562,693.8699951171875,705400
2023-11-22,674.110107421875,684.7999877929688,694.0499877929688,683.9099731445312,689.469970703125,522300
2023-11-24,680.3905639648438,691.1799926757812,692.0399780273438,687.9000244140625,690.0700073242188,352100
2023-11-27,677.6342163085938,688.3800048828125,690.3099975585938,685.0499877929688,687.6599731445312,545500
2023-11-28,665.4376220703125,675.989990234375,682.8499755859375,672.6500244140625,680.0,644300
2023-11-29,676.8762817382812,687.6099853515625,693.1099853515625,684.6699829101562,686.510009765625,795500
2023-11-30,673.08642578125,683.760009765625,684.3300170898438,676.3800048828125,683.1099853515625,753600
2023-12-01,681.3946533203125,692.2000122070312,695.5800170898438,683.0499877929688,688.1699829101562,857600
2023-12-04,679.5440063476562,690.3200073242188,690.719970703125,679.1199951171875,686.739990234375,748500
2023-12-05,683.688232421875,694.530029296875,697.4299926757812,687.9299926757812,690.3200073242188,610000
2023-12-06,681.2765502929688,692.0800170898438,703.27001953125,691.219970703125,699.4299926757812,657100
2023-12-07,688.7283935546875,699.6500244140625,700.489990234375,692.0900268554688,695.3699951171875,780600
2023-12-08,685.55859375,696.4299926757812,702.8300170898438,694.030029296875,695.3400268554688,920600
2023-12-11,699.153076171875,710.239990234375,713.489990234375,702.5999755859375,704.719970703125,1585000
2023-12-12,709.3119506835938,720.5599975585938,720.97998046875,711.3099975585938,714.9199829101562,880100
2023-12-13,723.81201171875,735.2899780273438,738.6799926757812,720.739990234375,724.6500244140625,1037200
2023-12-14,741.9444580078125,753.7100219726562,755.989990234375,744.2999877929688,744.2999877929688,1446600
2023-12-15,741.2061767578125,752.9600219726562,760.3300170898438,749.6199951171875,753.7100219726562,1507000
2023-12-18,730.4763793945312,742.0599975585938,747.7999877929688,736.3200073242188,747.3699951171875,808900
2023-12-19,733.0948486328125,744.719970703125,745.0800170898438,740.530029296875,743.0,571000
2023-12-20,718.2205810546875,729.6099853515625,749.8599853515625,729.6099853515625,739.5999755859375,1007600
2023-12-21,743.4801635742188,755.27001953125,755.9199829101562,743.5499877929688,744.1699829101562,868200
2023-12-22,740.7828979492188,752.530029296875,755.8200073242188,749.1099853515625,752.8400268554688,597300
2023-12-26,750.7743530273438,762.6799926757812,765.7999877929688,750.0,750.0999755859375,509000
2023-12-27,752.1033325195312,764.030029296875,764.47998046875,758.3499755859375,760.8200073242188,486900
2023-12-28,746.0198364257812,757.8499755859375,763.0900268554688,757.8099975585938,762.0700073242188,468000
2023-12-29,745.1043090820312,756.9199829101562,760.3499755859375,752.3300170898438,758.030029296875,517900
2024-01-02,705.728759765625,716.9199829101562,730.77001953125,714.1400146484375,730.0,1368700
2024-01-03,692.3902587890625,703.3699951171875,706.6400146484375,699.5999755859375,700.5999755859375,952000
2024-01-04,689.3583374023438,700.2899780273438,709.510009765625,697.510009765625,698.0,752100
2024-01-05,692.3607177734375,703.3400268554688,709.7899780273438,699.5999755859375,700.760009765625,579200
2024-01-08,709.5875244140625,720.8400268554688,720.8400268554688,711.9099731445312,712.6500244140625,835300
2024-01-09,704.77392578125,715.9500122070312,719.0700073242188,710.6699829101562,710.6699829101562,587000
2024-01-10,706.5851440429688,717.7899780273438,720.0,708.0399780273438,716.469970703125,506400
2024-01-11,707.313720703125,718.530029296875,724.1900024414062,708.6300048828125,720.489990234375,603900
2024-01-12,702.0864868164062,713.219970703125,715.5499877929688,709.6199951171875,712.6099853515625,580500
2024-01-16,695.4714965820312,706.5,711.2999877929688,702.5,707.989990234375,913100
2024-01-17,701.1514282226562,712.27001953125,713.1699829101562,696.0800170898438,705.9500122070312,835100
2024-01-18,732.9077758789062,744.530029296875,748.27001953125,724.6799926757812,724.6799926757812,2230400
2024-01-19,746.000244140625,757.8300170898438,759.469970703125,744.780029296875,748.5,1796100
2024-01-22,754.7120361328125,766.6799926757812,776.530029296875,765.530029296875,766.4000244140625,1418600
2024-01-23,766.2392578125,778.3900146484375,778.6699829101562,762.5399780273438,766.0499877929688,1800700
2024-01-24,834.0833740234375,847.3099975585938,864.5900268554688,826.5,826.8599853515625,7754300
2024-01-25,855.5135498046875,869.0800170898438,883.280029296875,862.989990234375,869.0,3449500
2024-01-26,854.2042846679688,867.75,873.2000122070312,853.2100219726562,863.5499877929688,1614800
2024-01-29,868.8421630859375,882.6199951171875,883.4199829101562,865.2000122070312,867.5800170898438,1034500
2024-01-30,854.4799194335938,868.030029296875,877.72998046875,862.6099853515625,874.0499877929688,895600
2024-01-31,856.2420043945312,869.8200073242188,884.0,859.4600219726562,861.219970703125,1251200
2024-02-01,876.6384887695312,890.5399780273438,893.780029296875,876.6599731445312,882.3200073242188,1040200
2024-02-02,876.7566528320312,890.6599731445312,893.0499877929688,879.0900268554688,879.239990234375,896400
2024-02-05,886.0615844726562,898.5399780273438,901.9199829101562,881.0999755859375,885.5999755859375,950100
2024-02-06,892.3234252929688,904.8900146484375,905.760009765625,890.8499755859375,898.7999877929688,1409500
2024-02-07,909.4225463867188,922.22998046875,927.7899780273438,905.0599975585938,905.2899780273438,1492200
2024-02-08,910.1227416992188,922.9400024414062,927.72998046875,910.9099731445312,917.5900268554688,1150800
2024-02-09,936.4124755859375,949.5999755859375,954.3200073242188,931.7100219726562,936.6900024414062,1588800
2024-02-12,916.3056640625,929.2100219726562,946.47998046875,927.3499755859375,939.6599731445312,1033600
2024-02-13,890.7752685546875,903.3200073242188,915.8900146484375,889.010009765625,890.8499755859375,1297200
2024-02-14,911.6019897460938,924.4400024414062,925.75,913.4000244140625,914.780029296875,1206400
2024-02-15,916.9269409179688,929.8400268554688,934.75,919.3400268554688,929.0800170898438,884300
2024-02-16,916.0394287109375,928.9400024414062,948.52001953125,925.72998046875,932.72998046875,1161300
2024-02-20,896.9383544921875,909.5700073242188,919.97998046875,898.510009765625,918.5999755859375,1044100
2024-02-21,895.5972900390625,908.2100219726562,908.6699829101562,892.6300048828125,897.4500122070312,867500
2024-02-22,938.6311645507812,951.8499755859375,959.4600219726562,941.2000122070312,946.9199829101562,1780800
2024-02-23,920.28955078125,933.25,954.5599975585938,932.7899780273438,952.280029296875,879000
2024-02-26,934.4304809570312,947.5900268554688,951.719970703125,936.2000122070312,941.510009765625,671300
2024-02-27,928.2968139648438,941.3699951171875,957.760009765625,940.3599853515625,953.0,807500
2024-02-28,926.4527587890625,939.5,943.5,935.0999755859375,939.0399780273438,519700
2024-02-29,938.463623046875,951.6799926757812,952.4500122070312,938.4199829101562,939.5,777600
2024-03-01,977.1784057617188,990.9400024414062,991.4500122070312,950.27001953125,951.5800170898438,1698200
2024-03-04,984.1797485351562,998.0399780273438,1007.6799926757812,987.75,992.5999755859375,1433000
2024-03-05,955.3853759765625,968.8400268554688,992.0399780273438,958.6900024414062,989.7100219726562,1259500
2024-03-06,989.9879760742188,1003.9299926757812,1009.6300048828125,981.469970703125,986.9400024414062,1304500
2024-03-07,1032.8443603515625,1047.3900146484375,1056.3399658203125,1014.8200073242188,1015.6699829101562,1580300
2024-03-08,980.5213012695312,994.3300170898438,1040.2099609375,993.22998046875,1038.8800048828125,1638500
2024-03-11,949.301025390625,962.6699829101562,981.030029296875,957.5,979.5,1432100
2024-03-12,970.6207275390625,984.2899780273438,984.989990234375,950.47998046875,966.7999877929688,1165200
2024-03-13,955.326171875,968.780029296875,983.1599731445312,959.0599975585938,983.1599731445312,851100
2024-03-14,946.451171875,959.780029296875,971.469970703125,950.5599975585938,968.5900268554688,876600
2024-03-15,927.1529541015625,940.2100219726562,954.780029296875,931.7899780273438,954.780029296875,1727400
2024-03-18,928.2672729492188,941.3400268554688,958.2100219726562,939.75,949.3599853515625,821400
2024-03-19,938.6903686523438,951.9099731445312,956.5900268554688,928.0,938.5399780273438,817600
2024-03-20,957.4364624023438,970.9199829101562,974.2999877929688,946.8900146484375,956.0700073242188,838600
2024-03-21,977.0304565429688,990.7899780273438,1005.6599731445312,988.0800170898438,1005.010009765625,1112400
2024-03-22,966.350830078125,979.9600219726562,991.0800170898438,972.5700073242188,973.7100219726562,692800
2024-03-25,965.3351440429688,978.9299926757812,992.280029296875,976.4600219726562,979.1300048828125,860900
2024-03-26,957.8111572265625,971.2999877929688,989.3900146484375,970.8300170898438,986.739990234375,706000
2024-03-27,960.4835205078125,974.010009765625,979.2000122070312,964.0700073242188,978.780029296875,572100
2024-03-28,956.99267578125,970.469970703125,971.8699951171875,961.6500244140625,969.5499877929688,685700
2024-04-01,979.1605224609375,992.9500122070312,1022.6599731445312,979.760009765625,979.760009765625,1108500
2024-04-02,953.284912109375,966.7100219726562,973.8400268554688,957.1199951171875,968.1300048828125,964000
2024-04-03,966.6566162109375,980.27001953125,986.469970703125,962.0999755859375,965.8800048828125,892100
2024-04-04,940.1695556640625,953.4099731445312,996.7999877929688,953.3900146484375,991.989990234375,1269700
2024-04-05,965.9465942382812,979.5499877929688,986.5999755859375,966.9199829101562,976.5,878400
2024-04-08,969.0626831054688,982.7100219726562,996.2000122070312,980.1300048828125,989.8499755859375,929000
2024-04-09,976.0838012695312,989.8300170898438,1000.2000122070312,969.3599853515625,993.739990234375,717500
2024-04-10,961.0751342773438,974.6099853515625,983.47998046875,962.8099975585938,962.8099975585938,722800
2024-04-11,978.401123046875,992.1799926757812,992.1900024414062,963.3300170898438,981.5499877929688,964700
2024-04-12,948.4826049804688,961.8400268554688,972.1500244140625,956.5,969.8200073242188,1031000
2024-04-15,941.5599365234375,954.8200073242188,988.719970703125,951.0999755859375,985.4199829101562,1077500
2024-04-16,963.3531494140625,976.9199829101562,978.6099853515625,957.2000122070312,958.2999877929688,1506500
2024-04-17,895.0055541992188,907.6099853515625,942.8300170898438,895.8400268554688,942.8099975585938,3774100
2024-04-18,876.6837158203125,889.030029296875,903.5999755859375,886.4000244140625,901.1199951171875,1653700
2024-04-19,847.6031494140625,859.5399780273438,896.2100219726562,855.5900268554688,887.4400024414062,2486800
2024-04-22,859.939453125,872.0499877929688,880.0,862.4600219726562,870.0,1143900
2024-04-23,889.049560546875,901.5700073242188,908.0599975585938,875.0,879.2999877929688,991300
2024-04-24,879.9279174804688,892.3200073242188,915.0,881.969970703125,913.0499877929688,860600
2024-04-25,889.9764404296875,902.510009765625,911.0599975585938,871.0,875.0,1114200
2024-04-26,908.0924072265625,918.969970703125,926.3900146484375,911.5499877929688,912.27001953125,865100
2024-04-29,899.0013427734375,909.77001953125,913.25,901.0800170898438,911.8499755859375,650800
2024-04-30,862.142822265625,872.469970703125,907.1799926757812,871.219970703125,896.0999755859375,1093000
2024-05-01,842.7451782226562,852.8400268554688,880.5900268554688,849.1400146484375,871.1099853515625,1458200
2024-05-02,859.9788208007812,870.280029296875,878.0,862.3499755859375,875.0,876800
2024-05-03,890.9576416015625,901.6300048828125,904.9600219726562,888.6699829101562,894.5900268554688,1038000
2024-05-06,906.0667114257812,916.9199829101562,918.3599853515625,905.030029296875,909.2000122070312,642000
2024-05-07,897.4697265625,908.219970703125,926.3800048828125,907.6400146484375,924.8300170898438,655000
2024-05-08,900.6812133789062,911.469970703125,916.72998046875,903.3200073242188,904.4400024414062,555700
2024-05-09,902.7267456054688,913.5399780273438,918.1699829101562,907.3800048828125,914.7000122070312,756000
2024-05-10,919.2785034179688,930.2899780273438,939.0,925.0,925.0,814100
2024-05-13,906.3828735351562,917.239990234375,929.0,914.260009765625,927.6799926757812,745700
2024-05-14,904.1990966796875,915.030029296875,916.3800048828125,905.8800048828125,912.9000244140625,592000
2024-05-15,926.3240966796875,937.4199829101562,937.4199829101562,910.6500244140625,918.6500244140625,883000
2024-05-16,908.6557006835938,919.5399780273438,938.8099975585938,918.9400024414062,936.5,811100
2024-05-17,914.0213623046875,924.969970703125,930.969970703125,916.2100219726562,920.7999877929688,703700
2024-05-20,928.3201904296875,939.4400024414062,946.719970703125,925.780029296875,925.780029296875,669300
2024-05-21,914.3179321289062,925.27001953125,933.5800170898438,915.3400268554688,920.9400024414062,746400
2024-05-22,911.4126586914062,922.3300170898438,933.5,913.489990234375,931.2100219726562,668600
2024-05-23,923.1915893554688,934.25,969.489990234375,927.4099731445312,967.5800170898438,1357200
2024-05-24,944.9015502929688,956.219970703125,958.5700073242188,933.72998046875,938.260009765625,684900
2024-05-28,980.1096801757812,991.8499755859375,992.8800048828125,965.25,972.7999877929688,1184000
2024-05-29,946.5418701171875,957.8800048828125,965.5,955.9400024414062,961.5499877929688,902000
2024-05-30,954.6843872070312,966.1199951171875,969.1500244140625,952.7999877929688,957.0,846500
2024-05-31,948.9826049804688,960.3499755859375,980.0,932.9299926757812,971.8099975585938,1040400
2024-06-03,954.0518798828125,965.47998046875,972.260009765625,948.3900146484375,969.3400268554688,752800
2024-06-04,939.5555419921875,950.8099975585938,963.7100219726562,943.0,962.239990234375,765400
2024-06-05,1029.0137939453125,1041.3399658203125,1041.56005859375,1008.9000244140625,1019.3499755859375,2586500
2024-06-06,1040.1505126953125,1052.6099853515625,1054.43994140625,1032.989990234375,1048.0,1370700
2024-06-07,1016.2470703125,1028.4200439453125,1043.739990234375,1026.52001953125,1040.25,936200
2024-06-10,1029.379638671875,1041.7099609375,1046.1199951171875,1013.9199829101562,1016.1400146484375,1039500
2024-06-11,1023.7471923828125,1036.010009765625,1038.9100341796875,1019.6900024414062,1027.489990234375,789500
2024-06-12,1056.2081298828125,1068.8599853515625,1077.219970703125,1055.6300048828125,1059.1500244140625,978400
2024-06-13,1040.2493896484375,1052.7099609375,1061.0,1038.739990234375,1053.72998046875,1106300
2024-06-14,1015.733154296875,1027.9000244140625,1031.0,1016.5999755859375,1021.4600219726562,1047200
2024-06-17,1040.01220703125,1052.469970703125,1054.3800048828125,1032.6700439453125,1044.18994140625,844400
2024-06-18,1048.8167724609375,1061.3800048828125,1069.4200439453125,1042.0,1042.199951171875,1025300
2024-06-20,1038.302734375,1050.739990234375,1063.1500244140625,1045.02001953125,1058.22998046875,1150300
2024-06-21,1024.3302001953125,1036.5999755859375,1039.0,1023.2100219726562,1038.1800537109375,1626000
2024-06-24,990.1495361328125,1002.010009765625,1034.7099609375,1002.010009765625,1033.1700439453125,1027000
2024-06-25,1011.2271118164062,1023.3400268554688,1023.489990234375,1002.6400146484375,1005.1599731445312,621600
2024-06-26,1004.5668334960938,1016.5999755859375,1023.5999755859375,1003.9000244140625,1014.0,885100
2024-06-27,1015.841796875,1028.010009765625,1041.7099609375,1024.6400146484375,1029.43994140625,784300
2024-06-28,1010.6242065429688,1022.72998046875,1048.81005859375,1015.4500122070312,1028.0,837600
2024-07-01,1021.2569580078125,1033.489990234375,1038.1099853515625,1015.7999877929688,1035.550048828125,791000
2024-07-02,1035.4864501953125,1047.8900146484375,1047.989990234375,1025.8599853515625,1026.77001953125,748700
2024-07-03,1058.7281494140625,1071.4100341796875,1074.300048828125,1055.4100341796875,1058.3900146484375,779800
2024-07-05,1061.76171875,1074.47998046875,1082.7900390625,1069.3399658203125,1079.75,771100
2024-07-08,1064.63720703125,1077.3900146484375,1087.7900390625,1075.8299560546875,1083.1500244140625,881900
2024-07-09,1047.4234619140625,1059.969970703125,1081.52001953125,1059.3499755859375,1079.699951171875,925400
2024-07-10,1085.9420166015625,1098.949951171875,1100.5799560546875,1065.0,1069.18994140625,925400
2024-07-11,1049.923583984375,1062.5,1110.0899658203125,1061.56005859375,1109.97998046875,1151400
2024-07-12,1072.4141845703125,1085.260009765625,1100.6199951171875,1066.300048828125,1072.760009765625,1053800
2024-07-15,1051.0401611328125,1063.6300048828125,1098.72998046875,1060.3699951171875,1097.43994140625,1365600
2024-07-16,1055.546142578125,1068.18994140625,1077.050048828125,1060.739990234375,1074.52001953125,1197600
2024-07-17,921.0274658203125,932.0599975585938,979.989990234375,928.7000122070312,978.5800170898438,5188400
2024-07-18,913.211181640625,924.1500244140625,957.2100219726562,911.0,953.5,2242200
2024-07-19,884.7717895507812,895.3699951171875,920.3400268554688,891.6599731445312,915.22998046875,2133600
2024-07-22,930.1185913085938,941.260009765625,942.5700073242188,922.010009765625,928.1900024414062,1926800
2024-07-23,921.7686157226562,932.8099975585938,940.4099731445312,929.1799926757812,935.3800048828125,1056200
2024-07-24,862.4194946289062,872.75,919.6699829101562,870.760009765625,918.1599731445312,1912000
2024-07-25,852.4193725585938,862.6300048828125,886.3699951171875,850.1799926757812,873.0,2075900
2024-07-26,877.8744506835938,888.3900146484375,895.5700073242188,882.22998046875,893.9199829101562,1681600
2024-07-29,861.8394775390625,870.5499877929688,898.0,869.02001953125,886.989990234375,1231500
2024-07-30,851.6326293945312,860.239990234375,893.9400024414062,856.0,892.5,1682100
2024-07-31,927.32763671875,936.7000122070312,942.239990234375,917.0399780273438,925.52001953125,2406800
2024-08-01,874.8678588867188,883.7100219726562,927.760009765625,871.8099975585938,923.0399780273438,1808500
2024-08-02,801.2518310546875,809.3499755859375,828.5900268554688,795.8900146484375,824.2000122070312,3624100
2024-08-05,812.1417236328125,820.3499755859375,838.8800048828125,767.4099731445312,775.0,2815600
2024-08-06,834.5750732421875,843.010009765625,860.010009765625,835.530029296875,840.3599853515625,1995700
2024-08-07,827.9816284179688,836.3499755859375,878.3900146484375,834.6300048828125,877.0,1521600
2024-08-08,867.8784790039062,876.6500244140625,878.6300048828125,849.260009765625,860.969970703125,1447700
2024-08-09,851.9395751953125,860.5499877929688,865.2999877929688,848.5399780273438,855.22998046875,950500
2024-08-12,844.326416015625,852.8599853515625,866.969970703125,852.8200073242188,861.75,1151200
2024-08-13,860.7900390625,869.489990234375,872.6699829101562,856.3200073242188,860.7999877929688,1526600
2024-08-14,870.7791748046875,879.5800170898438,890.3900146484375,870.4600219726562,887.5900268554688,887700
2024-08-15,918.962158203125,928.25,930.8099975585938,896.2999877929688,900.3900146484375,1459000
2024-08-16,909.4681396484375,918.6599731445312,922.4600219726562,913.030029296875,916.1599731445312,804200
2024-08-19,923.8131713867188,933.1500244140625,933.7100219726562,909.4500122070312,917.1400146484375,1024600
2024-08-20,916.9129028320312,926.1799926757812,936.3800048828125,917.3499755859375,935.97998046875,921300
2024-08-21,934.16845703125,943.6099853515625,945.0499877929688,931.6699829101562,933.719970703125,646500
2024-08-22,898.627685546875,907.7100219726562,943.989990234375,904.5900268554688,943.0,1092600
2024-08-23,898.1821899414062,907.260009765625,922.1300048828125,903.1300048828125,912.9099731445312,1395900
2024-08-26,874.4718627929688,883.3099975585938,904.6400146484375,882.4500122070312,903.5399780273438,1251500
2024-08-27,880.97607421875,889.8800048828125,895.760009765625,874.47998046875,880.0,661600
2024-08-28,879.2435913085938,888.1300048828125,897.4600219726562,880.4199829101562,890.7000122070312,727300
2024-08-29,878.827880859375,887.7100219726562,914.530029296875,882.989990234375,906.0599975585938,1173800
2024-08-30,894.8261108398438,903.8699951171875,906.9299926757812,888.9400024414062,900.0499877929688,991200
2024-09-03,836.9312744140625,845.3900146484375,892.72998046875,841.6500244140625,892.5999755859375,1870800
2024-09-04,803.3605346679688,811.47998046875,822.719970703125,799.22998046875,805.0,2350900
2024-09-05,787.6393432617188,795.5999755859375,808.0499877929688,790.5,795.6900024414062,1672000
2024-09-06,745.2577514648438,752.7899780273438,792.9400024414062,750.8699951171875,792.7999877929688,3286800
2024-09-09,742.3174438476562,749.8200073242188,764.280029296875,738.1500244140625,764.0800170898438,2539900
2024-09-10,743.8618774414062,751.3800048828125,752.0,734.25,749.9099731445312,1524000
2024-09-11,792.134033203125,800.1400146484375,801.5999755859375,758.72998046875,770.030029296875,2559100
2024-09-12,792.1636962890625,800.1699829101562,808.6900024414062,793.719970703125,801.3900146484375,1318700
2024-09-13,808.191650390625,816.3599853515625,818.6199951171875,803.8699951171875,804.1199951171875,1069200
2024-09-16,795.0049438476562,803.0399780273438,809.22998046875,792.1400146484375,808.9600219726562,1150100
2024-09-17,797.62841796875,805.6900024414062,811.77001953125,796.5399780273438,808.7000122070312,734600
2024-09-18,779.9570922851562,787.8400268554688,810.9099731445312,786.3699951171875,800.0900268554688,1249000
2024-09-19,819.8735961914062,828.1599731445312,839.6500244140625,822.219970703125,832.6699829101562,1644300
2024-09-20,787.3225708007812,795.280029296875,810.1900024414062,789.6599731445312,809.5599975585938,2748600
2024-09-23,795.4603881835938,803.5,807.6099853515625,798.010009765625,807.6099853515625,965600
2024-09-24,805.8553466796875,814.0,816.5,801.0,809.5499877929688,881200
2024-09-25,809.9934692382812,818.1799926757812,827.2100219726562,814.0,816.3499755859375,878200
2024-09-26,843.9107055664062,852.4400024414062,862.0,839.7000122070312,860.3300170898438,1566400
2024-09-27,833.1196899414062,841.5399780273438,854.1500244140625,838.2000122070312,852.4500122070312,1038400
2024-09-30,824.9126586914062,833.25,842.1599731445312,819.7000122070312,836.5499877929688,994700
2024-10-01,814.1217651367188,822.3499755859375,841.27001953125,811.9000244140625,839.6799926757812,1244100
2024-10-02,823.86328125,832.1900024414062,839.27001953125,816.5,820.7999877929688,898400
2024-10-03,824.0810546875,832.4099731445312,837.510009765625,823.7899780273438,825.9099731445312,651900
2024-10-04,824.6652221679688,833.0,839.3400268554688,825.9600219726562,836.0499877929688,862500
2024-10-07,809.07275390625,817.25,823.0,811.010009765625,811.719970703125,898200
2024-10-08,816.0126953125,824.260009765625,830.8300170898438,820.0700073242188,822.5,1265900
2024-10-09,837.4361572265625,845.9000244140625,846.1199951171875,826.3699951171875,829.8300170898438,1004900
2024-10-10,825.6254272460938,833.969970703125,835.6300048828125,821.5,825.0,876300
2024-10-11,832.2781982421875,840.6900024414062,845.0,828.4099731445312,829.9199829101562,964700
2024-10-14,863.542236328125,872.27001953125,873.25,852.1699829101562,852.52001953125,1769200
2024-10-15,723.1215209960938,730.4299926757812,873.6500244140625,717.5,867.219970703125,9350700
2024-10-16,676.680908203125,683.52001953125,717.47998046875,677.27001953125,710.969970703125,10296200
2024-10-17,693.5899658203125,700.5999755859375,703.8800048828125,677.1199951171875,692.6400146484375,7209100
2024-10-18,716.0233154296875,723.260009765625,726.4600219726562,713.1799926757812,717.6699829101562,4537800
2024-10-21,706.9547729492188,714.0999755859375,724.8499755859375,708.7899780273438,724.0,2184800
2024-10-22,713.6966552734375,720.9099731445312,724.1099853515625,717.6400146484375,723.0,2067000
2024-10-23,701.5297241210938,708.6199951171875,716.3099975585938,700.0999755859375,714.0499877929688,1681400
2024-10-24,703.6978149414062,710.8099975585938,720.0,706.4500122070312,719.989990234375,1854700
2024-10-25,704.578857421875,711.7000122070312,723.25,711.22998046875,715.989990234375,1380100
2024-10-28,701.5594482421875,708.6500244140625,711.5,703.989990234375,708.3900146484375,1182800
2024-10-29,709.6277465820312,715.1400146484375,715.9400024414062,703.6900024414062,707.739990234375,1445500
2024-10-30,678.5591430664062,683.8300170898438,695.6199951171875,682.6199951171875,693.5499877929688,3085200
2024-10-31,667.3660888671875,672.5499877929688,683.0,667.219970703125,682.97998046875,2398300
2024-11-01,669.5291748046875,674.72998046875,682.760009765625,673.4600219726562,678.5499877929688,1801700
2024-11-04,665.9867553710938,671.1599731445312,678.4299926757812,670.8200073242188,676.0499877929688,1232500
2024-11-05,671.2459716796875,676.4600219726562,685.52001953125,673.469970703125,673.510009765625,1282000
2024-11-06,656.3317260742188,661.4299926757812,673.0399780273438,654.77001953125,668.5499877929688,3208600
2024-11-07,671.9901733398438,677.2100219726562,679.8400268554688,669.8099975585938,674.1099853515625,1758300
2024-11-08,664.3097534179688,669.469970703125,671.239990234375,661.8900146484375,670.0,1726800
2024-11-11,666.1356201171875,671.3099975585938,671.989990234375,661.9400024414062,671.77001953125,1520100
2024-11-12,664.0220336914062,669.1799926757812,676.5399780273438,662.8300170898438,672.6400146484375,1711000
2024-11-13,668.2193603515625,673.4099731445312,673.6799926757812,656.780029296875,664.6199951171875,2453700
2024-11-14,687.6187133789062,692.9600219726562,712.0,691.530029296875,705.6799926757812,3925300
2024-11-15,653.5533447265625,658.6300048828125,679.8800048828125,657.52001953125,678.3599853515625,3063200
2024-11-18,660.1024780273438,665.22998046875,668.8599853515625,648.0,651.0700073242188,2010600
2024-11-19,657.0560913085938,662.1599731445312,671.4099731445312,653.469970703125,662.8200073242188,1640700
2024-11-20,653.3548583984375,658.4299926757812,658.47998046875,645.4500122070312,656.530029296875,1677800
2024-11-21,666.97900390625,672.1599731445312,673.0599975585938,649.02001953125,653.9199829101562,2859000
2024-11-22,667.6934814453125,672.8800048828125,674.7999877929688,666.219970703125,667.7999877929688,1275600
2024-11-25,679.1941528320312,684.469970703125,686.7100219726562,678.0,685.0,1511300
2024-11-26,666.79052734375,671.969970703125,681.8499755859375,666.8300170898438,679.5900268554688,1424100
2024-11-27,665.3119506835938,670.47998046875,672.6900024414062,659.6099853515625,669.760009765625,1231800
2024-11-29,681.3176879882812,686.6099853515625,699.6500244140625,678.5399780273438,678.8699951171875,1706500
2024-12-02,705.9860229492188,711.469970703125,713.6799926757812,680.7000122070312,681.75,2325900
2024-12-03,712.5252075195312,718.0599975585938,721.3300170898438,700.6199951171875,702.6500244140625,1647200
2024-12-04,714.370849609375,719.9199829101562,724.9400024414062,716.9299926757812,723.7899780273438,1529800
2024-12-05,706.0158081054688,711.5,729.219970703125,708.0,729.1500244140625,1801100
2024-12-06,703.5151977539062,708.97998046875,717.2100219726562,707.0800170898438,711.739990234375,1215400
2024-12-09,701.07421875,706.52001953125,723.2100219726562,705.6500244140625,713.25,1267500
2024-12-10,699.8338623046875,705.27001953125,718.2999877929688,700.5700073242188,716.6199951171875,1214700
2024-12-11,708.9232788085938,714.4299926757812,718.0,706.489990234375,711.8900146484375,1217600
2024-12-12,707.603515625,713.0999755859375,719.8800048828125,710.6300048828125,713.3400268554688,868700
2024-12-13,713.041259765625,718.5800170898438,724.97998046875,716.219970703125,718.5800170898438,1455700
2024-12-16,716.8119506835938,722.3800048828125,731.0,713.3300170898438,720.0499877929688,1542800
2024-12-17,729.5232543945312,735.1900024414062,745.1199951171875,732.6799926757812,740.0,1753300
2024-12-18,713.9442138671875,719.489990234375,757.1900024414062,715.47998046875,748.510009765625,2257000
2024-12-19,704.785400390625,710.260009765625,720.8300170898438,708.780029296875,717.75,1620800
2024-12-20,700.2406616210938,705.6799926757812,720.4000244140625,696.280029296875,700.1500244140625,2701800
2024-12-23,715.4822387695312,721.0399780273438,722.0499877929688,707.0800170898438,707.0999755859375,1232600
2024-12-24,714.1625366210938,719.7100219726562,720.2000122070312,715.0,716.3900146484375,586800
2024-12-26,710.3421630859375,715.8599853515625,720.5,711.1099853515625,714.2100219726562,734000
2024-12-27,708.0897216796875,713.5900268554688,717.5,708.5900268554688,717.489990234375,942300
2024-12-30,690.7841796875,696.1500244140625,702.8099975585938,694.469970703125,700.0,1202600
2024-12-31,687.73779296875,693.0800170898438,702.97998046875,687.4299926757812,701.3900146484375,965000
2025-01-02,695.0211791992188,700.4199829101562,711.9600219726562,696.3400268554688,705.3400268554688,1115100
2025-01-03,708.853759765625,714.3599853515625,717.5700073242188,702.5800170898438,703.1599731445312,1062900
2025-01-06,762.5863647460938,768.510009765625,781.0900268554688,749.6500244140625,751.0599975585938,2761100
2025-01-07,751.7406005859375,757.5800170898438,778.3900146484375,753.489990234375,775.0,1490200
2025-01-08,738.2454223632812,743.97998046875,753.3300170898438,737.0,753.0,1185400
2025-01-10,733.3137817382812,739.010009765625,751.2999877929688,735.4000244140625,751.0,1515800
2025-01-13,721.8031005859375,727.4099731445312,729.0,717.5900268554688,721.2000122070312,1321800
2025-01-14,730.6146850585938,736.2899780273438,739.52001953125,728.0599975585938,737.5399780273438,1022600
2025-01-15,720.7017211914062,726.2999877929688,744.469970703125,725.1900024414062,739.4600219726562,1864400
2025-01-16,744.4969482421875,750.280029296875,771.5599975585938,748.4600219726562,758.7999877929688,2407600
2025-01-17,750.5003051757812,756.3300170898438,769.2000122070312,751.5,767.9099731445312,1933600
2025-01-21,757.118896484375,763.0,767.72998046875,755.489990234375,763.0,1332000
2025-01-22,760.8003540039062,766.7100219726562,784.8200073242188,765.8900146484375,777.75,1699900
2025-01-23,740.488037109375,746.239990234375,747.75,736.0,740.010009765625,1751100
2025-01-24,726.6058959960938,732.25,750.0,729.2999877929688,749.3599853515625,1505700
2025-01-27,684.8303833007812,690.1500244140625,690.5999755859375,671.9400024414062,672.7899780273438,4947800
2025-01-28,678.0827026367188,683.3499755859375,693.4500122070312,666.5999755859375,678.7999877929688,2811900
2025-01-29,707.1569213867188,712.6500244140625,728.4600219726562,704.5999755859375,727.1599731445312,4971500
2025-01-30,731.309326171875,736.989990234375,745.5900268554688,730.5800170898438,740.0999755859375,2745600
2025-01-31,733.6115112304688,739.3099975585938,754.5999755859375,737.77001953125,748.0900268554688,2125700
2025-02-03,725.425048828125,731.0599975585938,735.4500122070312,717.9199829101562,719.1300048828125,1647200
2025-02-04,725.7722778320312,731.4099731445312,742.6900024414062,729.280029296875,736.9000244140625,1497000
2025-02-05,736.8661499023438,742.5900268554688,743.2100219726562,722.4000244140625,729.239990234375,1249700
2025-02-06,733.432861328125,739.1300048828125,742.4099731445312,735.010009765625,737.6900024414062,1120200
2025-02-07,722.0909423828125,727.7000122070312,742.3200073242188,723.75,739.0499877929688,1312400
2025-02-10,738.3447265625,744.0800170898438,745.5599975585938,735.8800048828125,736.719970703125,985700
2025-02-11,748.7559204101562,752.97998046875,753.489990234375,743.8800048828125,744.6699829101562,1096700
2025-02-12,751.9280395507812,756.1699829101562,756.7899780273438,733.5599975585938,738.3499755859375,1077800
2025-02-13,772.6312866210938,776.989990234375,776.989990234375,752.75,754.77001953125,1674100
2025-02-14,747.333984375,751.5499877929688,778.3599853515625,748.6799926757812,778.219970703125,2047300
2025-02-18,740.0450439453125,744.219970703125,758.9299926757812,738.5999755859375,757.4400024414062,1715400
2025-02-19,740.621826171875,744.7999877929688,752.8699951171875,741.6900024414062,743.9600219726562,1457900
2025-02-20,738.9215087890625,743.0900268554688,755.510009765625,740.4199829101562,751.3499755859375,1185900
2025-02-21,733.074462890625,737.2100219726562,745.7100219726562,733.2000122070312,744.1500244140625,1472300
2025-02-24,731.8314819335938,735.9600219726562,750.8800048828125,734.7000122070312,746.1300048828125,1471200
2025-02-25,726.0938110351562,730.1900024414062,738.97998046875,726.2100219726562,732.1900024414062,1691200
2025-02-26,742.7398681640625,746.9299926757812,753.77001953125,738.9099731445312,743.8200073242188,1401400
2025-02-27,693.7861328125,697.7000122070312,744.7999877929688,696.9099731445312,743.4199829101562,2342800
2025-02-28,705.1022338867188,709.0800170898438,713.5,697.510009765625,706.8200073242188,1773400
2025-03-03,695.9339599609375,699.8599853515625,732.3499755859375,692.47998046875,722.0499877929688,2284100
2025-03-04,704.2470092773438,708.219970703125,721.2999877929688,692.6900024414062,698.27001953125,2044700
2025-03-05,735.6001586914062,739.75,740.5499877929688,719.2999877929688,731.6199951171875,1754300
2025-03-06,710.8299560546875,714.8400268554688,731.1699829101562,711.0,718.8499755859375,1427900
2025-03-07,728.1123657226562,732.219970703125,734.0,715.5,726.1599731445312,1426400
2025-03-10,679.2779541015625,683.1099853515625,699.0,676.0,697.97998046875,2321500
2025-03-11,686.3380737304688,690.2100219726562,702.0,681.260009765625,698.8200073242188,1616800
2025-03-12,699.4242553710938,703.3699951171875,708.2999877929688,696.739990234375,704.1400146484375,1306300
2025-03-13,690.6935424804688,694.5900268554688,705.2999877929688,688.260009765625,697.8400268554688,1399500
2025-03-14,709.99462890625,714.0,720.030029296875,705.3599853515625,707.6799926757812,1367500
2025-03-17,726.2330322265625,730.3300170898438,734.5499877929688,717.2100219726562,718.0499877929688,1423300
2025-03-18,727.0086669921875,731.1099853515625,734.1900024414062,719.989990234375,729.9000244140625,1007300
2025-03-19,730.7872924804688,734.9099731445312,746.75,725.0599975585938,729.1099853515625,1080500
2025-03-20,729.9420776367188,734.0599975585938,735.4000244140625,724.22998046875,725.010009765625,1282400
2025-03-21,712.2021484375,716.219970703125,721.3599853515625,711.2100219726562,711.7899780273438,1967200
2025-03-24,723.7570190429688,727.8400268554688,731.9500122070312,726.3400268554688,728.030029296875,1104400
2025-03-25,722.6632080078125,726.739990234375,735.0,725.4199829101562,732.0599975585938,1244300
2025-03-26,701.8009033203125,705.760009765625,719.989990234375,702.239990234375,715.9000244140625,1266500
2025-03-27,686.7557373046875,690.6300048828125,702.47998046875,689.0,698.489990234375,1285500
2025-03-28,670.7957763671875,674.5800170898438,687.4400024414062,672.0499877929688,685.1300048828125,1393000
2025-03-31,658.912841796875,662.6300048828125,665.1599731445312,652.8800048828125,660.260009765625,1685000
2025-04-01,663.5963745117188,667.3400268554688,670.6400146484375,656.3499755859375,664.5700073242188,1212600
2025-04-02,665.2570190429688,669.010009765625,676.3900146484375,660.8300170898438,664.3900146484375,1119000
2025-04-03,619.723876953125,623.219970703125,650.969970703125,622.8200073242188,649.530029296875,2877100
2025-04-04,602.1530151367188,605.5499877929688,626.3800048828125,597.6900024414062,621.9500122070312,4017000
2025-04-07,612.3853149414062,615.8400268554688,652.8499755859375,578.510009765625,586.5,4179100
2025-04-08,592.0301513671875,595.3699951171875,637.9000244140625,582.8900146484375,632.02001953125,2585200
2025-04-09,683.4046630859375,687.260009765625,692.2899780273438,606.8699951171875,618.02001953125,3866700
2025-04-10,645.9061889648438,649.5499877929688,661.6599731445312,627.6300048828125,656.1699829101562,2989900
2025-04-11,665.0581665039062,668.8099975585938,672.0,651.3900146484375,656.0599975585938,2163600
2025-04-14,669.0953979492188,672.8699951171875,680.030029296875,662.72998046875,676.4400024414062,1574000
2025-04-15,679.32763671875,683.1599731445312,687.530029296875,676.6900024414062,679.3800048828125,2105600
2025-04-16,631.3682250976562,634.9299926757812,653.1300048828125,624.1699829101562,647.0,4028300
2025-04-17,636.56884765625,640.1599731445312,647.6599731445312,636.9299926757812,644.3599853515625,1439900
2025-04-21,621.1856689453125,624.6900024414062,633.6599731445312,614.0599975585938,632.0,1555100
2025-04-22,635.1071166992188,638.6900024414062,645.6099853515625,631.0,638.8099975585938,1967000
2025-04-23,654.2888793945312,657.97998046875,666.489990234375,654.7899780273438,664.25,1849700
2025-04-24,671.2134399414062,675.0,678.3200073242188,662.5599975585938,666.530029296875,1770700
2025-04-25,673.470703125,677.27001953125,681.75,664.5900268554688,666.9000244140625,1280900
2025-04-28,671.0578002929688,672.760009765625,674.4400024414062,661.0800170898438,672.1699829101562,1007600
2025-04-29,664.4246215820312,666.1099853515625,673.6300048828125,663.0,665.6099853515625,1104000
2025-04-30,666.3896484375,668.0800170898438,669.5,651.4600219726562,657.5900268554688,1042100
2025-05-01,665.0330810546875,666.719970703125,675.1500244140625,662.4600219726562,675.1500244140625,1066300
2025-05-02,688.5833740234375,690.3300170898438,695.0,685.5999755859375,686.3200073242188,1215500
2025-05-05,681.6309814453125,683.3599853515625,690.4199829101562,682.72998046875,685.0,903700
2025-05-06,678.26953125,679.989990234375,686.3699951171875,675.5,676.3099975585938,765100
2025-05-07,698.617919921875,700.3900146484375,701.9600219726562,683.4600219726562,685.780029296875,1041400
2025-05-08,706.2385864257812,708.030029296875,716.8099975585938,705.7000122070312,711.1199951171875,1040500
2025-05-09,704.4232177734375,706.2100219726562,710.510009765625,703.9000244140625,709.2100219726562,884000
2025-05-12,748.3018798828125,750.2000122070312,750.52001953125,729.3800048828125,730.4199829101562,2571500
2025-05-13,761.9672241210938,763.9000244140625,764.8699951171875,744.5399780273438,745.260009765625,1815600
2025-05-14,766.9645385742188,768.9099731445312,773.7000122070312,764.27001953125,765.0,1156100
2025-05-15,756.4412231445312,758.3599853515625,767.0,755.2100219726562,763.6699829101562,1511000
2025-05-16,746.2071533203125,748.0999755859375,753.4500122070312,742.2100219726562,752.8800048828125,1095100
2025-05-19,747.2345581054688,749.1300048828125,750.0,737.27001953125,739.72998046875,977900
2025-05-20,746.8655395507812,748.760009765625,748.97998046875,741.2999877929688,745.6300048828125,777200
2025-05-21,735.3048095703125,737.1699829101562,755.7899780273438,735.489990234375,749.010009765625,1058700
2025-05-22,738.825927734375,740.7000122070312,747.2100219726562,734.1500244140625,736.3200073242188,863500
2025-05-23,730.6366577148438,732.489990234375,735.989990234375,722.52001953125,724.5999755859375,1525200
2025-05-27,754.8751831054688,756.7899780273438,761.2100219726562,749.9500122070312,751.3699951171875,1385100
2025-05-28,744.6212158203125,746.510009765625,756.3900146484375,744.8099975585938,752.1400146484375,1244000
2025-05-29,745.1798095703125,747.0700073242188,759.5499877929688,744.8400268554688,757.8300170898438,1166000
2025-05-30,734.9058837890625,736.77001953125,745.9600219726562,723.0,745.010009765625,1785400
2025-06-02,744.6411743164062,746.530029296875,746.9500122070312,732.6599731445312,733.2899780273438,812600
2025-06-03,745.3593139648438,747.25,748.5499877929688,732.2000122070312,732.6599731445312,1085100
2025-06-04,740.9006958007812,742.780029296875,752.77001953125,740.4099731445312,751.1799926757812,1160000
2025-06-05,745.8680419921875,747.760009765625,756.4600219726562,744.0,754.1300048828125,1506500
2025-06-06,751.11474609375,753.02001953125,762.0999755859375,752.7999877929688,756.0599975585938,1345100
2025-06-09,768.2512817382812,770.2000122070312,782.2000122070312,757.0599975585938,757.0599975585938,1769400
2025-06-10,782.98388671875,784.969970703125,788.2899780273438,776.489990234375,779.1099853515625,1715500
2025-06-11,782.1061401367188,784.0900268554688,797.25,780.6900024414062,790.0499877929688,1365900
2025-06-12,784.2207641601562,786.2100219726562,789.5700073242188,782.3400268554688,785.4400024414062,999600
2025-06-13,759.0745239257812,761.0,772.9299926757812,759.8699951171875,766.8900146484375,1742900
2025-06-16,773.2685546875,775.22998046875,779.1900024414062,765.97998046875,766.3699951171875,1454500
2025-06-17,757.9374389648438,759.8599853515625,773.2100219726562,758.2100219726562,766.780029296875,1422800
2025-06-18,759.7129516601562,761.6400146484375,768.0,754.239990234375,764.72998046875,1372500
2025-06-20,754.6159057617188,756.530029296875,769.010009765625,736.25,768.3699951171875,2303900
2025-06-23,777.7471313476562,779.719970703125,780.75,759.8099975585938,761.260009765625,1302800
2025-06-24,811.3020629882812,813.3599853515625,813.4600219726562,786.1099853515625,786.1099853515625,2039600
2025-06-25,813.1773071289062,815.239990234375,819.5399780273438,806.219970703125,816.75,1400100
2025-06-26,796.0707397460938,798.0900268554688,800.8800048828125,786.5,799.760009765625,1705800
2025-06-27,793.9361572265625,795.9500122070312,805.489990234375,788.4500122070312,802.9400024414062,1201000
2025-06-30,799.3623657226562,801.3900146484375,802.4400024414062,794.0399780273438,796.47998046875,1080400
2025-07-01,788.469970703125,790.469970703125,795.5,782.5399780273438,788.0499877929688,1065800
2025-07-02,797.5669555664062,799.5900268554688,800.5,772.8599853515625,776.239990234375,1383000
2025-07-03,792.4898071289062,794.5,798.530029296875,786.6099853515625,786.969970703125,910700
2025-07-07,783.1036376953125,785.0900268554688,793.489990234375,783.7999877929688,785.4600219726562,1363700
2025-07-08,792.0907592773438,794.0999755859375,798.3900146484375,778.72998046875,782.6599731445312,1327800
2025-07-09,797.8063354492188,799.8300170898438,800.9000244140625,792.469970703125,792.9099731445312,1334300
2025-07-10,800.0606079101562,802.0900268554688,811.0999755859375,798.0,808.9299926757812,1498900
2025-07-11,799.9010009765625,801.9299926757812,803.1900024414062,796.52001953125,797.0700073242188,932400
2025-07-14,804.6888427734375,806.72998046875,812.77001953125,789.8699951171875,797.6199951171875,1456900
2025-07-15,820.9376220703125,823.02001953125,826.5599975585938,814.2100219726562,822.97998046875,2099600
2025-07-16,752.5411376953125,754.4500122070312,760.9000244140625,730.5999755859375,754.3599853515625,10789600
2025-07-17,743.0252075195312,744.9099731445312,756.8499755859375,742.0,746.8200073242188,4078500
2025-07-18,732.721435546875,734.5800170898438,752.0900268554688,734.3300170898438,752.0800170898438,2567200
2025-07-21,717.8590698242188,719.6799926757812,732.9000244140625,719.3200073242188,731.0,2650300
2025-07-22,703.6950073242188,705.47998046875,719.0599975585938,701.1900024414062,718.3099975585938,3425100
2025-07-23,715.1160278320312,716.9299926757812,719.969970703125,708.1300048828125,715.2100219726562,3379400
2025-07-24,723.2454223632812,725.0800170898438,726.6300048828125,718.3599853515625,723.010009765625,2037100
2025-07-25,709.450439453125,711.25,713.1500244140625,706.5999755859375,709.1400146484375,2312100
2025-07-28,728.1430053710938,729.989990234375,735.4099731445312,728.489990234375,735.1500244140625,2253900
2025-07-29,718.489990234375,718.489990234375,726.9199829101562,715.7000122070312,722.72998046875,2292900
2025-07-30,721.4500122070312,721.4500122070312,724.02001953125,715.5,716.8900146484375,1407000
2025-07-31,694.7100219726562,694.7100219726562,707.5399780273438,691.2100219726562,706.4000244140625,2892200
2025-08-01,689.8200073242188,689.8200073242188,693.4299926757812,683.47998046875,690.0,1627100
2025-08-04,699.3599853515625,699.3599853515625,699.4500122070312,692.9000244140625,695.5800170898438,1025600
2025-08-05,689.6300048828125,689.6300048828125,695.6300048828125,684.239990234375,694.719970703125,1261200
2025-08-06,690.9600219726562,690.9600219726562,692.4299926757812,685.4400024414062,687.6500244140625,1218700
2025-08-07,713.1199951171875,713.1199951171875,716.9000244140625,706.6199951171875,714.02001953125,1723800
2025-08-08,722.3200073242188,722.3200073242188,723.5,710.4500122070312,712.4099731445312,1042900
2025-08-11,721.3099975585938,721.3099975585938,731.8599853515625,719.52001953125,724.0,1179700
2025-08-12,741.7899780273438,741.7899780273438,743.3499755859375,723.47998046875,725.530029296875,1461800
2025-08-13,755.5700073242188,755.5700073242188,756.2000122070312,747.5399780273438,750.6300048828125,2011900
2025-08-14,755.2100219726562,755.2100219726562,757.0,744.5599975585938,747.280029296875,1577400
2025-08-15,742.1599731445312,742.1599731445312,747.1500244140625,736.6599731445312,738.5,1635100
2025-08-18,747.5499877929688,747.5499877929688,748.0,739.4400024414062,739.6699829101562,1086400
2025-08-19,743.6099853515625,743.6099853515625,755.6900024414062,741.7100219726562,751.5399780273438,1121300
2025-08-20,749.489990234375,749.489990234375,753.4400024414062,738.1799926757812,750.7999877929688,1368400
2025-08-21,735.4000244140625,735.4000244140625,741.5,732.1099853515625,739.3599853515625,952700
2025-08-22,754.8900146484375,754.8900146484375,761.5700073242188,740.3699951171875,741.6799926757812,1456000
2025-08-25,754.4600219726562,754.4600219726562,758.260009765625,752.0900268554688,754.75,731100
2025-08-26,763.2000122070312,763.2000122070312,763.5,755.9099731445312,758.77001953125,860100
2025-08-27,770.0,770.0,770.5800170898438,757.7899780273438,760.0,1140700
2025-08-28,763.4600219726562,763.4600219726562,773.1699829101562,760.8699951171875,770.0,985400
2025-08-29,742.6199951171875,742.6199951171875,753.5999755859375,739.7899780273438,753.0,1317800
2025-09-02,725.8499755859375,725.8499755859375,727.2000122070312,716.2000122070312,717.2100219726562,1867400
2025-09-03,736.8200073242188,736.8200073242188,738.2999877929688,729.5599975585938,732.219970703125,1330300
2025-09-04,753.4299926757812,753.4299926757812,756.9000244140625,735.4299926757812,737.0499877929688,1532700
2025-09-05,781.7000122070312,781.7000122070312,783.0999755859375,766.239990234375,774.8800048828125,1887300
2025-09-08,796.25,796.25,798.7000122070312,786.75,789.6500244140625,1284500
2025-09-09,805.1300048828125,805.1300048828125,805.8400268554688,793.1199951171875,795.2000122070312,1324100
2025-09-10,793.1400146484375,793.1400146484375,809.5999755859375,791.02001953125,806.8200073242188,1634300
2025-09-11,804.1599731445312,804.1599731445312,809.1500244140625,798.510009765625,799.6900024414062,1297800
2025-09-12,813.8699951171875,813.8699951171875,815.780029296875,806.2999877929688,808.52001953125,1019700
2025-09-15,867.2999877929688,867.2999877929688,868.719970703125,833.9199829101562,834.9299926757812,2702300
2025-09-16,878.4199829101562,878.4199829101562,881.4600219726562,867.5700073242188,879.9400024414062,1832400
2025-09-17,872.27001953125,872.27001953125,877.6300048828125,861.1799926757812,868.22998046875,1553300
2025-09-18,927.7999877929688,927.7999877929688,938.6799926757812,916.030029296875,928.6699829101562,3176100
2025-09-19,932.1500244140625,932.1500244140625,938.6500244140625,925.8699951171875,926.0700073242188,2410200
2025-09-22,957.7999877929688,957.7999877929688,964.5399780273438,953.5900268554688,960.9199829101562,1885000
2025-09-23,963.510009765625,963.510009765625,977.47998046875,956.0,964.4099731445312,1664800
2025-09-24,946.9400024414062,946.9400024414062,953.5999755859375,940.9500122070312,949.719970703125,1400700
2025-09-25,949.5499877929688,949.5499877929688,952.6599731445312,937.1199951171875,938.2000122070312,1272600
2025-09-26,951.52001953125,951.52001953125,955.219970703125,942.75,946.239990234375,955200
2025-09-29,962.6099853515625,962.6099853515625,972.0700073242188,962.3699951171875,963.72998046875,1213800
2025-09-30,968.0900268554688,968.0900268554688,975.6400146484375,963.0700073242188,968.0399780273438,1303600
2025-10-01,1003.27001953125,1003.27001953125,1005.3599853515625,964.8200073242188,965.6099853515625,1963800
2025-10-02,1030.1700439453125,1030.1700439453125,1040.22998046875,1021.8900146484375,1039.0,1689100
2025-10-03,1032.219970703125,1032.219970703125,1039.8499755859375,1025.4599609375,1031.0,1352300
2025-10-06,1043.300048828125,1043.300048828125,1059.0,1040.0999755859375,1040.43994140625,1385400
2025-10-07,1002.2999877929688,1002.2999877929688,1044.8499755859375,1001.0,1042.8299560546875,1667800
2025-10-08,987.8099975585938,987.8099975585938,991.5900268554688,977.4199829101562,977.9500122070312,1947000
2025-10-09,980.5399780273438,980.5399780273438,987.530029296875,971.510009765625,985.3499755859375,1496000
2025-10-10,936.1900024414062,936.1900024414062,976.2000122070312,935.4099731445312,970.6900024414062,2933900
2025-10-13,984.6599731445312,984.6599731445312,985.1799926757812,966.969970703125,971.72998046875,2223900
2025-10-14,983.1799926757812,983.1799926757812,993.47998046875,966.0,967.4600219726562,2422100
2025-10-15,1009.8099975585938,1009.8099975585938,1033.0,993.5399780273438,1030.1300048828125,2900300
2025-10-16,1019.5900268554688,1019.5900268554688,1049.3800048828125,1011.0999755859375,1037.1700439453125,1938400
2025-10-17,1029.27001953125,1029.27001953125,1032.77001953125,1015.0,1020.5900268554688,1663700
2025-10-20,1042.1500244140625,1042.1500244140625,1052.1700439453125,1031.489990234375,1031.75,1271700
2025-10-21,1025.02001953125,1025.02001953125,1037.47998046875,1024.1500244140625,1036.31005859375,1072200
2025-10-22,1011.5700073242188,1011.5700073242188,1033.1800537109375,997.6699829101562,1026.449951171875,1328600
2025-10-23,1036.4100341796875,1036.4100341796875,1040.5,1004.5,1004.52001953125,1318200
2025-10-24,1033.0999755859375,1033.0999755859375,1043.4000244140625,1032.1800537109375,1037.9300537109375,1032700
2025-10-27,1059.97998046875,1059.97998046875,1060.72998046875,1049.3599853515625,1050.010009765625,1265600
2025-10-28,1052.47998046875,1052.47998046875,1060.6400146484375,1051.72998046875,1056.800048828125,856100
