Date,Adj Close,Close,High,Low,Open,Volume
,AVGO,AVGO,AVGO,AVGO,AVGO,AVGO
2013-11-01,3.3164138793945312,4.4720001220703125,4.589000225067139,4.456999778747559,4.578999996185303,22074000
2013-11-04,3.340146541595459,4.504000186920166,4.53000020980835,4.460000038146973,4.508999824523926,13911000
2013-11-05,3.3394038677215576,4.502999782562256,4.519999980926514,4.459000110626221,4.504000186920166,12484000
2013-11-06,3.3646185398101807,4.5370001792907715,4.548999786376953,4.497000217437744,4.51800012588501,10405000
2013-11-07,3.237806558609009,4.366000175476074,4.550000190734863,4.357999801635742,4.535999774932861,32309000
2013-11-08,3.288975954055786,4.434999942779541,4.439000129699707,4.309999942779541,4.373000144958496,36069000
2013-11-11,3.2785937786102295,4.421000003814697,4.458000183105469,4.388999938964844,4.443999767303467,9140000
2013-11-12,3.346820116043091,4.513000011444092,4.51800012588501,4.431000232696533,4.455999851226807,13438000
2013-11-13,3.365361213684082,4.538000106811523,4.538000106811523,4.434999942779541,4.434999942779541,9863000
2013-11-14,3.185152292251587,4.295000076293945,4.508999824523926,4.257999897003174,4.489999771118164,59660000
2013-11-15,3.308258295059204,4.460999965667725,4.480999946594238,4.289000034332275,4.297999858856201,48369000
2013-11-18,3.2600531578063965,4.395999908447266,4.4720001220703125,4.386000156402588,4.460999965667725,13463000
2013-11-19,3.185152292251587,4.295000076293945,4.425000190734863,4.293000221252441,4.383999824523926,12296000
2013-11-20,3.166612386703491,4.269999980926514,4.326000213623047,4.244999885559082,4.324999809265137,11085000
2013-11-21,3.192568302154541,4.304999828338623,4.322000026702881,4.271999835968018,4.293000221252441,15434000
2013-11-22,3.2111082077026367,4.329999923706055,4.3520002365112305,4.295000076293945,4.306000232696533,11219000
2013-11-25,3.241513252258301,4.370999813079834,4.400000095367432,4.340000152587891,4.39300012588501,16001000
2013-11-26,3.3186399936676025,4.474999904632568,4.486000061035156,4.355000019073486,4.379000186920166,18712000
2013-11-27,3.3127074241638184,4.4670000076293945,4.480999946594238,4.373000144958496,4.449999809265137,19086000
2013-11-29,3.3171563148498535,4.4730000495910645,4.508999824523926,4.466000080108643,4.499000072479248,11401000
2013-12-02,3.337179660797119,4.5,4.620999813079834,4.49399995803833,4.548999786376953,24454000
2013-12-03,3.320863962173462,4.478000164031982,4.497000217437744,4.460999965667725,4.493000030517578,16189000
2013-12-04,3.300100803375244,4.449999809265137,4.489999771118164,4.441999912261963,4.447999954223633,26443000
2013-12-05,3.52925181388855,4.758999824523926,4.76800012588501,4.50600004196167,4.552999973297119,45947000
2013-12-06,3.4825332164764404,4.696000099182129,4.830999851226807,4.695000171661377,4.830999851226807,27552000
2013-12-09,3.5129380226135254,4.736999988555908,4.754000186920166,4.65500020980835,4.709000110626221,20719000
2013-12-10,3.4558351039886475,4.659999847412109,4.741000175476074,4.6479997634887695,4.736999988555908,15997000
2013-12-11,3.4194958209991455,4.611000061035156,4.698999881744385,4.605999946594238,4.676000118255615,13005000
2013-12-12,3.3927993774414062,4.574999809265137,4.64900016784668,4.572999954223633,4.644999980926514,13678000
2013-12-13,3.3853836059570312,4.565000057220459,4.614999771118164,4.560999870300293,4.603000164031982,15876000
2013-12-16,3.71539306640625,5.010000228881836,5.054999828338623,4.835999965667725,4.9710001945495605,121534000
2013-12-17,3.9719862937927246,5.355999946594238,5.453999996185303,5.03000020980835,5.034999847412109,87230000
2013-12-18,3.9600632190704346,5.315000057220459,5.34499979019165,5.201000213623047,5.34499979019165,42787000
2013-12-19,3.8326568603515625,5.144000053405762,5.301000118255615,5.13100004196167,5.295000076293945,30366000
2013-12-20,3.848304033279419,5.164999961853027,5.202000141143799,5.132999897003174,5.14300012588501,28889000
2013-12-23,3.8788516521453857,5.205999851226807,5.228000164031982,5.179999828338623,5.228000164031982,12988000
2013-12-24,3.920574903488159,5.26200008392334,5.2789998054504395,5.223999977111816,5.230999946594238,7448000
2013-12-26,3.9280264377593994,5.271999835968018,5.295000076293945,5.245999813079834,5.2829999923706055,7010000
2013-12-27,3.9324965476989746,5.2779998779296875,5.306000232696533,5.261000156402588,5.289000034332275,8043000
2013-12-30,3.9265353679656982,5.269999980926514,5.284999847412109,5.218999862670898,5.2789998054504395,10962000
2013-12-31,3.939945697784424,5.288000106811523,5.329999923706055,5.254000186920166,5.2870001792907715,8655000
2014-01-02,3.9228100776672363,5.264999866485596,5.288000106811523,5.189000129699707,5.284999847412109,14537000
2014-01-03,3.937711715698242,5.284999847412109,5.296000003814697,5.196000099182129,5.244999885559082,11661000
2014-01-06,3.910888671875,5.249000072479248,5.340000152587891,5.243000030517578,5.28000020980835,12634000
2014-01-07,3.9481422901153564,5.298999786376953,5.306000232696533,5.249000072479248,5.2820000648498535,13359000
2014-01-08,4.0070013999938965,5.377999782562256,5.392000198364258,5.285999774932861,5.310999870300293,22968000
2014-01-09,3.966024160385132,5.322999954223633,5.416999816894531,5.276000022888184,5.400000095367432,12339000
2014-01-10,3.9712400436401367,5.329999923706055,5.4019999504089355,5.2870001792907715,5.394000053405762,16691000
2014-01-13,3.9220662117004395,5.263999938964844,5.377999782562256,5.238999843597412,5.361999988555908,13944000
2014-01-14,4.118018627166748,5.5269999504089355,5.584000110626221,5.27400016784668,5.331999778747559,34855000
2014-01-15,4.244683265686035,5.697000026702881,5.7179999351501465,5.552000045776367,5.567999839782715,27187000
2014-01-16,4.129941940307617,5.543000221252441,5.696000099182129,5.514999866485596,5.676000118255615,24084000
2014-01-17,4.182841777801514,5.613999843597412,5.642000198364258,5.5229997634887695,5.526000022888184,31181000
2014-01-21,4.180606365203857,5.611000061035156,5.682000160217285,5.5879998207092285,5.660999774932861,16597000
2014-01-22,4.258094310760498,5.715000152587891,5.7179999351501465,5.585000038146973,5.619999885559082,25526000
2014-01-23,4.176136493682861,5.605000019073486,5.715000152587891,5.573999881744385,5.672999858856201,15551000
2014-01-24,4.059904098510742,5.448999881744385,5.598999977111816,5.414999961853027,5.570000171661377,17426000
2014-01-27,4.056922912597656,5.445000171661377,5.525000095367432,5.374000072479248,5.461999893188477,21031000
2014-01-28,4.0770416259765625,5.4720001220703125,5.480000019073486,5.296000003814697,5.440000057220459,25223000
2014-01-29,4.028609275817871,5.4070000648498535,5.593999862670898,5.336999893188477,5.394000053405762,23974000
2014-01-30,4.101627826690674,5.505000114440918,5.5269999504089355,5.408999919891357,5.48199987411499,11989000
2014-01-31,4.071081161499023,5.464000225067139,5.5289998054504395,5.382999897003174,5.382999897003174,15784000
2014-02-03,3.968259811401367,5.326000213623047,5.517000198364258,5.296000003814697,5.480000019073486,11421000
2014-02-04,4.02414083480835,5.401000022888184,5.415999889373779,5.309999942779541,5.35099983215332,13487000
2014-02-05,4.021904468536377,5.3979997634887695,5.4730000495910645,5.318999767303467,5.372000217437744,9017000
2014-02-06,4.112804889678955,5.519999980926514,5.586999893188477,5.361999988555908,5.39900016784668,18053000
2014-02-07,4.214877605438232,5.6570000648498535,5.684000015258789,5.513000011444092,5.546999931335449,17039000
2014-02-10,4.195508003234863,5.63100004196167,5.6479997634887695,5.557000160217285,5.61899995803833,12347000
2014-02-11,4.326639175415039,5.807000160217285,5.815999984741211,5.61899995803833,5.619999885559082,17344000
2014-02-12,4.39146089553833,5.894000053405762,5.980000019073486,5.820000171661377,5.820000171661377,25864000
2014-02-13,4.401893138885498,5.9079999923706055,5.951000213623047,5.73799991607666,5.743000030517578,22614000
2014-02-14,4.327385425567627,5.808000087738037,5.8379998207092285,5.74399995803833,5.75,28180000
2014-02-18,4.348992347717285,5.836999893188477,5.85099983215332,5.7729997634887695,5.85099983215332,15872000
2014-02-19,4.299072265625,5.769999980926514,5.8420000076293945,5.749000072479248,5.818999767303467,14598000
2014-02-20,4.395930767059326,5.900000095367432,5.9029998779296875,5.769999980926514,5.803999900817871,22282000
2014-02-21,4.36240291595459,5.855000019073486,5.949999809265137,5.840000152587891,5.942999839782715,17998000
2014-02-24,4.4384002685546875,5.956999778747559,5.999000072479248,5.85099983215332,5.85099983215332,20672000
2014-02-25,4.395930767059326,5.900000095367432,6.0,5.839000225067139,6.0,26929000
2014-02-26,4.612003326416016,6.190000057220459,6.348999977111816,5.997000217437744,6.0,49125000
2014-02-27,4.573257923126221,6.138000011444092,6.2220001220703125,6.078000068664551,6.11899995803833,16460000
2014-02-28,4.597101211547852,6.170000076293945,6.197000026702881,6.078999996185303,6.114999771118164,15225000
2014-03-03,4.6000823974609375,6.173999786376953,6.247000217437744,6.085000038146973,6.114999771118164,15340000
2014-03-04,4.72003698348999,6.335000038146973,6.409999847412109,6.228000164031982,6.25,36761000
2014-03-05,4.699921607971191,6.308000087738037,6.422999858856201,6.294000148773193,6.315999984741211,24656000
2014-03-06,4.741644859313965,6.363999843597412,6.390999794006348,6.304999828338623,6.328999996185303,12162000
2014-03-07,4.6753339767456055,6.275000095367432,6.394999980926514,6.244999885559082,6.394999980926514,15133000
2014-03-10,4.679059982299805,6.28000020980835,6.3420000076293945,6.247000217437744,6.293000221252441,13519000
2014-03-11,4.62094259262085,6.202000141143799,6.364999771118164,6.181000232696533,6.297999858856201,16191000
2014-03-12,4.707372188568115,6.317999839782715,6.330999851226807,6.045000076293945,6.177000045776367,23598000
2014-03-13,4.670117378234863,6.26800012588501,6.449999809265137,6.203999996185303,6.340000152587891,35377000
2014-03-14,4.670117378234863,6.26800012588501,6.324999809265137,6.2210001945495605,6.2769999504089355,13939000
2014-03-17,4.724508762359619,6.341000080108643,6.39900016784668,6.276000022888184,6.302999973297119,13968000
2014-03-18,4.775390148162842,6.381999969482422,6.401000022888184,6.2789998054504395,6.324999809265137,13109000
2014-03-19,4.819538593292236,6.440999984741211,6.48799991607666,6.379000186920166,6.401000022888184,17558000
2014-03-20,4.886880874633789,6.531000137329102,6.539000034332275,6.429999828338623,6.432000160217285,19966000
2014-03-21,4.781376361846924,6.389999866485596,6.583000183105469,6.363999843597412,6.564000129699707,23267000
2014-03-24,4.726005554199219,6.315999984741211,6.435999870300293,6.235000133514404,6.4029998779296875,24811000
2014-03-25,4.788859844207764,6.400000095367432,6.498000144958496,6.328000068664551,6.36899995803833,16145000
2014-03-26,4.699817180633545,6.281000137329102,6.48799991607666,6.211999893188477,6.439000129699707,28414000
2014-03-27,4.697571277618408,6.2779998779296875,6.310999870300293,6.184000015258789,6.2769999504089355,25247000
2014-03-28,4.797089576721191,6.410999774932861,6.4679999351501465,6.2870001792907715,6.298999786376953,14330000
2014-03-31,4.819538593292236,6.440999984741211,6.5329999923706055,6.423999786376953,6.449999809265137,14819000
2014-04-01,4.867426872253418,6.505000114440918,6.526000022888184,6.421999931335449,6.454999923706055,21962000
2014-04-02,4.8367462158203125,6.464000225067139,6.531000137329102,6.383999824523926,6.473999977111816,20979000
2014-04-03,4.7836222648620605,6.39300012588501,6.558000087738037,6.3470001220703125,6.473999977111816,21592000
2014-04-04,4.624243259429932,6.179999828338623,6.473999977111816,6.004000186920166,6.455999851226807,38830000
2014-04-07,4.516491889953613,6.035999774932861,6.193999767303467,5.882999897003174,6.099999904632568,43274000
2014-04-08,4.5022759437561035,6.017000198364258,6.0980000495910645,6.005000114440918,6.061999797821045,22055000
2014-04-09,4.674375057220459,6.247000217437744,6.25600004196167,6.104000091552734,6.104000091552734,19256000
2014-04-10,4.479081153869629,5.986000061035156,6.255000114440918,5.961999893188477,6.255000114440918,20396000
2014-04-11,4.379560947418213,5.853000164031982,5.995999813079834,5.8460001945495605,5.927000045776367,21903000
2014-04-14,4.401259899139404,5.881999969482422,5.956999778747559,5.810999870300293,5.84499979019165,19419000
2014-04-15,4.4102396965026855,5.894000053405762,5.935999870300293,5.7270002365112305,5.906000137329102,25014000
2014-04-16,4.437925338745117,5.931000232696533,5.946000099182129,5.810999870300293,5.946000099182129,17916000
2014-04-17,4.556150913238525,6.089000225067139,6.165999889373779,5.892000198364258,5.934000015258789,19092000
2014-04-21,4.630976676940918,6.189000129699707,6.2179999351501465,6.081999778747559,6.0970001220703125,12560000
2014-04-22,4.746957302093506,6.343999862670898,6.379000186920166,6.160999774932861,6.160999774932861,22830000
2014-04-23,4.8337554931640625,6.460000038146973,6.460999965667725,6.377999782562256,6.3979997634887695,26984000
2014-04-24,4.892119407653809,6.538000106811523,6.547999858856201,6.354000091552734,6.543000221252441,27519000
2014-04-25,4.66464900970459,6.234000205993652,6.502999782562256,6.218999862670898,6.485000133514404,19266000
2014-04-28,4.547920227050781,6.078000068664551,6.291999816894531,6.0320000648498535,6.290999889373779,30708000
2014-04-29,4.5583953857421875,6.0920000076293945,6.15500020980835,6.000999927520752,6.0980000495910645,21656000
2014-04-30,4.751446723937988,6.349999904632568,6.367000102996826,6.0370001792907715,6.110000133514404,25375000
2014-05-01,4.750697612762451,6.348999977111816,6.489999771118164,6.257999897003174,6.291999816894531,18863000
2014-05-02,4.809062480926514,6.427000045776367,6.499000072479248,6.317999839782715,6.4720001220703125,13407000
2014-05-05,4.8075666427612305,6.425000190734863,6.445000171661377,6.302000045776367,6.38700008392334,13529000
2014-05-06,5.038777828216553,6.734000205993652,6.808000087738037,6.625,6.793000221252441,127802000
2014-05-07,4.999121189117432,6.681000232696533,6.861000061035156,6.635000228881836,6.775000095367432,560280000
2014-05-08,5.084418773651123,6.795000076293945,6.89300012588501,6.671000003814697,6.681000232696533,53700000
2014-05-09,5.0440144538879395,6.741000175476074,6.855999946594238,6.668000221252441,6.791999816894531,38700000
2014-05-12,5.1727142333984375,6.913000106811523,6.918000221252441,6.741000175476074,6.793000221252441,27394000
2014-05-13,5.145030498504639,6.875999927520752,6.934000015258789,6.855999946594238,6.927000045776367,23021000
2014-05-14,5.12632417678833,6.85099983215332,6.960000038146973,6.755000114440918,6.854000091552734,30243000
2014-05-15,5.082923889160156,6.793000221252441,6.894999980926514,6.710999965667725,6.867000102996826,32093000
2014-05-16,5.124079704284668,6.8480000495910645,6.89300012588501,6.73199987411499,6.809000015258789,52044000
2014-05-19,5.112107753753662,6.831999778747559,6.940999984741211,6.814000129699707,6.909999847412109,37789000
2014-05-20,5.052246570587158,6.751999855041504,6.8379998207092285,6.691999912261963,6.835999965667725,29085000
2014-05-21,5.118842601776123,6.841000080108643,6.843999862670898,6.736999988555908,6.751999855041504,16896000
2014-05-22,5.139044761657715,6.868000030517578,6.921999931335449,6.788000106811523,6.8429999351501465,15679000
2014-05-23,5.278968334197998,7.054999828338623,7.060999870300293,6.873000144958496,6.9120001792907715,32017000
2014-05-27,5.307403564453125,7.0929999351501465,7.127999782562256,7.0320000648498535,7.103000164031982,31637000
2014-05-28,5.245296001434326,7.010000228881836,7.074999809265137,6.984000205993652,7.054999828338623,34927000
2014-05-29,5.296926498413086,7.078999996185303,7.085000038146973,6.980999946594238,7.047999858856201,27566000
2014-05-30,5.287949085235596,7.066999912261963,7.199999809265137,6.940999984741211,7.184999942779541,38938000
2014-06-02,5.36052942276001,7.164000034332275,7.199999809265137,7.059999942779541,7.120999813079834,26599000
2014-06-03,5.346311569213867,7.144999980926514,7.208000183105469,7.084000110626221,7.132999897003174,22308000
2014-06-04,5.358282566070557,7.160999774932861,7.185999870300293,7.113999843597412,7.125999927520752,19379000
2014-06-05,5.377737998962402,7.186999797821045,7.199999809265137,7.123000144958496,7.151000022888184,27288000
2014-06-06,5.359780311584473,7.163000106811523,7.235000133514404,7.124000072479248,7.228000164031982,15866000
2014-06-09,5.3717522621154785,7.178999900817871,7.25,7.146999835968018,7.188000202178955,17420000
2014-06-10,5.376990795135498,7.185999870300293,7.224999904632568,7.150000095367432,7.175000190734863,16409000
2014-06-11,5.368760108947754,7.175000190734863,7.238999843597412,7.135000228881836,7.166999816894531,24943000
2014-06-12,5.369508266448975,7.176000118255615,7.203999996185303,7.119999885559082,7.133999824523926,13604000
2014-06-13,5.3440680503845215,7.142000198364258,7.244999885559082,7.091000080108643,7.2179999351501465,13508000
2014-06-16,5.3036627769470215,7.0879998207092285,7.193999767303467,7.059999942779541,7.146999835968018,15668000
2014-06-17,5.370530128479004,7.1479997634887695,7.1620001792907715,7.059000015258789,7.059000015258789,13817000
2014-06-18,5.350995063781738,7.122000217437744,7.188000202178955,7.054999828338623,7.1579999923706055,13833000
2014-06-19,5.329206943511963,7.0929999351501465,7.131999969482422,7.033999919891357,7.11299991607666,12734000
2014-06-20,5.377292633056641,7.1570000648498535,7.195000171661377,7.086999893188477,7.116000175476074,21834000
2014-06-23,5.3524980545043945,7.124000072479248,7.196000099182129,7.078999996185303,7.160999774932861,13349000
2014-06-24,5.309672832489014,7.066999912261963,7.230000019073486,7.063000202178955,7.177999973297119,15304000
2014-06-25,5.381800174713135,7.163000106811523,7.170000076293945,7.00600004196167,7.058000087738037,12827000
2014-06-26,5.331461429595947,7.0960001945495605,7.186999797821045,7.038000106811523,7.171999931335449,8126000
2014-06-27,5.329957485198975,7.093999862670898,7.117000102996826,7.025000095367432,7.073999881744385,16935000
2014-06-30,5.414859294891357,7.206999778747559,7.206999778747559,7.0920000076293945,7.0920000076293945,17773000
2014-07-01,5.562119483947754,7.4029998779296875,7.413000106811523,7.235000133514404,7.248000144958496,21429000
2014-07-02,5.583908557891846,7.432000160217285,7.460000038146973,7.357999801635742,7.357999801635742,16081000
2014-07-03,5.648524284362793,7.51800012588501,7.5370001792907715,7.440999984741211,7.4670000076293945,7994000
2014-07-07,5.599687099456787,7.453000068664551,7.554999828338623,7.442999839782715,7.543000221252441,19066000
2014-07-08,5.514033794403076,7.339000225067139,7.449999809265137,7.210000038146973,7.433000087738037,19169000
2014-07-09,5.577146530151367,7.422999858856201,7.422999858856201,7.309000015258789,7.366000175476074,9798000
2014-07-10,5.496003150939941,7.315000057220459,7.354000091552734,7.204999923706055,7.206999778747559,15479000
2014-07-11,5.499760150909424,7.320000171661377,7.3480000495910645,7.267000198364258,7.327000141143799,12517000
2014-07-14,5.562872409820557,7.4039998054504395,7.489999771118164,7.341000080108643,7.456999778747559,12242000
2014-07-15,5.516290187835693,7.3420000076293945,7.438000202178955,7.269000053405762,7.401000022888184,14556000
2014-07-16,5.533568859100342,7.364999771118164,7.438000202178955,7.275000095367432,7.310999870300293,15180000
2014-07-17,5.402085781097412,7.190000057220459,7.367000102996826,7.165999889373779,7.326000213623047,17816000
2014-07-18,5.6349992752075195,7.5,7.526000022888184,7.261000156402588,7.27400016784668,33949000
2014-07-21,5.666555404663086,7.541999816894531,7.550000190734863,7.448999881744385,7.452000141143799,15368000
2014-07-22,5.664299488067627,7.539000034332275,7.644000053405762,7.53000020980835,7.558000087738037,23997000
2014-07-23,5.532066822052002,7.36299991607666,7.571000099182129,7.359000205993652,7.570000171661377,24450000
2014-07-24,5.447918891906738,7.250999927520752,7.388999938964844,7.2270002365112305,7.369999885559082,20676000
2014-07-25,5.253322601318359,6.992000102996826,7.230000019073486,6.9710001945495605,7.228000164031982,36838000
2014-07-28,5.297650337219238,7.051000118255615,7.074999809265137,6.914000034332275,7.001999855041504,31813000
2014-07-29,5.250317096710205,6.98799991607666,7.117000102996826,6.984000205993652,7.039999961853027,19111000
2014-07-30,5.297650337219238,7.051000118255615,7.104000091552734,6.9720001220703125,7.09499979019165,17545000
2014-07-31,5.212750434875488,6.938000202178955,7.03000020980835,6.880000114440918,7.000999927520752,18476000
2014-08-01,5.292391777038574,7.044000148773193,7.071000099182129,6.870999813079834,6.992000102996826,19141000
2014-08-04,5.360010623931885,7.133999824523926,7.159999847412109,6.993000030517578,7.0320000648498535,15452000
2014-08-05,5.268348693847656,7.01200008392334,7.142000198364258,6.984000205993652,7.081999778747559,15388000
2014-08-06,5.281122207641602,7.0289998054504395,7.0970001220703125,6.97599983215332,6.980000019073486,10354000
2014-08-07,5.231534481048584,6.9629998207092285,7.089000225067139,6.945000171661377,7.089000225067139,11222000
2014-08-08,5.291640758514404,7.043000221252441,7.050000190734863,6.932000160217285,6.9730000495910645,12822000
2014-08-11,5.320941925048828,7.081999778747559,7.144999980926514,7.051000118255615,7.051000118255615,14173000
2014-08-12,5.345736503601074,7.114999771118164,7.138999938964844,7.046000003814697,7.089000225067139,9421000
2014-08-13,5.407346248626709,7.197000026702881,7.2129998207092285,7.107999801635742,7.163000106811523,10836000
2014-08-14,5.547845363616943,7.383999824523926,7.422999858856201,7.26800012588501,7.26800012588501,18997000
2014-08-15,5.619223117828369,7.479000091552734,7.488999843597412,7.3420000076293945,7.453999996185303,21143000
2014-08-18,5.662799835205078,7.5370001792907715,7.539999961853027,7.434999942779541,7.531000137329102,12531000
2014-08-19,5.681582450866699,7.561999797821045,7.6620001792907715,7.543000221252441,7.558000087738037,18734000
2014-08-20,5.738683223724365,7.638000011444092,7.650000095367432,7.564000129699707,7.566999912261963,11375000
2014-08-21,5.730419635772705,7.626999855041504,7.664000034332275,7.574999809265137,7.61299991607666,15550000
2014-08-22,5.72590970993042,7.620999813079834,7.651000022888184,7.551000118255615,7.651000022888184,15837000
2014-08-25,5.6928534507751465,7.577000141143799,7.7210001945495605,7.541999816894531,7.699999809265137,17100000
2014-08-26,5.707127094268799,7.5960001945495605,7.614999771118164,7.5269999504089355,7.585999965667725,13544000
2014-08-27,5.722155570983887,7.616000175476074,7.651000022888184,7.551000118255615,7.599999904632568,13434000
2014-08-28,5.737181663513184,7.636000156402588,7.64900016784668,7.494999885559082,7.553999900817871,18587000
2014-08-29,6.167693614959717,8.208999633789062,8.479999542236328,7.650000095367432,8.182000160217285,62934000
2014-09-02,6.3878374099731445,8.501999855041504,8.513999938964844,8.239999771118164,8.29699993133545,41604000
2014-09-03,6.415635108947754,8.538999557495117,8.619000434875488,8.449999809265137,8.527000427246094,32681000
2014-09-04,6.468228340148926,8.609000205993652,8.725000381469727,8.54699993133545,8.553000450134277,28061000
2014-09-05,6.60271692276001,8.788000106811523,8.805999755859375,8.625,8.63599967956543,26594000
2014-09-08,6.626007556915283,8.819000244140625,8.967000007629395,8.751999855041504,8.807000160217285,28949000
2014-09-09,6.642536163330078,8.840999603271484,8.91100025177002,8.795999526977539,8.838000297546387,21896000
2014-09-10,6.686864852905273,8.899999618530273,8.90999984741211,8.772000312805176,8.82800006866455,18855000
2014-09-11,6.692126750946045,8.906999588012695,8.91100025177002,8.781999588012695,8.890999794006348,17888000
2014-09-12,6.600460529327393,8.78499984741211,8.906999588012695,8.739999771118164,8.901000022888184,18244000
2014-09-15,6.514811038970947,8.670999526977539,8.824000358581543,8.626999855041504,8.814000129699707,15998000
2014-09-16,6.605722904205322,8.791999816894531,8.82699966430664,8.567000389099121,8.63700008392334,21146000
2014-09-17,6.616279602050781,8.77400016784668,8.843000411987305,8.737000465393066,8.79699993133545,15653000
2014-09-18,6.750507354736328,8.95199966430664,8.95300006866455,8.803000450134277,8.817999839782715,18165000
2014-09-19,6.7188334465026855,8.90999984741211,9.088000297546387,8.890000343322754,9.012999534606934,41834000
2014-09-22,6.574051380157471,8.718000411987305,8.916999816894531,8.642000198364258,8.86400032043457,23869000
2014-09-23,6.602705478668213,8.755999565124512,8.795000076293945,8.637999534606934,8.701000213623047,20829000
2014-09-24,6.712801456451416,8.902000427246094,8.904999732971191,8.734999656677246,8.769000053405762,14503000
2014-09-25,6.5197553634643555,8.645999908447266,8.883999824523926,8.57699966430664,8.883999824523926,17940000
2014-09-26,6.598182201385498,8.75,8.765999794006348,8.645999908447266,8.654999732971191,9834000
2014-09-29,6.568772315979004,8.711000442504883,8.730999946594238,8.607000350952148,8.640999794006348,9826000
2014-09-30,6.560478687286377,8.699999809265137,8.791999816894531,8.619999885559082,8.76099967956543,14885000
2014-10-01,6.450381278991699,8.553999900817871,8.711999893188477,8.484000205993652,8.711999893188477,22257000
2014-10-02,6.27468204498291,8.321000099182129,8.539999961853027,8.083999633789062,8.508000373840332,34278000
2014-10-03,6.294286727905273,8.347000122070312,8.444999694824219,8.305000305175781,8.362000465393066,20650000
2014-10-06,6.2497992515563965,8.288000106811523,8.451000213623047,8.253999710083008,8.406999588012695,19536000
2014-10-07,6.110292911529541,8.102999687194824,8.267999649047852,8.097000122070312,8.241999626159668,15266000
2014-10-08,6.281468391418457,8.329999923706055,8.37600040435791,7.929999828338623,8.100000381469727,27681000
2014-10-09,6.077868461608887,8.0600004196167,8.329999923706055,8.057999610900879,8.291999816894531,18880000
2014-10-10,5.381099700927734,7.136000156402588,7.7779998779296875,6.875,7.775000095367432,105981000
2014-10-13,5.206151962280273,6.9039998054504395,7.2129998207092285,6.880000114440918,7.079999923706055,65240000
2014-10-14,5.430869102478027,7.202000141143799,7.290999889373779,6.906000137329102,7.205999851226807,69034000
2014-10-15,5.4708356857299805,7.255000114440918,7.34499979019165,6.986000061035156,7.026000022888184,31955000
2014-10-16,5.7008280754089355,7.559999942779541,7.609000205993652,7.050000190734863,7.066999912261963,33985000
2014-10-17,5.817710876464844,7.715000152587891,7.96999979019165,7.683000087738037,7.742000102996826,41607000
2014-10-20,5.881052017211914,7.798999786376953,7.806000232696533,7.579999923706055,7.666999816894531,14370000
2014-10-21,6.21209192276001,8.23799991607666,8.246000289916992,7.895999908447266,7.89900016784668,24112000
2014-10-22,6.097474098205566,8.086000442504883,8.298999786376953,8.072999954223633,8.248000144958496,17307000
2014-10-23,6.1366868019104,8.137999534606934,8.289999961853027,8.112000465393066,8.21399974822998,18205000
2014-10-24,6.172129154205322,8.1850004196167,8.241000175476074,8.07699966430664,8.170000076293945,11269000
2014-10-27,6.151013374328613,8.156999588012695,8.196000099182129,8.01200008392334,8.151000022888184,14977000
2014-10-28,6.349336624145508,8.420000076293945,8.423999786376953,8.157999992370605,8.215999603271484,18230000
2014-10-29,6.400613307952881,8.48799991607666,8.513999938964844,8.355999946594238,8.456999778747559,14214000
2014-10-30,6.212850093841553,8.23900032043457,8.456999778747559,8.118000030517578,8.383999824523926,19976000
2014-10-31,6.503923416137695,8.625,8.791999816894531,8.449999809265137,8.51099967956543,25461000
2014-11-03,6.510706901550293,8.633999824523926,8.788000106811523,8.609000205993652,8.644000053405762,15941000
2014-11-04,6.436809539794922,8.53600025177002,8.656000137329102,8.486000061035156,8.59000015258789,18288000
2014-11-05,6.538610935211182,8.670999526977539,8.678999900817871,8.480999946594238,8.579000473022461,14789000
2014-11-06,6.607985973358154,8.762999534606934,8.788999557495117,8.633999824523926,8.644000053405762,17114000
2014-11-07,6.412675857543945,8.503999710083008,8.793000221252441,8.473999977111816,8.784000396728516,19751000
2014-11-10,6.478281497955322,8.590999603271484,8.607999801635742,8.350000381469727,8.491999626159668,14364000
2014-11-11,6.497135639190674,8.616000175476074,8.628999710083008,8.538000106811523,8.583999633789062,7927000
2014-11-12,6.564248561859131,8.704999923706055,8.729000091552734,8.560999870300293,8.590999603271484,10396000
2014-11-13,6.594409465789795,8.744999885559082,8.836999893188477,8.652999877929688,8.706999778747559,12281000
2014-11-14,6.712801456451416,8.902000427246094,8.904999732971191,8.630999565124512,8.755999565124512,12955000
2014-11-17,6.675097942352295,8.85200023651123,8.904999732971191,8.758999824523926,8.878000259399414,11200000
2014-11-18,6.893025875091553,9.140999794006348,9.177000045776367,8.833999633789062,8.835000038146973,20025000
2014-11-19,6.730145454406738,8.925000190734863,9.199999809265137,8.90999984741211,9.151000022888184,18763000
2014-11-20,6.7814226150512695,8.993000030517578,9.092000007629395,8.802000045776367,8.883999824523926,15121000
2014-11-21,6.802536964416504,9.020999908447266,9.17300033569336,8.944999694824219,9.170000076293945,17461000
2014-11-24,6.872666835784912,9.11400032043457,9.135000228881836,9.038000106811523,9.055000305175781,11876000
2014-11-25,6.873419284820557,9.114999771118164,9.255999565124512,9.107000350952148,9.184000015258789,25923000
2014-11-26,7.071744441986084,9.378000259399414,9.38599967956543,9.157999992370605,9.157999992370605,16143000
2014-11-28,7.043087959289551,9.34000015258789,9.442999839782715,9.267000198364258,9.413000106811523,8700000
2014-12-01,6.858339309692383,9.095000267028809,9.336000442504883,9.001999855041504,9.305000305175781,17168000
2014-12-02,6.952596664428711,9.220000267028809,9.241000175476074,8.972000122070312,9.069000244140625,19794000
2014-12-03,7.1735429763793945,9.512999534606934,9.550999641418457,9.303000450134277,9.303000450134277,31727000
2014-12-04,7.772280216217041,10.307000160217285,10.378000259399414,9.951000213623047,10.154999732971191,61855000
2014-12-05,7.841656684875488,10.39900016784668,10.5,10.17300033569336,10.383999824523926,29596000
2014-12-08,7.594319820404053,10.071000099182129,10.416999816894531,9.965999603271484,10.399999618530273,34818000
2014-12-09,7.73985481262207,10.263999938964844,10.303000450134277,9.725000381469727,9.98900032043457,22903000
2014-12-10,7.484222888946533,9.925000190734863,10.350000381469727,9.916999816894531,10.199999809265137,22194000
2014-12-11,7.582252025604248,10.055000305175781,10.279999732971191,9.984999656677246,10.008000373840332,15685000
2014-12-12,7.480453014373779,9.920000076293945,10.118000030517578,9.883000373840332,9.89799976348877,13177000
2014-12-15,7.4058003425598145,9.821000099182129,10.085000038146973,9.723999977111816,9.996999740600586,16749000
2014-12-16,7.339439392089844,9.732999801635742,9.968000411987305,9.60099983215332,9.774999618530273,22113000
2014-12-17,7.491557598114014,9.89900016784668,9.984999656677246,9.550000190734863,9.732999801635742,27875000
2014-12-18,7.692866325378418,10.164999961853027,10.199999809265137,10.0,10.09000015258789,33281000
2014-12-19,7.579346179962158,10.015000343322754,10.234999656677246,9.944999694824219,10.173999786376953,65173000
2014-12-22,7.6747002601623535,10.140999794006348,10.15999984741211,10.0,10.100000381469727,15924000
2014-12-23,7.627024173736572,10.07800006866455,10.25,10.057000160217285,10.234000205993652,13011000
2014-12-24,7.6224846839904785,10.071999549865723,10.123000144958496,10.027999877929688,10.092000007629395,6358000
2014-12-26,7.614915370941162,10.062000274658203,10.133000373840332,10.020999908447266,10.097000122070312,5761000
2014-12-29,7.665622234344482,10.128999710083008,10.138999938964844,9.918999671936035,10.062000274658203,13677000
2014-12-30,7.632319927215576,10.085000038146973,10.194000244140625,10.0600004196167,10.107000350952148,11730000
2014-12-31,7.612646579742432,10.059000015258789,10.303000450134277,10.043000221252441,10.109999656677246,15121000
2015-01-02,7.57480525970459,10.008999824523926,10.220999717712402,9.913000106811523,10.093000411987305,13500000
2015-01-05,7.453717231750488,9.848999977111816,10.081999778747559,9.84000015258789,10.006999969482422,15596000
2015-01-06,7.284193515777588,9.625,9.907999992370605,9.517999649047852,9.895000457763672,22194000
2015-01-07,7.480961322784424,9.885000228881836,9.939000129699707,9.652999877929688,9.704999923706055,30907000
2015-01-08,7.854822635650635,10.378999710083008,10.430000305175781,10.03600025177002,10.053000450134277,33265000
2015-01-09,7.938823223114014,10.489999771118164,10.579999923706055,10.258000373840332,10.446999549865723,23432000
2015-01-12,7.807142734527588,10.315999984741211,10.564000129699707,10.272000312805176,10.506999969482422,18692000
2015-01-13,7.763247013092041,10.258000373840332,10.73799991607666,10.17300033569336,10.378000259399414,24337000
2015-01-14,7.824549674987793,10.33899974822998,10.348999977111816,10.00100040435791,10.111000061035156,20984000
2015-01-15,7.667889595031738,10.131999969482422,10.553999900817871,10.104999542236328,10.355999946594238,18372000
2015-01-16,7.857090950012207,10.381999969482422,10.390999794006348,10.031000137329102,10.069000244140625,15375000
2015-01-20,7.936553478240967,10.487000465393066,10.52400016784668,10.258000373840332,10.369000434875488,12840000
2015-01-21,7.97515344619751,10.538000106811523,10.687999725341797,10.41100025177002,10.432999610900879,16451000
2015-01-22,7.9615302085876465,10.520000457763672,10.64900016784668,10.152000427246094,10.597999572753906,20639000
2015-01-23,8.096240043640137,10.697999954223633,10.75,10.425000190734863,10.503000259399414,15088000
2015-01-26,8.077317237854004,10.67300033569336,10.706000328063965,10.461999893188477,10.673999786376953,9611000
2015-01-27,7.930499076843262,10.479000091552734,10.597999572753906,10.281999588012695,10.506999969482422,15242000
2015-01-28,7.946391582489014,10.5,10.833999633789062,10.486000061035156,10.711999893188477,23302000
2015-01-29,8.062183380126953,10.652999877929688,10.65999984741211,10.22700023651123,10.463000297546387,15842000
2015-01-30,7.785953521728516,10.288000106811523,10.67300033569336,10.26200008392334,10.529000282287598,16938000
2015-02-02,7.7511396408081055,10.241999626159668,10.348999977111816,9.916000366210938,10.324999809265137,21581000
2015-02-03,7.810171127319336,10.319999694824219,10.371999740600586,10.13599967956543,10.25,15390000
2015-02-04,7.931254863739014,10.479999542236328,10.527999877929688,10.244999885559082,10.293000221252441,16658000
2015-02-05,8.037206649780273,10.619999885559082,10.621999740600586,10.375,10.473999977111816,16585000
2015-02-06,7.926717758178711,10.473999977111816,10.711000442504883,10.425999641418457,10.626999855041504,10682000
2015-02-09,7.7375168800354,10.223999977111816,10.4350004196167,10.182000160217285,10.395000457763672,20346000
2015-02-10,8.100778579711914,10.704000473022461,10.746000289916992,10.288999557495117,10.303999900817871,20398000
2015-02-11,8.168892860412598,10.793999671936035,10.829999923706055,10.633000373840332,10.678999900817871,17169000
2015-02-12,8.302090644836426,10.970000267028809,11.003999710083008,10.845999717712402,10.880000114440918,21072000
2015-02-13,8.336146354675293,11.015000343322754,11.020000457763672,10.809000015258789,11.0,14614000
2015-02-17,8.390634536743164,11.086999893188477,11.135000228881836,10.909000396728516,11.020000457763672,15312000
2015-02-18,8.324792861938477,11.0,11.059000015258789,10.928999900817871,11.031999588012695,16681000
2015-02-19,8.392905235290527,11.09000015258789,11.109999656677246,10.96500015258789,11.0,13196000
2015-02-20,8.480694770812988,11.206000328063965,11.215999603271484,11.045999526977539,11.142999649047852,19283000
2015-02-23,8.540483474731445,11.28499984741211,11.322999954223633,11.196000099182129,11.300000190734863,23854000
2015-02-24,8.56545352935791,11.317999839782715,11.359999656677246,11.16100025177002,11.350000381469727,23213000
2015-02-25,8.527613639831543,11.267999649047852,11.390000343322754,11.230999946594238,11.329000473022461,38216000
2015-02-26,9.781632423400879,12.925000190734863,12.98900032043457,12.305000305175781,12.324000358581543,89263000
2015-02-27,9.65827465057373,12.76200008392334,12.869999885559082,12.61400032043457,12.869999885559082,33825000
2015-03-02,9.764225959777832,12.902000427246094,13.086999893188477,12.720999717712402,12.720999717712402,27893000
2015-03-03,9.703680038452148,12.821999549865723,12.894000053405762,12.756999969482422,12.824000358581543,18682000
2015-03-04,9.792985916137695,12.9399995803833,12.98799991607666,12.437000274658203,12.769000053405762,36143000
2015-03-05,9.881532669067383,13.057000160217285,13.154000282287598,12.878000259399414,12.935999870300293,21688000
2015-03-06,9.678703308105469,12.788999557495117,13.048999786376953,12.75,13.0,22329000
2015-03-09,9.620429992675781,12.711999893188477,12.859000205993652,12.692999839782715,12.779000282287598,17835000
2015-03-10,9.469073295593262,12.51200008392334,12.692999839782715,12.451000213623047,12.571999549865723,17688000
2015-03-11,9.434258460998535,12.465999603271484,12.647000312805176,12.45199966430664,12.529999732971191,17742000
2015-03-12,9.544753074645996,12.612000465393066,12.621000289916992,12.154999732971191,12.288000106811523,22305000
2015-03-13,9.459994316101074,12.5,12.675000190734863,12.394000053405762,12.571000099182129,18414000
2015-03-16,9.8285551071167,12.987000465393066,13.045000076293945,12.670000076293945,12.687000274658203,23077000
2015-03-17,9.770277976989746,12.90999984741211,12.960000038146973,12.75,12.880999565124512,19006000
2015-03-18,9.900834083557129,13.043999671936035,13.128000259399414,12.769000053405762,12.866000175476074,21250000
2015-03-19,10.022276878356934,13.204000473022461,13.295000076293945,13.001999855041504,13.050000190734863,24461000
2015-03-20,10.117157936096191,13.329000473022461,13.418000221252441,13.220000267028809,13.343000411987305,55522000
2015-03-23,10.204445838928223,13.444000244140625,13.628000259399414,13.388999938964844,13.5,23849000
2015-03-24,10.104255676269531,13.312000274658203,13.536999702453613,13.288000106811523,13.496999740600586,25819000
2015-03-25,9.444653511047363,12.442999839782715,13.333000183105469,12.4399995803833,13.26200008392334,48853000
2015-03-26,9.465906143188477,12.470999717712402,12.513999938964844,11.696000099182129,12.026000022888184,45058000
2015-03-27,9.731569290161133,12.821000099182129,12.899999618530273,12.484999656677246,12.49899959564209,24297000
2015-03-30,9.909183502197266,13.055000305175781,13.09000015258789,12.829999923706055,12.982999801635742,19523000
2015-03-31,9.63821029663086,12.697999954223633,12.949999809265137,12.67300033569336,12.930999755859375,16402000
2015-04-01,9.535736083984375,12.562999725341797,12.696000099182129,12.361000061035156,12.666000366210938,21830000
2015-04-02,9.489435195922852,12.501999855041504,12.690999984741211,12.463000297546387,12.611000061035156,14508000
2015-04-06,9.550919532775879,12.583000183105469,12.67300033569336,12.25,12.336999893188477,14227000
2015-04-07,9.537252426147461,12.5649995803833,12.717000007629395,12.539999961853027,12.651000022888184,16132000
2015-04-08,9.623785972595215,12.678999900817871,12.746999740600586,12.529999732971191,12.54699993133545,13607000
2015-04-09,9.656423568725586,12.722000122070312,12.793999671936035,12.5649995803833,12.583999633789062,13961000
2015-04-10,9.626063346862793,12.682000160217285,12.79699993133545,12.607000350952148,12.755999565124512,11669000
2015-04-13,9.514487266540527,12.53499984741211,12.746999740600586,12.510000228881836,12.725000381469727,10483000
2015-04-14,9.410497665405273,12.39799976348877,12.534000396728516,12.21399974822998,12.505999565124512,16047000
2015-04-15,9.556232452392578,12.59000015258789,12.630000114440918,12.46500015258789,12.47700023651123,16893000
2015-04-16,9.51296615600586,12.532999992370605,12.616000175476074,12.479999542236328,12.506999969482422,15456000
2015-04-17,9.248824119567871,12.1850004196167,12.428000450134277,12.093999862670898,12.369000434875488,26817000
2015-04-20,9.33838939666748,12.303000450134277,12.381999969482422,12.220000267028809,12.25,13295000
2015-04-21,9.34370231628418,12.3100004196167,12.505000114440918,12.293999671936035,12.432000160217285,20616000
2015-04-22,9.708038330078125,12.789999961853027,12.800000190734863,12.274999618530273,12.390999794006348,22580000
2015-04-23,9.417326927185059,12.406999588012695,12.545999526977539,12.255000114440918,12.522000312805176,28053000
2015-04-24,9.070448875427246,11.949999809265137,12.373000144958496,11.586999893188477,12.373000144958496,55059000
2015-04-27,9.11978530883789,12.015000343322754,12.194000244140625,11.871999740600586,12.0,27320000
2015-04-28,8.91484546661377,11.744999885559082,12.100000381469727,11.456000328063965,12.038000106811523,31023000
2015-04-29,8.882966041564941,11.70300006866455,11.751999855041504,11.475000381469727,11.60200023651123,20903000
2015-04-30,8.871582984924316,11.687999725341797,11.894000053405762,11.62600040435791,11.668999671936035,21339000
2015-05-01,9.320932388305664,12.279999732971191,12.343000411987305,11.788000106811523,11.791999816894531,25334000
2015-05-04,9.196452140808105,12.116000175476074,12.385000228881836,12.086000442504883,12.282999992370605,14207000
2015-05-05,8.864751815795898,11.678999900817871,12.067000389099121,11.663000106811523,12.010000228881836,22090000
2015-05-06,8.863993644714355,11.678000450134277,11.836999893188477,11.538999557495117,11.784000396728516,14475000
2015-05-07,9.296646118164062,12.248000144958496,12.36400032043457,12.0,12.0,23542000
2015-05-08,9.361160278320312,12.333000183105469,12.493000030517578,12.27299976348877,12.319999694824219,14846000
2015-05-11,9.321688652038574,12.281000137329102,12.38599967956543,12.260000228881836,12.357000350952148,12418000
2015-05-12,9.332318305969238,12.295000076293945,12.357999801635742,12.130000114440918,12.20199966430664,10264000
2015-05-13,9.345978736877441,12.312999725341797,12.484000205993652,12.230999946594238,12.36299991607666,11857000
2015-05-14,9.635169982910156,12.694000244140625,12.868000030517578,12.36400032043457,12.413999557495117,23279000
2015-05-15,9.705765724182129,12.786999702453613,12.949999809265137,12.656999588012695,12.779000282287598,22627000
2015-05-18,9.881098747253418,13.017999649047852,13.039999961853027,12.727999687194824,12.795000076293945,17984000
2015-05-19,9.827207565307617,12.946999549865723,13.1850004196167,12.925000190734863,13.086000442504883,16053000
2015-05-20,9.799882888793945,12.91100025177002,13.107000350952148,12.810999870300293,12.994000434875488,18721000
2015-05-21,9.83631420135498,12.958999633789062,13.003000259399414,12.784000396728516,12.951000213623047,21309000
2015-05-22,10.067822456359863,13.263999938964844,13.383000373840332,12.982000350952148,12.982000350952148,22856000
2015-05-26,9.966109275817871,13.130000114440918,13.45300006866455,13.064000129699707,13.435999870300293,26781000
2015-05-27,10.7395658493042,14.14900016784668,14.482000350952148,13.161999702453613,13.208999633789062,114248000
2015-05-28,10.807116508483887,14.23799991607666,14.54699993133545,13.600000381469727,14.50100040435791,249123000
2015-05-29,11.23901081085205,14.807000160217285,14.923999786376953,14.41100025177002,14.411999702453613,118244000
2015-06-01,11.128948211669922,14.661999702453613,15.050000190734863,14.515000343322754,14.824000358581543,83579000
2015-06-02,10.942228317260742,14.416000366210938,14.666999816894531,14.314000129699707,14.640999794006348,41264000
2015-06-03,10.858735084533691,14.305999755859375,14.600000381469727,14.281000137329102,14.600000381469727,30450000
2015-06-04,10.717555046081543,14.119999885559082,14.343999862670898,14.04800033569336,14.24899959564209,28017000
2015-06-05,10.915660858154297,14.380999565124512,14.404000282287598,13.930999755859375,14.097000122070312,38593000
2015-06-08,10.522478103637695,13.86299991607666,14.376999855041504,13.753000259399414,14.357000350952148,54422000
2015-06-09,10.642406463623047,14.020999908447266,14.072999954223633,13.651000022888184,13.895000457763672,44071000
2015-06-10,10.84355354309082,14.28600025177002,14.39799976348877,13.984000205993652,13.993000030517578,42617000
2015-06-11,10.777518272399902,14.199000358581543,14.326000213623047,14.10200023651123,14.218000411987305,31517000
2015-06-12,10.66214370727539,14.04699993133545,14.14799976348877,13.98799991607666,14.128999710083008,19145000
2015-06-15,10.863287925720215,14.312000274658203,14.402000427246094,13.901000022888184,13.916000366210938,34565000
2015-06-16,10.777518272399902,14.199000358581543,14.348999977111816,14.137999534606934,14.270000457763672,20998000
2015-06-17,10.709013938903809,14.069000244140625,14.25,13.946000099182129,14.149999618530273,25429000
2015-06-18,10.884845733642578,14.300000190734863,14.375,14.072999954223633,14.072999954223633,25298000
2015-06-19,10.876471519470215,14.288999557495117,14.390999794006348,14.15999984741211,14.300999641418457,26881000
2015-06-22,10.906156539916992,14.32800006866455,14.513999938964844,14.199999809265137,14.416000366210938,22846000
2015-06-23,10.781323432922363,14.163999557495117,14.395999908447266,14.086000442504883,14.395999908447266,21497000
2015-06-24,10.654207229614258,13.996999740600586,14.222000122070312,13.982999801635742,14.206000328063965,22402000
2015-06-25,10.597878456115723,13.92300033569336,14.104999542236328,13.883000373840332,14.012999534606934,17538000
2015-06-26,10.287318229675293,13.515000343322754,13.904000282287598,13.475000381469727,13.885000228881836,71798000
2015-06-29,10.048309326171875,13.201000213623047,13.520999908447266,13.104000091552734,13.28499984741211,40473000
2015-06-30,10.118339538574219,13.293000221252441,13.437999725341797,13.211999893188477,13.380000114440918,28695000
2015-07-01,10.313961029052734,13.550000190734863,13.770000457763672,13.432000160217285,13.440999984741211,43059000
2015-07-02,10.476851463317871,13.763999938964844,13.774999618530273,13.53499984741211,13.5600004196167,32797000
2015-07-06,10.215006828308105,13.420000076293945,13.76099967956543,13.38700008392334,13.616000175476074,30188000
2015-07-07,10.111489295959473,13.284000396728516,13.444999694824219,12.616000175476074,13.395000457763672,59268000
2015-07-08,9.746883392333984,12.805000305175781,13.133999824523926,12.685999870300293,13.010000228881836,51371000
2015-07-09,9.490365028381348,12.468000411987305,13.13599967956543,12.371999740600586,13.017999649047852,73469000
2015-07-10,9.883135795593262,12.984000205993652,13.081999778747559,12.649999618530273,12.66100025177002,50948000
2015-07-13,9.832894325256348,12.918000221252441,13.137999534606934,12.845999717712402,13.137999534606934,25304000
2015-07-14,10.070383071899414,13.229999542236328,13.248000144958496,12.85099983215332,12.9350004196167,26289000
2015-07-15,10.02623462677002,13.17199993133545,13.348999977111816,13.081999778747559,13.166999816894531,23100000
2015-07-16,10.253063201904297,13.470000267028809,13.47700023651123,13.08899974822998,13.36299991607666,33977000
2015-07-17,10.173903465270996,13.366000175476074,13.5,13.196000099182129,13.496000289916992,29000000
2015-07-20,10.248496055603027,13.46399974822998,13.562000274658203,13.375,13.454999923706055,23563000
2015-07-21,10.238605499267578,13.451000213623047,13.637999534606934,13.413999557495117,13.510000228881836,31532000
2015-07-22,9.864104270935059,12.958999633789062,13.0,12.538000106811523,12.704000473022461,61346000
2015-07-23,10.045263290405273,13.196999549865723,13.5,13.050000190734863,13.118000030517578,30608000
2015-07-24,9.779609680175781,12.847999572753906,13.385000228881836,12.833999633789062,13.35099983215332,36311000
2015-07-27,9.488080978393555,12.46500015258789,12.75,12.40999984741211,12.734999656677246,34893000
2015-07-28,9.775045394897461,12.842000007629395,12.954999923706055,12.35200023651123,12.557999610900879,27869000
2015-07-29,9.787225723266602,12.857999801635742,12.911999702453613,12.545000076293945,12.836999893188477,33407000
2015-07-30,9.716437339782715,12.765000343322754,12.878999710083008,12.506999969482422,12.574000358581543,39169000
2015-07-31,9.525382041931152,12.513999938964844,12.833999633789062,12.496000289916992,12.833999633789062,30593000
2015-08-03,9.575616836547852,12.579999923706055,12.74899959564209,12.423999786376953,12.642000198364258,27273000
2015-08-04,9.398262023925781,12.347000122070312,12.555000305175781,11.87600040435791,12.555000305175781,47467000
2015-08-05,9.495695114135742,12.475000381469727,12.569000244140625,12.100000381469727,12.300000190734863,34158000
2015-08-06,9.383041381835938,12.32699966430664,12.539999961853027,12.0600004196167,12.503999710083008,46052000
2015-08-07,9.328237533569336,12.255000114440918,12.39799976348877,12.081999778747559,12.10200023651123,30527000
2015-08-10,9.688272476196289,12.727999687194824,12.739999771118164,12.300000190734863,12.348999977111816,28907000
2015-08-11,9.45458984375,12.420999526977539,12.623000144958496,12.291999816894531,12.564000129699707,26744000
2015-08-12,9.570287704467773,12.572999954223633,12.668000221252441,12.062000274658203,12.159000396728516,27205000
2015-08-13,9.453069686889648,12.418999671936035,12.682000160217285,12.401000022888184,12.562000274658203,14571000
2015-08-14,9.283324241638184,12.196000099182129,12.449999809265137,12.116999626159668,12.399999618530273,26496000
2015-08-17,9.554305076599121,12.552000045776367,12.552000045776367,12.079999923706055,12.131999969482422,21293000
2015-08-18,9.304637908935547,12.223999977111816,12.57699966430664,12.178000450134277,12.57699966430664,19502000
2015-08-19,9.24450397491455,12.145000457763672,12.277999877929688,11.930000305175781,12.157999992370605,30891000
2015-08-20,8.755827903747559,11.503000259399414,12.064000129699707,11.503000259399414,12.008000373840332,41756000
2015-08-21,8.48332691192627,11.145000457763672,11.548999786376953,11.133000373840332,11.274999618530273,56472000
2015-08-24,8.368389129638672,10.994000434875488,11.50100040435791,10.0,10.109000205993652,69040000
2015-08-25,8.259539604187012,10.85099983215332,11.5,10.819999694824219,11.413000106811523,43921000
2015-08-26,8.844884872436523,11.619999885559082,11.673999786376953,11.118000030517578,11.260000228881836,59354000
2015-08-27,9.610630989074707,12.62600040435791,12.699999809265137,12.038000106811523,12.050000190734863,91882000
2015-08-28,9.714153289794922,12.76200008392334,12.772000312805176,12.468999862670898,12.553000450134277,36322000
2015-08-31,9.588558197021484,12.597000122070312,12.803999900817871,12.5,12.663999557495117,30087000
2015-09-01,9.08617877960205,11.937000274658203,12.501999855041504,11.8100004196167,12.152000427246094,49749000
2015-09-02,9.441651344299316,12.404000282287598,12.406999588012695,12.015999794006348,12.21500015258789,36700000
2015-09-03,9.421098709106445,12.376999855041504,12.6899995803833,12.321000099182129,12.539999961853027,29954000
2015-09-04,9.221670150756836,12.114999771118164,12.380999565124512,12.0649995803833,12.12399959564209,24923000
2015-09-08,9.83137321472168,12.916000366210938,12.932999610900879,12.482000350952148,12.539999961853027,35477000
2015-09-09,9.679898262023926,12.717000007629395,13.178999900817871,12.630000114440918,13.017999649047852,31502000
2015-09-10,9.797880172729492,12.871999740600586,12.916000366210938,12.479999542236328,12.854000091552734,36224000
2015-09-11,9.977520942687988,13.107999801635742,13.121999740600586,12.694000244140625,12.815999984741211,39606000
2015-09-14,9.985891342163086,13.119000434875488,13.373000144958496,13.0600004196167,13.25,34643000
2015-09-15,10.22870922088623,13.437999725341797,13.494999885559082,13.100000381469727,13.213000297546387,30804000
2015-09-16,10.040107727050781,13.14900016784668,13.388999938964844,13.026000022888184,13.388999938964844,27317000
2015-09-17,9.97291374206543,13.060999870300293,13.305999755859375,13.020000457763672,13.151000022888184,19918000
2015-09-18,9.74232006072998,12.758999824523926,12.949000358581543,12.65999984741211,12.854000091552734,44021000
2015-09-21,9.717122077941895,12.72599983215332,12.937999725341797,12.621999740600586,12.836999893188477,16515000
2015-09-22,9.521647453308105,12.470000267028809,12.583999633789062,12.369999885559082,12.49899959564209,22483000
2015-09-23,9.58578872680664,12.553999900817871,12.779999732971191,12.380999565124512,12.482000350952148,21879000
2015-09-24,9.475831985473633,12.40999984741211,12.53499984741211,11.944999694824219,12.40999984741211,44995000
2015-09-25,9.677414894104004,12.673999786376953,12.892999649047852,12.520000457763672,12.595999717712402,35087000
2015-09-28,9.227676391601562,12.085000038146973,12.817000389099121,12.081000328063965,12.595999717712402,39887000
2015-09-29,9.137572288513184,11.967000007629395,12.248000144958496,11.805999755859375,12.190999984741211,47991000
2015-09-30,9.545317649841309,12.50100040435791,12.52299976348877,12.100000381469727,12.178999900817871,43955000
2015-10-01,9.326176643371582,12.21399974822998,12.489999771118164,11.949999809265137,12.310999870300293,45674000
2015-10-02,9.41703987121582,12.333000183105469,12.336000442504883,11.821000099182129,11.99899959564209,35207000
2015-10-05,9.2559232711792,12.121999740600586,12.487000465393066,12.095999717712402,12.395999908447266,39085000
2015-10-06,8.942103385925293,11.711000442504883,12.10099983215332,11.152999877929688,12.076000213623047,115846000
2015-10-07,9.058927536010742,11.86400032043457,11.954000473022461,11.581999778747559,11.864999771118164,37284000
2015-10-08,8.9100341796875,11.668999671936035,11.795999526977539,11.378999710083008,11.751999855041504,41409000
2015-10-09,8.92682933807373,11.690999984741211,11.807999610900879,11.553999900817871,11.656000137329102,34479000
2015-10-12,8.985625267028809,11.767999649047852,11.79800033569336,11.576000213623047,11.758999824523926,24184000
2015-10-13,8.660347938537598,11.342000007629395,11.666999816894531,11.321000099182129,11.633999824523926,32475000
2015-10-14,8.968827247619629,11.746000289916992,11.776000022888184,11.23799991607666,11.300000190734863,33530000
2015-10-15,9.305560111999512,12.187000274658203,12.199000358581543,11.769000053405762,11.800000190734863,49316000
2015-10-16,9.244473457336426,12.107000350952148,12.197999954223633,11.989999771118164,12.1899995803833,19866000
2015-10-19,9.08336067199707,11.895999908447266,12.12600040435791,11.737000465393066,12.100000381469727,18593000
2015-10-20,9.154372215270996,11.98900032043457,12.006999969482422,11.760000228881836,11.847000122070312,21920000
2015-10-21,9.200948715209961,12.050000190734863,12.267999649047852,12.01099967956543,12.175999641418457,28197000
2015-10-22,9.570517539978027,12.534000396728516,12.562000274658203,12.121000289916992,12.161999702453613,34344000
2015-10-23,9.894268035888672,12.958000183105469,12.984000205993652,12.406000137329102,12.746999740600586,35498000
2015-10-26,9.438420295715332,12.361000061035156,12.805999755859375,12.27400016784668,12.805999755859375,58129000
2015-10-27,9.276543617248535,12.14900016784668,12.515000343322754,12.093999862670898,12.309000015258789,32280000
2015-10-28,9.704137802124023,12.708999633789062,12.78499984741211,12.369999885559082,12.479000091552734,30966000
2015-10-29,9.16964340209961,12.008999824523926,12.416000366210938,11.871999740600586,12.100000381469727,61582000
2015-10-30,9.401765823364258,12.312999725341797,12.402000427246094,12.017000198364258,12.085000038146973,25516000
2015-11-02,9.452925682067871,12.380000114440918,12.520999908447266,12.246000289916992,12.366000175476074,26068000
2015-11-03,9.326176643371582,12.21399974822998,12.494999885559082,12.14799976348877,12.14799976348877,26222000
2015-11-04,9.476598739624023,12.41100025177002,12.486000061035156,12.005999565124512,12.25,43098000
2015-11-05,9.243711471557617,12.105999946594238,12.5,12.0600004196167,12.491000175476074,28308000
2015-11-06,9.901140213012695,12.967000007629395,12.979000091552734,12.322999954223633,12.324999809265137,45287000
2015-11-09,9.659088134765625,12.649999618530273,12.894000053405762,12.571000099182129,12.836999893188477,28250000
2015-11-10,9.152081489562988,11.986000061035156,12.407999992370605,11.97700023651123,12.310999870300293,44759000
2015-11-11,9.158952713012695,11.994999885559082,12.270000457763672,11.982000350952148,12.020999908447266,25953000
2015-11-12,9.15131950378418,11.984999656677246,12.140999794006348,11.892000198364258,12.020999908447266,26588000
2015-11-13,8.974937438964844,11.753999710083008,11.98900032043457,11.520999908447266,11.899999618530273,39824000
2015-11-16,9.275016784667969,12.147000312805176,12.177000045776367,11.708000183105469,11.746999740600586,27796000
2015-11-17,9.320070266723633,12.206000328063965,12.368000030517578,12.100000381469727,12.145999908447266,19868000
2015-11-18,9.614803314208984,12.592000007629395,12.609999656677246,12.15999984741211,12.192000389099121,20270000
2015-11-19,9.560589790344238,12.520999908447266,12.61299991607666,12.300999641418457,12.609999656677246,32780000
2015-11-20,9.651456832885742,12.640000343322754,12.666999816894531,12.373000144958496,12.621000289916992,28057000
2015-11-23,9.499505996704102,12.440999984741211,12.675000190734863,12.420999526977539,12.675000190734863,16003000
2015-11-24,9.799586296081543,12.833999633789062,12.859000205993652,12.340999603271484,12.340999603271484,35659000
2015-11-25,9.803403854370117,12.83899974822998,12.916999816894531,12.765999794006348,12.899999618530273,21396000
2015-11-27,9.929390907287598,13.003999710083008,13.045000076293945,12.78600025177002,12.86299991607666,13262000
2015-11-30,9.960697174072266,13.045000076293945,13.069999694824219,12.711999893188477,12.942999839782715,32615000
2015-12-01,10.147006034851074,13.288999557495117,13.376999855041504,13.090999603271484,13.116999626159668,43255000
2015-12-02,10.095085144042969,13.220999717712402,13.5,13.154000282287598,13.307000160217285,54364000
2015-12-03,11.054883003234863,14.477999687194824,14.685999870300293,14.288000106811523,14.486000061035156,120661000
2015-12-04,11.267156600952148,14.755999565124512,14.788999557495117,14.324000358581543,14.479999542236328,60329000
2015-12-07,11.364129066467285,14.883000373840332,14.972000122070312,14.555000305175781,14.668999671936035,44769000
2015-12-08,11.283951759338379,14.777999877929688,14.859000205993652,14.57699966430664,14.684000015258789,34560000
2015-12-09,11.121315002441406,14.5649995803833,14.800000190734863,14.442000389099121,14.71399974822998,30803000
2015-12-10,11.249592781066895,14.732999801635742,14.944000244140625,14.519000053405762,14.611000061035156,33078000
2015-12-11,11.027400016784668,14.442000389099121,14.772000312805176,14.430000305175781,14.461999893188477,27777000
2015-12-14,10.881555557250977,14.25100040435791,14.53600025177002,14.12399959564209,14.413999557495117,36993000
2015-12-15,10.93958568572998,14.32699966430664,14.42300033569336,14.130999565124512,14.267999649047852,35398000
2015-12-16,11.02000904083252,14.387999534606934,14.428000450134277,14.039999961853027,14.317000389099121,29644000
2015-12-17,10.759596824645996,14.04800033569336,14.550000190734863,14.041000366210938,14.493000030517578,24378000
2015-12-18,10.738150596618652,14.020000457763672,14.190999984741211,13.854999542236328,14.02299976348877,51964000
2015-12-21,11.16706657409668,14.579999923706055,14.600000381469727,14.185999870300293,14.3100004196167,26627000
2015-12-22,11.113449096679688,14.510000228881836,14.722999572753906,14.276000022888184,14.722999572753906,21684000
2015-12-23,11.221443176269531,14.651000022888184,14.666000366210938,14.439000129699707,14.60200023651123,16170000
2015-12-24,11.206890106201172,14.631999969482422,14.729000091552734,14.571999549865723,14.640999794006348,7436000
2015-12-28,11.20919132232666,14.635000228881836,14.640000343322754,14.392999649047852,14.59000015258789,13873000
2015-12-29,11.33096981048584,14.793999671936035,14.878000259399414,14.50100040435791,14.699999809265137,22533000
2015-12-30,11.287313461303711,14.737000465393066,14.888999938964844,14.711999893188477,14.75100040435791,17396000
2015-12-31,11.117279052734375,14.515000343322754,14.75,14.51200008392334,14.657999992370605,19673000
2016-01-04,10.89746379852295,14.227999687194824,14.234999656677246,13.98799991607666,14.206999778747559,30970000
2016-01-05,10.532883644104004,13.751999855041504,14.329999923706055,13.720999717712402,14.314000129699707,38173000
2016-01-06,10.208905220031738,13.329000473022461,13.605999946594238,13.227999687194824,13.456999778747559,50824000
2016-01-07,9.8841552734375,12.904999732971191,13.376999855041504,12.819000244140625,13.130999565124512,50056000
2016-01-08,9.819050788879395,12.819999694824219,13.345999717712402,12.805999755859375,13.003000259399414,64641000
2016-01-11,9.80679702758789,12.803999900817871,12.996999740600586,12.541999816894531,12.949999809265137,38941000
2016-01-12,9.950788497924805,12.991999626159668,13.166999816894531,12.685999870300293,12.986000061035156,41112000
2016-01-13,9.4445161819458,12.331000328063965,12.998000144958496,12.307999610900879,12.774999618530273,48470000
2016-01-14,9.588508605957031,12.519000053405762,12.668000221252441,12.029000282287598,12.418999671936035,63942000
2016-01-15,9.188703536987305,11.996999740600586,12.378999710083008,11.930000305175781,12.020999908447266,75916000
2016-01-19,9.196359634399414,12.006999969482422,12.479999542236328,11.901000022888184,12.276000022888184,54773000
2016-01-20,9.484345436096191,12.383000373840332,12.557999610900879,11.717000007629395,11.782999992370605,103988000
2016-01-21,9.537959098815918,12.45300006866455,12.600000381469727,12.335000038146973,12.479999542236328,48475000
2016-01-22,9.53642749786377,12.451000213623047,12.64799976348877,12.42300033569336,12.64799976348877,58428000
2016-01-25,9.534893989562988,12.449000358581543,12.498000144958496,12.399999618530273,12.442999839782715,61359000
2016-01-26,9.527235984802246,12.439000129699707,12.651000022888184,12.399999618530273,12.5,119134000
2016-01-27,9.370989799499512,12.234999656677246,12.541000366210938,12.008999824523926,12.364999771118164,58156000
2016-01-28,9.678888320922852,12.63700008392334,12.654999732971191,12.199999809265137,12.293999671936035,49969000
2016-01-29,10.241070747375488,13.371000289916992,13.434000015258789,12.810999870300293,12.944000244140625,259449000
2016-02-01,10.545138359069824,13.767999649047852,13.869000434875488,13.295999526977539,13.333999633789062,45619000
2016-02-02,10.205074310302734,13.324000358581543,13.758999824523926,13.170000076293945,13.50100040435791,59005000
2016-02-03,10.061078071594238,13.13599967956543,13.76099967956543,13.029000282287598,13.725000381469727,56234000
2016-02-04,10.425658226013184,13.612000465393066,13.72700023651123,13.050000190734863,13.140000343322754,60833000
2016-02-05,9.831304550170898,12.836000442504883,13.699999809265137,12.697999954223633,13.699999809265137,70953000
2016-02-08,9.333460807800293,12.185999870300293,12.699000358581543,11.92199993133545,12.699000358581543,91242000
2016-02-09,9.168787956237793,11.970999717712402,12.571999549865723,11.876999855041504,11.982999801635742,63400000
2016-02-10,9.12972354888916,11.920000076293945,12.366999626159668,11.864999771118164,12.24899959564209,45473000
2016-02-11,8.908373832702637,11.630999565124512,11.763999938964844,11.425000190734863,11.649999618530273,66673000
2016-02-12,9.318140029907227,12.166000366210938,12.232999801635742,11.572999954223633,11.776000022888184,39965000
2016-02-16,9.668932914733887,12.62399959564209,12.678999900817871,12.295000076293945,12.32699966430664,38521000
2016-02-17,10.008999824523926,13.067999839782715,13.081999778747559,12.67300033569336,12.699999809265137,32742000
2016-02-18,9.732501029968262,12.706999778747559,13.199000358581543,12.607999801635742,13.175999641418457,39202000
2016-02-19,9.855050086975098,12.866999626159668,12.878999710083008,12.5,12.704999923706055,31118000
2016-02-22,10.005931854248047,13.064000129699707,13.243000030517578,12.949000358581543,13.0,24204000
2016-02-23,9.815986633300781,12.815999984741211,13.050000190734863,12.805999755859375,13.015999794006348,22352000
2016-02-24,9.982955932617188,13.034000396728516,13.125,12.541000366210938,12.651000022888184,25680000
2016-02-25,10.146097183227539,13.246999740600586,13.24899959564209,12.869000434875488,13.07800006866455,25652000
2016-02-26,10.195113182067871,13.310999870300293,13.496999740600586,13.225000381469727,13.420000076293945,27142000
2016-02-29,10.260984420776367,13.397000312805176,13.791999816894531,13.289999961853027,13.333999633789062,35911000
2016-03-01,10.602585792541504,13.843000411987305,13.86400032043457,13.461999893188477,13.536999702453613,44906000
2016-03-02,10.49075984954834,13.696999549865723,13.824000358581543,13.505000114440918,13.78499984741211,43834000
2016-03-03,10.518331527709961,13.732999801635742,13.885000228881836,13.430000305175781,13.774999618530273,59437000
2016-03-04,11.186978340148926,14.605999946594238,14.78600025177002,14.17199993133545,14.600000381469727,72399000
2016-03-07,10.991669654846191,14.35099983215332,14.623000144958496,14.057000160217285,14.47599983215332,41363000
2016-03-08,10.69449520111084,13.963000297546387,14.281999588012695,13.940999984741211,14.229000091552734,33216000
2016-03-09,10.872952461242676,14.196000099182129,14.253000259399414,14.04699993133545,14.074999809265137,31152000
2016-03-10,11.061368942260742,14.442000389099121,14.579999923706055,14.199999809265137,14.345999717712402,54546000
2016-03-11,11.398367881774902,14.881999969482422,15.001999855041504,14.574999809265137,14.598999977111816,55822000
2016-03-14,11.346288681030273,14.814000129699707,14.918999671936035,14.699999809265137,14.711000442504883,28444000
2016-03-15,11.371562957763672,14.847000122070312,14.998000144958496,14.607999801635742,14.850000381469727,30891000
2016-03-16,11.421512603759766,14.86299991607666,14.927000045776367,14.6850004196167,14.746000289916992,34906000
2016-03-17,11.645902633666992,15.154999732971191,15.17199993133545,14.737000465393066,14.737000465393066,44708000
2016-03-18,11.718138694763184,15.24899959564209,15.300000190734863,15.086999893188477,15.194000244140625,70568000
2016-03-21,11.748875617980957,15.288999557495117,15.300000190734863,15.083000183105469,15.258999824523926,28207000
2016-03-22,11.892574310302734,15.47599983215332,15.560999870300293,15.154999732971191,15.239999771118164,33945000
2016-03-23,11.75655746459961,15.298999786376953,15.531999588012695,15.234000205993652,15.482000350952148,27577000
2016-03-24,11.757326126098633,15.300000190734863,15.329000473022461,15.112000465393066,15.175999641418457,25651000
2016-03-28,11.765012741088867,15.3100004196167,15.350000381469727,15.206999778747559,15.32800006866455,17224000
2016-03-29,11.844161033630371,15.413000106811523,15.493000030517578,15.218000411987305,15.32699966430664,26765000
2016-03-30,12.059326171875,15.692999839782715,15.727999687194824,15.454000473022461,15.5,26794000
2016-03-31,11.87259578704834,15.449999809265137,15.737000465393066,15.444999694824219,15.70199966430664,24968000
2016-04-01,12.126184463500977,15.779999732971191,15.791999816894531,15.116000175476074,15.404000282287598,25671000
2016-04-04,11.988631248474121,15.60099983215332,15.833000183105469,15.565999984741211,15.800000190734863,17760000
2016-04-05,11.913325309753418,15.503000259399414,15.704999923706055,15.444999694824219,15.444999694824219,56915000
2016-04-06,12.106205940246582,15.753999710083008,15.777000427246094,15.371000289916992,15.470000267028809,28149000
2016-04-07,11.908713340759277,15.496999740600586,15.795000076293945,15.468999862670898,15.748000144958496,22975000
2016-04-08,11.9993896484375,15.614999771118164,15.6899995803833,15.46399974822998,15.628000259399414,18526000
2016-04-11,11.957892417907715,15.560999870300293,15.779999732971191,15.5600004196167,15.743000030517578,18568000
2016-04-12,11.944059371948242,15.543000221252441,15.63700008392334,15.300000190734863,15.60099983215332,16537000
2016-04-13,12.25528335571289,15.947999954223633,15.96500015258789,15.560999870300293,15.647000312805176,21730000
2016-04-14,12.20456600189209,15.881999969482422,15.91100025177002,15.600000381469727,15.729000091552734,27549000
2016-04-15,11.948671340942383,15.548999786376953,15.833999633789062,15.45199966430664,15.812999725341797,27685000
2016-04-18,11.980178833007812,15.59000015258789,15.640000343322754,15.380999565124512,15.53499984741211,15297000
2016-04-19,11.609014511108398,15.107000350952148,15.677000045776367,15.079000473022461,15.645000457763672,24560000
2016-04-20,11.775003433227539,15.322999954223633,15.40999984741211,15.039999961853027,15.145999908447266,19435000
2016-04-21,11.63053035736084,15.135000228881836,15.32800006866455,15.045000076293945,15.289999961853027,16117000
2016-04-22,11.552148818969727,15.032999992370605,15.293999671936035,14.873000144958496,15.039999961853027,25699000
2016-04-25,11.45762825012207,14.90999984741211,15.086000442504883,14.876999855041504,15.024999618530273,10870000
2016-04-26,11.585195541381836,15.076000213623047,15.41100025177002,15.003999710083008,15.14900016784668,26309000
2016-04-27,11.644365310668945,15.152999877929688,15.336000442504883,14.649999618530273,14.720999717712402,38930000
2016-04-28,11.372330665588379,14.798999786376953,15.402000427246094,14.732999801635742,15.038999557495117,25520000
2016-04-29,11.200199127197266,14.574999809265137,14.779000282287598,14.324999809265137,14.630999565124512,35067000
2016-05-02,11.225555419921875,14.607999801635742,14.682999610900879,14.449999809265137,14.616000175476074,19525000
2016-05-03,11.00424575805664,14.319999694824219,14.598999977111816,14.232999801635742,14.510000228881836,23986000
2016-05-04,10.917409896850586,14.206999778747559,14.442000389099121,14.126999855041504,14.25100040435791,20888000
2016-05-05,10.956599235534668,14.258000373840332,14.489999771118164,14.208999633789062,14.381999969482422,16841000
2016-05-06,10.90357780456543,14.189000129699707,14.25,13.918000221252441,14.175999641418457,30027000
2016-05-09,10.942768096923828,14.239999771118164,14.392000198364258,14.12600040435791,14.199999809265137,17300000
2016-05-10,11.112593650817871,14.461000442504883,14.513999938964844,14.149999618530273,14.25,18461000
2016-05-11,11.054191589355469,14.385000228881836,14.621999740600586,14.35099983215332,14.409000396728516,16716000
2016-05-12,10.838257789611816,14.104000091552734,14.472999572753906,13.95199966430664,14.406999588012695,26452000
2016-05-13,10.76218032836914,14.005000114440918,14.312999725341797,13.961999893188477,14.093999862670898,21716000
2016-05-16,10.961978912353516,14.265000343322754,14.362000465393066,14.069000244140625,14.086999893188477,20373000
2016-05-17,10.848246574401855,14.116999626159668,14.298999786376953,13.98799991607666,14.25100040435791,21248000
2016-05-18,11.056497573852539,14.387999534606934,14.505000114440918,14.032999992370605,14.053000450134277,22620000
2016-05-19,10.968894004821777,14.27400016784668,14.465999603271484,14.112000465393066,14.303000450134277,17478000
2016-05-20,11.275506019592285,14.67300033569336,14.767000198364258,14.371000289916992,14.413000106811523,25889000
2016-05-23,11.380783081054688,14.8100004196167,15.034000396728516,14.788000106811523,14.819000244140625,17609000
2016-05-24,11.635910987854004,15.142000198364258,15.168000221252441,14.835000038146973,14.859999656677246,19907000
2016-05-25,11.801129341125488,15.357000350952148,15.399999618530273,15.048999786376953,15.184000015258789,21737000
2016-05-26,11.75886344909668,15.302000045776367,15.425000190734863,15.182000160217285,15.376999855041504,18431000
2016-05-27,11.78038215637207,15.329999923706055,15.392999649047852,15.246000289916992,15.300000190734863,18693000
2016-05-31,11.861837387084961,15.435999870300293,15.494999885559082,15.329999923706055,15.399999618530273,32058000
2016-06-01,11.89334487915039,15.47700023651123,15.531999588012695,15.333999633789062,15.340999603271484,30777000
2016-06-02,11.90410041809082,15.491000175476074,15.552000045776367,15.33899974822998,15.520999908447266,46746000
2016-06-03,12.491964340209961,16.256000518798828,16.600000381469727,16.1200008392334,16.57699966430664,82985000
2016-06-06,12.513484001159668,16.284000396728516,16.393999099731445,16.101999282836914,16.34000015258789,34010000
2016-06-07,12.66717529296875,16.483999252319336,16.594999313354492,16.2810001373291,16.333999633789062,32340000
2016-06-08,12.579572677612305,16.3700008392334,16.461999893188477,16.333999633789062,16.409000396728516,25620000
2016-06-09,12.613378524780273,16.413999557495117,16.5049991607666,16.211999893188477,16.214000701904297,29143000
2016-06-10,12.358256340026855,16.082000732421875,16.29800033569336,16.0,16.216999053955078,26657000
2016-06-13,12.296011924743652,16.000999450683594,16.225000381469727,15.96399974822998,16.013999938964844,21568000
2016-06-14,12.217629432678223,15.89900016784668,16.05299949645996,15.812999725341797,15.927000045776367,25669000
2016-06-15,12.21069049835205,15.84000015258789,16.011999130249023,15.817999839782715,15.881999969482422,30884000
2016-06-16,12.228423118591309,15.86299991607666,15.883999824523926,15.5600004196167,15.704999923706055,22804000
2016-06-17,12.025677680969238,15.600000381469727,15.975000381469727,15.493000030517578,15.897000312805176,43333000
2016-06-20,12.097370147705078,15.692999839782715,15.960000038146973,15.668999671936035,15.84000015258789,20265000
2016-06-21,12.011035919189453,15.581000328063965,15.84000015258789,15.560999870300293,15.76099967956543,16126000
2016-06-22,11.95938777923584,15.513999938964844,15.717000007629395,15.479999542236328,15.572999954223633,16039000
2016-06-23,12.227651596069336,15.862000465393066,15.86299991607666,15.597000122070312,15.734999656677246,24435000
2016-06-24,11.46448040008545,14.871999740600586,15.487000465393066,14.84000015258789,15.199999809265137,64177000
2016-06-27,11.07210922241211,14.36299991607666,14.725000381469727,14.22700023651123,14.649999618530273,37864000
2016-06-28,11.545426368713379,14.97700023651123,14.993000030517578,14.657999992370605,14.670000076293945,37233000
2016-06-29,11.948594093322754,15.5,15.5649995803833,15.07800006866455,15.201000213623047,47860000
2016-06-30,11.97943115234375,15.539999961853027,15.723999977111816,15.416999816894531,15.5,42626000
2016-07-01,11.888465881347656,15.42199993133545,15.586999893188477,15.362000465393066,15.446999549865723,19779000
2016-07-05,11.621740341186523,15.076000213623047,15.170999526977539,14.95300006866455,15.157999992370605,26321000
2016-07-06,11.611721992492676,15.062999725341797,15.126999855041504,14.715999603271484,14.935999870300293,20603000
2016-07-07,11.639472961425781,15.098999977111816,15.300000190734863,15.013999938964844,15.013999938964844,19248000
2016-07-08,11.95938777923584,15.513999938964844,15.524999618530273,15.194000244140625,15.265000343322754,26741000
2016-07-11,12.130523681640625,15.736000061035156,15.847000122070312,15.628000259399414,15.710000038146973,25201000
2016-07-12,12.225340843200684,15.859000205993652,16.090999603271484,15.824999809265137,15.857999801635742,20306000
2016-07-13,12.13437557220459,15.741000175476074,16.038000106811523,15.734000205993652,15.890999794006348,15734000
2016-07-14,12.394928932189941,16.07900047302246,16.106000900268555,15.88599967956543,15.954999923706055,23550000
2016-07-15,12.423452377319336,16.115999221801758,16.156999588012695,15.965999603271484,16.111000061035156,19259000
2016-07-18,12.513644218444824,16.232999801635742,16.3700008392334,16.19499969482422,16.242000579833984,14626000
2016-07-19,12.374886512756348,16.05299949645996,16.200000762939453,15.979000091552734,16.14699935913086,14797000
2016-07-20,12.539857864379883,16.267000198364258,16.37700080871582,16.091999053955078,16.15999984741211,18064000
2016-07-21,12.36563777923584,16.041000366210938,16.347999572753906,15.982000350952148,16.301000595092773,19530000
2016-07-22,12.308595657348633,15.967000007629395,16.030000686645508,15.668999671936035,15.958999633789062,19664000
2016-07-25,12.31707763671875,15.977999687194824,16.06999969482422,15.927000045776367,15.96399974822998,9627000
2016-07-26,12.599214553833008,16.3439998626709,16.350000381469727,16.03700065612793,16.141000747680664,28631000
2016-07-27,12.77034854888916,16.56599998474121,16.760000228881836,16.270999908447266,16.5939998626709,30493000
2016-07-28,12.660111427307129,16.42300033569336,16.69700050354004,16.392000198364258,16.5,19512000
2016-07-29,12.48666763305664,16.197999954223633,16.46500015258789,16.110000610351562,16.39299964904785,26030000
2016-08-01,12.604608535766602,16.35099983215332,16.38800048828125,16.190000534057617,16.277999877929688,17876000
2016-08-02,12.556818962097168,16.288999557495117,16.39900016784668,16.226999282836914,16.309999465942383,22689000
2016-08-03,12.650860786437988,16.410999298095703,16.415000915527344,16.128000259399414,16.187999725341797,15019000
2016-08-04,12.872875213623047,16.698999404907227,16.700000762939453,16.420000076293945,16.427000045776367,19978000
2016-08-05,13.114158630371094,17.011999130249023,17.020000457763672,16.722999572753906,16.795000076293945,25594000
2016-08-08,12.977715492248535,16.834999084472656,17.12299919128418,16.785999298095703,17.0,19084000
2016-08-09,13.19510269165039,17.117000579833984,17.216999053955078,16.8700008392334,16.893999099731445,32743000
2016-08-10,13.247522354125977,17.184999465942383,17.218000411987305,16.983999252319336,17.121999740600586,19523000
2016-08-11,13.266024589538574,17.208999633789062,17.31599998474121,17.09000015258789,17.207000732421875,15745000
2016-08-12,13.295316696166992,17.246999740600586,17.261999130249023,17.13800048828125,17.21299934387207,16530000
2016-08-15,13.531977653503418,17.554000854492188,17.58099937438965,17.25,17.336999893188477,25807000
2016-08-16,13.2899169921875,17.239999771118164,17.499000549316406,17.209999084472656,17.481000900268555,19069000
2016-08-17,13.338483810424805,17.30299949645996,17.327999114990234,17.176000595092773,17.225000381469727,16613000
2016-08-18,13.407864570617676,17.39299964904785,17.417999267578125,17.263999938964844,17.281999588012695,21120000
2016-08-19,13.484950065612793,17.493000030517578,17.506000518798828,17.343000411987305,17.417999267578125,15349000
2016-08-22,13.562034606933594,17.593000411987305,17.631000518798828,17.4060001373291,17.5,15393000
2016-08-23,13.670734405517578,17.733999252319336,17.746999740600586,17.61199951171875,17.672000885009766,19741000
2016-08-24,13.51347541809082,17.530000686645508,17.768999099731445,17.437000274658203,17.756999969482422,21802000
2016-08-25,13.570521354675293,17.604000091552734,17.714000701904297,17.4689998626709,17.552000045776367,18735000
2016-08-26,13.656854629516602,17.715999603271484,17.864999771118164,17.51300048828125,17.683000564575195,22586000
2016-08-29,13.675357818603516,17.739999771118164,17.868000030517578,17.690000534057617,17.729999542236328,16726000
2016-08-30,13.644521713256836,17.700000762939453,17.941999435424805,17.5939998626709,17.81599998474121,27838000
2016-08-31,13.599813461303711,17.642000198364258,17.832000732421875,17.53499984741211,17.709999084472656,32753000
2016-09-01,13.651458740234375,17.708999633789062,17.767000198364258,17.48200035095215,17.687999725341797,39128000
2016-09-02,13.34465217590332,17.31100082397461,17.733999252319336,16.8799991607666,17.700000762939453,80668000
2016-09-06,13.189703941345215,17.110000610351562,17.399999618530273,16.964000701904297,17.36199951171875,36132000
2016-09-07,13.020109176635742,16.889999389648438,17.200000762939453,16.770999908447266,17.142000198364258,31437000
2016-09-08,12.980027198791504,16.83799934387207,16.882999420166016,16.6560001373291,16.839000701904297,18680000
2016-09-09,12.394159317016602,16.077999114990234,16.704999923706055,16.066999435424805,16.632999420166016,45022000
2016-09-12,12.679386138916016,16.447999954223633,16.475000381469727,15.875,15.913000106811523,35673000
2016-09-13,12.737970352172852,16.52400016784668,16.736000061035156,16.43000030517578,16.447999954223633,36003000
2016-09-14,13.074845314025879,16.961000442504883,16.993000030517578,16.5049991607666,16.523000717163086,40324000
2016-09-15,13.354743957519531,17.27199935913086,17.299999237060547,16.81999969482422,16.933000564575195,36322000
2016-09-16,13.240307807922363,17.124000549316406,17.298999786376953,16.985000610351562,17.242000579833984,83067000
2016-09-19,13.200874328613281,17.072999954223633,17.357999801635742,16.940000534057617,17.155000686645508,28306000
2016-09-20,13.007576942443848,16.822999954223633,17.22100067138672,16.816999435424805,17.22100067138672,18722000
2016-09-21,13.13128662109375,16.982999801635742,17.00200080871582,16.76099967956543,16.839000701904297,17977000
2016-09-22,13.054743766784668,16.884000778198242,17.125,16.80699920654297,17.097000122070312,20619000
2016-09-23,12.885411262512207,16.665000915527344,16.902999877929688,16.551000595092773,16.8700008392334,26875000
2016-09-26,12.888504981994629,16.66900062561035,16.722999572753906,16.275999069213867,16.510000228881836,32033000
2016-09-27,13.210927963256836,17.086000442504883,17.08799934387207,16.601999282836914,16.68899917602539,25353000
2016-09-28,13.198558807373047,17.06999969482422,17.270999908447266,16.97800064086914,17.17799949645996,20843000
2016-09-29,13.33464241027832,17.246000289916992,17.39900016784668,16.948999404907227,17.0,38570000
2016-09-30,13.339282035827637,17.25200080871582,17.46500015258789,17.243999481201172,17.299999237060547,34220000
2016-10-03,13.149846076965332,17.006999969482422,17.388999938964844,16.972000122070312,17.301000595092773,22807000
2016-10-04,13.070979118347168,16.905000686645508,17.09000015258789,16.808000564575195,17.06100082397461,19596000
2016-10-05,13.413504600524902,17.347999572753906,17.410999298095703,17.06800079345703,17.149999618530273,26149000
2016-10-06,13.468402862548828,17.41900062561035,17.46500015258789,17.125999450683594,17.329999923706055,21014000
2016-10-07,13.469950675964355,17.42099952697754,17.4950008392334,17.23900032043457,17.488000869750977,21842000
2016-10-10,13.513251304626465,17.476999282836914,17.59000015258789,17.375999450683594,17.472999572753906,16336000
2016-10-11,13.234895706176758,17.117000579833984,17.549999237060547,16.952999114990234,17.52899932861328,26181000
2016-10-12,13.180774688720703,17.047000885009766,17.106000900268555,16.84000015258789,17.075000762939453,21740000
2016-10-13,13.062471389770508,16.893999099731445,16.989999771118164,16.68000030517578,16.87700080871582,22373000
2016-10-14,13.151391983032227,17.009000778198242,17.263999938964844,16.93400001525879,16.99799919128418,19570000
2016-10-17,13.057830810546875,16.88800048828125,17.094999313354492,16.87299919128418,16.969999313354492,12741000
2016-10-18,13.312214851379395,17.216999053955078,17.28700065612793,17.054000854492188,17.065000534057617,14167000
2016-10-19,13.289022445678711,17.187000274658203,17.22800064086914,17.01099967956543,17.117000579833984,20440000
2016-10-20,13.40809440612793,17.340999603271484,17.45800018310547,17.101999282836914,17.166000366210938,18961000
2016-10-21,13.370206832885742,17.29199981689453,17.34000015258789,17.06999969482422,17.229000091552734,15842000
2016-10-24,13.650879859924316,17.655000686645508,17.700000762939453,17.356000900268555,17.416000366210938,19772000
2016-10-25,13.426651954650879,17.364999771118164,17.649999618530273,17.35099983215332,17.60300064086914,21622000
2016-10-26,13.37639331817627,17.299999237060547,17.47800064086914,17.110000610351562,17.21500015258789,21075000
2016-10-27,13.317630767822266,17.224000930786133,17.524999618530273,17.17799949645996,17.430999755859375,19840000
2016-10-28,13.094172477722168,16.934999465942383,17.28700065612793,16.90399932861328,17.249000549316406,20651000
2016-10-31,13.166082382202148,17.027999877929688,17.166000366210938,16.868999481201172,17.0,20317000
2016-11-01,13.051648139953613,16.8799991607666,17.155000686645508,16.58300018310547,17.07200050354004,28452000
2016-11-02,13.342374801635742,17.256000518798828,17.415000915527344,16.981000900268555,17.291000366210938,43501000
2016-11-03,13.375617980957031,17.298999786376953,17.534000396728516,17.21500015258789,17.2450008392334,20654000
2016-11-04,13.312214851379395,17.216999053955078,17.452999114990234,17.023000717163086,17.040000915527344,21753000
2016-11-07,13.682579040527344,17.695999145507812,17.788000106811523,17.410999298095703,17.43899917602539,26126000
2016-11-08,13.685675621032715,17.700000762939453,17.802000045776367,17.51099967956543,17.707000732421875,18923000
2016-11-09,13.4088716506958,17.341999053955078,17.649999618530273,17.115999221801758,17.14699935913086,32506000
2016-11-10,12.985153198242188,16.79400062561035,17.450000762939453,16.329999923706055,17.371999740600586,51217000
2016-11-11,12.9542236328125,16.753999710083008,17.0,16.572999954223633,16.735000610351562,29793000
2016-11-14,12.663501739501953,16.378000259399414,16.777000427246094,16.302000045776367,16.64699935913086,28187000
2016-11-15,12.869943618774414,16.645000457763672,16.75,16.361000061035156,16.482999801635742,25380000
2016-11-16,12.976648330688477,16.783000946044922,16.816999435424805,16.575000762939453,16.6299991607666,13333000
2016-11-17,12.91556453704834,16.70400047302246,16.902000427246094,16.601999282836914,16.735000610351562,18100000
2016-11-18,13.002164840698242,16.81599998474121,16.916000366210938,16.674999237060547,16.674999237060547,19524000
2016-11-21,13.343920707702637,17.257999420166016,17.275999069213867,16.913000106811523,16.913000106811523,21384000
2016-11-22,13.68722152709961,17.70199966430664,17.742000579833984,17.33099937438965,17.371999740600586,31024000
2016-11-23,13.691859245300293,17.70800018310547,17.775999069213867,17.52400016784668,17.63599967956543,22123000
2016-11-25,13.666342735290527,17.674999237060547,17.70199966430664,17.55699920654297,17.67799949645996,8198000
2016-11-28,13.503968238830566,17.46500015258789,17.707000732421875,17.45400047302246,17.606000900268555,26570000
2016-11-29,13.565827369689941,17.545000076293945,17.697999954223633,17.343000411987305,17.38599967956543,18514000
2016-11-30,13.182318687438965,17.048999786376953,17.59000015258789,17.04400062561035,17.511999130249023,31249000
2016-12-01,12.586955070495605,16.27899932861328,17.048999786376953,16.121000289916992,17.000999450683594,46389000
2016-12-02,12.697522163391113,16.422000885009766,16.492000579833984,16.062000274658203,16.35700035095215,26945000
2016-12-05,12.845205307006836,16.613000869750977,16.660999298095703,16.239999771118164,16.60099983215332,21372000
2016-12-06,12.739273071289062,16.47599983215332,16.797000885009766,16.344999313354492,16.680999755859375,39184000
2016-12-07,13.032318115234375,16.854999542236328,16.854999542236328,16.367000579833984,16.47599983215332,32659000
2016-12-08,13.199329376220703,17.070999145507812,17.13800048828125,16.750999450683594,16.954999923706055,38361000
2016-12-09,13.847273826599121,17.909000396728516,18.190000534057617,17.690000534057617,18.094999313354492,75744000
2016-12-12,13.77536392211914,17.81599998474121,18.07699966430664,17.6560001373291,17.80500030517578,37194000
2016-12-13,13.874337196350098,17.944000244140625,18.194000244140625,17.799999237060547,17.874000549316406,69076000
2016-12-14,13.812122344970703,17.761999130249023,17.922000885009766,17.62299919128418,17.875,46795000
2016-12-15,13.99797534942627,18.000999450683594,18.1200008392334,17.656999588012695,17.83099937438965,38103000
2016-12-16,13.874333381652832,17.841999053955078,18.108999252319336,17.74799919128418,18.075000762939453,41541000
2016-12-19,14.03297233581543,18.04599952697754,18.141000747680664,17.812000274658203,17.906999588012695,22219000
2016-12-20,14.15816879272461,18.207000732421875,18.327999114990234,18.013999938964844,18.100000381469727,27352000
2016-12-21,14.175275802612305,18.229000091552734,18.39900016784668,18.17799949645996,18.37299919128418,21013000
2016-12-22,14.043859481811523,18.059999465942383,18.299999237060547,17.937999725341797,18.28499984741211,17557000
2016-12-23,14.14805793762207,18.194000244140625,18.197999954223633,17.965999603271484,18.0049991607666,8977000
2016-12-27,14.176835060119629,18.231000900268555,18.3700008392334,18.204999923706055,18.211000442504883,8283000
2016-12-28,14.01197624206543,18.018999099731445,18.299999237060547,17.983999252319336,18.263999938964844,14039000
2016-12-29,13.98708724975586,17.98699951171875,18.066999435424805,17.863000869750977,17.969999313354492,13671000
2016-12-30,13.746026992797852,17.677000045776367,18.09000015258789,17.601999282836914,18.03700065612793,25421000
2017-01-03,13.868114471435547,17.833999633789062,18.09000015258789,17.65399932861328,17.82900047302246,32098000
2017-01-04,13.769357681274414,17.707000732421875,17.899999618530273,17.667999267578125,17.826000213623047,23965000
2017-01-05,13.552404403686523,17.42799949645996,17.700000762939453,17.38800048828125,17.632999420166016,24861000
2017-01-06,13.732034683227539,17.659000396728516,17.690000534057617,17.33099937438965,17.42099952697754,23142000
2017-01-09,13.761579513549805,17.69700050354004,17.829999923706055,17.663999557495117,17.665000915527344,20265000
2017-01-10,14.041519165039062,18.05699920654297,18.073999404907227,17.690000534057617,17.749000549316406,30181000
2017-01-11,13.952096939086914,17.941999435424805,18.047000885009766,17.775999069213867,18.0049991607666,18787000
2017-01-12,13.908550262451172,17.88599967956543,17.90999984741211,17.540000915527344,17.80900001525879,23137000
2017-01-13,14.032195091247559,18.045000076293945,18.077999114990234,17.839000701904297,17.889999389648438,20902000
2017-01-17,13.927987098693848,17.910999298095703,17.96299934387207,17.756000518798828,17.947999954223633,26316000
2017-01-18,14.387563705444336,18.50200080871582,18.506999969482422,18.0,18.035999298095703,35642000
2017-01-19,14.42955493927002,18.555999755859375,18.687999725341797,18.468000411987305,18.510000228881836,45718000
2017-01-20,14.858803749084473,19.107999801635742,19.15399932861328,18.809999465942383,18.860000610351562,57623000
2017-01-23,14.852587699890137,19.100000381469727,19.152999877929688,18.841999053955078,19.10099983215332,33394000
2017-01-24,15.377481460571289,19.774999618530273,19.964000701904297,19.22800064086914,19.27199935913086,62008000
2017-01-25,15.7452974319458,20.24799919128418,20.259000778198242,19.80299949645996,19.992000579833984,60888000
2017-01-26,15.876712799072266,20.41699981689453,20.527000427246094,20.113000869750977,20.444000244140625,38820000
2017-01-27,15.99646282196045,20.570999145507812,20.57900047302246,20.354000091552734,20.538000106811523,25780000
2017-01-30,15.802837371826172,20.32200050354004,20.48699951171875,20.06100082397461,20.44499969482422,33234000
2017-01-31,15.513566970825195,19.950000762939453,20.246999740600586,19.88599967956543,20.246999740600586,26749000
2017-02-01,15.839388847351074,20.368999481201172,20.447999954223633,20.020999908447266,20.225000381469727,31184000
2017-02-02,15.867380142211914,20.405000686645508,20.503000259399414,20.100000381469727,20.19700050354004,22712000
2017-02-03,16.031455993652344,20.615999221801758,20.65999984741211,20.30299949645996,20.4950008392334,24367000
2017-02-06,16.062564849853516,20.6560001373291,20.666000366210938,20.43000030517578,20.614999771118164,18716000
2017-02-07,16.012022018432617,20.590999603271484,20.739999771118164,20.493000030517578,20.72100067138672,22840000
2017-02-08,16.088224411010742,20.68899917602539,20.875,20.516000747680664,20.597000122070312,21069000
2017-02-09,15.96769905090332,20.534000396728516,20.768999099731445,20.363000869750977,20.732999801635742,27519000
2017-02-10,15.981693267822266,20.552000045776367,20.649999618530273,20.385000228881836,20.600000381469727,23842000
2017-02-13,16.074230194091797,20.67099952697754,20.711000442504883,20.517000198364258,20.67799949645996,12463000
2017-02-14,15.966917037963867,20.533000946044922,20.700000762939453,20.479999542236328,20.698999404907227,17357000
2017-02-15,16.018245697021484,20.599000930786133,20.694000244140625,20.479999542236328,20.582000732421875,17088000
2017-02-16,16.18854331970215,20.81800079345703,20.82200050354004,20.51799964904785,20.645999908447266,17188000
2017-02-17,16.361953735351562,21.041000366210938,21.041000366210938,20.68199920654297,20.899999618530273,30945000
2017-02-21,16.54391098022461,21.274999618530273,21.36199951171875,21.090999603271484,21.100000381469727,30333000
2017-02-22,16.653553009033203,21.416000366210938,21.493000030517578,21.149999618530273,21.299999237060547,23949000
2017-02-23,16.375167846679688,21.058000564575195,21.59600067138672,20.964000701904297,21.507999420166016,29364000
2017-02-24,16.358840942382812,21.03700065612793,21.065000534057617,20.26099967956543,20.83799934387207,27651000
2017-02-27,16.585126876831055,21.327999114990234,21.344999313354492,21.018999099731445,21.066999435424805,26991000
2017-02-28,16.402387619018555,21.093000411987305,21.43400001525879,21.030000686645508,21.413999557495117,27548000
2017-03-01,16.729766845703125,21.513999938964844,21.538999557495117,21.055999755859375,21.30699920654297,51155000
2017-03-02,16.896953582763672,21.729000091552734,22.49799919128418,21.601999282836914,22.410999298095703,71171000
2017-03-03,16.977048873901367,21.832000732421875,22.0,21.770000457763672,21.799999237060547,30747000
2017-03-06,16.947492599487305,21.79400062561035,21.85300064086914,21.517000198364258,21.636999130249023,22771000
2017-03-07,17.049365997314453,21.924999237060547,22.136999130249023,21.708999633789062,21.733999252319336,29129000
2017-03-08,17.07891845703125,21.96299934387207,22.124000549316406,21.854999542236328,21.922000885009766,24532000
2017-03-09,17.26399040222168,22.201000213623047,22.285999298095703,21.812000274658203,21.878000259399414,25675000
2017-03-10,17.60148048400879,22.635000228881836,22.641000747680664,22.273000717163086,22.273000717163086,39430000
2017-03-13,17.60926055908203,22.645000457763672,22.774999618530273,22.535999298095703,22.586000442504883,26669000
2017-03-14,17.445959091186523,22.434999465942383,22.628000259399414,22.35099983215332,22.47599983215332,22165000
2017-03-15,17.568817138671875,22.593000411987305,22.665000915527344,22.323999404907227,22.433000564575195,20727000
2017-03-16,17.369630813598633,22.236000061035156,22.582000732421875,22.156999588012695,22.54800033569336,27835000
2017-03-17,17.277454376220703,22.118000030517578,22.371000289916992,22.084999084472656,22.351999282836914,51635000
2017-03-20,17.282135009765625,22.124000549316406,22.263999938964844,22.077999114990234,22.118000030517578,17215000
2017-03-21,16.87438201904297,21.601999282836914,22.29800033569336,21.552000045776367,22.224000930786133,30557000
2017-03-22,16.983739852905273,21.742000579833984,21.836999893188477,21.538999557495117,21.601999282836914,19131000
2017-03-23,16.939990997314453,21.68600082397461,21.84600067138672,21.64299964904785,21.72599983215332,19223000
2017-03-24,17.104814529418945,21.89699935913086,22.139999389648438,21.77400016784668,21.801000595092773,23794000
2017-03-27,17.111066818237305,21.905000686645508,22.01799964904785,21.597000122070312,21.683000564575195,15358000
2017-03-28,17.25948143005371,22.094999313354492,22.17799949645996,21.834999084472656,21.85099983215332,17929000
2017-03-29,17.287609100341797,22.131000518798828,22.135000228881836,21.968000411987305,22.079999923706055,15927000
2017-03-30,17.18840217590332,22.003999710083008,22.44499969482422,21.88599967956543,22.190000534057617,34168000
2017-03-31,17.104036331176758,21.895999908447266,22.099000930786133,21.80299949645996,21.999000549316406,25897000
2017-04-03,17.091543197631836,21.8799991607666,21.999000549316406,21.666000366210938,21.899999618530273,19210000
2017-04-04,17.104036331176758,21.895999908447266,22.041000366210938,21.788000106811523,21.816999435424805,12634000
2017-04-05,16.961084365844727,21.71299934387207,22.049999237060547,21.68000030517578,21.95400047302246,15690000
2017-04-06,16.989990234375,21.75,21.847000122070312,21.55900001525879,21.670000076293945,14615000
2017-04-07,17.048572540283203,21.825000762939453,21.983999252319336,21.70400047302246,21.75,16412000
2017-04-10,17.03060531616211,21.802000045776367,21.905000686645508,21.625999450683594,21.707000732421875,17994000
2017-04-11,16.9938907623291,21.7549991607666,21.84000015258789,21.402999877929688,21.6560001373291,22219000
2017-04-12,16.341636657714844,20.920000076293945,21.61400032043457,20.8439998626709,21.566999435424805,61026000
2017-04-13,16.507234573364258,21.131999969482422,21.39699935913086,20.899999618530273,20.92099952697754,42579000
2017-04-17,16.706436157226562,21.386999130249023,21.43600082397461,21.2189998626709,21.238000869750977,14507000
2017-04-18,16.646284103393555,21.309999465942383,21.371000289916992,21.20599937438965,21.305999755859375,8486000
2017-04-19,16.687685012817383,21.363000869750977,21.482999801635742,21.326000213623047,21.378000259399414,12081000
2017-04-20,17.045448303222656,21.820999145507812,21.91200065612793,21.422000885009766,21.5,16916000
2017-04-21,17.00248908996582,21.766000747680664,21.83300018310547,21.615999221801758,21.742000579833984,14683000
2017-04-24,17.282135009765625,22.124000549316406,22.190000534057617,21.968000411987305,22.069000244140625,17531000
2017-04-25,17.435251235961914,22.31999969482422,22.399999618530273,22.19499969482422,22.20199966430664,14848000
2017-04-26,17.316511154174805,22.167999267578125,22.39299964904785,22.086999893188477,22.349000930786133,14726000
2017-04-27,17.42665672302246,22.30900001525879,22.409000396728516,22.20599937438965,22.288999557495117,11850000
2017-04-28,17.248550415039062,22.08099937438965,22.31399917602539,21.976999282836914,22.283000946044922,16490000
2017-05-01,17.28838348388672,22.131999969482422,22.22599983215332,21.990999221801758,22.208999633789062,15339000
2017-05-02,17.61100196838379,22.545000076293945,22.549999237060547,22.149999618530273,22.34600067138672,27277000
2017-05-03,17.568035125732422,22.489999771118164,22.618999481201172,22.354999542236328,22.451000213623047,18002000
2017-05-04,17.45085906982422,22.34000015258789,22.586000442504883,22.18600082397461,22.525999069213867,16245000
2017-05-05,17.68912124633789,22.645000457763672,22.64900016784668,22.405000686645508,22.496000289916992,23128000
2017-05-08,17.58209991455078,22.507999420166016,22.709999084472656,22.38599967956543,22.652000427246094,17448000
2017-05-09,17.846132278442383,22.84600067138672,22.940000534057617,22.47100067138672,22.562000274658203,19261000
2017-05-10,18.070314407348633,23.132999420166016,23.341999053955078,22.868999481201172,22.948999404907227,24433000
2017-05-11,18.05156707763672,23.108999252319336,23.184999465942383,22.823999404907227,23.06800079345703,14823000
2017-05-12,18.431989669799805,23.59600067138672,23.604999542236328,23.083999633789062,23.148000717163086,25852000
2017-05-15,18.671802520751953,23.902999877929688,23.989999771118164,23.5,23.56100082397461,29172000
2017-05-16,18.800691604614258,24.06800079345703,24.128999710083008,23.868999481201172,23.993999481201172,18128000
2017-05-17,18.058603286743164,23.118000030517578,23.89699935913086,23.108999252319336,23.799999237060547,31447000
2017-05-18,18.564786911010742,23.766000747680664,23.86199951171875,22.76799964904785,23.158000946044922,30699000
2017-05-19,18.28669548034668,23.40999984741211,23.698999404907227,23.204999923706055,23.67099952697754,35812000
2017-05-22,18.621023178100586,23.83799934387207,23.898000717163086,23.422000885009766,23.55299949645996,20419000
2017-05-23,18.477298736572266,23.65399932861328,23.89299964904785,23.583999633789062,23.834999084472656,13696000
2017-05-24,18.716327667236328,23.959999084472656,24.000999450683594,23.69700050354004,23.84600067138672,16392000
2017-05-25,18.81475257873535,24.086000442504883,24.1560001373291,23.87299919128418,24.111000061035156,19010000
2017-05-26,18.84209632873535,24.121000289916992,24.15999984741211,23.832000732421875,24.09000015258789,13120000
2017-05-30,18.733516693115234,23.98200035095215,24.138999938964844,23.899999618530273,24.049999237060547,29364000
2017-05-31,18.706951141357422,23.947999954223633,24.288999557495117,23.756000518798828,24.25200080871582,44830000
2017-06-01,18.32497215270996,23.458999633789062,24.187000274658203,23.381000518798828,24.15999984741211,63774000
2017-06-02,19.882583618164062,25.452999114990234,25.582000732421875,24.415000915527344,24.854000091552734,108613000
2017-06-05,19.701356887817383,25.22100067138672,25.67799949645996,25.020000457763672,25.399999618530273,39532000
2017-06-06,19.83024787902832,25.38599967956543,25.534000396728516,25.062000274658203,25.07699966430664,29653000
2017-06-07,19.863052368164062,25.42799949645996,25.584999084472656,25.297000885009766,25.368000030517578,29290000
2017-06-08,19.915390014648438,25.4950008392334,25.610000610351562,25.23200035095215,25.5,28273000
2017-06-09,19.008474349975586,24.333999633789062,25.600000381469727,24.145000457763672,25.551000595092773,58191000
2017-06-12,18.956138610839844,24.267000198364258,24.31100082397461,23.575000762939453,24.040000915527344,54872000
2017-06-13,18.977230072021484,24.29400062561035,24.791000366210938,24.16699981689453,24.496000289916992,30853000
2017-06-14,18.789749145507812,24.054000854492188,24.4950008392334,23.76300048828125,24.35700035095215,34509000
2017-06-15,18.669729232788086,23.798999786376953,23.948999404907227,23.527000427246094,23.534000396728516,27527000
2017-06-16,18.533227920532227,23.625,23.94300079345703,23.51300048828125,23.89299964904785,35819000
2017-06-19,18.917621612548828,24.114999771118164,24.481000900268555,24.03499984741211,24.481000900268555,28519000
2017-06-20,18.826629638671875,23.999000549316406,24.364999771118164,23.985000610351562,24.200000762939453,24429000
2017-06-21,19.22905731201172,24.511999130249023,24.590999603271484,24.191999435424805,24.357999801635742,34998000
2017-06-22,19.14433479309082,24.40399932861328,24.641000747680664,24.308000564575195,24.551000595092773,18666000
2017-06-23,19.24004554748535,24.525999069213867,24.687000274658203,24.27899932861328,24.354000091552734,34985000
2017-06-26,19.04314613342285,24.274999618530273,24.790000915527344,24.1200008392334,24.599000930786133,32103000
2017-06-27,18.461057662963867,23.533000946044922,24.198999404907227,23.523000717163086,24.13599967956543,33582000
2017-06-28,18.909780502319336,24.104999542236328,24.17300033569336,23.450000762939453,23.659000396728516,24533000
2017-06-29,18.359859466552734,23.40399932861328,23.89699935913086,23.05699920654297,23.8700008392334,34513000
2017-06-30,18.282194137573242,23.30500030517578,23.66900062561035,23.285999298095703,23.62700080871582,26534000
2017-07-03,18.024112701416016,22.97599983215332,23.52400016784668,22.908000946044922,23.451000213623047,21123000
2017-07-05,18.169235229492188,23.160999298095703,23.232999801635742,22.910999298095703,23.100000381469727,29699000
2017-07-06,18.438304901123047,23.503999710083008,23.572999954223633,22.75,22.756000518798828,26334000
2017-07-07,18.79759979248047,23.961999893188477,24.018999099731445,23.527000427246094,23.530000686645508,24731000
2017-07-10,18.96626091003418,24.177000045776367,24.194000244140625,23.881000518798828,24.051000595092773,22499000
2017-07-11,18.89723014831543,24.089000701904297,24.260000228881836,23.93899917602539,24.200000762939453,20502000
2017-07-12,19.33104133605957,24.642000198364258,24.718000411987305,24.106000900268555,24.299999237060547,27710000
2017-07-13,19.400859832763672,24.731000900268555,24.98699951171875,24.655000686645508,24.711999893188477,20400000
2017-07-14,19.63463592529297,25.02899932861328,25.040000915527344,24.78499984741211,24.863000869750977,14417000
2017-07-17,19.535009384155273,24.902000427246094,25.236000061035156,24.88599967956543,25.07900047302246,18746000
2017-07-18,19.680919647216797,25.08799934387207,25.093000411987305,24.606000900268555,24.72599983215332,13003000
2017-07-19,19.957056045532227,25.440000534057617,25.45400047302246,25.05500030517578,25.200000762939453,25526000
2017-07-20,19.880962371826172,25.343000411987305,25.5,25.235000610351562,25.450000762939453,12135000
2017-07-21,19.85586166381836,25.31100082397461,25.351999282836914,25.04599952697754,25.152999877929688,15504000
2017-07-24,19.849578857421875,25.30299949645996,25.368000030517578,25.16900062561035,25.32900047302246,13638000
2017-07-25,19.949209213256836,25.43000030517578,25.44099998474121,25.01799964904785,25.280000686645508,16123000
2017-07-26,20.161802291870117,25.701000213623047,25.819000244140625,25.461999893188477,25.4689998626709,19971000
2017-07-27,19.686410903930664,25.094999313354492,25.849000930786133,24.895000457763672,25.820999145507812,32010000
2017-07-28,19.640913009643555,25.03700065612793,25.11199951171875,24.75,24.892000198364258,31919000
2017-07-31,19.34987449645996,24.666000366210938,25.2450008392334,24.54599952697754,25.097999572753906,18902000
2017-08-01,19.4855899810791,24.839000701904297,25.0,24.695999145507812,24.822999954223633,17582000
2017-08-02,19.87546730041504,25.336000442504883,25.72800064086914,25.106000900268555,25.459999084472656,36970000
2017-08-03,19.63463592529297,25.02899932861328,25.299999237060547,24.722999572753906,25.2810001373291,23447000
2017-08-04,19.546772003173828,24.91699981689453,25.097000122070312,24.812000274658203,25.073999404907227,13454000
2017-08-07,19.803298950195312,25.243999481201172,25.288999557495117,24.889999389648438,24.93899917602539,18730000
2017-08-08,19.718578338623047,25.13599967956543,25.429000854492188,25.04199981689453,25.197999954223633,20439000
2017-08-09,19.546772003173828,24.91699981689453,25.035999298095703,24.75200080871582,24.952999114990234,21256000
2017-08-10,18.88310432434082,24.070999145507812,24.700000762939453,24.04599952697754,24.666000366210938,29033000
2017-08-11,19.154537200927734,24.41699981689453,24.52400016784668,23.8700008392334,24.0049991607666,16976000
2017-08-14,19.683273315429688,25.090999603271484,25.125,24.600000381469727,24.68600082397461,16736000
2017-08-15,19.901355743408203,25.368999481201172,25.4060001373291,25.12700080871582,25.312000274658203,20942000
2017-08-16,19.880178451538086,25.341999053955078,25.474000930786133,25.180999755859375,25.43199920654297,15394000
2017-08-17,19.37261962890625,24.69499969482422,25.424999237060547,24.665000915527344,25.299999237060547,22793000
2017-08-18,19.56246566772461,24.937000274658203,25.148000717163086,24.613000869750977,24.732999801635742,20126000
2017-08-21,19.582073211669922,24.961999893188477,25.18899917602539,24.618000030517578,25.18899917602539,20693000
2017-08-22,20.019027709960938,25.518999099731445,25.618999481201172,25.100000381469727,25.183000564575195,26917000
2017-08-23,20.154741287231445,25.691999435424805,25.891000747680664,25.339000701904297,25.392000198364258,27928000
2017-08-24,20.008045196533203,25.5049991607666,25.93600082397461,25.110000610351562,25.867000579833984,52119000
2017-08-25,19.265932083129883,24.55900001525879,25.440000534057617,24.378000259399414,25.225000381469727,69099000
2017-08-28,19.08236312866211,24.325000762939453,24.763999938964844,24.25,24.70400047302246,34174000
2017-08-29,18.96312141418457,24.17300033569336,24.45800018310547,24.003000259399414,24.128999710083008,33536000
2017-08-30,19.299663543701172,24.601999282836914,24.634000778198242,24.08799934387207,24.1560001373291,21924000
2017-08-31,19.77427101135254,25.207000732421875,25.253000259399414,24.55500030517578,24.66200065612793,29491000
2017-09-01,19.8260498046875,25.273000717163086,25.534000396728516,25.229999542236328,25.232999801635742,23242000
2017-09-05,19.53736114501953,24.905000686645508,25.273000717163086,24.70199966430664,25.011999130249023,24306000
2017-09-06,19.563247680664062,24.937999725341797,25.131000518798828,24.770000457763672,25.06100082397461,13996000
2017-09-07,19.341243743896484,24.655000686645508,25.0,24.613000869750977,24.979000091552734,16088000
2017-09-08,19.149826049804688,24.410999298095703,24.639999389648438,24.309999465942383,24.591999053955078,18094000
2017-09-11,19.434598922729492,24.77400016784668,24.823999404907227,24.60099983215332,24.70800018310547,16878000
2017-09-12,19.387527465820312,24.714000701904297,24.974000930786133,24.549999237060547,24.965999603271484,18396000
2017-09-13,19.316919326782227,24.624000549316406,24.791000366210938,24.514999389648438,24.582000732421875,29664000
2017-09-14,19.37261962890625,24.69499969482422,24.750999450683594,24.323999404907227,24.461999893188477,28645000
2017-09-15,19.655033111572266,25.05500030517578,25.118999481201172,24.51099967956543,24.76300048828125,50066000
2017-09-18,19.677871704101562,24.98200035095215,25.283000946044922,24.861000061035156,25.104999542236328,25743000
2017-09-19,19.673147201538086,24.97599983215332,25.184999465942383,24.83300018310547,25.117000579833984,22088000
2017-09-20,19.133583068847656,24.291000366210938,24.988000869750977,23.785999298095703,24.974000930786133,57010000
2017-09-21,18.93430519104004,24.038000106811523,24.270000457763672,23.81800079345703,24.246000289916992,28620000
2017-09-22,18.844507217407227,23.923999786376953,24.075000762939453,23.812000274658203,23.833999633789062,23100000
2017-09-25,18.550704956054688,23.551000595092773,23.7810001373291,23.152999877929688,23.7189998626709,38692000
2017-09-26,18.6893367767334,23.726999282836914,23.9950008392334,23.5310001373291,23.788000106811523,39010000
2017-09-27,18.950057983398438,24.058000564575195,24.267000198364258,23.857999801635742,23.950000762939453,26489000
2017-09-28,19.13595199584961,24.29400062561035,24.336000442504883,23.950000762939453,23.951000213623047,21932000
2017-09-29,19.104440689086914,24.253999710083008,24.42799949645996,24.150999069213867,24.29400062561035,17319000
2017-10-02,18.94139289855957,24.047000885009766,24.5310001373291,23.975000381469727,24.5310001373291,19431000
2017-10-03,18.864988327026367,23.950000762939453,24.094999313354492,23.788999557495117,24.007999420166016,25611000
2017-10-04,19.06191062927246,24.200000762939453,24.232999801635742,23.750999450683594,23.878000259399414,23271000
2017-10-05,19.19345474243164,24.367000579833984,24.573999404907227,24.23699951171875,24.32699966430664,22811000
2017-10-06,19.356502532958984,24.573999404907227,24.575000762939453,24.030000686645508,24.030000686645508,17489000
2017-10-09,19.41006088256836,24.642000198364258,24.725000381469727,24.538999557495117,24.600000381469727,16551000
2017-10-10,19.37619400024414,24.599000930786133,24.81599998474121,24.304000854492188,24.753000259399414,15348000
2017-10-11,19.72356414794922,25.040000915527344,25.117000579833984,24.513999938964844,24.520999908447266,26603000
2017-10-12,19.59280776977539,24.874000549316406,25.128000259399414,24.827999114990234,25.04199981689453,20067000
2017-10-13,19.5313663482666,24.79599952697754,25.083999633789062,24.746999740600586,25.014999389648438,15257000
2017-10-16,19.42975425720215,24.66699981689453,24.94700050354004,24.562000274658203,24.857999801635742,14899000
2017-10-17,19.11074447631836,24.261999130249023,24.5939998626709,24.233999252319336,24.583999633789062,26965000
2017-10-18,19.219444274902344,24.399999618530273,24.461000442504883,23.979999542236328,24.33300018310547,19905000
2017-10-19,19.24228858947754,24.429000854492188,24.437000274658203,23.836000442504883,24.082000732421875,25844000
2017-10-20,19.238351821899414,24.423999786376953,24.700000762939453,24.375999450683594,24.695999145507812,23548000
2017-10-23,19.24070930480957,24.427000045776367,24.565000534057617,24.270999908447266,24.51799964904785,23418000
2017-10-24,19.509307861328125,24.76799964904785,24.81399917602539,24.410999298095703,24.506999969482422,22887000
2017-10-25,19.362802505493164,24.582000732421875,24.89299964904785,24.42300033569336,24.58799934387207,20955000
2017-10-26,19.200536727905273,24.375999450683594,24.78499984741211,24.375999450683594,24.726999282836914,24446000
2017-10-27,19.92047691345215,25.290000915527344,25.298999786376953,24.27899932861328,24.457000732421875,44753000
2017-10-30,20.576622009277344,26.12299919128418,26.219999313354492,25.32699966430664,25.329999923706055,50202000
2017-10-31,20.787721633911133,26.391000747680664,26.670000076293945,26.1299991607666,26.25,32845000
2017-11-01,20.42380714416504,25.929000854492188,26.56399917602539,25.68899917602539,26.423999786376953,27333000
2017-11-02,20.440349578857422,25.950000762939453,26.464000701904297,24.886999130249023,26.216999053955078,67196000
2017-11-03,21.5533447265625,27.363000869750977,27.799999237060547,25.711000442504883,26.402999877929688,120503000
2017-11-06,21.85975456237793,27.75200080871582,28.18000030517578,27.003000259399414,27.829999923706055,78088000
2017-11-07,21.37139320373535,27.131999969482422,27.450000762939453,26.753999710083008,27.253999710083008,36789000
2017-11-08,21.456462860107422,27.239999771118164,27.381999969482422,26.724000930786133,26.933000564575195,30254000
2017-11-09,20.923986434936523,26.56399917602539,27.040000915527344,26.25,26.86400032043457,30980000
2017-11-10,20.870424270629883,26.496000289916992,26.663999557495117,26.360000610351562,26.57900047302246,20338000
2017-11-13,20.87436294555664,26.500999450683594,26.597999572753906,26.155000686645508,26.25,28064000
2017-11-14,20.736522674560547,26.326000213623047,26.558000564575195,26.125999450683594,26.329999923706055,19718000
2017-11-15,20.92083168029785,26.559999465942383,26.700000762939453,25.80299949645996,26.229999542236328,29032000
2017-11-16,21.433624267578125,27.211000442504883,27.46500015258789,26.611000061035156,26.68000030517578,31000000
2017-11-17,21.413923263549805,27.18600082397461,27.211000442504883,26.843000411987305,27.177000045776367,24069000
2017-11-20,21.651809692382812,27.488000869750977,27.674999237060547,27.138999938964844,27.261999130249023,28639000
2017-11-21,21.786500930786133,27.659000396728516,27.820999145507812,27.490999221801758,27.610000610351562,20903000
2017-11-22,21.690399169921875,27.53700065612793,27.770999908447266,27.41699981689453,27.70199966430664,18642000
2017-11-24,22.242570877075195,28.238000869750977,28.298999786376953,27.650999069213867,27.66699981689453,11572000
2017-11-27,22.419002532958984,28.461999893188477,28.56800079345703,27.976999282836914,28.025999069213867,26230000
2017-11-28,21.85030746459961,27.739999771118164,28.489999771118164,27.68400001525879,28.486000061035156,26796000
2017-11-29,21.385570526123047,27.149999618530273,27.81399917602539,26.48699951171875,27.799999237060547,47231000
2017-11-30,21.892841339111328,27.79400062561035,27.834999084472656,27.009000778198242,27.17799949645996,31452000
2017-12-01,21.39029884338379,27.1560001373291,27.551000595092773,26.405000686645508,27.520999908447266,47729000
2017-12-04,20.764087677001953,26.361000061035156,27.45199966430664,26.013999938964844,27.391000747680664,48439000
2017-12-05,20.609712600708008,26.165000915527344,26.61199951171875,26.045000076293945,26.266000747680664,38117000
2017-12-06,20.786142349243164,26.388999938964844,26.441999435424805,25.420000076293945,25.882999420166016,48751000
2017-12-07,20.786142349243164,26.388999938964844,27.56999969482422,26.16699981689453,27.48900032043457,79282000
2017-12-08,20.47264289855957,25.990999221801758,26.694000244140625,25.93000030517578,26.57699966430664,41848000
2017-12-11,20.475791931152344,25.9950008392334,26.354999542236328,25.878999710083008,25.93400001525879,34941000
2017-12-12,20.377334594726562,25.8700008392334,26.08799934387207,25.57200050354004,25.93600082397461,28541000
2017-12-13,20.639638900756836,26.202999114990234,26.32900047302246,26.01799964904785,26.041000366210938,26943000
2017-12-14,20.427745819091797,25.93400001525879,26.299999237060547,25.670000076293945,26.233999252319336,37595000
2017-12-15,20.93107795715332,26.572999954223633,26.600000381469727,25.826000213623047,26.165000915527344,45091000
2017-12-18,20.96358299255371,26.43899917602539,26.650999069213867,26.259000778198242,26.408000946044922,29786000
2017-12-19,20.908872604370117,26.3700008392334,26.52899932861328,26.12700080871582,26.329999923706055,19094000
2017-12-20,21.062698364257812,26.56399917602539,26.635000228881836,26.277999877929688,26.61400032043457,19845000
2017-12-21,20.73681640625,26.152999877929688,26.625,26.10700035095215,26.594999313354492,17758000
2017-12-22,20.801834106445312,26.235000610351562,26.336999893188477,25.8700008392334,26.18199920654297,14617000
2017-12-26,20.46485137939453,25.809999465942383,26.235000610351562,25.339000701904297,25.722999572753906,22256000
2017-12-27,20.545724868774414,25.91200065612793,26.160999298095703,25.850000381469727,25.884000778198242,35615000
2017-12-28,20.648799896240234,26.04199981689453,26.079999923706055,25.854999542236328,26.016000747680664,13641000
2017-12-29,20.36970329284668,25.690000534057617,26.19499969482422,25.663999557495117,25.976999282836914,17980000
2018-01-02,21.171329498291016,26.701000213623047,26.75,25.756999969482422,25.976999282836914,33135000
2018-01-03,21.40285301208496,26.993000030517578,27.072999954223633,26.60300064086914,26.729000091552734,31161000
2018-01-04,21.40999412536621,27.00200080871582,27.176000595092773,26.843000411987305,27.159000396728516,19067000
2018-01-05,21.536853790283203,27.16200065612793,27.426000595092773,26.94499969482422,27.19700050354004,28633000
2018-01-08,21.588394165039062,27.226999282836914,27.2549991607666,26.9060001373291,27.091999053955078,20971000
2018-01-09,21.28946876525879,26.850000381469727,27.385000228881836,26.819000244140625,27.305999755859375,26027000
2018-01-10,20.839889526367188,26.283000946044922,26.61400032043457,26.072999954223633,26.597999572753906,31607000
2018-01-11,20.893016815185547,26.350000381469727,26.385000228881836,26.155000686645508,26.35700035095215,17726000
2018-01-12,20.95566177368164,26.429000854492188,26.531999588012695,26.201000213623047,26.339000701904297,19881000
2018-01-16,20.873193740844727,26.325000762939453,26.700000762939453,26.166000366210938,26.51799964904785,33528000
2018-01-17,21.07617950439453,26.58099937438965,26.652999877929688,26.04599952697754,26.54800033569336,37365000
2018-01-18,21.392547607421875,26.979999542236328,27.006000518798828,26.447999954223633,26.54599952697754,30319000
2018-01-19,21.122161865234375,26.638999938964844,26.944000244140625,26.60700035095215,26.915000915527344,29963000
2018-01-22,20.78280258178711,26.211000442504883,26.677000045776367,26.062000274658203,26.565000534057617,27230000
2018-01-23,20.845443725585938,26.290000915527344,26.44099998474121,25.81100082397461,26.173999786376953,35398000
2018-01-24,20.366531372070312,25.68600082397461,26.32699966430664,25.600000381469727,26.097000122070312,45405000
2018-01-25,19.60771942138672,24.729000091552734,25.784000396728516,24.700000762939453,25.77400016784668,59520000
2018-01-26,19.88524055480957,25.07900047302246,25.094999313354492,24.52400016784668,24.941999435424805,49014000
2018-01-29,19.46341323852539,24.547000885009766,24.948999404907227,24.349000930786133,24.827999114990234,50401000
2018-01-30,19.10739517211914,24.097999572753906,24.503000259399414,23.701000213623047,24.125,46002000
2018-01-31,19.666397094726562,24.80299949645996,25.31399917602539,24.486000061035156,25.0,80482000
2018-02-01,18.933753967285156,23.878999710083008,24.59000015258789,23.809999465942383,24.172000885009766,66851000
2018-02-02,18.67129898071289,23.54800033569336,23.79599952697754,23.409000396728516,23.677000045776367,58352000
2018-02-05,18.086139678955078,22.809999465942383,24.399999618530273,22.760000228881836,23.468000411987305,70776000
2018-02-06,19.05982208251953,24.038000106811523,24.040000915527344,22.489999771118164,22.562000274658203,77744000
2018-02-07,18.82195472717285,23.738000869750977,24.309999465942383,23.700000762939453,23.875999450683594,40475000
2018-02-08,18.20269775390625,22.957000732421875,23.851999282836914,22.951000213623047,23.73900032043457,43200000
2018-02-09,18.672883987426758,23.549999237060547,23.711999893188477,22.625,23.27899932861328,43282000
2018-02-12,19.37857437133789,24.440000534057617,24.54800033569336,23.75,23.785999298095703,35063000
2018-02-13,19.49433135986328,24.586000442504883,24.60300064086914,24.006000518798828,24.10099983215332,23719000
2018-02-14,19.63705825805664,24.766000747680664,24.864999771118164,24.347999572753906,24.5,25491000
2018-02-15,19.96769905090332,25.183000564575195,25.18400001525879,24.44300079345703,24.92799949645996,25540000
2018-02-16,19.734588623046875,24.888999938964844,25.23699951171875,24.804000854492188,25.12700080871582,32639000
2018-02-20,19.792463302612305,24.961999893188477,25.573999404907227,24.75200080871582,24.875,41693000
2018-02-21,19.713171005249023,24.86199951171875,25.347000122070312,24.844999313354492,25.249000549316406,28156000
2018-02-22,19.771059036254883,24.934999465942383,25.309999465942383,24.82699966430664,24.91200065612793,19342000
2018-02-23,20.116764068603516,25.371000289916992,25.503000259399414,25.02899932861328,25.214000701904297,18280000
2018-02-26,20.05650520324707,25.295000076293945,25.444000244140625,25.100000381469727,25.195999145507812,28878000
2018-02-27,19.966114044189453,25.180999755859375,25.566999435424805,25.167999267578125,25.208999633789062,21176000
2018-02-28,19.541908264160156,24.645999908447266,25.448999404907227,24.597999572753906,25.408000946044922,28834000
2018-03-01,19.292142868041992,24.33099937438965,24.91200065612793,24.131000518798828,24.586000442504883,26044000
2018-03-02,19.89158058166504,25.086999893188477,25.118000030517578,24.023000717163086,24.042999267578125,27402000
2018-03-05,19.58313751220703,24.697999954223633,25.134000778198242,24.341999053955078,24.989999771118164,25900000
2018-03-06,19.898717880249023,25.09600067138672,25.1299991607666,24.73200035095215,24.930999755859375,30030000
2018-03-07,19.58868980407715,24.704999923706055,24.940000534057617,24.433000564575195,24.868999481201172,31549000
2018-03-08,19.580764770507812,24.69499969482422,24.829999923706055,24.591999053955078,24.826000213623047,33554000
2018-03-09,20.122314453125,25.378000259399414,25.42799949645996,24.76300048828125,24.857999801635742,30782000
2018-03-12,20.84068489074707,26.284000396728516,26.43000030517578,25.961999893188477,26.065000534057617,53881000
2018-03-13,20.712236404418945,26.121999740600586,27.385000228881836,26.023000717163086,26.64299964904785,66855000
2018-03-14,20.662282943725586,26.05900001525879,26.233999252319336,25.514999389648438,26.200000762939453,39619000
2018-03-15,21.230792999267578,26.775999069213867,26.889999389648438,26.350000381469727,26.37299919128418,57990000
2018-03-16,20.2087459564209,25.48699951171875,26.360000610351562,25.44099998474121,26.299999237060547,113955000
2018-03-19,19.422182083129883,24.4950008392334,25.64900016784668,24.277000427246094,25.309999465942383,71267000
2018-03-20,19.216821670532227,24.236000061035156,24.80500030517578,24.128000259399414,24.510000228881836,61918000
2018-03-21,19.791248321533203,24.600000381469727,25.05900001525879,24.006000518798828,24.058000564575195,54912000
2018-03-22,19.595754623413086,24.35700035095215,24.672000885009766,24.149999618530273,24.202999114990234,43078000
2018-03-23,19.508054733276367,24.24799919128418,24.52199935913086,24.041000366210938,24.33799934387207,59070000
2018-03-26,19.930431365966797,24.773000717163086,24.882999420166016,24.051000595092773,24.767000198364258,48713000
2018-03-27,19.660110473632812,24.437000274658203,25.424999237060547,24.15999984741211,24.808000564575195,63917000
2018-03-28,19.041431427001953,23.667999267578125,24.69300079345703,23.559999465942383,24.408000946044922,41744000
2018-03-29,18.958572387695312,23.565000534057617,24.083999633789062,23.47599983215332,23.80900001525879,46874000
2018-04-02,18.31736183166504,22.76799964904785,23.61199951171875,22.54400062561035,23.395000457763672,53088000
2018-04-03,19.049480438232422,23.67799949645996,23.697999954223633,22.72100067138672,23.086000442504883,45569000
2018-04-04,19.06637954711914,23.698999404907227,23.79199981689453,22.950000762939453,23.0049991607666,37720000
2018-04-05,19.01166534423828,23.631000518798828,24.167999267578125,23.5,24.076000213623047,35798000
2018-04-06,18.41309928894043,22.886999130249023,23.65399932861328,22.775999069213867,23.37299919128418,30248000
2018-04-09,18.885358810424805,23.474000930786133,23.965999603271484,22.926000595092773,22.99799919128418,37494000
2018-04-10,19.288423538208008,23.975000381469727,24.1560001373291,23.766000747680664,23.95599937438965,33244000
2018-04-11,19.334274291992188,24.031999588012695,24.07200050354004,23.70800018310547,23.812000274658203,19922000
2018-04-12,19.262680053710938,23.94300079345703,24.263999938964844,23.709999084472656,24.14299964904785,41036000
2018-04-13,19.86686897277832,24.694000244140625,25.200000762939453,24.489999771118164,25.0,48312000
2018-04-16,20.0623722076416,24.937000274658203,24.98900032043457,24.56800079345703,24.909000396728516,25172000
2018-04-17,20.25304412841797,25.173999786376953,25.28499984741211,24.964000701904297,25.089000701904297,25084000
2018-04-18,20.080074310302734,24.958999633789062,25.16699981689453,24.746000289916992,25.100000381469727,20511000
2018-04-19,19.538623809814453,24.285999298095703,24.628000259399414,24.06599998474121,24.354000091552734,50141000
2018-04-20,19.076831817626953,23.711999893188477,24.15999984741211,23.500999450683594,24.121999740600586,41530000
2018-04-23,18.781570434570312,23.344999313354492,23.832000732421875,23.211999893188477,23.798999786376953,31337000
2018-04-24,18.37448501586914,22.839000701904297,23.61199951171875,22.66900062561035,23.573999404907227,44889000
2018-04-25,18.423561096191406,22.899999618530273,23.110000610351562,22.586000442504883,22.899999618530273,34023000
2018-04-26,18.53780174255371,23.04199981689453,23.187999725341797,22.829999923706055,23.100000381469727,32751000
2018-04-27,18.727670669555664,23.277999877929688,23.420000076293945,23.06999969482422,23.35700035095215,27211000
2018-04-30,18.45734977722168,22.941999435424805,23.41200065612793,22.832000732421875,23.257999420166016,39682000
2018-05-01,18.53458595275879,23.038000106811523,23.084999084472656,22.63599967956543,23.084999084472656,44947000
2018-05-02,18.40264320373535,22.874000549316406,23.3439998626709,22.68000030517578,23.329999923706055,52950000
2018-05-03,18.12186050415039,22.524999618530273,22.788000106811523,22.26799964904785,22.64900016784668,58011000
2018-05-04,18.54584312438965,23.052000045776367,23.208999633789062,22.197999954223633,22.364999771118164,51303000
2018-05-07,18.984315872192383,23.597000122070312,23.690000534057617,23.100000381469727,23.1299991607666,36953000
2018-05-08,19.216018676757812,23.885000228881836,23.895999908447266,23.48200035095215,23.573999404907227,40149000
2018-05-09,19.15164566040039,23.80500030517578,23.913000106811523,23.405000686645508,23.579999923706055,35031000
2018-05-10,19.59092140197754,24.35099983215332,24.37299919128418,23.861000061035156,23.972999572753906,25747000
2018-05-11,19.580463409423828,24.33799934387207,24.450000762939453,24.15999984741211,24.308000564575195,24052000
2018-05-14,19.69148826599121,24.47599983215332,24.841999053955078,24.3799991607666,24.628000259399414,27580000
2018-05-15,19.435651779174805,24.158000946044922,24.444000244140625,23.850000381469727,24.231000900268555,24984000
2018-05-16,19.349567413330078,24.051000595092773,24.22100067138672,23.89900016784668,24.214000701904297,29330000
2018-05-17,19.264284133911133,23.94499969482422,24.166000366210938,23.799999237060547,23.812000274658203,22825000
2018-05-18,18.985923767089844,23.599000930786133,24.062000274658203,23.58799934387207,23.986000061035156,25262000
2018-05-21,19.232099533081055,23.905000686645508,24.049999237060547,23.66699981689453,23.945999145507812,25720000
2018-05-22,19.18705177307129,23.849000930786133,24.136999130249023,23.757999420166016,24.02400016784668,19218000
2018-05-23,19.353588104248047,24.055999755859375,24.062999725341797,23.60300064086914,23.62299919128418,23454000
2018-05-24,19.592533111572266,24.35300064086914,24.43600082397461,24.0,24.086000442504883,22799000
2018-05-25,20.11547088623047,25.003000259399414,25.06800079345703,24.40399932861328,24.40399932861328,32214000
2018-05-29,20.088117599487305,24.9689998626709,25.111000061035156,24.847000122070312,24.86400032043457,28281000
2018-05-30,20.06478500366211,24.940000534057617,25.202999114990234,24.933000564575195,25.118000030517578,26844000
2018-05-31,20.27959442138672,25.207000732421875,25.52899932861328,24.899999618530273,24.926000595092773,34698000
2018-06-01,20.623123168945312,25.634000778198242,25.770000457763672,25.253999710083008,25.437000274658203,26360000
2018-06-04,20.78644371032715,25.836999893188477,25.93600082397461,25.62299919128418,25.799999237060547,25886000
2018-06-05,20.858049392700195,25.926000595092773,26.135000228881836,25.804000854492188,25.945999145507812,42374000
2018-06-06,21.200773239135742,26.351999282836914,26.378000259399414,25.97100067138672,26.073999404907227,37465000
2018-06-07,21.294092178344727,26.468000411987305,26.648000717163086,26.29199981689453,26.299999237060547,46077000
2018-06-08,20.754262924194336,25.797000885009766,25.993000030517578,25.374000549316406,25.673999786376953,73694000
2018-06-11,20.984357833862305,26.08300018310547,26.18000030517578,25.631999969482422,25.785999298095703,31859000
2018-06-12,21.032623291015625,26.14299964904785,26.17300033569336,25.84000015258789,26.033000946044922,27594000
2018-06-13,21.20560073852539,26.357999801635742,26.60700035095215,26.070999145507812,26.176000595092773,34868000
2018-06-14,21.598203659057617,26.84600067138672,26.906999588012695,26.40999984741211,26.5,37042000
2018-06-15,21.740604400634766,27.023000717163086,27.180999755859375,26.632999420166016,27.003999710083008,60969000
2018-06-18,21.279619216918945,26.450000762939453,26.899999618530273,26.42300033569336,26.899999618530273,30191000
2018-06-19,21.27553367614746,26.094999313354492,26.113000869750977,25.415000915527344,25.600000381469727,36221000
2018-06-20,21.297555923461914,26.121999740600586,26.402000427246094,26.073999404907227,26.149999618530273,24951000
2018-06-21,21.1695499420166,25.96500015258789,26.256999969482422,25.8439998626709,26.158000946044922,18186000
2018-06-22,21.174440383911133,25.97100067138672,26.149999618530273,25.895999908447266,26.118000030517578,52412000
2018-06-25,20.580074310302734,25.242000579833984,25.642000198364258,25.042999267578125,25.642000198364258,29705000
2018-06-26,20.508331298828125,25.15399932861328,25.461000442504883,25.05500030517578,25.299999237060547,24233000
2018-06-27,20.14715003967285,24.711000442504883,25.516000747680664,24.684999465942383,25.208999633789062,24720000
2018-06-28,19.966960906982422,24.489999771118164,24.73200035095215,24.226999282836914,24.628000259399414,33238000
2018-06-29,19.782703399658203,24.263999938964844,24.69499969482422,24.256999969482422,24.69499969482422,42794000
2018-07-02,19.734596252441406,24.204999923706055,24.222000122070312,23.742000579833984,24.009000778198242,33369000
2018-07-03,19.509578704833984,23.929000854492188,24.339000701904297,23.899999618530273,24.336000442504883,11591000
2018-07-05,20.00773048400879,24.540000915527344,24.56100082397461,24.06800079345703,24.179000854492188,25299000
2018-07-06,20.193620681762695,24.76799964904785,24.860000610351562,24.441999435424805,24.489999771118164,23112000
2018-07-09,20.173242568969727,24.743000030517578,24.92300033569336,24.55299949645996,24.899999618530273,17955000
2018-07-10,20.428430557250977,25.055999755859375,25.18000030517578,24.704999923706055,24.833999633789062,16413000
2018-07-11,19.847930908203125,24.3439998626709,24.753999710083008,24.26099967956543,24.4950008392334,35761000
2018-07-12,17.119897842407227,20.99799919128418,21.027999877929688,19.746000289916992,20.70800018310547,435083000
2018-07-13,16.506784439086914,20.246000289916992,21.399999618530273,20.190000534057617,21.25,161678000
2018-07-16,16.571197509765625,20.325000762939453,20.63800048828125,20.05299949645996,20.15999984741211,102277000
2018-07-17,16.98373794555664,20.83099937438965,20.909000396728516,20.201000213623047,20.22100067138672,110827000
2018-07-18,17.022062301635742,20.878000259399414,20.988000869750977,20.663000106811523,20.722000122070312,80834000
2018-07-19,17.151695251464844,21.03700065612793,21.148000717163086,20.804000854492188,20.82900047302246,63247000
2018-07-20,17.148435592651367,21.033000946044922,21.121000289916992,20.875999450683594,21.010000228881836,62893000
2018-07-23,17.669422149658203,21.672000885009766,21.86400032043457,21.040000915527344,21.041000366210938,82211000
2018-07-24,17.719966888427734,21.733999252319336,22.038999557495117,21.600000381469727,21.780000686645508,81158000
2018-07-25,18.423585891723633,22.597000122070312,22.864999771118164,21.770999908447266,21.770999908447266,92271000
2018-07-26,18.196109771728516,22.31800079345703,22.976999282836914,22.156999588012695,22.649999618530273,85069000
2018-07-27,18.022445678710938,22.104999542236328,22.929000854492188,22.006999969482422,22.400999069213867,79443000
2018-07-30,18.359987258911133,22.518999099731445,22.802000045776367,22.104999542236328,22.111000061035156,75275000
2018-07-31,18.08115005493164,22.177000045776367,22.884000778198242,22.15399932861328,22.667999267578125,63860000
2018-08-01,17.675941467285156,21.68000030517578,22.393999099731445,21.6200008392334,22.326000213623047,42669000
2018-08-02,17.639249801635742,21.635000228881836,21.826000213623047,21.325000762939453,21.427000045776367,40312000
2018-08-03,17.758283615112305,21.7810001373291,21.799999237060547,21.440000534057617,21.575000762939453,24832000
2018-08-06,17.688175201416016,21.69499969482422,21.83099937438965,21.586000442504883,21.663000106811523,22638000
2018-08-07,17.962116241455078,22.0310001373291,22.18400001525879,21.714000701904297,21.922000885009766,29798000
2018-08-08,17.89281463623047,21.945999145507812,22.12299919128418,21.895000457763672,22.054000854492188,15801000
2018-08-09,17.658004760742188,21.658000946044922,22.024999618530273,21.5939998626709,22.014999389648438,27563000
2018-08-10,17.3033447265625,21.222999572753906,21.447999954223633,21.04599952697754,21.2810001373291,37017000
2018-08-13,17.209585189819336,21.107999801635742,21.398000717163086,21.045000076293945,21.165000915527344,29842000
2018-08-14,16.901395797729492,20.729999542236328,21.158000946044922,20.68400001525879,21.158000946044922,36327000
2018-08-15,16.842695236206055,20.658000946044922,20.757999420166016,20.277000427246094,20.51300048828125,41132000
2018-08-16,17.014720916748047,20.868999481201172,20.88599967956543,20.66900062561035,20.777000427246094,29239000
2018-08-17,17.062015533447266,20.927000045776367,21.118999481201172,20.551000595092773,20.797000885009766,39093000
2018-08-20,16.854108810424805,20.672000885009766,21.0,20.586000442504883,20.947999954223633,54489000
2018-08-21,17.163110733032227,21.051000595092773,21.143999099731445,20.711000442504883,20.75200080871582,29952000
2018-08-22,16.92096710205078,20.753999710083008,21.17099952697754,20.743000030517578,21.045000076293945,26890000
2018-08-23,16.761980056762695,20.55900001525879,20.908000946044922,20.527999877929688,20.773000717163086,35578000
2018-08-24,17.040002822875977,20.899999618530273,20.927000045776367,20.468000411987305,20.635000228881836,20541000
2018-08-27,17.36367416381836,21.297000885009766,21.437000274658203,20.863000869750977,21.024999618530273,28213000
2018-08-28,17.482709884643555,21.44300079345703,21.59600067138672,21.256999969482422,21.46299934387207,24340000
2018-08-29,17.528371810913086,21.499000549316406,21.579999923706055,21.344999313354492,21.481000900268555,18125000
2018-08-30,17.663715362548828,21.665000915527344,21.694000244140625,21.461000442504883,21.496999740600586,26529000
2018-08-31,17.85775375366211,21.902999877929688,21.93199920654297,21.584999084472656,21.60300064086914,27623000
2018-09-04,17.890369415283203,21.94300079345703,22.02899932861328,21.71299934387207,21.858999252319336,36663000
2018-09-05,18.052610397338867,22.142000198364258,22.18000030517578,21.95800018310547,21.9950008392334,37194000
2018-09-06,17.60826873779297,21.597000122070312,22.281999588012695,21.392000198364258,22.149999618530273,62509000
2018-09-07,18.962501525878906,23.257999420166016,23.541000366210938,22.399999618530273,22.420000076293945,104703000
2018-09-10,19.61719512939453,24.06100082397461,24.094999313354492,23.204999923706055,23.465999603271484,60880000
2018-09-11,18.960054397583008,23.2549991607666,23.969999313354492,23.040000915527344,23.770000457763672,60755000
2018-09-12,18.743179321289062,22.98900032043457,23.084999084472656,22.283000946044922,22.809999465942383,53077000
2018-09-13,19.194046020507812,23.54199981689453,23.922000885009766,23.11199951171875,23.368999481201172,43757000
2018-09-14,19.269060134887695,23.634000778198242,23.708999633789062,23.368999481201172,23.516000747680664,28095000
2018-09-17,19.145946502685547,23.482999801635742,24.030000686645508,23.430999755859375,24.0,36739000
2018-09-18,19.692201614379883,23.972999572753906,24.139999389648438,23.48699951171875,23.5,50511000
2018-09-19,19.861413955688477,24.179000854492188,24.249000549316406,23.976999282836914,24.047000885009766,31160000
2018-09-20,20.119342803955078,24.493000030517578,24.604000091552734,24.172000885009766,24.298999786376953,39986000
2018-09-21,20.379732131958008,24.809999465942383,24.87700080871582,24.51799964904785,24.632999420166016,135321000
2018-09-24,20.490633010864258,24.94499969482422,25.010000228881836,24.731000900268555,24.80500030517578,45326000
2018-09-25,20.3427677154541,24.764999389648438,24.934999465942383,24.579999923706055,24.898000717163086,47037000
2018-09-26,20.160411834716797,24.542999267578125,24.80500030517578,24.479999542236328,24.56399917602539,33428000
2018-09-27,20.244199752807617,24.645000457763672,24.788000106811523,24.490999221801758,24.569000244140625,29572000
2018-09-28,20.267200469970703,24.67300033569336,24.69700050354004,24.385000228881836,24.554000854492188,26739000
2018-10-01,20.495561599731445,24.951000213623047,25.214000701904297,24.767000198364258,24.788000106811523,27709000
2018-10-02,20.379732131958008,24.809999465942383,25.17099952697754,24.79199981689453,24.913999557495117,24888000
2018-10-03,20.48816680908203,24.941999435424805,25.132999420166016,24.70400047302246,24.881000518798828,19607000
2018-10-04,20.38548469543457,24.816999435424805,24.972999572753906,24.6200008392334,24.666000366210938,25660000
2018-10-05,20.061845779418945,24.42300033569336,25.0049991607666,24.239999771118164,24.839000701904297,33860000
2018-10-08,19.8269100189209,24.136999130249023,24.54199981689453,24.038000106811523,24.33099937438965,33397000
2018-10-09,20.100448608398438,24.469999313354492,24.572999954223633,24.03700065612793,24.05900001525879,24675000
2018-10-10,19.04326820373535,23.183000564575195,24.506999969482422,23.163999557495117,24.292999267578125,56327000
2018-10-11,18.802589416503906,22.889999389648438,23.559999465942383,22.7189998626709,23.19700050354004,37424000
2018-10-12,19.135269165039062,23.295000076293945,23.566999435424805,22.910999298095703,23.47599983215332,32589000
2018-10-15,19.095836639404297,23.246999740600586,23.533000946044922,23.003999710083008,23.10300064086914,30099000
2018-10-16,19.576379776000977,23.832000732421875,23.875999450683594,23.417999267578125,23.600000381469727,30355000
2018-10-17,19.481908798217773,23.716999053955078,23.974000930786133,23.392000198364258,23.974000930786133,20262000
2018-10-18,18.730302810668945,22.802000045776367,23.68199920654297,22.652999877929688,23.542999267578125,37442000
2018-10-19,18.75165557861328,22.827999114990234,23.108999252319336,22.69300079345703,23.0,32231000
2018-10-22,18.779582977294922,22.86199951171875,23.243000030517578,22.804000854492188,23.055999755859375,25619000
2018-10-23,18.814910888671875,22.905000686645508,22.95400047302246,21.881999969482422,22.2810001373291,35990000
2018-10-24,17.96554946899414,21.871000289916992,22.641000747680664,21.784000396728516,22.639999389648438,37810000
2018-10-25,18.255512237548828,22.224000930786133,22.339000701904297,21.915000915527344,21.988000869750977,35193000
2018-10-26,17.508831024169922,21.315000534057617,21.733999252319336,20.920000076293945,21.55699920654297,53324000
2018-10-29,17.373291015625,21.149999618530273,21.868999481201172,20.822999954223633,21.618999481201172,28636000
2018-10-30,18.154476165771484,22.10099983215332,22.1560001373291,21.100000381469727,21.378000259399414,29697000
2018-10-31,18.358190536499023,22.349000930786133,22.566999435424805,22.17099952697754,22.5,28146000
2018-11-01,18.883089065551758,22.988000869750977,23.42300033569336,22.371999740600586,22.516000747680664,36830000
2018-11-02,18.134763717651367,22.07699966430664,22.597000122070312,21.774999618530273,22.533000946044922,40241000
2018-11-05,18.07890510559082,22.009000778198242,22.110000610351562,21.371000289916992,21.902000427246094,27609000
2018-11-06,18.749191284179688,22.825000762939453,22.916000366210938,21.972000122070312,22.030000686645508,29464000
2018-11-07,19.254375457763672,23.440000534057617,23.52899932861328,22.92099952697754,23.198999404907227,29004000
2018-11-08,19.734914779663086,24.024999618530273,24.261999130249023,23.270999908447266,23.270999908447266,29796000
2018-11-09,19.631410598754883,23.89900016784668,23.902000427246094,23.253999710083008,23.5,33611000
2018-11-12,18.369691848754883,22.363000869750977,23.187000274658203,22.027999877929688,23.100000381469727,50306000
2018-11-13,18.46826171875,22.482999801635742,22.98200035095215,22.23200035095215,22.548999786376953,26697000
2018-11-14,18.580799102783203,22.6200008392334,23.05299949645996,22.562000274658203,22.676000595092773,25411000
2018-11-15,19.41373634338379,23.634000778198242,23.930999755859375,22.586000442504883,22.621999740600586,36694000
2018-11-16,19.518054962158203,23.76099967956543,23.920000076293945,23.165000915527344,23.381999969482422,36005000
2018-11-19,18.82147789001465,22.913000106811523,24.107999801635742,22.854000091552734,23.652999877929688,35326000
2018-11-20,18.704835891723633,22.770999908447266,22.908000946044922,22.257999420166016,22.393999099731445,32123000
2018-11-21,18.892942428588867,23.0,23.33099937438965,22.750999450683594,23.02199935913086,19926000
2018-11-23,18.88472557067871,22.989999771118164,23.268999099731445,22.757999420166016,22.757999420166016,8066000
2018-11-26,19.329126358032227,23.5310001373291,23.815000534057617,23.155000686645508,23.422000885009766,28714000
2018-11-27,19.37183952331543,23.58300018310547,23.836999893188477,23.242000579833984,23.357999801635742,30406000
2018-11-28,19.32172966003418,23.52199935913086,23.799999237060547,23.16200065612793,23.649999618530273,31080000
2018-11-29,19.36773109436035,23.577999114990234,23.863000869750977,23.275999069213867,23.427000045776367,17920000
2018-11-30,19.501623153686523,23.740999221801758,23.827999114990234,23.339000701904297,23.540000915527344,40083000
2018-12-03,19.88441276550293,24.207000732421875,24.70400047302246,24.14699935913086,24.520000457763672,35241000
2018-12-04,19.060518264770508,23.20400047302246,24.113000869750977,23.158000946044922,24.048999786376953,36455000
2018-12-06,18.66623306274414,22.724000930786133,22.725000381469727,21.76099967956543,22.624000549316406,57859000
2018-12-07,18.774656295776367,22.856000900268555,23.827999114990234,22.450000762939453,23.405000686645508,78396000
2018-12-10,19.65277099609375,23.924999237060547,24.031999588012695,22.650999069213867,22.795000076293945,43344000
2018-12-11,20.27623748779297,24.68400001525879,25.034000396728516,24.341999053955078,24.34600067138672,57730000
2018-12-12,20.944883346557617,25.49799919128418,26.018999099731445,25.200000762939453,25.243999481201172,68703000
2018-12-13,21.21759605407715,25.829999923706055,26.149999618530273,25.45800018310547,25.84600067138672,54355000
2018-12-14,20.932565689086914,25.482999801635742,26.159000396728516,25.46299934387207,25.535999298095703,42727000
2018-12-17,20.875062942504883,25.413000106811523,26.131999969482422,25.308000564575195,25.39900016784668,56238000
2018-12-18,20.72481346130371,24.966999053955078,25.55900001525879,24.881000518798828,25.507999420166016,51849000
2018-12-19,20.24502182006836,24.388999938964844,25.593000411987305,24.25200080871582,24.899999618530273,59728000
2018-12-20,20.079004287719727,24.18899917602539,24.850000381469727,23.844999313354492,24.440000534057617,75365000
2018-12-21,20.32969093322754,24.490999221801758,25.173999786376953,24.18899917602539,24.18899917602539,102138000
2018-12-24,19.4074649810791,23.3799991607666,24.3700008392334,23.35099983215332,24.200000762939453,28494000
2018-12-26,20.597808837890625,24.81399917602539,24.850000381469727,23.350000381469727,23.777999877929688,36741000
2018-12-27,20.82276153564453,25.084999084472656,25.12299919128418,24.214000701904297,24.5,37507000
2018-12-28,21.050207138061523,25.358999252319336,25.805999755859375,25.115999221801758,25.299999237060547,28702000
2018-12-31,21.107481002807617,25.42799949645996,25.850000381469727,25.094999313354492,25.783000946044922,26590000
2019-01-02,21.043567657470703,25.35099983215332,25.469999313354492,24.64900016784668,24.885000228881836,30346000
2019-01-03,19.171716690063477,23.09600067138672,24.65399932861328,23.033000946044922,24.45599937438965,68580000
2019-01-04,19.360145568847656,23.322999954223633,23.645000457763672,23.16699981689453,23.429000854492188,54248000
2019-01-07,19.75444221496582,23.79800033569336,24.02400016784668,23.076000213623047,23.364999771118164,53433000
2019-01-08,19.59589385986328,23.60700035095215,24.190000534057617,23.336999893188477,24.01099967956543,36795000
2019-01-09,20.443410873413086,24.628000259399414,24.667999267578125,23.78499984741211,23.841999053955078,52971000
2019-01-10,20.71236801147461,24.95199966430664,25.05699920654297,24.43600082397461,24.55699920654297,29594000
2019-01-11,20.799524307250977,25.05699920654297,25.29199981689453,24.93199920654297,24.94300079345703,20158000
2019-01-14,20.82442855834961,25.086999893188477,25.158000946044922,24.59000015258789,24.81100082397461,25498000
2019-01-15,21.29093360900879,25.64900016784668,26.222000122070312,25.201000213623047,25.275999069213867,39247000
2019-01-16,20.893325805664062,25.170000076293945,25.735000610351562,25.13599967956543,25.719999313354492,24484000
2019-01-17,21.194644927978516,25.533000946044922,25.735000610351562,24.871999740600586,25.006000518798828,35154000
2019-01-18,21.650362014770508,26.082000732421875,26.194000244140625,25.700000762939453,25.913000106811523,34634000
2019-01-22,21.44034767150879,25.82900047302246,25.945999145507812,25.489999771118164,25.799999237060547,37156000
2019-01-23,21.376432418823242,25.75200080871582,26.090999603271484,25.364999771118164,25.95400047302246,31771000
2019-01-24,21.876976013183594,26.354999542236328,26.674999237060547,26.0,26.108999252319336,35999000
2019-01-25,22.241384506225586,26.79400062561035,26.83099937438965,26.090999603271484,26.517000198364258,30333000
2019-01-28,22.214824676513672,26.761999130249023,26.885000228881836,25.864999771118164,26.1560001373291,31320000
2019-01-29,22.106910705566406,26.631999969482422,26.760000228881836,26.382999420166016,26.735000610351562,27870000
2019-01-30,22.480453491210938,27.082000732421875,27.375,26.73699951171875,27.0,28727000
2019-01-31,22.267120361328125,26.825000762939453,27.100000381469727,26.635000228881836,27.055999755859375,21063000
2019-02-01,22.147584915161133,26.680999755859375,26.959999084472656,26.48900032043457,26.915000915527344,22878000
2019-02-04,22.588367462158203,27.211999893188477,27.214000701904297,26.4950008392334,26.75,20761000
2019-02-05,22.412384033203125,27.0,27.46299934387207,26.990999221801758,27.195999145507812,22619000
2019-02-06,22.927871704101562,27.621000289916992,28.0,27.274999618530273,27.32699966430664,27064000
2019-02-07,22.33684539794922,26.909000396728516,27.457000732421875,26.6299991607666,27.285999298095703,28646000
2019-02-08,22.74939727783203,27.4060001373291,27.429000854492188,26.70599937438965,26.732999801635742,23903000
2019-02-11,22.887195587158203,27.57200050354004,27.600000381469727,27.327999114990234,27.440000534057617,18012000
2019-02-12,23.191829681396484,27.93899917602539,28.038999557495117,27.70599937438965,27.864999771118164,19809000
2019-02-13,23.352041244506836,28.131999969482422,28.215999603271484,27.797000885009766,28.0,19190000
2019-02-14,23.366987228393555,28.149999618530273,28.284000396728516,27.895000457763672,28.059999465942383,16015000
2019-02-15,23.402677536010742,28.19300079345703,28.409000396728516,27.878999710083008,28.409000396728516,17352000
2019-02-19,23.380268096923828,28.166000366210938,28.283000946044922,28.014999389648438,28.114999771118164,15152000
2019-02-20,23.526365280151367,28.341999053955078,28.663000106811523,28.22800064086914,28.325000762939453,16150000
2019-02-21,23.32050132751465,28.0939998626709,28.334999084472656,27.89299964904785,28.323999404907227,13254000
2019-02-22,22.95193862915039,27.649999618530273,28.0,27.465999603271484,27.9950008392334,27225000
2019-02-25,23.12626075744629,27.860000610351562,28.08300018310547,27.847999572753906,28.077999114990234,19245000
2019-02-26,22.82742691040039,27.5,27.801000595092773,27.44499969482422,27.792999267578125,27211000
2019-02-27,22.53607177734375,27.14900016784668,27.510000228881836,26.95800018310547,27.32200050354004,29146000
2019-02-28,22.857315063476562,27.535999298095703,27.570999145507812,26.863000869750977,26.996999740600586,31460000
2019-03-01,22.640653610229492,27.274999618530273,27.81599998474121,27.113000869750977,27.773000717163086,19035000
2019-03-04,22.81829261779785,27.48900032043457,27.658000946044922,27.086000442504883,27.5,17382000
2019-03-05,22.994281768798828,27.701000213623047,28.04400062561035,27.452999114990234,27.549999237060547,21699000
2019-03-06,22.524442672729492,27.135000228881836,27.69300079345703,27.04800033569336,27.666000366210938,19973000
2019-03-07,22.039676666259766,26.551000595092773,27.033000946044922,26.408000946044922,27.01799964904785,25411000
2019-03-08,21.930103302001953,26.41900062561035,26.47599983215332,25.920000076293945,26.1560001373291,22167000
2019-03-11,22.3343563079834,26.9060001373291,27.05500030517578,26.405000686645508,26.48900032043457,27161000
2019-03-12,22.381668090820312,26.96299934387207,27.003000259399414,26.427000045776367,26.97599983215332,23324000
2019-03-13,22.51282501220703,27.121000289916992,27.308000564575195,26.902000427246094,27.051000595092773,32089000
2019-03-14,22.262968063354492,26.81999969482422,27.22599983215332,26.788999557495117,27.208999633789062,43094000
2019-03-15,24.096633911132812,29.02899932861328,29.954999923706055,28.350000381469727,28.645999908447266,144066000
2019-03-18,24.391313552856445,29.384000778198242,29.697999954223633,29.020999908447266,29.023000717163086,56746000
2019-03-19,24.84537124633789,29.930999755859375,30.097999572753906,29.410999298095703,29.416000366210938,51556000
2019-03-20,24.373857498168945,29.10300064086914,29.899999618530273,29.02899932861328,29.799999237060547,41263000
2019-03-21,24.85709571838379,29.68000030517578,29.937000274658203,29.100000381469727,29.187999725341797,27379000
2019-03-22,24.50953483581543,29.264999389648438,29.643999099731445,29.139999389648438,29.591999053955078,23307000
2019-03-25,24.46849250793457,29.215999603271484,29.417999267578125,28.899999618530273,29.219999313354492,23878000
2019-03-26,24.876358032226562,29.702999114990234,29.94700050354004,29.42300033569336,29.437000274658203,28009000
2019-03-27,24.78758430480957,29.597000122070312,29.868000030517578,29.246000289916992,29.756999969482422,21862000
2019-03-28,25.047210693359375,29.906999588012695,30.329999923706055,29.566999435424805,29.711000442504883,33030000
2019-03-29,25.184558868408203,30.070999145507812,30.267000198364258,29.827999114990234,30.121999740600586,24493000
2019-04-01,25.610015869140625,30.57900047302246,30.674999237060547,29.975000381469727,30.31100082397461,27040000
2019-04-02,25.380537033081055,30.30500030517578,30.735000610351562,30.26099967956543,30.615999221801758,22857000
2019-04-03,25.476850509643555,30.420000076293945,30.739999771118164,30.18199920654297,30.621999740600586,22266000
2019-04-04,25.292600631713867,30.200000762939453,30.600000381469727,30.16699981689453,30.475000381469727,15228000
2019-04-05,25.48355484008789,30.42799949645996,30.444000244140625,30.18000030517578,30.399999618530273,18875000
2019-04-08,25.500301361083984,30.447999954223633,30.530000686645508,30.200000762939453,30.413999557495117,13899000
2019-04-09,25.41403579711914,30.344999313354492,30.410999298095703,30.02899932861328,30.257999420166016,11621000
2019-04-10,25.75406265258789,30.750999450683594,30.777000427246094,30.299999237060547,30.360000610351562,14992000
2019-04-11,25.913188934326172,30.94099998474121,31.018999099731445,30.62299919128418,30.815000534057617,16669000
2019-04-12,26.551366806030273,31.702999114990234,31.743999481201172,31.05699920654297,31.135000228881836,30087000
2019-04-15,26.49860382080078,31.639999389648438,31.75200080871582,31.316999435424805,31.702999114990234,16216000
2019-04-16,26.674480438232422,31.850000381469727,32.000999450683594,31.610000610351562,32.0,21116000
2019-04-17,26.84449005126953,32.053001403808594,32.09400177001953,31.784000396728516,32.02399826049805,18138000
2019-04-18,26.684528350830078,31.86199951171875,32.244998931884766,31.81599998474121,32.104000091552734,26548000
2019-04-22,26.381351470947266,31.5,31.788999557495117,31.420000076293945,31.73200035095215,13504000
2019-04-23,26.43494987487793,31.56399917602539,31.80900001525879,31.41900062561035,31.676000595092773,19777000
2019-04-24,26.325244903564453,31.433000564575195,31.701000213623047,31.319000244140625,31.45800018310547,23335000
2019-04-25,26.115026473999023,31.18199920654297,31.295000076293945,30.656999588012695,31.295000076293945,26732000
2019-04-26,25.9969425201416,31.041000366210938,31.094999313354492,30.51099967956543,30.915000915527344,16404000
2019-04-29,26.190401077270508,31.27199935913086,31.466999053955078,31.04400062561035,31.124000549316406,13404000
2019-04-30,26.666105270385742,31.84000015258789,31.841999053955078,31.253000259399414,31.332000732421875,18953000
2019-05-01,26.707977294921875,31.889999389648438,32.31999969482422,31.868999481201172,32.04999923706055,18158000
2019-05-02,26.450031280517578,31.582000732421875,32.21900177001953,31.42300033569336,31.99799919128418,20428000
2019-05-03,26.440813064575195,31.570999145507812,31.665000915527344,31.069000244140625,31.4950008392334,19214000
2019-05-06,26.094085693359375,31.156999588012695,31.19300079345703,30.53499984741211,30.679000854492188,14371000
2019-05-07,25.735633850097656,30.729000091552734,30.961999893188477,30.37299919128418,30.864999771118164,21734000
2019-05-08,25.409011840820312,30.339000701904297,30.766000747680664,30.31100082397461,30.530000686645508,15099000
2019-05-09,25.46512794494629,30.4060001373291,30.584999084472656,29.684999465942383,30.0,22282000
2019-05-10,25.456748962402344,30.395999908447266,30.540000915527344,29.666000366210938,30.322999954223633,21025000
2019-05-13,24.570669174194336,29.33799934387207,29.56800079345703,28.81999969482422,29.381999969482422,37864000
2019-05-14,25.292600631713867,30.200000762939453,30.459999084472656,29.54800033569336,29.569000244140625,34277000
2019-05-15,25.491086959838867,30.437000274658203,30.777000427246094,29.861000061035156,30.027000427246094,18166000
2019-05-16,24.89813232421875,29.729000091552734,30.309999465942383,29.469999313354492,29.975000381469727,34233000
2019-05-17,24.27838134765625,28.98900032043457,29.35700035095215,28.840999603271484,29.277999877929688,39094000
2019-05-20,22.82950210571289,27.259000778198242,27.9950008392334,26.86400032043457,27.799999237060547,65162000
2019-05-21,23.05898094177246,27.533000946044922,27.97800064086914,27.46500015258789,27.708999633789062,25060000
2019-05-22,22.547264099121094,26.922000885009766,27.506000518798828,26.89699935913086,27.04800033569336,31809000
2019-05-23,21.782623291015625,26.009000778198242,26.548999786376953,25.816999435424805,26.45800018310547,46607000
2019-05-24,21.43505859375,25.5939998626709,26.573999404907227,25.573999404907227,26.270000457763672,27963000
2019-05-28,21.312780380249023,25.447999954223633,25.773000717163086,25.009000778198242,25.656999588012695,61965000
2019-05-29,21.28263282775879,25.41200065612793,25.636999130249023,25.158000946044922,25.27400016784668,28132000
2019-05-30,21.49201011657715,25.66200065612793,25.733999252319336,25.41200065612793,25.465999603271484,17310000
2019-05-31,21.074932098388672,25.163999557495117,25.573999404907227,25.100000381469727,25.304000854492188,22192000
2019-06-03,21.203908920288086,25.31800079345703,25.83300018310547,25.1200008392334,25.2549991607666,28911000
2019-06-04,22.252458572387695,26.56999969482422,26.600000381469727,25.576000213623047,25.695999145507812,36805000
2019-06-05,22.254135131835938,26.57200050354004,27.150999069213867,26.239999771118164,26.900999069213867,23651000
2019-06-06,22.846248626708984,27.27899932861328,27.5,26.527999877929688,26.70199966430664,32687000
2019-06-07,23.020458221435547,27.48699951171875,27.78700065612793,27.327999114990234,27.47800064086914,25963000
2019-06-10,23.46767807006836,28.020999908447266,28.476999282836914,27.672000885009766,27.67300033569336,23280000
2019-06-11,23.741540908813477,28.347999572753906,29.174999237060547,27.94099998474121,29.048999786376953,37105000
2019-06-12,23.42748260498047,27.972999572753906,28.31599998474121,27.740999221801758,28.16699981689453,27057000
2019-06-13,23.584928512573242,28.160999298095703,28.288999557495117,27.740999221801758,28.152000427246094,37735000
2019-06-14,22.271728515625,26.593000411987305,26.80900001525879,25.746999740600586,25.81100082397461,100797000
2019-06-17,22.27507781982422,26.597000122070312,26.8700008392334,26.134000778198242,26.483999252319336,35785000
2019-06-18,23.28678321838379,27.80500030517578,28.302000045776367,26.645999908447266,26.815000534057617,54920000
2019-06-19,23.2398738861084,27.749000549316406,27.906999588012695,27.371000289916992,27.878000259399414,28920000
2019-06-20,23.370529174804688,27.905000686645508,28.545000076293945,27.715999603271484,28.250999450683594,57291000
2019-06-21,23.1667537689209,27.39900016784668,28.100000381469727,27.395999908447266,27.660999298095703,45399000
2019-06-24,23.607276916503906,27.920000076293945,27.94499969482422,27.5,27.552000045776367,20506000
2019-06-25,23.37983512878418,27.650999069213867,28.288000106811523,27.601999282836914,27.916000366210938,24436000
2019-06-26,23.796674728393555,28.143999099731445,28.402999877929688,27.809999465942383,27.857999801635742,24774000
2019-06-27,24.157718658447266,28.570999145507812,28.844999313354492,28.222999572753906,28.292999267578125,21813000
2019-06-28,24.339506149291992,28.785999298095703,28.93000030517578,28.48200035095215,28.785999298095703,49265000
2019-07-01,25.395580291748047,30.03499984741211,30.575000762939453,29.632999420166016,30.167999267578125,44832000
2019-07-02,24.971126556396484,29.533000946044922,30.066999435424805,29.389999389648438,29.88800048828125,19011000
2019-07-03,24.0883846282959,28.48900032043457,28.878000259399414,28.302000045776367,28.3700008392334,49411000
2019-07-05,23.89983558654785,28.266000747680664,28.54400062561035,28.19700050354004,28.364999771118164,24565000
2019-07-08,23.248777389526367,27.496000289916992,28.118999481201172,27.43899917602539,28.0,34291000
2019-07-09,23.29696273803711,27.55299949645996,27.597999572753906,27.240999221801758,27.344999313354492,26131000
2019-07-10,23.209880828857422,27.450000762939453,27.8799991607666,27.399999618530273,27.785999298095703,30134000
2019-07-11,23.341777801513672,27.606000900268555,27.7450008392334,27.295000076293945,27.52400016784668,20712000
2019-07-12,24.13066291809082,28.538999557495117,28.593000411987305,27.63800048828125,27.63800048828125,21971000
2019-07-15,24.38009262084961,28.833999633789062,29.448999404907227,28.726999282836914,29.110000610351562,30334000
2019-07-16,24.024131774902344,28.413000106811523,28.77899932861328,28.23900032043457,28.698999404907227,14617000
2019-07-17,24.104450225830078,28.507999420166016,28.729000091552734,28.319000244140625,28.555999755859375,15453000
2019-07-18,24.50185203552246,28.97800064086914,29.030000686645508,28.3799991607666,28.618000030517578,19357000
2019-07-19,24.52045440673828,29.0,29.31599998474121,28.952999114990234,29.183000564575195,22047000
2019-07-22,25.040456771850586,29.614999771118164,29.999000549316406,29.224000930786133,29.299999237060547,33905000
2019-07-23,25.431941986083984,30.077999114990234,30.236000061035156,29.92099952697754,29.950000762939453,19692000
2019-07-24,25.684749603271484,30.37700080871582,30.488000869750977,30.049999237060547,30.1200008392334,19006000
2019-07-25,25.39896011352539,30.038999557495117,30.21299934387207,29.940000534057617,30.21299934387207,15741000
2019-07-26,25.443775177001953,30.091999053955078,30.302000045776367,30.05299949645996,30.159000396728516,14996000
2019-07-29,25.513105392456055,30.173999786376953,30.2549991607666,29.695999145507812,30.12299919128418,12068000
2019-07-30,25.328781127929688,29.95599937438965,30.093000411987305,29.709999084472656,29.909000396728516,11164000
2019-07-31,24.519609451293945,28.999000549316406,30.08300018310547,28.66699981689453,30.003000259399414,20819000
2019-08-01,24.126441955566406,28.534000396728516,29.781999588012695,28.23200035095215,28.913000106811523,21911000
2019-08-02,23.55062484741211,27.85300064086914,28.384000778198242,27.590999603271484,28.207000732421875,20080000
2019-08-05,22.63153076171875,26.766000747680664,27.224000930786133,26.408000946044922,27.19499969482422,27765000
2019-08-06,22.528377532958984,26.643999099731445,27.218000411987305,26.45599937438965,27.01300048828125,22199000
2019-08-07,22.8336124420166,27.0049991607666,27.27199935913086,26.299999237060547,26.402999877929688,22244000
2019-08-08,22.912250518798828,27.097999572753906,27.256000518798828,26.25,27.038000106811523,29163000
2019-08-09,23.31387710571289,27.572999954223633,28.05500030517578,26.95800018310547,26.95800018310547,30735000
2019-08-12,23.306270599365234,27.56399917602539,27.820999145507812,27.253999710083008,27.33799934387207,20040000
2019-08-13,23.987768173217773,28.3700008392334,28.549999237060547,27.202999114990234,27.530000686645508,22340000
2019-08-14,22.96129035949707,27.1560001373291,28.014999389648438,27.038000106811523,27.878999710083008,27108000
2019-08-15,22.714393615722656,26.86400032043457,27.277999877929688,26.485000610351562,27.200000762939453,20010000
2019-08-16,23.14899444580078,27.378000259399414,27.575000762939453,27.197999954223633,27.21500015258789,17458000
2019-08-19,23.571767807006836,27.878000259399414,28.006999969482422,27.56100082397461,27.950000762939453,17489000
2019-08-20,23.706207275390625,28.03700065612793,28.496000289916992,27.701000213623047,27.81599998474121,17920000
2019-08-21,24.309070587158203,28.75,28.826000213623047,28.405000686645508,28.464000701904297,19381000
2019-08-22,24.3192138671875,28.761999130249023,28.94099998474121,28.454999923706055,28.839000701904297,12294000
2019-08-23,23.009489059448242,27.21299934387207,28.54800033569336,27.104999542236328,28.39900016784668,25742000
2019-08-26,23.439861297607422,27.722000122070312,27.795000076293945,27.5,27.69499969482422,14249000
2019-08-27,23.300352096557617,27.55699920654297,28.02199935913086,27.490999221801758,27.915000915527344,14298000
2019-08-28,23.341777801513672,27.606000900268555,27.641000747680664,27.047000885009766,27.433000564575195,17202000
2019-08-29,23.959861755371094,28.336999893188477,28.548999786376953,28.104999542236328,28.14900016784668,16429000
2019-08-30,23.898143768310547,28.263999938964844,28.59000015258789,27.989999771118164,28.535999298095703,16720000
2019-09-03,23.17183494567871,27.405000686645508,28.084999084472656,27.093000411987305,28.0,22210000
2019-09-04,23.930265426635742,28.302000045776367,28.434999465942383,27.81999969482422,27.878999710083008,19865000
2019-09-05,24.60669708251953,29.101999282836914,29.368000030517578,28.836000442504883,28.836000442504883,20938000
2019-09-06,24.681949615478516,29.19099998474121,29.329999923706055,28.93000030517578,29.184999465942383,13748000
2019-09-09,24.741134643554688,29.26099967956543,29.719999313354492,29.040000915527344,29.5,21686000
2019-09-10,24.8958740234375,29.444000244140625,29.44499969482422,28.881999969482422,29.135000228881836,20850000
2019-09-11,25.197729110717773,29.801000595092773,29.878000259399414,29.454999923706055,29.631999969482422,19260000
2019-09-12,25.415029525756836,30.058000564575195,30.232999801635742,29.64699935913086,30.14299964904785,33109000
2019-09-13,24.54751205444336,29.031999588012695,29.798999786376953,28.388999938964844,29.764999389648438,62557000
2019-09-16,24.40715217590332,28.865999221801758,29.027000427246094,28.56999969482422,28.68000030517578,22176000
2019-09-17,24.421527862548828,28.882999420166016,28.93000030517578,28.375,28.802000045776367,21912000
2019-09-18,24.329364776611328,28.77400016784668,29.076000213623047,28.38800048828125,28.849000930786133,16510000
2019-09-19,24.57456398010254,29.06399917602539,29.19499969482422,28.722999572753906,28.850000381469727,19421000
2019-09-20,24.256282806396484,28.426000595092773,28.84000015258789,28.18199920654297,28.767000198364258,35524000
2019-09-23,24.358678817749023,28.54599952697754,28.715999603271484,28.20800018310547,28.36199951171875,14850000
2019-09-24,24.089881896972656,28.231000900268555,28.889999389648438,27.975000381469727,28.73200035095215,20292000
2019-09-25,23.53182029724121,27.57699966430664,27.72100067138672,27.0,27.174999237060547,55588000
2019-09-26,23.629093170166016,27.69099998474121,27.865999221801758,27.26799964904785,27.525999069213867,27477000
2019-09-27,23.392730712890625,27.413999557495117,28.128000259399414,27.29599952697754,27.663000106811523,28660000
2019-09-30,23.557418823242188,27.60700035095215,27.672000885009766,27.25,27.57900047302246,19826000
2019-10-01,23.45331382751465,27.485000610351562,27.96500015258789,27.33799934387207,27.82699966430664,19429000
2019-10-02,23.045434951782227,27.006999969482422,27.3799991607666,26.832000732421875,27.34600067138672,19543000
2019-10-03,23.4174747467041,27.44300079345703,27.450000762939453,26.722000122070312,27.0,17096000
2019-10-04,24.01479721069336,28.14299964904785,28.170000076293945,27.520000457763672,27.849000930786133,25884000
2019-10-07,23.558271408081055,27.607999801635742,28.101999282836914,27.56999969482422,28.000999450683594,18658000
2019-10-08,23.067615509033203,27.033000946044922,27.489999771118164,26.891000747680664,27.4060001373291,22757000
2019-10-09,23.308246612548828,27.315000534057617,27.490999221801758,27.20199966430664,27.368000030517578,16329000
2019-10-10,23.419179916381836,27.44499969482422,27.878000259399414,27.364999771118164,27.45599937438965,17340000
2019-10-11,23.970420837402344,28.090999603271484,28.408000946044922,27.909000396728516,27.948999404907227,23697000
2019-10-14,24.0344181060791,28.166000366210938,28.264999389648438,27.988000869750977,28.04199981689453,13312000
2019-10-15,24.77338981628418,29.031999588012695,29.062000274658203,28.219999313354492,28.263999938964844,21230000
2019-10-16,24.61638069152832,28.847999572753906,29.010000228881836,28.65399932861328,28.899999618530273,20046000
2019-10-17,24.69744110107422,28.94300079345703,29.17099952697754,28.832000732421875,29.013999938964844,13125000
2019-10-18,24.46704864501953,28.67300033569336,28.993999481201172,28.399999618530273,28.950000762939453,16981000
2019-10-21,24.709388732910156,28.957000732421875,29.190000534057617,28.70599937438965,28.8439998626709,13031000
2019-10-22,24.529338836669922,28.746000289916992,29.086000442504883,28.724000930786133,28.958999633789062,13046000
2019-10-23,23.920076370239258,28.031999588012695,28.354000091552734,27.875999450683594,28.29599952697754,20957000
2019-10-24,24.089881896972656,28.231000900268555,28.350000381469727,27.8700008392334,28.288999557495117,16896000
2019-10-25,24.730724334716797,28.98200035095215,29.136999130249023,28.32200050354004,28.326000213623047,20869000
2019-10-28,24.87834358215332,29.155000686645508,29.24799919128418,28.832000732421875,29.115999221801758,12999000
2019-10-29,24.58907127380371,28.81599998474121,29.3700008392334,28.80699920654297,29.22800064086914,13272000
2019-10-30,24.766559600830078,29.02400016784668,29.097000122070312,28.652000427246094,29.000999450683594,17281000
2019-10-31,24.989276885986328,29.28499984741211,29.408000946044922,28.780000686645508,28.979999542236328,27881000
2019-11-01,25.308412551879883,29.659000396728516,29.659000396728516,29.208999633789062,29.298999786376953,21234000
2019-11-04,26.026052474975586,30.5,30.54599952697754,29.90999984741211,29.95199966430664,34075000
2019-11-05,26.797447204589844,31.40399932861328,31.67799949645996,30.44700050354004,30.5,38711000
2019-11-06,26.72235679626465,31.31599998474121,31.42799949645996,30.871000289916992,31.20599937438965,18076000
2019-11-07,26.60118293762207,31.173999786376953,31.950000762939453,31.065000534057617,31.558000564575195,23981000
2019-11-08,26.743694305419922,31.340999603271484,31.360000610351562,30.51300048828125,30.98699951171875,17830000
2019-11-11,26.6873722076416,31.274999618530273,31.323999404907227,31.083999633789062,31.1200008392334,9154000
2019-11-12,26.924592971801758,31.55299949645996,31.639999389648438,31.326000213623047,31.399999618530273,16875000
2019-11-13,26.76587677001953,31.367000579833984,31.570999145507812,31.200000762939453,31.24799919128418,12625000
2019-11-14,26.364818572998047,30.89699935913086,31.18400001525879,30.611000061035156,31.075000762939453,17268000
2019-11-15,26.70102310180664,31.291000366210938,31.305999755859375,31.007999420166016,31.226999282836914,18120000
2019-11-18,26.54401206970215,31.10700035095215,31.340999603271484,30.80299949645996,31.18199920654297,15850000
2019-11-19,27.109760284423828,31.770000457763672,32.56700134277344,31.665000915527344,31.665000915527344,31743000
2019-11-20,26.595212936401367,31.16699981689453,31.683000564575195,30.899999618530273,31.59000015258789,19927000
2019-11-21,26.900699615478516,31.524999618530273,31.56999969482422,30.979999542236328,31.11400032043457,19317000
2019-11-22,26.872535705566406,31.492000579833984,31.947999954223633,31.371000289916992,31.663999557495117,13216000
2019-11-25,27.273597717285156,31.961999893188477,32.018001556396484,31.62700080871582,31.660999298095703,19636000
2019-11-26,26.987733840942383,31.62700080871582,32.018001556396484,31.604999542236328,31.899999618530273,30793000
2019-11-27,27.17290496826172,31.8439998626709,31.993999481201172,31.64699935913086,31.79400062561035,20182000
2019-11-29,26.982616424560547,31.621000289916992,31.77899932861328,31.5,31.684999465942383,9229000
2019-12-02,26.514148712158203,31.07200050354004,31.792999267578125,31.055999755859375,31.77199935913086,23158000
2019-12-03,26.155757904052734,30.652000427246094,30.899999618530273,30.312999725341797,30.582000732421875,18736000
2019-12-04,26.428817749023438,30.972000122070312,31.136999130249023,30.71299934387207,30.975000381469727,14439000
2019-12-05,26.55425262451172,31.118999481201172,31.246000289916992,30.9060001373291,31.05900001525879,15494000
2019-12-06,26.968961715698242,31.604999542236328,31.634000778198242,31.20599937438965,31.464000701904297,16937000
2019-12-09,26.826459884643555,31.437999725341797,31.71500015258789,31.393999099731445,31.600000381469727,24694000
2019-12-10,26.884485244750977,31.506000518798828,31.590999603271484,31.325000762939453,31.510000228881836,14563000
2019-12-11,27.28213119506836,31.972000122070312,32.1349983215332,31.51799964904785,31.51799964904785,20829000
2019-12-12,27.971603393554688,32.779998779296875,33.01599884033203,31.94300079345703,31.972999572753906,38935000
2019-12-13,26.91520881652832,31.54199981689453,31.976999282836914,31.062000274658203,31.805999755859375,70952000
2019-12-16,27.573108673095703,32.3129997253418,32.7599983215332,31.753000259399414,31.797000885009766,37921000
2019-12-17,27.630285263061523,32.380001068115234,32.494998931884766,32.17499923706055,32.374000549316406,20248000
2019-12-18,27.940889358520508,32.74399948120117,33.119998931884766,32.35499954223633,32.439998626708984,35155000
2019-12-19,27.655885696411133,32.40999984741211,32.92599868774414,32.37099838256836,32.92100143432617,31787000
2019-12-20,27.496417999267578,31.899999618530273,32.24700164794922,31.69099998474121,32.24700164794922,50540000
2019-12-23,27.542102813720703,31.952999114990234,32.233001708984375,31.76099967956543,32.05400085449219,20254000
2019-12-24,27.62571144104004,32.04999923706055,32.06800079345703,31.900999069213867,32.0,7024000
2019-12-26,27.408498764038086,31.79800033569336,32.17399978637695,31.68199920654297,32.12699890136719,15848000
2019-12-27,27.28351593017578,31.652999877929688,31.934999465942383,31.52199935913086,31.93000030517578,14487000
2019-12-30,27.01889419555664,31.34600067138672,31.732999801635742,31.274999618530273,31.652000427246094,13104000
2019-12-31,27.23955535888672,31.601999282836914,31.63599967956543,31.280000686645508,31.312000274658203,12487000
2020-01-02,27.788616180419922,32.23899841308594,32.25,31.73200035095215,31.93199920654297,20329000
2020-01-03,27.081823348999023,31.41900062561035,32.0,31.408000946044922,31.750999450683594,22870000
2020-01-06,27.04130744934082,31.371999740600586,31.392000198364258,30.96299934387207,31.084999084472656,20789000
2020-01-07,26.948213577270508,31.263999938964844,31.658000946044922,31.225000381469727,31.524999618530273,18565000
2020-01-08,26.612056732177734,30.874000549316406,31.349000930786133,30.840999603271484,31.29800033569336,31979000
2020-01-09,26.398286819458008,30.625999450683594,31.298999786376953,30.30500030517578,31.23200035095215,42397000
2020-01-10,25.791473388671875,29.922000885009766,30.55500030517578,29.8799991607666,30.545000076293945,40705000
2020-01-13,25.960411071777344,30.118000030517578,30.3799991607666,29.966999053955078,30.00200080871582,22054000
2020-01-14,26.563783645629883,30.81800079345703,30.915000915527344,30.159000396728516,30.200000762939453,28911000
2020-01-15,26.129352569580078,30.31399917602539,30.788000106811523,30.06999969482422,30.731000900268555,22733000
2020-01-16,26.46638298034668,30.704999923706055,30.785999298095703,30.42099952697754,30.5,21508000
2020-01-17,26.616363525390625,30.878999710083008,30.893999099731445,30.406999588012695,30.865999221801758,26896000
2020-01-21,26.55429458618164,30.80699920654297,30.951000213623047,30.632999420166016,30.780000686645508,21967000
2020-01-22,26.976659774780273,31.297000885009766,31.79199981689453,31.049999237060547,31.079999923706055,29264000
2020-01-23,27.552446365356445,31.96500015258789,31.979999542236328,31.082000732421875,31.51799964904785,30266000
2020-01-24,27.927398681640625,32.400001525878906,33.15800094604492,32.07699966430664,33.04999923706055,55782000
2020-01-27,26.637048721313477,30.902999877929688,31.988000869750977,30.86400032043457,31.641000747680664,38843000
2020-01-28,27.436946868896484,31.83099937438965,31.92300033569336,31.277000427246094,31.35300064086914,23166000
2020-01-29,27.367990493774414,31.750999450683594,32.542999267578125,31.714000701904297,32.082000732421875,23668000
2020-01-30,27.16887664794922,31.520000457763672,31.552000045776367,30.858999252319336,31.43199920654297,21128000
2020-01-31,26.303470611572266,30.516000747680664,31.45800018310547,30.36199951171875,31.416000366210938,22123000
2020-02-03,26.30950355529785,30.523000717163086,30.65999984741211,30.36400032043457,30.562999725341797,21288000
2020-02-04,26.858566284179688,31.15999984741211,31.457000732421875,30.96500015258789,31.179000854492188,22559000
2020-02-05,27.356781005859375,31.738000869750977,31.981000900268555,31.586000442504883,31.75,24825000
2020-02-06,27.555891036987305,31.9689998626709,31.988000869750977,31.42300033569336,31.884000778198242,22683000
2020-02-07,27.171463012695312,31.523000717163086,31.851999282836914,31.48699951171875,31.832000732421875,15883000
2020-02-10,27.082679748535156,31.420000076293945,31.459999084472656,31.030000686645508,31.23699951171875,19218000
2020-02-11,27.59640121459961,32.01599884033203,32.07899856567383,31.60099983215332,31.665000915527344,15527000
2020-02-12,27.98773193359375,32.470001220703125,32.50899887084961,32.16299819946289,32.20399856567383,15310000
2020-02-13,27.92481803894043,32.39699935913086,32.54600143432617,32.095001220703125,32.14799880981445,13857000
2020-02-14,27.390398025512695,31.777000427246094,32.56999969482422,31.709999084472656,32.48400115966797,19137000
2020-02-18,26.78530502319336,31.075000762939453,31.500999450683594,30.80500030517578,31.5,26693000
2020-02-19,27.21111297607422,31.569000244140625,31.683000564575195,31.170000076293945,31.299999237060547,20525000
2020-02-20,26.655149459838867,30.923999786376953,31.569000244140625,30.61199951171875,31.395999908447266,25521000
2020-02-21,26.246583938598633,30.450000762939453,30.94499969482422,30.229000091552734,30.850000381469727,24522000
2020-02-24,25.134658813476562,29.15999984741211,29.8799991607666,29.006000518798828,29.420000076293945,36849000
2020-02-25,24.365785598754883,28.26799964904785,29.572999954223633,28.10700035095215,29.410999298095703,31892000
2020-02-26,24.641624450683594,28.58799934387207,28.81999969482422,28.399999618530273,28.434999465942383,23074000
2020-02-27,23.613306045532227,27.395000457763672,28.5310001373291,27.354000091552734,28.030000686645508,34837000
2020-02-28,23.4986629486084,27.261999130249023,27.413000106811523,26.27400016784668,26.33300018310547,44586000
2020-03-02,24.563175201416016,28.496999740600586,28.540000915527344,27.114999771118164,27.676000595092773,31976000
2020-03-03,23.639163970947266,27.424999237060547,28.847999572753906,27.156999588012695,28.46500015258789,29930000
2020-03-04,24.60455322265625,28.545000076293945,28.57200050354004,27.476999282836914,27.753999710083008,23477000
2020-03-05,23.62105941772461,27.40399932861328,28.30900001525879,27.2450008392334,27.72599983215332,24374000
2020-03-06,23.225421905517578,26.94499969482422,27.093000411987305,26.25,26.697999954223633,30169000
2020-03-09,21.35239028930664,24.77199935913086,26.027000427246094,24.424999237060547,25.107999801635742,43934000
2020-03-10,22.66084098815918,26.290000915527344,26.368000030517578,24.34000015258789,25.659000396728516,55071000
2020-03-11,21.201553344726562,24.597000122070312,25.64900016784668,24.249000549316406,25.38800048828125,36030000
2020-03-12,18.857891082763672,21.878000259399414,24.275999069213867,21.631999969482422,22.698999404907227,64281000
2020-03-13,20.188753128051758,23.422000885009766,23.44700050354004,20.115999221801758,22.551000595092773,84714000
2020-03-16,16.168581008911133,18.757999420166016,21.8799991607666,18.023000717163086,20.81800079345703,76935000
2020-03-17,17.1968936920166,19.951000213623047,20.000999450683594,18.148000717163086,19.18199920654297,70662000
2020-03-18,14.469671249389648,16.78700065612793,18.74799919128418,15.567000389099121,18.56599998474121,98993000
2020-03-19,16.7607479095459,19.44499969482422,20.746999740600586,16.5,16.763999938964844,74438000
2020-03-20,16.850160598754883,19.222000122070312,20.868000030517578,18.791000366210938,20.200000762939453,74044000
2020-03-23,16.959741592407227,19.347000122070312,19.597000122070312,17.774999618530273,19.288000106811523,46921000
2020-03-24,18.65071678161621,21.275999069213867,21.871000289916992,20.128999710083008,20.56399917602539,62970000
2020-03-25,19.07061004638672,21.7549991607666,24.399999618530273,20.922000885009766,21.2189998626709,64442000
2020-03-26,21.316476821899414,24.316999435424805,24.479999542236328,22.60300064086914,22.60300064086914,60213000
2020-03-27,20.222469329833984,23.069000244140625,24.208999633789062,23.0,23.299999237060547,39448000
2020-03-30,21.048236846923828,24.01099967956543,24.13599967956543,22.8439998626709,23.219999313354492,52343000
2020-03-31,20.78437614440918,23.709999084472656,25.270999908447266,23.606000900268555,23.799999237060547,50191000
2020-04-01,19.60359001159668,22.363000869750977,23.44099998474121,21.968000411987305,22.798999786376953,41858000
2020-04-02,20.780872344970703,23.70599937438965,23.795000076293945,22.145000457763672,22.239999771118164,45049000
2020-04-03,20.53542137145996,23.426000595092773,24.2549991607666,23.05500030517578,23.663999557495117,28960000
2020-04-06,22.129093170166016,25.243999481201172,25.340999603271484,24.356000900268555,24.45800018310547,38868000
2020-04-07,22.201854705810547,25.32699966430664,26.549999237060547,25.253000259399414,26.18400001525879,45892000
2020-04-08,22.88823699951172,26.110000610351562,26.219999313354492,25.36400032043457,25.677000045776367,27565000
2020-04-09,22.292144775390625,25.43000030517578,26.75,25.131000518798828,26.57900047302246,34828000
2020-04-13,22.78479766845703,25.992000579833984,26.152000427246094,25.280000686645508,25.350000381469727,25729000
2020-04-14,23.460664749145508,26.76300048828125,26.83799934387207,26.23200035095215,26.61199951171875,23094000
2020-04-15,22.567399978637695,25.743999481201172,26.23200035095215,25.615999221801758,26.100000381469727,25926000
2020-04-16,22.641916275024414,25.82900047302246,26.176000595092773,25.410999298095703,26.176000595092773,26896000
2020-04-17,23.3072566986084,26.58799934387207,26.743000030517578,25.893999099731445,26.32200050354004,34089000
2020-04-20,22.641035079956055,25.827999114990234,26.525999069213867,25.791000366210938,26.0,23801000
2020-04-21,21.709205627441406,24.764999389648438,25.479000091552734,24.68000030517578,25.45599937438965,29138000
2020-04-22,22.789180755615234,25.996999740600586,26.222000122070312,25.073999404907227,25.476999282836914,35438000
2020-04-23,22.698015213012695,25.89299964904785,26.520000457763672,25.851999282836914,26.024999618530273,21659000
2020-04-24,23.21346092224121,26.481000900268555,26.506999969482422,25.88800048828125,25.981000900268555,23373000
2020-04-27,23.532543182373047,26.844999313354492,27.121999740600586,26.434999465942383,26.434999465942383,16588000
2020-04-28,23.206445693969727,26.472999572753906,27.641000747680664,26.41200065612793,27.423999786376953,18988000
2020-04-29,24.19614028930664,27.601999282836914,27.698999404907227,26.92300033569336,27.107999801635742,28871000
2020-04-30,23.810428619384766,27.16200065612793,27.405000686645508,26.8799991607666,27.35300064086914,23379000
2020-05-01,22.765518188476562,25.969999313354492,26.78499984741211,25.81999969482422,26.600000381469727,26836000
2020-05-04,22.98992347717285,26.22599983215332,26.243000030517578,25.531999588012695,25.92099952697754,17046000
2020-05-05,23.218719482421875,26.48699951171875,26.893999099731445,26.371000289916992,26.655000686645508,26462000
2020-05-06,23.15822982788086,26.417999267578125,27.04800033569336,26.36199951171875,26.83300018310547,22727000
2020-05-07,23.471181869506836,26.774999618530273,27.047000885009766,26.600000381469727,27.0,18238000
2020-05-08,24.109352111816406,27.503000259399414,27.55500030517578,27.003000259399414,27.219999313354492,16757000
2020-05-11,24.141786575317383,27.540000915527344,27.673999786376953,27.174999237060547,27.336999893188477,20851000
2020-05-12,23.532543182373047,26.844999313354492,27.77199935913086,26.82200050354004,27.658000946044922,18764000
2020-05-13,23.067943572998047,26.315000534057617,27.033000946044922,25.93600082397461,27.006999969482422,21927000
2020-05-14,23.370378494262695,26.65999984741211,26.69499969482422,25.475000381469727,26.09600067138672,19912000
2020-05-15,22.827749252319336,26.041000366210938,26.4060001373291,25.677000045776367,25.941999435424805,21650000
2020-05-18,23.977863311767578,27.35300064086914,27.67300033569336,26.799999237060547,26.86199951171875,26531000
2020-05-19,23.8393611907959,27.19499969482422,27.60300064086914,27.160999298095703,27.35300064086914,18702000
2020-05-20,24.429317474365234,27.868000030517578,28.131000518798828,27.607999801635742,27.69700050354004,18605000
2020-05-21,24.089195251464844,27.479999542236328,27.950000762939453,27.46500015258789,27.892000198364258,14847000
2020-05-22,24.251365661621094,27.665000915527344,27.725000381469727,27.051000595092773,27.374000549316406,17452000
2020-05-26,24.722105026245117,28.20199966430664,28.708999633789062,28.138999938964844,28.5,23573000
2020-05-27,25.21037483215332,28.759000778198242,28.780000686645508,28.0,28.302000045776367,22812000
2020-05-28,24.820280075073242,28.31399917602539,28.93000030517578,28.243000030517578,28.5,18543000
2020-05-29,25.5329647064209,29.12700080871582,29.200000762939453,28.19099998474121,28.290000915527344,27300000
2020-06-01,25.420761108398438,28.999000549316406,29.110000610351562,28.73699951171875,29.04199981689453,18444000
2020-06-02,26.128185272216797,29.805999755859375,29.832000732421875,29.009000778198242,29.10300064086914,31847000
2020-06-03,27.133657455444336,30.952999114990234,31.084999084472656,30.051000595092773,30.104999542236328,31926000
2020-06-04,27.077552795410156,30.888999938964844,31.299999237060547,30.209999084472656,30.575000762939453,34997000
2020-06-05,27.79549217224121,31.70800018310547,32.81100082397461,31.509000778198242,31.969999313354492,50958000
2020-06-08,27.83406639099121,31.75200080871582,31.884000778198242,31.336000442504883,31.75,23916000
2020-06-09,27.64120864868164,31.531999588012695,31.88800048828125,31.156999588012695,31.200000762939453,22335000
2020-06-10,27.616662979125977,31.503999710083008,31.92099952697754,31.469999313354492,31.665000915527344,25914000
2020-06-11,25.750364303588867,29.375,30.854999542236328,29.34000015258789,30.761999130249023,45115000
2020-06-12,26.320159912109375,30.024999618530273,30.395000457763672,29.273000717163086,30.281999588012695,39439000
2020-06-15,26.656774520874023,30.409000396728516,30.674999237060547,29.240999221801758,29.5,29824000
2020-06-16,27.23796844482422,31.07200050354004,31.454999923706055,30.399999618530273,31.0,30387000
2020-06-17,27.47640609741211,31.3439998626709,31.67099952697754,31.179000854492188,31.341999053955078,20279000
2020-06-18,27.938379287719727,31.871000289916992,31.91200065612793,31.152000427246094,31.211999893188477,33625000
2020-06-19,26.814498901367188,30.277000427246094,31.809999465942383,30.277000427246094,31.76799964904785,58465000
2020-06-22,27.76833152770996,31.354000091552734,31.417999267578125,30.35300064086914,30.549999237060547,27195000
2020-06-23,27.5699520111084,31.1299991607666,31.743999481201172,31.128999710083008,31.506000518798828,22419000
2020-06-24,27.186471939086914,30.69700050354004,31.097000122070312,30.451000213623047,30.920000076293945,19096000
2020-06-25,27.352970123291016,30.885000228881836,30.947999954223633,30.299999237060547,30.606000900268555,15029000
2020-06-26,27.22544288635254,30.740999221801758,31.577999114990234,30.315000534057617,31.35700035095215,31425000
2020-06-29,27.43533706665039,30.97800064086914,31.041000366210938,30.44499969482422,30.80699920654297,14516000
2020-06-30,27.951662063598633,31.56100082397461,31.707000732421875,30.674999237060547,30.9950008392334,25125000
2020-07-01,27.69660186767578,31.273000717163086,31.684999465942383,31.194000244140625,31.51099967956543,15661000
2020-07-02,27.93926429748535,31.547000885009766,31.937999725341797,31.465999603271484,31.774999618530273,16638000
2020-07-06,28.233299255371094,31.878999710083008,32.0989990234375,31.733999252319336,32.0,17561000
2020-07-07,27.731136322021484,31.312000274658203,31.81599998474121,31.2549991607666,31.733999252319336,16150000
2020-07-08,28.302377700805664,31.957000732421875,31.983999252319336,31.41200065612793,31.61400032043457,18023000
2020-07-09,28.473308563232422,32.150001525878906,32.43299865722656,31.524999618530273,32.000999450683594,25225000
2020-07-10,28.290863037109375,31.944000244140625,32.29899978637695,31.54400062561035,32.191001892089844,13280000
2020-07-13,27.570833206176758,31.131000518798828,32.35300064086914,31.058000564575195,32.167999267578125,21549000
2020-07-14,27.90472412109375,31.507999420166016,31.621999740600586,30.518999099731445,30.89900016784668,18363000
2020-07-15,27.789588928222656,31.378000259399414,31.777000427246094,31.017000198364258,31.594999313354492,15253000
2020-07-16,27.5734920501709,31.134000778198242,31.38800048828125,30.93000030517578,31.06100082397461,12929000
2020-07-17,27.6948299407959,31.270999908447266,31.520999908447266,31.0,31.415000915527344,13354000
2020-07-20,28.086278915405273,31.71299934387207,31.764999389648438,31.025999069213867,31.184999465942383,14323000
2020-07-21,27.839187622070312,31.43400001525879,31.92300033569336,31.267000198364258,31.92300033569336,14312000
2020-07-22,27.791362762451172,31.3799991607666,31.56800079345703,31.03700065612793,31.500999450683594,14404000
2020-07-23,27.425596237182617,30.966999053955078,31.608999252319336,30.83799934387207,31.336999893188477,19417000
2020-07-24,27.08196258544922,30.57900047302246,31.090999603271484,30.417999267578125,30.659000396728516,15631000
2020-07-27,27.692167282104492,31.26799964904785,31.29599952697754,30.749000549316406,30.829999923706055,20646000
2020-07-28,27.22012710571289,30.735000610351562,31.211000442504883,30.615999221801758,31.118000030517578,13974000
2020-07-29,27.352970123291016,30.885000228881836,31.12299919128418,30.743999481201172,30.85300064086914,16562000
2020-07-30,27.640804290771484,31.209999084472656,31.292999267578125,30.600000381469727,30.600000381469727,21259000
2020-07-31,28.05262565612793,31.674999237060547,31.84000015258789,31.139999389648438,31.469999313354492,24719000
2020-08-03,28.44939422607422,32.12300109863281,32.3489990234375,31.72800064086914,31.799999237060547,20796000
2020-08-04,29.083507537841797,32.8390007019043,32.85900115966797,32.03900146484375,32.04999923706055,25258000
2020-08-05,29.18535804748535,32.95399856567383,33.15800094604492,32.58000183105469,32.82500076293945,22299000
2020-08-06,29.151700973510742,32.91600036621094,33.0880012512207,32.54100036621094,32.777000427246094,14193000
2020-08-07,28.865638732910156,32.59299850463867,32.972999572753906,32.14799880981445,32.8390007019043,14192000
2020-08-10,28.992290496826172,32.736000061035156,32.926998138427734,32.40599822998047,32.422000885009766,11989000
2020-08-11,28.697372436523438,32.40299987792969,33.332000732421875,32.2760009765625,32.75699996948242,19316000
2020-08-12,29.548471450805664,33.36399841308594,33.5880012512207,32.5359992980957,32.584999084472656,18471000
2020-08-13,29.17473030090332,32.94200134277344,33.340999603271484,32.78499984741211,33.22100067138672,15095000
2020-08-14,29.03302764892578,32.78200149536133,32.98500061035156,32.599998474121094,32.801998138427734,10140000
2020-08-17,29.254440307617188,33.03200149536133,33.17900085449219,32.900001525878906,32.95100021362305,10594000
2020-08-18,29.10564422607422,32.86399841308594,33.31800079345703,32.81399917602539,33.18600082397461,8857000
2020-08-19,29.156129837036133,32.92100143432617,33.308998107910156,32.82400131225586,32.946998596191406,11273000
2020-08-20,29.122480392456055,32.882999420166016,32.999000549316406,32.60599899291992,32.76900100708008,8910000
2020-08-21,29.22787094116211,33.00199890136719,33.04600143432617,32.5,32.83000183105469,11508000
2020-08-24,29.580354690551758,33.400001525878906,33.61899948120117,33.11399841308594,33.20100021362305,11996000
2020-08-25,29.769874572753906,33.61399841308594,33.70899963378906,33.29999923706055,33.5,11140000
2020-08-26,30.082509994506836,33.96699905395508,34.1510009765625,33.35100173950195,33.4739990234375,14844000
2020-08-27,30.035572052001953,33.91400146484375,34.130001068115234,33.61399841308594,34.04899978637695,12552000
2020-08-28,30.538618087768555,34.481998443603516,34.481998443603516,33.77000045776367,33.900001525878906,14589000
2020-08-31,30.74497413635254,34.71500015258789,35.05799865722656,34.35200119018555,34.35200119018555,22229000
2020-09-01,31.842275619506836,35.95399856567383,36.207000732421875,34.742000579833984,35.0,29205000
2020-09-02,33.212364196777344,37.500999450683594,37.895999908447266,36.356998443603516,36.58599853515625,37053000
2020-09-03,31.182458877563477,35.20899963378906,36.88999938964844,35.01599884033203,36.60100173950195,41795000
2020-09-04,32.14427947998047,36.29499816894531,37.25299835205078,35.349998474121094,36.09700012207031,58514000
2020-09-08,31.045204162597656,35.05400085449219,36.275001525878906,35.0,35.26599884033203,26685000
2020-09-09,31.885669708251953,36.00299835205078,36.185001373291016,35.11000061035156,35.61600112915039,26273000
2020-09-10,31.62441062927246,35.70800018310547,36.78300094604492,35.43899917602539,36.2130012512207,22851000
2020-09-11,31.856447219848633,35.970001220703125,36.426998138427734,35.46799850463867,36.04999923706055,17362000
2020-09-14,32.07786178588867,36.220001220703125,36.5890007019043,35.935001373291016,36.441001892089844,16447000
2020-09-15,32.4949951171875,36.691001892089844,37.11199951171875,36.53499984741211,36.630001068115234,16618000
2020-09-16,32.506500244140625,36.70399856567383,37.20000076293945,36.6349983215332,36.81800079345703,18498000
2020-09-17,32.407310485839844,36.59199905395508,37.012001037597656,35.5,35.5,22862000
2020-09-18,31.859106063842773,35.972999572753906,36.784000396728516,35.505001068115234,36.71200180053711,35295000
2020-09-21,31.43995475769043,35.17900085449219,35.19599914550781,34.347999572753906,35.000999450683594,24198000
2020-09-22,32.31578826904297,36.159000396728516,36.18000030517578,35.29499816894531,35.637001037597656,19500000
2020-09-23,31.422080993652344,35.159000396728516,36.12099838256836,35.005001068115234,36.018001556396484,15542000
2020-09-24,31.505199432373047,35.25199890136719,35.75699996948242,34.909000396728516,35.02000045776367,13611000
2020-09-25,31.887706756591797,35.68000030517578,35.77199935913086,34.827999114990234,35.20500183105469,18183000
2020-09-28,32.82609939575195,36.72999954223633,36.84299850463867,35.90299987792969,36.167999267578125,22192000
2020-09-29,32.554420471191406,36.42599868774414,37.08000183105469,36.39899826049805,36.749000549316406,13722000
2020-09-30,32.559776306152344,36.43199920654297,37.099998474121094,36.17100143432617,36.29499816894531,22403000
2020-10-01,32.94228744506836,36.86000061035156,37.07099914550781,36.481998443603516,36.89799880981445,16016000
2020-10-02,31.890380859375,35.68299865722656,36.492000579833984,35.6150016784668,36.0,17100000
2020-10-05,32.7188606262207,36.61000061035156,36.685001373291016,35.9900016784668,36.08399963378906,18923000
2020-10-06,32.529388427734375,36.39799880981445,37.20000076293945,36.20199966430664,36.611000061035156,16672000
2020-10-07,32.77605438232422,36.67399978637695,36.986000061035156,36.60599899291992,36.834999084472656,12747000
2020-10-08,33.36500930786133,37.33300018310547,37.42900085449219,36.83100128173828,36.98899841308594,17045000
2020-10-09,33.66619110107422,37.66999816894531,38.0,37.400001525878906,37.59299850463867,17253000
2020-10-12,34.17828369140625,38.24300003051758,38.5099983215332,37.979000091552734,38.17900085449219,18839000
2020-10-13,34.09428405761719,38.14899826049805,38.779998779296875,37.861000061035156,38.441001892089844,16731000
2020-10-14,33.98793029785156,38.029998779296875,38.374000549316406,37.78499984741211,38.354000091552734,17298000
2020-10-15,33.95486068725586,37.99300003051758,38.04899978637695,37.50199890136719,37.505001068115234,14361000
2020-10-16,33.8404655456543,37.8650016784668,38.327999114990234,37.814998626708984,38.327999114990234,10295000
2020-10-19,33.58308410644531,37.57699966430664,38.361000061035156,37.51499938964844,38.124000549316406,14803000
2020-10-20,33.69211196899414,37.69900131225586,38.11399841308594,37.555999755859375,37.70100021362305,13297000
2020-10-21,33.25061798095703,37.20500183105469,37.68600082397461,37.03099822998047,37.57699966430664,11896000
2020-10-22,33.36859130859375,37.33700180053711,37.430999755859375,36.71099853515625,37.108001708984375,13547000
2020-10-23,33.310482025146484,37.27199935913086,37.39400100708008,37.07600021362305,37.32600021362305,8868000
2020-10-26,32.44539260864258,36.30400085449219,36.99599838256836,35.76100158691406,36.959999084472656,15509000
2020-10-27,32.137943267822266,35.959999084472656,36.518001556396484,35.922000885009766,36.518001556396484,9620000
2020-10-28,31.030630111694336,34.72100067138672,35.486000061035156,34.553001403808594,35.400001525878906,22331000
2020-10-29,31.727720260620117,35.500999450683594,35.944000244140625,34.5369987487793,34.72600173950195,15697000
2020-10-30,31.246906280517578,34.9630012512207,35.29899978637695,34.44200134277344,34.93899917602539,18530000
2020-11-02,31.391693115234375,35.125,35.53900146484375,34.834999084472656,35.50400161743164,11757000
2020-11-03,31.616018295288086,35.375999450683594,35.92399978637695,34.66600036621094,35.595001220703125,15457000
2020-11-04,32.58747863769531,36.4630012512207,36.89799880981445,35.7140007019043,36.04800033569336,21277000
2020-11-05,34.03887939453125,38.08700180053711,38.26499938964844,37.20100021362305,37.236000061035156,21783000
2020-11-06,34.016536712646484,38.0620002746582,38.367000579833984,37.71699905395508,38.005001068115234,13545000
2020-11-09,33.562530517578125,37.55400085449219,39.388999938964844,37.500999450683594,38.90999984741211,24088000
2020-11-10,32.45343017578125,36.3129997253418,37.31999969482422,36.0359992980957,37.03200149536133,26784000
2020-11-11,33.59648132324219,37.59199905395508,37.7140007019043,36.85499954223633,37.08599853515625,15133000
2020-11-12,33.08528137207031,37.02000045776367,37.86000061035156,36.827999114990234,37.722999572753906,12160000
2020-11-13,33.38020706176758,37.349998474121094,37.733001708984375,37.15800094604492,37.5,10997000
2020-11-16,34.03350830078125,38.08100128173828,38.137001037597656,37.400001525878906,37.48099899291992,12100000
2020-11-17,34.01473617553711,38.060001373291016,38.24399948120117,37.702999114990234,37.86600112915039,11950000
2020-11-18,34.016536712646484,38.0620002746582,38.49399948120117,37.96200180053711,37.98899841308594,13517000
2020-11-19,34.34810256958008,38.43299865722656,38.48400115966797,37.435001373291016,37.77199935913086,14555000
2020-11-20,34.258731842041016,38.33300018310547,38.8849983215332,38.27000045776367,38.430999755859375,16140000
2020-11-23,34.58672332763672,38.70000076293945,38.915000915527344,38.29999923706055,38.5369987487793,12212000
2020-11-24,35.05412292480469,39.222999572753906,39.28099822998047,38.61800003051758,38.86199951171875,13455000
2020-11-25,34.92901611328125,39.08300018310547,39.54999923706055,38.900001525878906,39.284000396728516,11787000
2020-11-27,35.29721450805664,39.494998931884766,39.91699981689453,39.29999923706055,39.314998626708984,6846000
2020-11-30,35.889747619628906,40.15800094604492,40.215999603271484,39.27399826049805,39.402000427246094,15454000
2020-12-01,36.15697479248047,40.457000732421875,40.667999267578125,40.012001037597656,40.34600067138672,18181000
2020-12-02,36.0819091796875,40.37300109863281,40.54100036621094,40.111000061035156,40.4739990234375,10031000
2020-12-03,35.73066711425781,39.97999954223633,40.66400146484375,39.810001373291016,40.45000076293945,16120000
2020-12-04,36.79240798950195,41.167999267578125,41.2400016784668,40.23899841308594,40.2400016784668,20083000
2020-12-07,37.615516662597656,42.0890007019043,42.284000396728516,41.33399963378906,41.64099884033203,19707000
2020-12-08,37.84073257446289,42.340999603271484,42.66999816894531,41.816001892089844,41.928001403808594,18121000
2020-12-09,37.19815444946289,41.62200164794922,42.61000061035156,41.367000579833984,41.946998596191406,20908000
2020-12-10,36.64583969116211,41.00400161743164,41.525001525878906,40.80099868774414,41.14400100708008,26244000
2020-12-11,36.2686882019043,40.582000732421875,40.70000076293945,39.827999114990234,40.400001525878906,26664000
2020-12-14,36.803123474121094,41.18000030517578,41.43000030517578,40.599998474121094,40.65299987792969,26116000
2020-12-15,37.36259460449219,41.805999755859375,41.93899917602539,41.29899978637695,41.52799987792969,21207000
2020-12-16,37.97389602661133,42.4900016784668,42.71500015258789,41.69599914550781,41.79999923706055,23160000
2020-12-17,38.081138610839844,42.61000061035156,43.000999450683594,42.45500183105469,42.650001525878906,17152000
2020-12-18,39.16814041137695,43.45600128173828,43.564998626708984,42.20000076293945,42.47999954223633,45243000
2020-12-21,38.65618896484375,42.88800048828125,43.20000076293945,42.369998931884766,42.814998626708984,19096000
2020-12-22,39.03654861450195,43.310001373291016,43.35499954223633,42.79999923706055,42.88800048828125,17929000
2020-12-23,38.347938537597656,42.54600143432617,43.599998474121094,42.507999420166016,43.5,10533000
2020-12-24,38.888729095458984,43.145999908447266,43.20000076293945,42.75699996948242,42.8489990234375,4123000
2020-12-28,38.92658233642578,43.1879997253418,43.72700119018555,43.1150016784668,43.433998107910156,10625000
2020-12-29,38.67061233520508,42.90399932861328,43.58300018310547,42.67900085449219,43.58300018310547,9593000
2020-12-30,39.19248580932617,43.483001708984375,43.79999923706055,43.0099983215332,43.16699981689453,10553000
2020-12-31,39.464683532714844,43.78499984741211,43.849998474121094,43.30500030517578,43.63100051879883,10211000
2021-01-04,38.326297760009766,42.52199935913086,44.2239990234375,42.124000549316406,43.93299865722656,24171000
2021-01-05,38.58589172363281,42.810001373291016,42.93899917602539,42.2400016784668,42.505001068115234,15069000
2021-01-06,38.347938537597656,42.54600143432617,43.45800018310547,42.05400085449219,42.33000183105469,17226000
2021-01-07,39.964012145996094,44.3390007019043,44.45899963378906,43.060001373291016,43.20600128173828,21267000
2021-01-08,40.16680908203125,44.56399917602539,44.999000549316406,43.8650016784668,44.70000076293945,15271000
2021-01-11,40.177635192871094,44.57600021362305,44.87799835205078,44.04199981689453,44.06100082397461,11660000
2021-01-12,40.50481033325195,44.93899917602539,45.47600173950195,44.560001373291016,44.777000427246094,13846000
2021-01-13,40.66885757446289,45.12099838256836,45.3489990234375,44.81100082397461,45.029998779296875,13118000
2021-01-14,40.746376037597656,45.207000732421875,45.849998474121094,45.132999420166016,45.35100173950195,19692000
2021-01-15,40.185733795166016,44.584999084472656,45.0,44.066001892089844,44.81800079345703,18165000
2021-01-19,41.395320892333984,45.926998138427734,45.94900131225586,44.827999114990234,44.827999114990234,18819000
2021-01-20,41.63056564331055,46.1879997253418,46.57899856567383,45.5,45.95199966430664,14710000
2021-01-21,42.075828552246094,46.68199920654297,46.946998596191406,46.040000915527344,46.21099853515625,15749000
2021-01-22,41.9135856628418,46.50199890136719,46.755001068115234,46.237998962402344,46.37200164794922,16248000
2021-01-25,41.89285659790039,46.479000091552734,47.0,45.608001708984375,46.95600128173828,14692000
2021-01-26,41.80994415283203,46.387001037597656,46.702999114990234,46.1879997253418,46.26499938964844,10742000
2021-01-27,40.08208084106445,44.470001220703125,45.69599914550781,44.1510009765625,45.55400085449219,21857000
2021-01-28,40.71662139892578,45.17399978637695,45.847999572753906,44.702999114990234,45.553001403808594,16946000
2021-01-29,40.6048583984375,45.04999923706055,45.810001373291016,44.76300048828125,44.9900016784668,22069000
2021-02-01,42.06861877441406,46.67399978637695,46.93199920654297,45.35900115966797,45.584999084472656,17027000
2021-02-02,42.98256301879883,47.6879997253418,47.696998596191406,46.79999923706055,46.97600173950195,16141000
2021-02-03,41.92891311645508,46.51900100708008,47.85200119018555,46.45899963378906,47.69300079345703,17857000
2021-02-04,42.41923904418945,47.0629997253418,47.11600112915039,45.74800109863281,46.0,15243000
2021-02-05,42.00281524658203,46.60100173950195,47.69200134277344,46.5359992980957,47.43299865722656,12488000
2021-02-08,42.605804443359375,47.27000045776367,47.34199905395508,46.55799865722656,46.875,17610000
2021-02-09,42.77976989746094,47.4630012512207,47.51900100708008,46.86199951171875,47.20000076293945,12758000
2021-02-10,42.36696243286133,47.005001068115234,47.749000549316406,46.54899978637695,47.72100067138672,14587000
2021-02-11,43.11866760253906,47.8390007019043,47.935001373291016,46.91899871826172,47.36899948120117,17123000
2021-02-12,43.83342361450195,48.63199996948242,48.70199966430664,47.48899841308594,47.8380012512207,13551000
2021-02-16,44.086692810058594,48.91299819946289,49.47800064086914,48.70199966430664,49.0880012512207,15163000
2021-02-17,43.48731231689453,48.24800109863281,48.61199951171875,47.50600051879883,48.42300033569336,14084000
2021-02-18,43.5576171875,48.32600021362305,48.54100036621094,47.51300048828125,48.02299880981445,16715000
2021-02-19,44.1614990234375,48.99599838256836,49.513999938964844,48.676998138427734,48.724998474121094,17992000
2021-02-22,42.935699462890625,47.63600158691406,48.6609992980957,47.53200149536133,48.400001525878906,16967000
2021-02-23,42.533695220947266,47.189998626708984,47.46200180053711,45.60599899291992,47.11399841308594,21303000
2021-02-24,43.34309387207031,48.0880012512207,48.14099884033203,46.26599884033203,46.768001556396484,15125000
2021-02-25,41.20514678955078,45.715999603271484,47.9379997253418,45.520999908447266,47.474998474121094,23148000
2021-02-26,42.35073471069336,46.98699951171875,47.57600021362305,46.07400131225586,46.75299835205078,22640000
2021-03-01,44.12725067138672,48.95800018310547,49.0,47.38600158691406,47.970001220703125,24677000
2021-03-02,43.30974197387695,48.05099868774414,49.08599853515625,47.959999084472656,49.0369987487793,18546000
2021-03-03,41.7369270324707,46.305999755859375,48.138999938964844,46.196998596191406,47.79999923706055,23991000
2021-03-04,39.98203659057617,44.35900115966797,46.70000076293945,44.143001556396484,46.16699981689453,34575000
2021-03-05,40.572418212890625,45.013999938964844,45.599998474121094,43.29999923706055,45.42499923706055,42414000
2021-03-08,37.96847152709961,42.125,44.79600143432617,41.92599868774414,44.68299865722656,45243000
2021-03-09,39.98293685913086,44.36000061035156,44.689998626708984,43.060001373291016,43.569000244140625,37884000
2021-03-10,39.44123840332031,43.75899887084961,45.40299987792969,43.5099983215332,44.73500061035156,19914000
2021-03-11,40.89238357543945,45.36899948120117,45.744998931884766,44.20899963378906,44.902000427246094,26170000
2021-03-12,40.665252685546875,45.117000579833984,45.3489990234375,44.45199966430664,44.5359992980957,18906000
2021-03-15,42.431854248046875,47.07699966430664,47.12300109863281,45.319000244140625,45.518001556396484,31241000
2021-03-16,43.09973907470703,47.81800079345703,48.400001525878906,46.74100112915039,47.12699890136719,31190000
2021-03-17,43.587364196777344,48.35900115966797,48.72700119018555,47.000999450683594,47.029998779296875,23754000
2021-03-18,41.83517837524414,46.415000915527344,48.334999084472656,46.375,47.45600128173828,28728000
2021-03-19,43.09872055053711,47.44599914550781,47.667999267578125,45.40999984741211,45.70500183105469,108602000
2021-03-22,43.17321014404297,47.52799987792969,48.12799835205078,47.16699981689453,47.29100036621094,31805000
2021-03-23,42.15401077270508,46.40599822998047,47.5369987487793,46.26499938964844,47.37799835205078,24712000
2021-03-24,41.537227630615234,45.72700119018555,46.999000549316406,45.6870002746582,46.94499969482422,20882000
2021-03-25,41.93962097167969,46.16999816894531,46.402000427246094,44.930999755859375,45.49599838256836,17537000
2021-03-26,43.787261962890625,48.20399856567383,48.29999923706055,45.66400146484375,45.66400146484375,28925000
2021-03-29,42.93158721923828,47.262001037597656,48.11600112915039,46.82699966430664,48.040000915527344,28410000
2021-03-30,41.4363899230957,45.61600112915039,46.400001525878906,45.1619987487793,46.38800048828125,27935000
2021-03-31,42.11767578125,46.36600112915039,46.707000732421875,45.2400016784668,45.900001525878906,28684000
2021-04-01,43.23406219482422,47.595001220703125,47.65800094604492,46.91999816894531,47.207000732421875,23528000
2021-04-05,44.37226486206055,48.847999572753906,48.9640007019043,47.68199920654297,48.029998779296875,22966000
2021-04-06,43.95349884033203,48.387001037597656,48.821998596191406,47.77399826049805,48.3120002746582,18063000
2021-04-07,43.82541275024414,48.24599838256836,48.39099884033203,47.79999923706055,48.000999450683594,12074000
2021-04-08,44.09975051879883,48.54800033569336,48.79800033569336,48.012001037597656,48.79800033569336,18121000
2021-04-09,44.0643196105957,48.50899887084961,48.53099822998047,47.65399932861328,48.0,16614000
2021-04-12,43.935333251953125,48.367000579833984,48.54199981689453,47.86000061035156,48.19300079345703,23247000
2021-04-13,44.052513122558594,48.49599838256836,48.821998596191406,48.02899932861328,48.5,15281000
2021-04-14,43.35669708251953,47.72999954223633,48.91899871826172,47.51900100708008,48.24700164794922,18220000
2021-04-15,43.60195541381836,48.0,48.23099899291992,47.678001403808594,48.16400146484375,18370000
2021-04-16,43.49205017089844,47.87900161743164,48.178001403808594,47.678001403808594,48.04800033569336,16263000
2021-04-19,41.966880798339844,46.20000076293945,47.68000030517578,46.005001068115234,47.65299987792969,26319000
2021-04-20,41.536319732666016,45.72600173950195,46.202999114990234,45.45399856567383,46.000999450683594,19128000
2021-04-21,41.766136169433594,45.979000091552734,46.034000396728516,45.2599983215332,45.52199935913086,25947000
2021-04-22,41.34101867675781,45.51100158691406,46.11399841308594,44.900001525878906,45.5099983215332,27057000
2021-04-23,42.342044830322266,46.612998962402344,46.78499984741211,45.75,45.8489990234375,22890000
2021-04-26,42.861629486083984,47.185001373291016,47.382999420166016,46.356998443603516,46.70199966430664,18271000
2021-04-27,42.362030029296875,46.6349983215332,47.42599868774414,46.50600051879883,47.369998931884766,13267000
2021-04-28,41.71253967285156,45.91999816894531,46.59700012207031,45.60499954223633,46.5369987487793,15940000
2021-04-29,42.35657501220703,46.62900161743164,46.96900177001953,45.90299987792969,46.96900177001953,14650000
2021-04-30,41.440025329589844,45.619998931884766,46.073001861572266,45.38399887084961,45.97100067138672,19367000
2021-05-03,40.889564514160156,45.013999938964844,45.98400115966797,44.827999114990234,45.974998474121094,15098000
2021-05-04,40.38087463378906,44.45399856567383,44.77000045776367,43.73099899291992,44.72200012207031,23497000
2021-05-05,40.316368103027344,44.382999420166016,45.14400100708008,44.23699951171875,45.04100036621094,16388000
2021-05-06,40.74784469604492,44.858001708984375,44.909000396728516,43.98400115966797,44.380001068115234,13495000
2021-05-07,41.1111946105957,45.257999420166016,45.8380012512207,44.91999816894531,45.45899963378906,11712000
2021-05-10,39.61420440673828,43.61000061035156,44.85300064086914,43.57699966430664,44.8380012512207,25239000
2021-05-11,39.97482681274414,44.00699996948242,44.17599868774414,42.30500030517578,42.5,17887000
2021-05-12,38.3679084777832,42.237998962402344,43.08599853515625,41.91400146484375,42.92900085449219,29940000
2021-05-13,39.11459732055664,43.060001373291016,43.481998443603516,42.56399917602539,42.98899841308594,21841000
2021-05-14,40.115623474121094,44.1619987487793,44.512001037597656,43.20500183105469,43.638999938964844,16964000
2021-05-17,39.963008880615234,43.99399948120117,44.2140007019043,43.284000396728516,44.2140007019043,15725000
2021-05-18,39.39982604980469,43.374000549316406,44.444000244140625,43.327999114990234,44.391998291015625,17824000
2021-05-19,40.12470245361328,44.172000885009766,44.25,42.56999969482422,42.599998474121094,21369000
2021-05-20,41.33102798461914,45.5,45.93000030517578,44.53300094604492,44.57500076293945,21886000
2021-05-21,40.989471435546875,45.124000549316406,45.79899978637695,44.933998107910156,45.79899978637695,13216000
2021-05-24,41.71162796020508,45.91899871826172,46.24399948120117,45.63600158691406,45.69200134277344,14420000
2021-05-25,41.74342346191406,45.95399856567383,46.29600143432617,45.650001525878906,46.189998626708984,9600000
2021-05-26,41.82972717285156,46.04899978637695,46.209999084472656,45.553001403808594,46.07699966430664,9873000
2021-05-27,42.48285675048828,46.768001556396484,46.84400177001953,45.96500015258789,46.0,19098000
2021-05-28,42.905235290527344,47.233001708984375,47.46200180053711,46.768001556396484,47.0,19946000
2021-06-01,42.54007339477539,46.83100128173828,47.79999923706055,46.720001220703125,47.54399871826172,16277000
2021-06-02,43.03240966796875,47.37300109863281,47.77000045776367,46.946998596191406,47.18299865722656,13286000
2021-06-03,42.22122573852539,46.47999954223633,46.97600173950195,46.32600021362305,46.880001068115234,20389000
2021-06-04,43.14777374267578,47.5,47.84000015258789,46.95199966430664,47.04999923706055,23865000
2021-06-07,42.128578186035156,46.37799835205078,47.448001861572266,46.24700164794922,47.29999923706055,24142000
2021-06-08,42.105865478515625,46.35300064086914,47.23899841308594,46.35100173950195,46.80500030517578,16615000
2021-06-09,42.14220428466797,46.393001556396484,46.71900177001953,46.172000885009766,46.71900177001953,12126000
2021-06-10,42.572776794433594,46.867000579833984,46.95399856567383,46.020999908447266,46.54999923706055,15413000
2021-06-11,42.757171630859375,47.06999969482422,47.2130012512207,46.71500015258789,46.84400177001953,14508000
2021-06-14,43.22317123413086,47.58300018310547,47.59000015258789,46.60599899291992,47.04899978637695,14675000
2021-06-15,42.76080322265625,47.07400131225586,47.65700149536133,46.85499954223633,47.65599822998047,11131000
2021-06-16,42.307525634765625,46.57500076293945,47.11199951171875,46.14799880981445,47.027000427246094,20437000
2021-06-17,42.79986572265625,47.117000579833984,47.52399826049805,46.39400100708008,46.487998962402344,20881000
2021-06-18,42.10314178466797,46.349998474121094,46.97600173950195,46.05099868774414,46.72700119018555,28537000
2021-06-21,42.53432846069336,46.46099853515625,46.53799819946289,45.84400177001953,46.117000579833984,18591000
2021-06-22,42.51968765258789,46.44499969482422,46.858001708984375,46.13199996948242,46.65800094604492,13722000
2021-06-23,42.722007751464844,46.66600036621094,46.78799819946289,46.30400085449219,46.38600158691406,17674000
2021-06-24,43.03327178955078,47.00600051879883,47.3650016784668,46.86000061035156,46.98899841308594,12502000
2021-06-25,42.31370162963867,46.220001220703125,47.244998931884766,46.0,47.1349983215332,19100000
2021-06-28,43.28411865234375,47.279998779296875,47.62900161743164,46.55099868774414,46.599998474121094,13987000
2021-06-29,43.68235778808594,47.71500015258789,47.73099899291992,47.07400131225586,47.23699951171875,14184000
2021-06-30,43.65397644042969,47.683998107910156,47.85900115966797,47.25299835205078,47.8129997253418,15381000
2021-07-01,42.99482345581055,46.9640007019043,47.784000396728516,46.893001556396484,47.784000396728516,11153000
2021-07-02,42.8602409362793,46.81700134277344,47.858001708984375,45.57099914550781,47.676998138427734,37054000
2021-07-06,43.32805633544922,47.327999114990234,47.67499923706055,46.83000183105469,47.040000915527344,13870000
2021-07-07,42.98566436767578,46.95399856567383,47.5359992980957,46.637001037597656,47.5,12581000
2021-07-08,43.07354736328125,47.04999923706055,47.108001708984375,46.15599822998047,46.44200134277344,16011000
2021-07-09,43.959747314453125,48.018001556396484,48.0880012512207,46.803001403808594,46.957000732421875,16782000
2021-07-12,44.469661712646484,48.57500076293945,49.402000427246094,47.32600021362305,48.13199996948242,33142000
2021-07-13,44.31037521362305,48.4010009765625,48.75299835205078,48.20000076293945,48.53300094604492,11806000
2021-07-14,44.088829040527344,48.159000396728516,49.20000076293945,48.07500076293945,48.91999816894531,14020000
2021-07-15,43.699745178222656,47.73400115966797,48.44499969482422,47.3120002746582,48.327999114990234,12624000
2021-07-16,42.85108947753906,46.80699920654297,48.02799987792969,46.72600173950195,47.90599822998047,13980000
2021-07-19,42.63138198852539,46.56700134277344,46.59700012207031,45.75899887084961,46.347999572753906,14938000
2021-07-20,42.8986930847168,46.85900115966797,47.224998474121094,46.32699966430664,46.78900146484375,20727000
2021-07-21,43.85354995727539,47.902000427246094,47.928001403808594,46.849998474121094,46.9630012512207,13660000
2021-07-22,43.60728073120117,47.632999420166016,47.89899826049805,47.45100021362305,47.65999984741211,12583000
2021-07-23,44.23164749145508,48.314998626708984,48.358001708984375,47.68299865722656,48.00299835205078,13489000
2021-07-26,44.14833450317383,48.2239990234375,48.36199951171875,47.96799850463867,48.215999603271484,11160000
2021-07-27,43.51847839355469,47.5359992980957,48.180999755859375,46.779998779296875,48.07600021362305,14715000
2021-07-28,43.72813415527344,47.76499938964844,47.90800094604492,47.43199920654297,47.66999816894531,8359000
2021-07-29,44.31952667236328,48.4109992980957,48.58300018310547,47.74399948120117,47.84700012207031,9162000
2021-07-30,44.4376335144043,48.540000915527344,48.63399887084961,47.957000732421875,48.19599914550781,11548000
2021-08-02,44.3717155456543,48.46799850463867,49.459999084472656,48.35100173950195,48.904998779296875,15619000
2021-08-03,44.56488800048828,48.67900085449219,48.7760009765625,47.99599838256836,48.54899978637695,11135000
2021-08-04,44.6573371887207,48.779998779296875,48.99800109863281,48.4010009765625,48.85300064086914,12123000
2021-08-05,44.64543914794922,48.766998291015625,49.042999267578125,48.48899841308594,49.042999267578125,8372000
2021-08-06,44.440372467041016,48.542999267578125,48.8120002746582,48.40299987792969,48.50699996948242,9964000
2021-08-09,44.3717155456543,48.46799850463867,48.68299865722656,48.099998474121094,48.64899826049805,5952000
2021-08-10,44.15016174316406,48.22600173950195,48.64500045776367,47.78300094604492,48.59000015258789,9319000
2021-08-11,44.268253326416016,48.35499954223633,48.59700012207031,47.979000091552734,48.48099899291992,9816000
2021-08-12,44.33325958251953,48.42599868774414,48.5,47.67300033569336,48.22800064086914,8702000
2021-08-13,44.50720977783203,48.61600112915039,48.89699935913086,48.21099853515625,48.26100158691406,8582000
2021-08-16,44.688480377197266,48.81399917602539,48.89099884033203,48.439998626708984,48.483001708984375,9188000
2021-08-17,43.82333755493164,47.86899948120117,48.62200164794922,47.45199966430664,48.558998107910156,16499000
2021-08-18,42.93347930908203,46.89699935913086,47.70800018310547,46.834999084472656,47.665000915527344,15616000
2021-08-19,43.3509521484375,47.35300064086914,47.58300018310547,46.26599884033203,46.6349983215332,14044000
2021-08-20,43.50108337402344,47.516998291015625,47.62300109863281,47.04399871826172,47.28200149536133,10007000
2021-08-23,44.16756057739258,48.244998931884766,48.61899948120117,47.56999969482422,47.632999420166016,15707000
2021-08-24,44.07417297363281,48.143001556396484,48.30400085449219,48.01599884033203,48.2400016784668,9429000
2021-08-25,44.25545120239258,48.340999603271484,48.62699890136719,48.15700149536133,48.15700149536133,10017000
2021-08-26,44.468753814697266,48.57400131225586,48.81100082397461,48.060001373291016,48.29999923706055,10836000
2021-08-27,45.402549743652344,49.59400177001953,49.64400100708008,48.66400146484375,48.80099868774414,16459000
2021-08-30,45.67262268066406,49.888999938964844,50.78499984741211,49.82500076293945,50.0,19614000
2021-08-31,45.51881408691406,49.72100067138672,50.12900161743164,49.27000045776367,50.12900161743164,17378000
2021-09-01,45.14804458618164,49.316001892089844,49.92399978637695,49.28900146484375,49.62699890136719,12586000
2021-09-02,45.032691955566406,49.189998626708984,49.597999572753906,49.01599884033203,49.57899856567383,16991000
2021-09-03,45.56184387207031,49.768001556396484,50.599998474121094,49.50400161743164,49.590999603271484,25191000
2021-09-07,45.46205520629883,49.659000396728516,49.7599983215332,49.099998474121094,49.7599983215332,12398000
2021-09-08,45.25973129272461,49.4379997253418,49.98899841308594,48.81100082397461,49.96200180053711,13987000
2021-09-09,45.178253173828125,49.3489990234375,49.869998931884766,49.28499984741211,49.28499984741211,13174000
2021-09-10,45.60486602783203,49.814998626708984,50.5989990234375,49.6510009765625,49.70500183105469,16110000
2021-09-13,45.67903137207031,49.895999908447266,50.24700164794922,49.32600021362305,50.20000076293945,14927000
2021-09-14,45.94542694091797,50.1870002746582,50.54199981689453,49.83599853515625,50.20000076293945,14134000
2021-09-15,46.66591262817383,50.9739990234375,51.06999969482422,49.94200134277344,50.21200180053711,23346000
2021-09-16,46.447113037109375,50.73500061035156,50.915000915527344,50.020999908447266,50.52000045776367,17569000
2021-09-17,46.32352828979492,50.599998474121094,50.762001037597656,50.099998474121094,50.39699935913086,34470000
2021-09-20,45.300010681152344,49.481998443603516,50.29999923706055,48.84400177001953,49.900001525878906,30105000
2021-09-21,45.27880859375,49.0989990234375,49.375,48.70000076293945,49.3489990234375,16935000
2021-09-22,46.16410446166992,50.058998107910156,50.29999923706055,49.22200012207031,49.42499923706055,20610000
2021-09-23,46.50624465942383,50.43000030517578,50.729000091552734,50.058998107910156,50.250999450683594,18370000
2021-09-24,46.563419342041016,50.492000579833984,50.54999923706055,50.08300018310547,50.22700119018555,10605000
2021-09-27,46.556968688964844,50.48500061035156,50.582000732421875,49.737998962402344,49.97800064086914,9831000
2021-09-28,45.28157043457031,49.10200119018555,50.14500045776367,49.05400085449219,49.70000076293945,20124000
2021-09-29,45.13955307006836,48.948001861572266,49.426998138427734,48.76499938964844,49.362998962402344,15783000
2021-09-30,44.71995544433594,48.49300003051758,49.45199966430664,48.448001861572266,49.45199966430664,15735000
2021-10-01,44.9431266784668,48.73500061035156,48.86600112915039,47.75,48.78499984741211,16052000
2021-10-04,43.89182662963867,47.595001220703125,48.65599822998047,47.27799987792969,48.49300003051758,20093000
2021-10-05,44.765140533447266,48.54199981689453,48.979000091552734,47.53300094604492,47.59400177001953,16557000
2021-10-06,45.07499694824219,48.87799835205078,48.935001373291016,47.970001220703125,48.3129997253418,12042000
2021-10-07,45.549007415771484,49.391998291015625,49.9900016784668,49.26300048828125,49.26300048828125,13261000
2021-10-08,45.45033264160156,49.28499984741211,49.79999923706055,49.12799835205078,49.68199920654297,10279000
2021-10-11,45.403289794921875,49.23400115966797,49.95899963378906,49.084999084472656,49.124000549316406,11186000
2021-10-12,44.75223159790039,48.52799987792969,49.66999816894531,48.20199966430664,49.58399963378906,20991000
2021-10-13,44.72732925415039,48.500999450683594,48.53799819946289,47.95500183105469,48.117000579833984,16424000
2021-10-14,45.88837432861328,49.7599983215332,49.915000915527344,49.082000732421875,49.18600082397461,19233000
2021-10-15,46.40940856933594,50.32500076293945,50.58599853515625,50.108001708984375,50.439998626708984,25103000
2021-10-18,46.419559478759766,50.33599853515625,50.39799880981445,49.86600112915039,50.03900146484375,16042000
2021-10-19,47.067867279052734,51.03900146484375,51.08700180053711,50.176998138427734,50.43199920654297,16383000
2021-10-20,46.975643157958984,50.93899917602539,51.34299850463867,50.84400177001953,51.099998474121094,13458000
2021-10-21,47.414615631103516,51.415000915527344,51.479000091552734,50.86000061035156,50.94200134277344,11787000
2021-10-22,47.530799865722656,51.54100036621094,52.13800048828125,51.301998138427734,51.4739990234375,15367000
2021-10-25,48.14498519897461,52.207000732421875,52.45000076293945,51.518001556396484,51.749000549316406,12416000
2021-10-26,49.23317337036133,53.387001037597656,53.499000549316406,52.400001525878906,52.52299880981445,24043000
2021-10-27,48.24089050292969,52.31100082397461,53.606998443603516,52.18600082397461,53.18199920654297,23500000
2021-10-28,48.836639404296875,52.957000732421875,52.994998931884766,52.34299850463867,52.41400146484375,11872000
2021-10-29,49.030296325683594,53.16699981689453,53.21500015258789,52.349998474121094,52.349998474121094,15564000
2021-11-01,48.69645690917969,52.80500030517578,53.257999420166016,52.49300003051758,53.034000396728516,16896000
2021-11-02,49.52827453613281,53.707000732421875,54.082000732421875,52.667999267578125,52.744998931884766,16262000
2021-11-03,50.017032623291016,54.23699951171875,54.37900161743164,53.37699890136719,53.904998779296875,14038000
2021-11-04,50.593414306640625,54.86199951171875,54.90700149536133,54.09199905395508,54.380001068115234,15956000
2021-11-05,51.54326248168945,55.891998291015625,55.96699905395508,54.98099899291992,55.0,18674000
2021-11-08,51.54603958129883,55.89500045776367,56.388999938964844,55.810001373291016,56.196998596191406,17231000
2021-11-09,51.439979553222656,55.779998779296875,56.189998626708984,55.513999938964844,55.91899871826172,15838000
2021-11-10,50.607242584228516,54.87699890136719,56.09000015258789,54.80500030517578,55.43000030517578,18450000
2021-11-11,51.21866226196289,55.540000915527344,55.71200180053711,54.88100051879883,55.26900100708008,14157000
2021-11-12,51.93981170654297,56.321998596191406,56.58399963378906,55.45899963378906,55.840999603271484,13592000
2021-11-15,52.17498016357422,56.57699966430664,56.76900100708008,55.983001708984375,56.76900100708008,13972000
2021-11-16,52.45163345336914,56.87699890136719,56.952999114990234,56.27399826049805,56.409000396728516,13194000
2021-11-17,52.53185272216797,56.9640007019043,57.13600158691406,56.40999984741211,56.81399917602539,12532000
2021-11-18,53.008636474609375,57.48099899291992,57.67300033569336,56.9640007019043,57.11000061035156,12712000
2021-11-19,52.447025299072266,56.87200164794922,57.72100067138672,56.59299850463867,57.62799835205078,19612000
2021-11-22,51.02315139770508,55.327999114990234,57.20399856567383,55.24800109863281,57.167999267578125,25898000
2021-11-23,51.19283676147461,55.512001037597656,55.58599853515625,54.85300064086914,55.242000579833984,17109000
2021-11-24,51.52574920654297,55.87300109863281,55.90800094604492,54.73899841308594,55.323001861572266,12084000
2021-11-26,50.40620422363281,54.659000396728516,55.72999954223633,54.332000732421875,55.176998138427734,14219000
2021-11-29,52.043094635009766,56.433998107910156,56.755001068115234,55.36800003051758,55.619998931884766,18703000
2021-11-30,51.0600471496582,55.36800003051758,56.499000549316406,55.20000076293945,56.32699966430664,22574000
2021-12-01,51.15964126586914,55.47600173950195,56.847999572753906,55.33300018310547,56.347999572753906,21980000
2021-12-02,50.94660949707031,55.244998931884766,55.9109992980957,54.400001525878906,54.606998443603516,22619000
2021-12-03,51.46949005126953,55.8120002746582,56.900001525878906,55.040000915527344,56.49399948120117,20305000
2021-12-06,52.10212707519531,56.49800109863281,56.83700180053711,55.595001220703125,56.46500015258789,22482000
2021-12-07,54.44634246826172,59.040000915527344,59.30699920654297,57.20000076293945,57.20000076293945,29562000
2021-12-08,54.276649475097656,58.85599899291992,59.09400177001953,58.24300003051758,59.09400177001953,17998000
2021-12-09,53.802642822265625,58.34199905395508,59.02399826049805,58.244998931884766,58.244998931884766,29080000
2021-12-10,58.253150939941406,63.167999267578125,64.4749984741211,61.85900115966797,62.39799880981445,57087000
2021-12-13,57.3291130065918,62.16600036621094,63.44200134277344,62.12300109863281,63.400001525878906,26898000
2021-12-14,56.70663833618164,61.49100112915039,61.86199951171875,60.56399917602539,61.784000396728516,35956000
2021-12-15,59.00750732421875,63.986000061035156,64.08599853515625,61.034000396728516,61.55699920654297,29092000
2021-12-16,57.23873519897461,62.06800079345703,64.06600189208984,61.150001525878906,63.736000061035156,42748000
2021-12-17,58.55562973022461,63.49599838256836,63.999000549316406,61.5099983215332,61.75299835205078,50661000
2021-12-20,59.48428726196289,64.50299835205078,64.60900115966797,62.50899887084961,62.630001068115234,32770000
2021-12-21,59.97711181640625,64.6240005493164,64.9469985961914,63.33000183105469,64.80999755859375,36534000
2021-12-22,60.80867004394531,65.5199966430664,65.71600341796875,63.92599868774414,64.33200073242188,28383000
2021-12-23,61.69963455200195,66.4800033569336,67.072998046875,65.61299896240234,65.61299896240234,23596000
2021-12-27,62.57947540283203,67.4280014038086,67.62999725341797,66.44599914550781,66.4800033569336,19442000
2021-12-28,62.08944320678711,66.9000015258789,67.7760009765625,66.7030029296875,67.75499725341797,17247000
2021-12-29,62.42448425292969,67.26100158691406,67.69999694824219,66.91200256347656,66.9800033569336,14797000
2021-12-30,61.72563552856445,66.50800323486328,67.56999969482422,66.38400268554688,67.30999755859375,11473000
2021-12-31,61.75625991821289,66.54100036621094,67.13099670410156,66.3270034790039,66.6969985961914,12046000
2022-01-03,61.56227493286133,66.33200073242188,67.16999816894531,66.12200164794922,66.63200378417969,22591000
2022-01-04,62.267635345458984,67.09200286865234,67.21900177001953,65.7229995727539,66.28800201416016,21103000
2022-01-05,59.6764030456543,64.30000305175781,67.12100219726562,64.20099639892578,67.12100219726562,34961000
2022-01-06,59.1223258972168,63.702999114990234,64.86499786376953,63.44300079345703,64.01599884033203,28581000
2022-01-07,57.46289825439453,61.915000915527344,63.99100112915039,61.84600067138672,63.584999084472656,27832000
2022-01-10,57.649444580078125,62.11600112915039,62.20399856567383,60.356998443603516,60.88600158691406,29793000
2022-01-11,57.73204040527344,62.20500183105469,62.79999923706055,61.457000732421875,61.55400085449219,19037000
2022-01-12,57.72740173339844,62.20000076293945,63.0989990234375,61.9739990234375,62.750999450683594,18806000
2022-01-13,55.424800872802734,59.71900177001953,62.78799819946289,59.415000915527344,62.74700164794922,30048000
2022-01-14,55.348697662353516,59.637001037597656,60.03799819946289,59.20000076293945,59.577999114990234,25661000
2022-01-18,53.624298095703125,57.77899932861328,59.104000091552734,57.5989990234375,58.832000732421875,35825000
2022-01-19,52.341670989990234,56.39699935913086,58.472999572753906,56.33300018310547,58.15800094604492,22692000
2022-01-20,50.833526611328125,54.77199935913086,57.013999938964844,54.676998138427734,56.79999923706055,25225000
2022-01-21,49.48872375488281,53.323001861572266,55.540000915527344,53.13399887084961,54.66400146484375,38010000
2022-01-24,50.2636833190918,54.15800094604492,54.35100173950195,51.34000015258789,53.0890007019043,54256000
2022-01-25,49.57318115234375,53.41400146484375,54.540000915527344,52.422000885009766,52.79999923706055,38158000
2022-01-26,51.70594024658203,55.71200180053711,57.41699981689453,55.00699996948242,55.20000076293945,49715000
2022-01-27,50.331424713134766,54.23099899291992,57.0260009765625,54.10300064086914,56.97200012207031,34183000
2022-01-28,51.982505798339844,56.0099983215332,56.04999923706055,53.23899841308594,54.33599853515625,30254000
2022-01-31,54.3751335144043,58.5880012512207,58.637001037597656,55.599998474121094,55.939998626708984,40288000
2022-02-01,55.009944915771484,59.27199935913086,59.38999938964844,57.582000732421875,58.58700180053711,25719000
2022-02-02,56.00392150878906,60.34299850463867,60.47999954223633,59.362998962402344,59.900001525878906,24443000
2022-02-03,53.908294677734375,58.084999084472656,59.902000427246094,58.012001037597656,59.56700134277344,30602000
2022-02-04,54.77235794067383,59.01599884033203,59.65299987792969,57.61399841308594,57.63800048828125,20548000
2022-02-07,54.53754806518555,58.76300048828125,60.15800094604492,58.41600036621094,59.01599884033203,18671000
2022-02-08,55.70601272583008,60.02199935913086,60.185001373291016,58.69900131225586,58.8380012512207,14570000
2022-02-09,56.73804473876953,61.13399887084961,61.172000885009766,60.15599822998047,60.73500061035156,22004000
2022-02-10,54.883731842041016,59.13600158691406,61.4640007019043,58.856998443603516,59.529998779296875,24920000
2022-02-11,53.21873092651367,57.34199905395508,59.97600173950195,56.90800094604492,59.13600158691406,27281000
2022-02-14,53.697628021240234,57.858001708984375,58.28099822998047,57.00699996948242,57.5,19291000
2022-02-15,55.94268035888672,60.277000427246094,60.604000091552734,58.82500076293945,58.90299987792969,34284000
2022-02-16,55.426658630371094,59.72100067138672,60.08100128173828,58.72200012207031,59.40599822998047,22931000
2022-02-17,53.73659896850586,57.900001525878906,59.15800094604492,57.888999938964844,58.970001220703125,21424000
2022-02-18,53.82848358154297,57.999000549316406,58.77399826049805,57.327999114990234,58.09400177001953,19708000
2022-02-22,53.59367370605469,57.74599838256836,59.020999908447266,56.98099899291992,57.999000549316406,20204000
2022-02-23,52.45490646362305,56.51900100708008,58.50699996948242,56.4739990234375,58.02299880981445,22416000
2022-02-24,53.829402923583984,58.0,58.569000244140625,54.902000427246094,55.15800094604492,35316000
2022-02-25,54.57281494140625,58.80099868774414,58.9379997253418,57.400001525878906,57.983001708984375,22380000
2022-02-28,54.51990509033203,58.74399948120117,59.22999954223633,57.63800048828125,58.099998474121094,25005000
2022-03-01,52.91245651245117,57.012001037597656,58.762001037597656,56.529998779296875,58.479000091552734,24898000
2022-03-02,54.365848541259766,58.577999114990234,59.053001403808594,57.358001708984375,57.45199966430664,21771000
2022-03-03,53.6994743347168,57.86000061035156,59.369998931884766,57.43299865722656,59.36800003051758,26454000
2022-03-04,55.31343460083008,59.5989990234375,60.590999603271484,58.4010009765625,59.27899932861328,44757000
2022-03-07,52.966278076171875,57.06999969482422,59.87799835205078,57.0,59.70800018310547,26494000
2022-03-08,53.45353698730469,57.595001220703125,59.60499954223633,56.361000061035156,57.21699905395508,26993000
2022-03-09,55.409027099609375,59.70199966430664,60.16400146484375,58.70000076293945,58.87900161743164,22560000
2022-03-10,54.54683303833008,58.77299880981445,59.00199890136719,57.637001037597656,58.555999755859375,19323000
2022-03-11,53.6298713684082,57.78499984741211,59.44300079345703,57.71200180053711,59.20000076293945,19813000
2022-03-14,52.69713592529297,56.779998779296875,57.99800109863281,56.474998474121094,57.69599914550781,25234000
2022-03-15,55.01365661621094,59.2760009765625,59.67599868774414,57.50400161743164,57.72700119018555,28260000
2022-03-16,56.346397399902344,60.71200180053711,60.770999908447266,58.40599822998047,59.665000915527344,29454000
2022-03-17,55.93339920043945,60.266998291015625,60.70000076293945,59.76300048828125,60.47200012207031,18174000
2022-03-18,56.651737213134766,61.04100036621094,61.32099914550781,59.5989990234375,60.39699935913086,41538000
2022-03-21,56.18269729614258,60.12900161743164,60.560001373291016,58.88600158691406,60.560001373291016,25789000
2022-03-22,57.12172317504883,61.13399887084961,61.349998474121094,59.93299865722656,60.172000885009766,19262000
2022-03-23,56.00421905517578,59.9379997253418,61.137001037597656,59.91600036621094,60.79999923706055,13839000
2022-03-24,58.53169250488281,62.643001556396484,62.72200012207031,60.20000076293945,60.66299819946289,26016000
2022-03-25,58.759681701660156,62.887001037597656,63.04100036621094,62.00699996948242,62.70800018310547,14538000
2022-03-28,59.134361267089844,63.28799819946289,63.33000183105469,61.577999114990234,62.5880012512207,14427000
2022-03-29,59.936981201171875,64.14700317382812,64.53099822998047,63.0,64.0,23001000
2022-03-30,58.967105865478516,63.10900115966797,64.42900085449219,62.733001708984375,63.887001037597656,18626000
2022-03-31,58.83536148071289,62.96799850463867,63.900001525878906,62.80500030517578,63.04800033569336,21731000
2022-04-01,58.58308410644531,62.698001861572266,63.457000732421875,61.86899948120117,63.16899871826172,16267000
2022-04-04,59.31843566894531,63.48500061035156,63.672000885009766,62.45199966430664,62.641998291015625,16484000
2022-04-05,57.3814811706543,61.4119987487793,63.22600173950195,61.29999923706055,62.95500183105469,19778000
2022-04-06,56.2490234375,60.20000076293945,61.159000396728516,59.37699890136719,60.20800018310547,23742000
2022-04-07,56.347137451171875,60.30500030517578,60.763999938964844,59.32400131225586,59.983001708984375,16583000
2022-04-08,54.847476959228516,58.70000076293945,59.85900115966797,58.59700012207031,59.737998962402344,20464000
2022-04-11,54.25041961669922,58.06100082397461,58.928001403808594,57.94300079345703,58.257999420166016,23512000
2022-04-12,54.667137145996094,58.50699996948242,59.85900115966797,58.21699905395508,58.9109992980957,17350000
2022-04-13,55.365116119384766,59.25400161743164,59.67100143432617,58.60499954223633,58.849998474121094,20266000
2022-04-14,53.61878204345703,57.3849983215332,59.70600128173828,57.2859992980957,59.499000549316406,27385000
2022-04-18,54.80075454711914,58.650001525878906,59.12200164794922,57.28499984741211,57.28499984741211,21375000
2022-04-19,55.839778900146484,59.762001037597656,59.869998931884766,57.93600082397461,57.93600082397461,16581000
2022-04-20,55.8491096496582,59.77199935913086,61.34299850463867,59.51300048828125,60.41999816894531,13920000
2022-04-21,55.38286590576172,59.27299880981445,61.58700180053711,59.066001892089844,60.55400085449219,20352000
2022-04-22,54.842803955078125,58.69499969482422,59.874000549316406,58.625999450683594,59.01100158691406,21064000
2022-04-25,54.92969512939453,58.78799819946289,58.875999450683594,57.11199951171875,58.14899826049805,26959000
2022-04-26,52.33121871948242,56.00699996948242,58.54600143432617,55.97100067138672,58.380001068115234,35809000
2022-04-27,52.28169631958008,55.95399856567383,57.007999420166016,55.5,55.57899856567383,19313000
2022-04-28,54.09437942504883,57.89400100708008,58.50199890136719,55.797000885009766,56.59400177001953,22334000
2022-04-29,51.80049514770508,55.43899917602539,57.827999114990234,55.34000015258789,57.262001037597656,26108000
2022-05-02,53.85236740112305,57.6349983215332,57.763999938964844,55.63800048828125,55.7140007019043,26725000
2022-05-03,54.302738189697266,58.117000579833984,58.67499923706055,57.176998138427734,57.60100173950195,17064000
2022-05-04,56.404144287109375,60.36600112915039,60.40700149536133,57.39799880981445,58.17900085449219,23896000
2022-05-05,54.19248580932617,57.999000549316406,59.7869987487793,57.42900085449219,59.42300033569336,32806000
2022-05-06,54.20276641845703,58.0099983215332,58.99800109863281,56.94300079345703,57.49399948120117,20745000
2022-05-09,52.597511291503906,56.29199981689453,57.79999923706055,56.027000427246094,57.28799819946289,30074000
2022-05-10,54.32329177856445,58.138999938964844,59.1150016784668,57.18000030517578,58.04899978637695,29271000
2022-05-11,52.989013671875,56.71099853515625,58.46900177001953,56.58599853515625,57.45800018310547,26660000
2022-05-12,53.40574645996094,57.15700149536133,57.361000061035156,55.82600021362305,56.34000015258789,25518000
2022-05-13,54.96333312988281,58.82400131225586,59.159000396728516,57.349998474121094,57.70500183105469,19449000
2022-05-16,54.442893981933594,58.266998291015625,58.91400146484375,57.76499938964844,58.4379997253418,14189000
2022-05-17,56.82366943359375,60.814998626708984,60.900001525878906,59.361000061035156,59.54499816894531,24676000
2022-05-18,53.31230163574219,57.05699920654297,60.071998596191406,56.61800003051758,60.0,35024000
2022-05-19,51.03617477416992,54.62099838256836,56.07500076293945,53.895999908447266,55.79999923706055,34884000
2022-05-20,50.75400161743164,54.319000244140625,55.499000549316406,51.24399948120117,55.38999938964844,40281000
2022-05-23,49.181461334228516,52.63600158691406,53.55699920654297,51.42599868774414,52.400001525878906,58586000
2022-05-24,48.979637145996094,52.41999816894531,52.887001037597656,51.61899948120117,52.66600036621094,25060000
2022-05-25,49.67387390136719,53.16299819946289,53.744998931884766,52.38999938964844,52.38999938964844,17842000
2022-05-26,51.45197677612305,55.066001892089844,55.457000732421875,52.77199935913086,53.15399932861328,39743000
2022-05-27,54.4998893737793,58.327999114990234,58.54600143432617,56.000999450683594,56.20899963378906,37301000
2022-05-31,54.205562591552734,58.01300048828125,58.702999114990234,57.599998474121094,58.45000076293945,30009000
2022-06-01,53.5972900390625,57.36199951171875,59.09400177001953,56.84299850463867,58.757999420166016,18345000
2022-06-02,53.88881301879883,57.67399978637695,57.777000427246094,56.8129997253418,57.775001525878906,29488000
2022-06-03,52.6348876953125,56.332000732421875,56.959999084472656,56.097999572753906,56.887001037597656,20562000
2022-06-06,52.439605712890625,56.12300109863281,57.27199935913086,55.75400161743164,57.152000427246094,14557000
2022-06-07,53.53841781616211,57.29899978637695,57.45399856567383,55.75299835205078,56.05400085449219,15895000
2022-06-08,52.82549285888672,56.5359992980957,57.62699890136719,56.2140007019043,57.18199920654297,24004000
2022-06-09,51.97148895263672,55.62200164794922,57.36399841308594,55.59299850463867,56.11600112915039,18787000
2022-06-10,50.57460021972656,54.12699890136719,55.104000091552734,53.97200012207031,55.00899887084961,24018000
2022-06-13,48.36482238769531,51.762001037597656,53.29999923706055,51.60200119018555,52.678001403808594,31619000
2022-06-14,48.60308074951172,52.016998291015625,52.49700164794922,51.45899963378906,52.49700164794922,24380000
2022-06-15,49.21416473388672,52.67100143432617,53.382999420166016,51.551998138427734,52.915000915527344,19141000
2022-06-16,46.454978942871094,49.71799850463867,51.44300079345703,49.22800064086914,51.19499969482422,37244000
2022-06-17,46.59232711791992,49.8650016784668,50.0359992980957,48.7869987487793,49.5,43504000
2022-06-21,47.4609489440918,50.37699890136719,51.090999603271484,50.28900146484375,50.40800094604492,21901000
2022-06-22,46.73834991455078,49.61000061035156,50.37699890136719,49.41999816894531,49.63100051879883,24721000
2022-06-23,46.7835807800293,49.65800094604492,50.17499923706055,49.10100173950195,50.17499923706055,16707000
2022-06-24,47.962162017822266,50.909000396728516,51.18000030517578,50.14500045776367,50.5,21201000
2022-06-27,47.64372634887695,50.57099914550781,51.40399932861328,50.28200149536133,51.380001068115234,13207000
2022-06-28,46.95975112915039,49.845001220703125,51.415000915527344,49.81100082397461,51.26100158691406,15667000
2022-06-29,46.20228958129883,49.04100036621094,49.59299850463867,48.66699981689453,49.54800033569336,14444000
2022-06-30,45.76891326904297,48.58100128173828,49.374000549316406,48.07099914550781,48.803001403808594,18890000
2022-07-01,45.01804733276367,47.784000396728516,48.426998138427734,46.94300079345703,47.941001892089844,21315000
2022-07-05,44.87296676635742,47.630001068115234,47.69300079345703,46.39099884033203,47.20000076293945,20711000
2022-07-06,45.467437744140625,48.26100158691406,48.70500183105469,47.54999923706055,48.053001403808594,22975000
2022-07-07,46.96822738647461,49.854000091552734,50.138999938964844,48.81100082397461,48.81100082397461,21319000
2022-07-08,46.98235321044922,49.86899948120117,49.9630012512207,49.0,49.29899978637695,12713000
2022-07-11,45.49099349975586,48.2859992980957,49.1619987487793,48.097999572753906,48.94900131225586,21449000
2022-07-12,45.35062026977539,48.137001037597656,49.2599983215332,48.00699996948242,48.78200149536133,21159000
2022-07-13,45.384525299072266,48.17300033569336,48.56399917602539,47.229000091552734,47.49800109863281,17665000
2022-07-14,45.658687591552734,48.4640007019043,48.667999267578125,47.34299850463867,48.244998931884766,19957000
2022-07-15,46.583839416503906,49.44599914550781,49.4739990234375,48.612998962402344,49.08300018310547,18714000
2022-07-18,46.26352310180664,49.10599899291992,50.24100112915039,48.819000244140625,50.01599884033203,18042000
2022-07-19,47.95368576049805,50.900001525878906,51.1349983215332,49.5890007019043,49.68000030517578,27257000
2022-07-20,48.21464538574219,51.176998138427734,51.76100158691406,50.446998596191406,50.95399856567383,27412000
2022-07-21,48.77143096923828,51.768001556396484,51.78099822998047,50.60200119018555,51.255001068115234,13912000
2022-07-22,48.28529739379883,51.25199890136719,51.979000091552734,50.667999267578125,51.88100051879883,17867000
2022-07-25,48.340885162353516,51.31100082397461,51.332000732421875,50.65299987792969,51.04600143432617,15061000
2022-07-26,48.15058517456055,51.10900115966797,51.680999755859375,50.891998291015625,51.4630012512207,17958000
2022-07-27,49.72391128540039,52.77899932861328,53.01900100708008,51.69300079345703,51.81999969482422,25699000
2022-07-28,50.27222442626953,53.361000061035156,53.652000427246094,52.05799865722656,52.85900115966797,14867000
2022-07-29,50.448402404785156,53.54800033569336,53.78300094604492,53.027000427246094,53.198001861572266,18482000
2022-08-01,50.532249450683594,53.637001037597656,53.979000091552734,53.04399871826172,53.143001556396484,11485000
2022-08-02,50.04611587524414,53.12099838256836,53.91999816894531,52.722999572753906,53.321998596191406,13072000
2022-08-03,51.50922393798828,54.67399978637695,54.79999923706055,53.4119987487793,53.52899932861328,19228000
2022-08-04,52.08014678955078,55.279998779296875,55.314998626708984,54.500999450683594,54.840999603271484,16293000
2022-08-05,51.952022552490234,55.14400100708008,55.20000076293945,54.327999114990234,54.4900016784668,14357000
2022-08-08,51.39522933959961,54.553001403808594,55.29899978637695,53.874000549316406,54.935001373291016,13722000
2022-08-09,50.195919036865234,53.279998779296875,53.935001373291016,52.775001525878906,53.909000396728516,20072000
2022-08-10,51.85498046875,55.04100036621094,55.10200119018555,53.92399978637695,54.60599899291992,19519000
2022-08-11,51.38580322265625,54.542999267578125,55.777000427246094,54.42499923706055,55.39500045776367,14268000
2022-08-12,52.591712951660156,55.823001861572266,55.840999603271484,54.564998626708984,54.78099822998047,18399000
2022-08-15,52.66048812866211,55.895999908447266,55.979000091552734,55.04999923706055,55.42300033569336,14329000
2022-08-16,51.9718017578125,55.165000915527344,55.79399871826172,54.60100173950195,55.75199890136719,14782000
2022-08-17,50.741397857666016,53.85900115966797,54.47100067138672,53.104000091552734,54.4370002746582,19022000
2022-08-18,52.61244201660156,55.845001220703125,56.055999755859375,54.16299819946289,54.340999603271484,23459000
2022-08-19,51.66843795776367,54.84299850463867,55.55799865722656,54.7869987487793,55.08599853515625,16923000
2022-08-22,49.81435775756836,52.875,54.308998107910156,52.70500183105469,54.25699996948242,18555000
2022-08-23,49.9113883972168,52.97800064086914,53.762001037597656,52.89099884033203,53.3849983215332,9003000
2022-08-24,50.011260986328125,53.08399963378906,53.130001068115234,52.34400177001953,52.95600128173828,11883000
2022-08-25,51.8286018371582,55.01300048828125,55.04800033569336,53.22600173950195,53.345001220703125,17345000
2022-08-26,49.07102584838867,52.08599853515625,55.0989990234375,52.0,54.88399887084961,25682000
2022-08-29,48.44169616699219,51.417999267578125,52.27399826049805,51.20000076293945,52.0,16580000
2022-08-30,47.70779037475586,50.638999938964844,51.79100036621094,50.138999938964844,51.683998107910156,18282000
2022-08-31,47.02193069458008,49.9109992980957,51.01599884033203,49.65399932861328,51.01599884033203,32445000
2022-09-01,46.35302734375,49.20100021362305,49.32899856567383,48.08399963378906,49.14699935913086,31930000
2022-09-02,47.126495361328125,50.02199935913086,51.98099899291992,49.83000183105469,51.79999923706055,40426000
2022-09-06,46.936195373535156,49.81999969482422,50.400001525878906,49.0369987487793,49.85300064086914,24738000
2022-09-07,47.58908462524414,50.51300048828125,50.94300079345703,49.90800094604492,50.29100036621094,20440000
2022-09-08,48.2297248840332,51.19300079345703,51.27399826049805,49.869998931884766,50.2599983215332,22535000
2022-09-09,49.21611785888672,52.2400016784668,52.59700012207031,51.54399871826172,51.54399871826172,23019000
2022-09-12,49.843563079833984,52.90599822998047,53.125999450683594,52.45600128173828,52.67499923706055,18157000
2022-09-13,47.44964599609375,50.3650016784668,51.82699966430664,50.167999267578125,51.38399887084961,35136000
2022-09-14,48.118553161621094,51.07500076293945,51.29999923706055,50.277000427246094,50.7130012512207,20605000
2022-09-15,47.11896514892578,50.013999938964844,51.15599822998047,49.72800064086914,50.893001556396484,36574000
2022-09-16,47.34130096435547,50.25,50.36899948120117,48.986000061035156,49.77199935913086,59012000
2022-09-19,47.27912521362305,50.183998107910156,50.3390007019043,49.44200134277344,49.44200134277344,17948000
2022-09-20,46.45195007324219,49.305999755859375,49.882999420166016,48.97200012207031,49.599998474121094,17132000
2022-09-21,45.804039001464844,48.2140007019043,49.987998962402344,48.176998138427734,49.0989990234375,20669000
2022-09-22,45.37368392944336,47.76100158691406,48.32099914550781,47.29999923706055,48.24300003051758,23540000
2022-09-23,44.52531814575195,46.86800003051758,47.79899978637695,46.20000076293945,47.494998931884766,29649000
2022-09-26,43.91541290283203,46.22600173950195,47.33000183105469,46.13100051879883,46.89799880981445,19361000
2022-09-27,44.15195846557617,46.474998474121094,46.98899841308594,45.6510009765625,46.95500183105469,17850000
2022-09-28,44.266910552978516,46.59600067138672,46.875,45.6349983215332,46.13399887084961,27605000
2022-09-29,42.763038635253906,45.01300048828125,46.137001037597656,44.487998962402344,46.09000015258789,39997000
2022-09-30,42.18163299560547,44.4010009765625,45.78200149536133,44.36399841308594,44.90599822998047,27202000
2022-10-03,43.39480209350586,45.678001403808594,46.095001220703125,44.696998596191406,44.92399978637695,21479000
2022-10-04,45.587440490722656,47.986000061035156,48.01599884033203,46.58599853515625,46.849998474121094,27277000
2022-10-05,46.056739807128906,48.47999954223633,48.808998107910156,47.145999908447266,47.255001068115234,18493000
2022-10-06,45.55323791503906,47.95000076293945,48.970001220703125,47.87200164794922,48.37900161743164,17250000
2022-10-07,43.74630355834961,46.04800033569336,47.33399963378906,45.902000427246094,47.237998962402344,28425000
2022-10-10,41.58217239379883,43.77000045776367,46.0099983215332,43.183998107910156,46.0,33454000
2022-10-11,40.92285919189453,43.07600021362305,43.869998931884766,42.55799865722656,43.52000045776367,28046000
2022-10-12,40.90481185913086,43.05699920654297,43.571998596191406,42.80099868774414,43.224998474121094,15046000
2022-10-13,41.60782241821289,43.797000885009766,44.37699890136719,41.50699996948242,41.742000579833984,27980000
2022-10-14,40.57515335083008,42.709999084472656,44.395999908447266,42.64099884033203,44.327999114990234,22816000
2022-10-17,41.36082077026367,43.5369987487793,44.124000549316406,43.3390007019043,43.95500183105469,24120000
2022-10-18,41.30952072143555,43.483001708984375,44.85499954223633,43.01599884033203,44.82099914550781,20341000
2022-10-19,41.354164123535156,43.529998779296875,43.83000183105469,43.0880012512207,43.323001861572266,12702000
2022-10-20,40.879154205322266,43.029998779296875,44.21900177001953,42.81399917602539,43.51300048828125,23402000
2022-10-21,42.725040435791016,44.972999572753906,45.066001892089844,42.91699981689453,43.20899963378906,26980000
2022-10-24,43.37010192871094,45.652000427246094,45.87900161743164,45.111000061035156,45.27299880981445,25287000
2022-10-25,43.70736312866211,46.00699996948242,46.42599868774414,45.68299865722656,45.79899978637695,18246000
2022-10-26,43.812808990478516,46.11800003051758,47.17599868774414,45.534000396728516,45.79899978637695,29291000
2022-10-27,43.263702392578125,45.540000915527344,47.07699966430664,45.49100112915039,46.60499954223633,18512000
2022-10-28,44.92621994018555,47.290000915527344,47.433998107910156,45.564998626708984,45.69599914550781,23094000
2022-10-31,44.66211700439453,47.012001037597656,47.28099822998047,46.500999450683594,46.685001373291016,19259000
2022-11-01,44.45121765136719,46.790000915527344,47.68299865722656,46.31700134277344,47.58000183105469,16324000
2022-11-02,43.323551177978516,45.60300064086914,48.04499816894531,45.571998596191406,47.02799987792969,21070000
2022-11-03,42.19207763671875,44.4119987487793,45.2859992980957,44.13600158691406,45.09400177001953,23887000
2022-11-04,44.20420837402344,46.529998779296875,46.888999938964844,45.327999114990234,45.68600082397461,28891000
2022-11-07,45.14663314819336,47.52199935913086,47.77399826049805,46.15700149536133,46.676998138427734,17687000
2022-11-08,45.80118942260742,48.21099853515625,48.880001068115234,47.349998474121094,48.125,20743000
2022-11-09,44.600364685058594,46.946998596191406,47.900001525878906,46.90299987792969,47.849998474121094,23695000
2022-11-10,48.12492752075195,50.65700149536133,50.71699905395508,48.71900177001953,49.099998474121094,33970000
2022-11-11,49.2193489074707,51.808998107910156,51.900001525878906,50.20000076293945,50.47999954223633,26728000
2022-11-14,48.756683349609375,51.321998596191406,52.50199890136719,51.29999923706055,51.53900146484375,21608000
2022-11-15,49.820701599121094,52.44200134277344,53.25699996948242,51.590999603271484,52.99599838256836,23315000
2022-11-16,48.615142822265625,51.17300033569336,51.854000091552734,51.02799987792969,51.672000885009766,25405000
2022-11-17,48.65123748779297,51.21099853515625,51.27399826049805,50.31399917602539,50.5,20375000
2022-11-18,48.94098663330078,51.51599884033203,51.77299880981445,51.099998474121094,51.6870002746582,14536000
2022-11-21,49.1575927734375,51.74399948120117,52.084999084472656,51.111000061035156,51.29399871826172,18622000
2022-11-22,50.355567932128906,53.005001068115234,53.02799987792969,51.9010009765625,52.297000885009766,18920000
2022-11-23,50.696617126464844,53.36399841308594,54.14799880981445,52.880001068115234,53.03499984741211,13964000
2022-11-25,50.34225845336914,52.99100112915039,53.45800018310547,52.948001861572266,53.069000244140625,7455000
2022-11-28,49.610748291015625,52.22100067138672,52.875999450683594,51.624000549316406,52.52399826049805,23505000
2022-11-29,49.53284454345703,52.138999938964844,52.584999084472656,51.483001708984375,52.29999923706055,12694000
2022-11-30,52.348690032958984,55.10300064086914,55.16600036621094,51.78300094604492,52.4109992980957,47349000
2022-12-01,52.32209014892578,55.07500076293945,55.242000579833984,54.19599914550781,55.10300064086914,23006000
2022-12-02,51.376834869384766,54.08000183105469,54.27000045776367,53.608001708984375,53.70500183105469,19320000
2022-12-05,50.41161346435547,53.06399917602539,53.948001861572266,52.54899978637695,53.777000427246094,18548000
2022-12-06,49.953704833984375,52.582000732421875,53.356998443603516,52.17499923706055,53.064998626708984,19655000
2022-12-07,49.2582893371582,51.849998474121094,52.5,51.60499954223633,51.959999084472656,16524000
2022-12-08,50.45341491699219,53.108001708984375,53.242000579833984,52.03799819946289,52.08100128173828,27514000
2022-12-09,51.74923324584961,54.47200012207031,55.263999938964844,54.099998474121094,55.09400177001953,37028000
2022-12-12,52.880699157714844,55.66299819946289,55.6870002746582,54.2239990234375,54.474998474121094,23416000
2022-12-13,54.249671936035156,57.104000091552734,58.183998107910156,56.50299835205078,57.582000732421875,40414000
2022-12-14,54.57268142700195,57.444000244140625,58.564998626708984,56.77299880981445,56.85499954223633,35218000
2022-12-15,53.0108528137207,55.79999923706055,56.64899826049805,55.77000045776367,56.37799835205078,36876000
2022-12-16,52.81230545043945,55.590999603271484,55.97999954223633,55.08700180053711,55.744998931884766,49549000
2022-12-19,52.6513671875,54.9630012512207,55.64799880981445,54.571998596191406,55.402000427246094,25092000
2022-12-20,52.11396026611328,54.402000427246094,54.900001525878906,54.09199905395508,54.516998291015625,29831000
2022-12-21,53.7625846862793,56.12300109863281,56.191001892089844,54.69499969482422,54.766998291015625,25619000
2022-12-22,52.982810974121094,55.308998107910156,55.49399948120117,54.720001220703125,55.334999084472656,27553000
2022-12-23,52.91958999633789,55.24300003051758,55.36199951171875,54.744998931884766,55.0,13761000
2022-12-27,53.02592086791992,55.354000091552734,55.81100082397461,54.694000244140625,55.154998779296875,16677000
2022-12-28,52.19729995727539,54.48899841308594,55.777000427246094,54.244998931884766,55.16400146484375,15410000
2022-12-29,53.434967041015625,55.78099822998047,56.2599983215332,55.04999923706055,55.185001373291016,18176000
2022-12-30,53.5614128112793,55.91299819946289,55.96500015258789,54.80099868774414,55.18199920654297,14376000
2023-01-03,53.020172119140625,55.347999572753906,56.75699996948242,55.07899856567383,56.5,20173000
2023-01-04,53.66774368286133,56.02399826049805,56.816001892089844,55.60300064086914,56.29899978637695,17074000
2023-01-05,53.167701721191406,55.50199890136719,55.98400115966797,55.11199951171875,55.57099914550781,16277000
2023-01-06,56.36817932128906,58.84299850463867,59.099998474121094,56.22999954223633,56.3120002746582,35261000
2023-01-09,55.262718200683594,57.68899917602539,60.16699981689453,56.055999755859375,59.22999954223633,37739000
2023-01-10,55.07496643066406,57.49300003051758,57.51300048828125,54.999000549316406,57.20000076293945,44635000
2023-01-11,55.38246154785156,57.81399917602539,57.83399963378906,56.6870002746582,57.29999923706055,22502000
2023-01-12,55.74647521972656,58.194000244140625,58.51100158691406,57.375999450683594,57.558998107910156,19514000
2023-01-13,55.464847564697266,57.900001525878906,58.19300079345703,57.66699981689453,57.71500015258789,19647000
2023-01-17,55.487831115722656,57.92399978637695,58.5359992980957,57.45399856567383,57.4900016784668,15835000
2023-01-18,55.01365661621094,57.42900085449219,58.75600051879883,57.37200164794922,58.32099914550781,15703000
2023-01-19,53.953208923339844,56.321998596191406,57.00600051879883,56.03099822998047,56.9119987487793,22692000
2023-01-20,54.67741394042969,57.077999114990234,57.13600158691406,55.9109992980957,56.303001403808594,22950000
2023-01-23,55.7167854309082,58.16299819946289,58.479000091552734,56.97800064086914,57.20000076293945,23429000
2023-01-24,56.042484283447266,58.50299835205078,58.66899871826172,57.5629997253418,57.84400177001953,13825000
2023-01-25,56.10475540161133,58.56800079345703,58.696998596191406,57.604000091552734,57.766998291015625,13766000
2023-01-26,57.34049606323242,59.858001708984375,60.055999755859375,58.625999450683594,59.04100036621094,24525000
2023-01-27,56.61341857910156,59.0989990234375,59.92499923706055,59.01900100708008,59.332000732421875,19344000
2023-01-30,55.69953918457031,58.14500045776367,58.96099853515625,57.97600173950195,58.29999923706055,16984000
2023-01-31,56.040557861328125,58.500999450683594,58.722999572753906,58.07400131225586,58.207000732421875,23719000
2023-02-01,57.739967346191406,60.275001525878906,60.83000183105469,58.27000045776367,58.356998443603516,26553000
2023-02-02,58.02925109863281,60.57699966430664,61.31399917602539,59.974998474121094,60.76300048828125,24188000
2023-02-03,57.24852752685547,59.762001037597656,60.80400085449219,59.625,59.79999923706055,19093000
2023-02-06,57.60105895996094,60.130001068115234,60.321998596191406,59.22600173950195,59.33399963378906,18709000
2023-02-07,58.860748291015625,61.44499969482422,61.70100021362305,59.97200012207031,60.066001892089844,24025000
2023-02-08,57.64033508300781,60.17100143432617,61.018001556396484,60.0620002746582,60.667999267578125,15290000
2023-02-09,57.42000198364258,59.941001892089844,61.49300003051758,59.54800033569336,61.2599983215332,18837000
2023-02-10,56.82991027832031,59.32500076293945,59.84600067138672,58.9630012512207,59.63100051879883,21035000
2023-02-13,57.58381652832031,60.11199951171875,60.14799880981445,59.34700012207031,59.5,19847000
2023-02-14,57.69780731201172,60.23099899291992,60.55799865722656,59.332000732421875,59.41699981689453,17571000
2023-02-15,58.21318435668945,60.76900100708008,60.827999114990234,59.66999816894531,59.88600158691406,12683000
2023-02-16,57.52825164794922,60.05400085449219,60.89400100708008,59.95500183105469,60.07500076293945,17449000
2023-02-17,57.05406951904297,59.558998107910156,60.084999084472656,59.244998931884766,60.0,14215000
2023-02-21,55.708160400390625,58.15399932861328,59.308998107910156,57.98400115966797,59.0,22737000
2023-02-22,55.193748474121094,57.617000579833984,58.308998107910156,57.209999084472656,58.224998474121094,23475000
2023-02-23,55.92465591430664,58.380001068115234,58.59400177001953,57.36800003051758,58.57500076293945,18939000
2023-02-24,55.3451042175293,57.775001525878906,58.02399826049805,57.361000061035156,57.75299835205078,15353000
2023-02-27,56.08271026611328,58.54499816894531,58.97999954223633,58.42599868774414,58.58700180053711,18321000
2023-02-28,56.929534912109375,59.42900085449219,59.858001708984375,58.21799850463867,58.555999755859375,27822000
2023-03-01,56.860565185546875,59.356998443603516,59.82099914550781,59.029998779296875,59.400001525878906,15484000
2023-03-02,57.34720230102539,59.8650016784668,60.09400177001953,58.612998962402344,58.93899917602539,27525000
2023-03-03,60.61473846435547,63.2760009765625,63.573001861572266,61.57500076293945,61.77000045776367,46088000
2023-03-06,60.63006591796875,63.29199981689453,64.40499877929688,63.17300033569336,63.5,24983000
2023-03-07,59.8857421875,62.51499938964844,63.577999114990234,62.35100173950195,63.48699951171875,19334000
2023-03-08,60.56684494018555,63.22600173950195,63.27299880981445,62.367000579833984,62.77799987792969,20912000
2023-03-09,59.63380813598633,62.25199890136719,64.24400329589844,62.1879997253418,63.007999420166016,21775000
2023-03-10,58.89715576171875,61.483001708984375,63.01599884033203,61.28200149536133,62.819000244140625,26098000
2023-03-13,59.05424118041992,61.64699935913086,62.43899917602539,60.6879997253418,60.70899963378906,22364000
2023-03-14,60.58599853515625,63.24599838256836,63.33700180053711,61.849998474121094,62.3390007019043,25893000
2023-03-15,59.97100067138672,62.604000091552734,63.00699996948242,61.619998931884766,62.766998291015625,22963000
2023-03-16,60.9730110168457,63.650001525878906,63.707000732421875,61.78099822998047,62.185001373291016,31716000
2023-03-17,60.443267822265625,63.09700012207031,63.957000732421875,62.70800018310547,63.650001525878906,79303000
2023-03-20,61.66368865966797,64.37100219726562,64.4739990234375,63.15999984741211,63.27399826049805,25857000
2023-03-21,61.43598937988281,63.67499923706055,64.65899658203125,63.43299865722656,64.30899810791016,25000000
2023-03-22,60.873477935791016,63.09199905395508,64.8499984741211,63.06700134277344,63.689998626708984,25799000
2023-03-23,61.675262451171875,63.92300033569336,64.81800079345703,63.15299987792969,63.88999938964844,27162000
2023-03-24,61.38002395629883,63.617000579833984,63.93000030517578,62.85499954223633,63.803001403808594,17228000
2023-03-27,60.479827880859375,62.683998107910156,63.90999984741211,62.5989990234375,63.900001525878906,14707000
2023-03-28,60.27336120605469,62.470001220703125,62.65399932861328,61.88600158691406,62.52299880981445,12439000
2023-03-29,60.35053634643555,62.54999923706055,63.4010009765625,62.4640007019043,63.27799987792969,26395000
2023-03-30,61.14653015136719,63.375,63.60499954223633,62.93000030517578,63.27299880981445,21523000
2023-03-31,61.89813232421875,64.15399932861328,64.22200012207031,62.590999603271484,63.05400085449219,22097000
2023-04-03,61.98787307739258,64.24700164794922,64.38999938964844,63.64400100708008,63.900001525878906,15682000
2023-04-04,61.21021270751953,63.441001892089844,64.42400360107422,63.20000076293945,64.31500244140625,13429000
2023-04-05,60.689205169677734,62.9010009765625,63.16999816894531,62.56999969482422,63.11399841308594,16908000
2023-04-06,60.07460021972656,62.263999938964844,62.84000015258789,61.89699935913086,62.41600036621094,14493000
2023-04-10,60.53289794921875,62.73899841308594,62.7869987487793,61.64500045776367,61.80500030517578,15400000
2023-04-11,59.97136688232422,62.15700149536133,63.0880012512207,62.082000732421875,63.077999114990234,16518000
2023-04-12,59.50148391723633,61.66999816894531,62.75199890136719,61.625999450683594,62.73400115966797,14112000
2023-04-13,60.228973388671875,62.42399978637695,62.650001525878906,61.71099853515625,61.90700149536133,17265000
2023-04-14,59.77549743652344,61.95399856567383,62.803001403808594,61.520999908447266,62.04800033569336,17465000
2023-04-17,60.53000259399414,62.736000061035156,62.83399963378906,61.78099822998047,61.861000061035156,13201000
2023-04-18,61.008567810058594,63.231998443603516,63.54999923706055,62.7130012512207,63.1619987487793,16806000
2023-04-19,61.21889877319336,63.45000076293945,63.67900085449219,62.55500030517578,62.67900085449219,19060000
2023-04-20,61.07610321044922,63.301998138427734,64.27300262451172,62.7140007019043,62.7859992980957,20239000
2023-04-21,61.06452560424805,63.290000915527344,63.380001068115234,62.19900131225586,63.060001373291016,14807000
2023-04-24,61.22275161743164,63.45399856567383,63.8849983215332,63.17900085449219,63.36399841308594,12338000
2023-04-25,60.01477813720703,62.20199966430664,63.5989990234375,62.17399978637695,63.39899826049805,23670000
2023-04-26,59.45227813720703,61.61899948120117,62.3129997253418,61.35100173950195,61.99700164794922,17179000
2023-04-27,59.66647720336914,61.840999603271484,62.00899887084961,60.323001861572266,61.61899948120117,18250000
2023-04-28,60.4470329284668,62.650001525878906,62.678001403808594,61.45600128173828,61.90700149536133,16183000
2023-05-01,61.551761627197266,63.79499816894531,63.89899826049805,62.619998931884766,62.650001525878906,17030000
2023-05-02,59.0808219909668,61.23400115966797,62.650001525878906,60.50199890136719,62.57600021362305,28357000
2023-05-03,59.163795471191406,61.31999969482422,62.19499969482422,61.2400016784668,61.689998626708984,19816000
2023-05-04,58.87047576904297,61.01599884033203,61.395999908447266,60.12900161743164,61.0,17684000
2023-05-05,60.79629898071289,63.012001037597656,63.14699935913086,61.33700180053711,61.595001220703125,24876000
2023-05-08,60.69403076171875,62.90599822998047,63.073001861572266,62.05799865722656,62.97800064086914,13934000
2023-05-09,59.676124572753906,61.85100173950195,62.40700149536133,61.58599853515625,62.27299880981445,16990000
2023-05-10,60.42483139038086,62.62699890136719,62.79999923706055,61.82699966430664,62.20600128173828,19174000
2023-05-11,60.559913635253906,62.766998291015625,62.847999572753906,61.79899978637695,62.65800094604492,14430000
2023-05-12,60.89567565917969,63.1150016784668,63.27000045776367,62.42100143432617,62.8380012512207,11942000
2023-05-15,61.730262756347656,63.97999954223633,64.00199890136719,62.84700012207031,63.1870002746582,14614000
2023-05-16,61.88848876953125,64.14399719238281,64.69100189208984,63.87300109863281,64.0459976196289,14967000
2023-05-17,63.43513870239258,65.74700164794922,66.08999633789062,64.45800018310547,64.73500061035156,24133000
2023-05-18,65.40628051757812,67.79000091552734,67.93599700927734,65.5999984741211,65.5999984741211,26389000
2023-05-19,65.82599639892578,68.2249984741211,68.49500274658203,67.84100341796875,68.0,22968000
2023-05-22,65.4516372680664,67.83699798583984,68.46800231933594,67.41200256347656,68.13999938964844,17796000
2023-05-23,66.23603057861328,68.6500015258789,69.89900207519531,68.2020034790039,69.06400299072266,36088000
2023-05-24,65.56354522705078,67.9530029296875,68.43099975585938,67.60600280761719,68.14399719238281,23021000
2023-05-25,70.31732177734375,72.87999725341797,73.23899841308594,69.0770034790039,69.94100189208984,49263000
2023-05-26,78.4151840209961,81.27300262451172,81.49800109863281,74.7020034790039,74.74299621582031,82500000
2023-05-30,77.50919342041016,80.33399963378906,92.1780014038086,79.88099670410156,83.51200103759766,116912000
2023-05-31,77.9549560546875,80.7959976196289,82.16699981689453,79.01300048828125,79.48999786376953,89998000
2023-06-01,76.21729278564453,78.99500274658203,80.5790023803711,78.51599884033203,80.06199645996094,80792000
2023-06-02,78.34475708007812,81.19999694824219,82.37699890136719,78.72000122070312,79.06400299072266,62815000
2023-06-05,77.40885925292969,80.2300033569336,80.91999816894531,79.447998046875,80.91999816894531,26222000
2023-06-06,76.22210693359375,79.0,80.19999694824219,77.63800048828125,80.19999694824219,37823000
2023-06-07,76.4758529663086,79.26300048828125,80.54499816894531,78.7509994506836,78.98200225830078,28957000
2023-06-08,77.59217834472656,80.41999816894531,80.5009994506836,78.87799835205078,79.49099731445312,21909000
2023-06-09,77.6327133178711,80.46199798583984,81.7750015258789,80.38800048828125,80.58000183105469,19241000
2023-06-12,82.52828979492188,85.53600311279297,85.80000305175781,81.11199951171875,81.11199951171875,51065000
2023-06-13,82.11919403076172,85.11199951171875,86.32599639892578,84.0999984741211,86.11299896240234,38990000
2023-06-14,85.50190734863281,88.61799621582031,88.85399627685547,84.72200012207031,85.58999633789062,43524000
2023-06-15,85.23658752441406,88.34300231933594,88.7969970703125,87.10199737548828,88.44100189208984,33814000
2023-06-16,83.75846099853516,86.81099700927734,88.99500274658203,86.54499816894531,88.9280014038086,68299000
2023-06-20,83.750732421875,86.8030014038086,87.70700073242188,86.10099792480469,86.26599884033203,27535000
2023-06-21,82.22107696533203,84.76599884033203,86.5999984741211,84.45999908447266,86.0,23229000
2023-06-22,81.71377563476562,84.24299621582031,84.89099884033203,83.53099822998047,84.50900268554688,23464000
2023-06-23,79.74665832519531,82.21499633789062,83.60199737548828,81.88500213623047,83.4010009765625,37413000
2023-06-26,79.69622802734375,82.16300201416016,83.69999694824219,82.02200317382812,82.5,21372000
2023-06-27,82.29285430908203,84.83999633789062,85.0,82.0999984741211,82.86799621582031,24923000
2023-06-28,82.24823760986328,84.79399871826172,85.85299682617188,83.70600128173828,83.87300109863281,19445000
2023-06-29,83.66730499267578,86.25700378417969,86.28399658203125,84.64099884033203,85.44499969482422,23386000
2023-06-30,84.13871765136719,86.74299621582031,87.45700073242188,86.43299865722656,86.85199737548828,23145000
2023-07-03,85.01265716552734,87.64399719238281,87.6729965209961,86.49199676513672,86.86199951171875,9038000
2023-07-05,83.59844970703125,86.18599700927734,87.69000244140625,86.17500305175781,86.73999786376953,14440000
2023-07-06,82.2540512084961,84.80000305175781,85.38999938964844,84.43299865722656,84.5,23939000
2023-07-07,82.13282012939453,84.67500305175781,85.79900360107422,84.46600341796875,85.04299926757812,19409000
2023-07-10,85.1377944946289,87.77300262451172,87.91699981689453,84.8280029296875,84.8280029296875,30622000
2023-07-11,85.55683135986328,88.20500183105469,88.30000305175781,86.46299743652344,88.11100006103516,25498000
2023-07-12,86.3231201171875,88.99500274658203,89.75900268554688,88.19999694824219,88.9000015258789,28197000
2023-07-13,86.36287689208984,89.03600311279297,89.89399719238281,87.8270034790039,89.89399719238281,25912000
2023-07-14,86.19023132324219,88.85800170898438,90.33499908447266,88.61599731445312,88.61599731445312,18510000
2023-07-17,88.3018569946289,91.03500366210938,91.32099914550781,88.97799682617188,89.10099792480469,26819000
2023-07-18,87.63063049316406,90.34300231933594,90.98999786376953,89.82599639892578,90.5979995727539,24513000
2023-07-19,87.43082427978516,90.13700103759766,90.59700012207031,88.56300354003906,89.72699737548828,24118000
2023-07-20,86.16693115234375,88.83399963378906,90.69999694824219,88.5999984741211,89.25399780273438,28268000
2023-07-21,86.98269653320312,89.67500305175781,91.11499786376953,89.38300323486328,90.4489974975586,74287000
2023-07-24,87.4521484375,90.15899658203125,90.54399871826172,89.4229965209961,90.08000183105469,19992000
2023-07-25,89.04291534423828,91.79900360107422,92.31800079345703,90.06199645996094,90.06199645996094,20042000
2023-07-26,86.62767791748047,89.30899810791016,91.06199645996094,88.76499938964844,90.9000015258789,19877000
2023-07-27,86.67035675048828,89.35299682617188,90.98500061035156,88.5999984741211,90.8499984741211,21922000
2023-07-28,87.27754974365234,89.97899627685547,90.35600280761719,89.3949966430664,89.93199920654297,18791000
2023-07-31,87.1669921875,89.86499786376953,90.0999984741211,89.0999984741211,89.75,14952000
2023-08-01,89.2378921508789,92.0,92.06199645996094,89.7699966430664,89.89800262451172,19683000
2023-08-02,86.55106353759766,89.2300033569336,91.30000305175781,89.02899932861328,91.2300033569336,26877000
2023-08-03,85.84103393554688,88.49800109863281,89.53299713134766,88.10800170898438,88.66200256347656,18281000
2023-08-04,85.51802825927734,88.16500091552734,89.36199951171875,87.33699798583984,88.49800109863281,21156000
2023-08-07,87.01275634765625,89.70600128173828,89.73699951171875,88.5270004272461,88.76799774169922,11146000
2023-08-08,85.66448211669922,88.31600189208984,89.05999755859375,87.33999633789062,89.00900268554688,14081000
2023-08-09,82.51886749267578,85.072998046875,88.35299682617188,84.87200164794922,88.27200317382812,24672000
2023-08-10,81.75936126708984,84.29000091552734,86.1500015258789,83.70700073242188,85.31199645996094,20186000
2023-08-11,80.48481750488281,82.97599792480469,83.63999938964844,82.3479995727539,83.4010009765625,20331000
2023-08-14,82.84573364257812,85.41000366210938,85.41799926757812,82.73799896240234,83.11299896240234,17688000
2023-08-15,81.72250366210938,84.25199890136719,85.46199798583984,83.64600372314453,84.9209976196289,14035000
2023-08-16,80.79812622070312,83.29900360107422,85.44999694824219,83.19599914550781,84.77899932861328,16003000
2023-08-17,80.22679901123047,82.70999908447266,83.94200134277344,82.70099639892578,83.6510009765625,19228000
2023-08-18,80.1045913696289,82.58399963378906,82.81700134277344,81.19999694824219,82.0,17759000
2023-08-21,83.91659545898438,86.51399993896484,86.73400115966797,83.177001953125,83.40599822998047,30012000
2023-08-22,83.0096664428711,85.5790023803711,87.4749984741211,85.08799743652344,87.34100341796875,17079000
2023-08-23,85.02625274658203,87.65799713134766,87.81900024414062,85.0,85.0770034790039,19692000
2023-08-24,82.88066101074219,85.44599914550781,90.98600006103516,85.24600219726562,90.23500061035156,30934000
2023-08-25,82.62458801269531,85.18199920654297,86.94400024414062,83.76699829101562,85.7020034790039,24181000
2023-08-28,83.52278900146484,86.10800170898438,86.41300201416016,84.71099853515625,85.63899993896484,14306000
2023-08-29,86.32115936279297,88.99299621582031,89.28399658203125,85.64199829101562,85.83999633789062,27822000
2023-08-30,86.54910278320312,89.22799682617188,89.87100219726562,87.91100311279297,89.23899841308594,23234000
2023-08-31,89.5182113647461,92.28900146484375,92.36699676513672,89.37699890136719,89.8010025024414,55203000
2023-09-01,84.63245391845703,87.25199890136719,90.18699645996094,86.46600341796875,90.18699645996094,65017000
2023-09-05,84.59848022460938,87.21700286865234,88.30000305175781,86.69999694824219,86.95099639892578,24808000
2023-09-06,84.6081771850586,87.22699737548828,87.73699951171875,86.67400360107422,87.25,20142000
2023-09-07,83.12994384765625,85.7030029296875,86.16899871826172,84.052001953125,85.94999694824219,27789000
2023-09-08,83.18038940429688,85.75499725341797,86.08300018310547,85.01200103759766,85.5,16810000
2023-09-11,83.33460235595703,85.91400146484375,86.9000015258789,84.56500244140625,86.87699890136719,15710000
2023-09-12,81.91650390625,84.4520034790039,85.8270034790039,84.16600036621094,85.02400207519531,16680000
2023-09-13,82.73225402832031,85.29299926757812,85.91100311279297,84.42400360107422,84.71900177001953,17413000
2023-09-14,84.54708862304688,87.16400146484375,87.66699981689453,85.5,85.90299987792969,19648000
2023-09-15,82.61100769042969,85.16799926757812,86.81600189208984,84.29000091552734,86.81600189208984,50190000
2023-09-18,82.44804382324219,85.0,85.63300323486328,84.0,84.25800323486328,16541000
2023-09-19,82.37044525146484,84.91999816894531,85.10299682617188,83.8499984741211,84.5989990234375,13126000
2023-09-20,81.00215911865234,83.05699920654297,84.9990005493164,83.03500366210938,84.9990005493164,13681000
2023-09-21,78.83610534667969,80.83599853515625,82.25,79.50900268554688,79.51100158691406,53654000
2023-09-22,80.85684967041016,82.90799713134766,83.05799865722656,81.03800201416016,81.1240005493164,27764000
2023-09-25,81.32595825195312,83.38899993896484,83.85600280761719,82.3010025024414,82.80000305175781,15648000
2023-09-26,79.59974670410156,81.61900329589844,83.0270004272461,81.12100219726562,82.91699981689453,17641000
2023-09-27,79.66020965576172,81.68099975585938,82.36799621582031,80.43800354003906,81.9260025024414,15352000
2023-09-28,81.1416244506836,83.19999694824219,83.88600158691406,81.46800231933594,82.01699829101562,16180000
2023-09-29,81.00312805175781,83.05799865722656,84.40399932861328,82.29100036621094,83.6449966430664,16481000
2023-10-02,81.42931365966797,83.49500274658203,83.85600280761719,82.3499984741211,82.90599822998047,14676000
2023-10-03,79.46710205078125,81.48300170898438,83.57499694824219,80.89099884033203,82.69999694824219,18761000
2023-10-04,80.34288787841797,82.38099670410156,83.05799865722656,81.62999725341797,82.03299713134766,16417000
2023-10-05,80.34777069091797,82.38600158691406,82.86299896240234,81.5479965209961,82.01100158691406,11474000
2023-10-06,82.43482971191406,84.5260009765625,84.83899688720703,81.1719970703125,81.94000244140625,21103000
2023-10-09,83.47053527832031,85.58799743652344,85.66100311279297,83.78299713134766,84.0459976196289,15760000
2023-10-10,83.71729278564453,85.84100341796875,87.25499725341797,85.5719985961914,85.71499633789062,14718000
2023-10-11,85.2923355102539,87.45600128173828,87.53399658203125,85.65499877929688,85.97100067138672,14334000
2023-10-12,88.31954956054688,90.55999755859375,91.79299926757812,87.64299774169922,87.64299774169922,43871000
2023-10-13,86.13301086425781,88.31800079345703,92.59100341796875,88.20899963378906,90.9000015258789,28312000
2023-10-16,88.02403259277344,90.25700378417969,91.5790023803711,89.09700012207031,89.09700012207031,21150000
2023-10-17,86.25198364257812,88.44000244140625,89.2979965209961,86.5999984741211,88.51499938964844,33008000
2023-10-18,86.50849151611328,88.7030029296875,89.56300354003906,87.5199966430664,87.99500274658203,20404000
2023-10-19,84.63597869873047,86.78299713134766,88.9489974975586,86.56700134277344,88.7020034790039,26620000
2023-10-20,83.25111389160156,85.36299896240234,87.48999786376953,85.18399810791016,87.48999786376953,26953000
2023-10-23,84.08885955810547,86.22200012207031,87.36000061035156,84.28199768066406,85.7959976196289,16456000
2023-10-24,85.9311294555664,88.11100006103516,88.30000305175781,86.31199645996094,86.4000015258789,14972000
2023-10-25,82.86101531982422,84.96299743652344,87.87300109863281,84.60800170898438,87.70700073242188,21432000
2023-10-26,80.6296157836914,82.67500305175781,85.44200134277344,81.83399963378906,84.79100036621094,27917000
2023-10-27,81.76189422607422,83.83599853515625,84.02100372314453,82.85399627685547,83.0,18236000
2023-10-30,82.04373931884766,84.125,84.94300079345703,82.71499633789062,84.11000061035156,20889000
2023-10-31,82.0554428100586,84.13700103759766,84.55000305175781,83.26000213623047,84.38899993896484,14747000
2023-11-01,83.18382263183594,85.29399871826172,85.38300323486328,83.55699920654297,84.19999694824219,18684000
2023-11-02,84.97439575195312,87.12999725341797,88.05000305175781,86.0,86.19999694824219,18759000
2023-11-03,86.0842514038086,88.26799774169922,88.75,87.10600280761719,87.75,18041000
2023-11-06,85.90381622314453,88.08300018310547,88.58899688720703,87.12100219726562,88.15599822998047,12870000
2023-11-07,87.56077575683594,89.78199768066406,90.177001953125,87.61599731445312,88.23200225830078,19365000
2023-11-08,88.85885620117188,91.11299896240234,91.29100036621094,89.9000015258789,90.0,15280000
2023-11-09,88.88323211669922,91.13800048828125,92.9800033569336,90.85600280761719,91.25,24486000
2023-11-10,93.38309478759766,95.75199890136719,95.8949966430664,91.82099914550781,92.17400360107422,36272000
2023-11-13,92.35028839111328,94.69300079345703,95.23999786376953,94.0479965209961,95.00499725341797,16893000
2023-11-14,94.88887786865234,97.2959976196289,97.677001953125,95.5250015258789,96.23400115966797,23886000
2023-11-15,95.12684631347656,97.54000091552734,98.17500305175781,96.69100189208984,97.95099639892578,16099000
2023-11-16,93.58106994628906,95.95500183105469,96.87000274658203,95.052001953125,96.4000015258789,26198000
2023-11-17,95.35408020019531,97.77300262451172,98.38899993896484,95.0999984741211,95.82099914550781,19789000
2023-11-20,97.10758972167969,99.57099914550781,99.98699951171875,97.30000305175781,97.30000305175781,18674000
2023-11-21,95.6925048828125,98.12000274658203,99.0999984741211,97.16300201416016,97.5,43344000
2023-11-22,94.7952651977539,97.19999694824219,98.79900360107422,97.0999984741211,98.36900329589844,33743000
2023-11-24,95.46526336669922,97.88700103759766,97.98600006103516,96.67500305175781,97.49600219726562,23158000
2023-11-27,92.67311096191406,95.02400207519531,98.10099792480469,94.93299865722656,97.61499786376953,96962000
2023-11-28,92.2937240600586,94.63500213623047,95.08599853515625,93.41600036621094,93.99400329589844,39025000
2023-11-29,91.75537872314453,94.08300018310547,95.94300079345703,93.93699645996094,94.83399963378906,34843000
2023-11-30,90.2827377319336,92.572998046875,94.24199676513672,91.83699798583984,94.0999984741211,49571000
2023-12-01,90.69917297363281,93.0,93.38999938964844,90.80000305175781,92.24600219726562,29612000
2023-12-04,90.11109161376953,92.39700317382812,93.09700012207031,91.64399719238281,92.06400299072266,25009000
2023-12-05,89.05292510986328,91.31199645996094,91.72699737548828,90.58499908447266,91.16000366210938,37066000
2023-12-06,88.12837219238281,90.36399841308594,92.09700012207031,90.30999755859375,92.03600311279297,24813000
2023-12-07,89.94432067871094,92.22599792480469,92.41200256347656,90.36399841308594,90.55400085449219,43517000
2023-12-08,92.09379577636719,94.43000030517578,95.072998046875,91.0530014038086,92.78399658203125,69668000
2023-12-11,100.37765502929688,102.92400360107422,103.95099639892578,95.60900115966797,95.70099639892578,101184000
2023-12-12,104.57515716552734,107.22799682617188,107.93900299072266,102.45800018310547,102.79900360107422,90242000
2023-12-13,106.27310180664062,108.96900177001953,109.97799682617188,106.25399780273438,106.80000305175781,71654000
2023-12-14,107.91152954101562,110.64900207519531,112.14600372314453,109.02799987792969,109.21800231933594,66964000
2023-12-15,110.17901611328125,112.9739990234375,114.98799896240234,109.46199798583984,109.52200317382812,118544000
2023-12-18,111.8623046875,114.69999694824219,115.18199920654297,111.86399841308594,112.08000183105469,54741000
2023-12-19,111.64971160888672,113.95800018310547,115.0459976196289,113.2509994506836,114.19999694824219,36020000
2023-12-20,108.78886413574219,111.03800201416016,114.13600158691406,110.9260025024414,113.2699966430664,34523000
2023-12-21,110.44560241699219,112.72899627685547,113.54199981689453,111.5,113.26499938964844,24106000
2023-12-22,109.92535400390625,112.197998046875,113.19999694824219,111.35299682617188,112.7979965209961,19089000
2023-12-26,110.89628601074219,113.18900299072266,113.55000305175781,112.302001953125,112.42400360107422,16793000
2023-12-27,110.33586120605469,112.61699676513672,113.95700073242188,112.2959976196289,113.5999984741211,20055000
2023-12-28,109.96747589111328,112.24099731445312,113.2239990234375,111.90499877929688,113.16899871826172,21247000
2023-12-29,109.36396026611328,111.625,112.43800354003906,111.46700286865234,112.14600372314453,20558000
2024-01-02,106.3395004272461,108.53800201416016,110.19999694824219,107.70899963378906,109.21199798583984,28831000
2024-01-03,103.71378326416016,105.85800170898438,107.5,105.53099822998047,107.0199966430664,34735000
2024-01-04,102.77616119384766,104.9010009765625,106.94999694824219,104.73699951171875,105.7959976196289,25658000
2024-01-05,102.80261993408203,104.9280014038086,105.5459976196289,104.1510009765625,105.16000366210938,22475000
2024-01-08,105.30781555175781,107.48500061035156,107.80000305175781,105.19999694824219,105.6500015258789,33110000
2024-01-09,106.05634307861328,108.2490005493164,108.8550033569336,106.47100067138672,106.56199645996094,23225000
2024-01-10,105.86823272705078,108.05699920654297,108.2959976196289,106.26000213623047,108.03500366210938,17643000
2024-01-11,107.76991271972656,109.99800109863281,110.12999725341797,107.45099639892578,108.43199920654297,25757000
2024-01-12,108.5243148803711,110.76799774169922,111.56900024414062,110.0009994506836,111.20999908447266,26882000
2024-01-16,109.23758697509766,111.49600219726562,112.6240005493164,109.86299896240234,111.23400115966797,26145000
2024-01-17,108.13143920898438,110.36699676513672,111.31099700927734,109.02100372314453,110.62899780273438,18314000
2024-01-18,112.07394409179688,114.39099884033203,114.65499877929688,112.18800354003906,112.48999786376953,32228000
2024-01-19,118.66664123535156,121.12000274658203,121.69999694824219,115.5999984741211,115.73100280761719,53077000
2024-01-22,119.57780456542969,122.05000305175781,123.13300323486328,120.8219985961914,121.625,31222000
2024-01-23,120.14703369140625,122.63099670410156,122.697998046875,120.35199737548828,122.0999984741211,16952000
2024-01-24,122.84720611572266,125.38700103759766,128.4550018310547,123.10099792480469,124.2300033569336,34805000
2024-01-25,120.50856018066406,123.0,128.10000610351562,122.87999725341797,128.10000610351562,36356000
2024-01-26,118.04745483398438,120.48799896240234,122.12100219726562,120.02300262451172,121.97000122070312,25818000
2024-01-29,119.31034088134766,121.7770004272461,122.36699676513672,120.4990005493164,121.49099731445312,21526000
2024-01-30,118.3687973022461,120.81600189208984,122.80000305175781,120.42900085449219,121.677001953125,20683000
2024-01-31,115.6098403930664,118.0,119.72200012207031,117.43099975585938,118.94499969482422,27400000
2024-02-01,117.57029724121094,120.0009994506836,120.30899810791016,117.91100311279297,118.73500061035156,19411000
2024-02-02,119.95401763916016,122.43399810791016,123.46900177001953,120.51499938964844,120.875,26689000
2024-02-05,121.79202270507812,124.30999755859375,124.7750015258789,122.21499633789062,122.69599914550781,22045000
2024-02-06,119.78844451904297,122.26499938964844,127.21099853515625,121.19400024414062,126.35700225830078,25354000
2024-02-07,123.15975952148438,125.70600128173828,125.95099639892578,122.66999816894531,123.4000015258789,25768000
2024-02-08,124.89389038085938,127.47599792480469,129.5970001220703,126.5009994506836,126.69999694824219,29326000
2024-02-09,125.74430084228516,128.343994140625,128.5749969482422,124.89900207519531,125.2030029296875,26293000
2024-02-12,123.93766784667969,126.5,129.0070037841797,125.9000015258789,129.00100708007812,24778000
2024-02-13,122.62971496582031,125.16500091552734,125.58699798583984,122.70899963378906,123.51200103759766,31907000
2024-02-14,123.66529083251953,126.22200012207031,127.30000305175781,124.13200378417969,126.92400360107422,27306000
2024-02-15,123.94452667236328,126.50700378417969,128.0,124.48500061035156,127.99500274658203,21873000
2024-02-16,122.02518463134766,124.5479965209961,127.56800079345703,124.23899841308594,125.90399932861328,21268000
2024-02-20,120.17053985595703,122.65499877929688,123.77200317382812,121.25599670410156,123.58599853515625,26329000
2024-02-21,120.25872039794922,122.74500274658203,122.80500030517578,120.26399993896484,121.80000305175781,20579000
2024-02-22,127.84683990478516,130.49000549316406,131.09800720214844,127.64700317382812,128.17100524902344,40819000
2024-02-23,127.01110076904297,129.63699340820312,131.96200561523438,128.8820037841797,130.83700561523438,23115000
2024-02-26,128.2612762451172,130.91299438476562,131.87899780273438,130.14599609375,131.0,16282000
2024-02-27,126.99739837646484,129.6230010986328,131.19400024414062,129.2220001220703,130.91299438476562,12126000
2024-02-28,126.33021545410156,128.94200134277344,129.8520050048828,128.2969970703125,129.3000030517578,10967000
2024-02-29,127.41475677490234,130.0489959716797,130.83999633789062,128.72799682617188,130.33099365234375,27536000
2024-03-01,137.08290100097656,139.91700744628906,140.7760009765625,132.0,132.59300231933594,44488000
2024-03-04,137.3856201171875,140.2259979248047,143.81700134277344,138.5189971923828,140.31500244140625,34854000
2024-03-05,131.55516052246094,134.27499389648438,139.5,133.23699951171875,139.5,36040000
2024-03-06,132.26547241210938,135.0,139.48300170898438,134.70599365234375,139.1580047607422,43196000
2024-03-07,137.8510284423828,140.7010040283203,141.43099975585938,137.28900146484375,138.19900512695312,62832000
2024-03-08,128.22109985351562,130.8719940185547,141.3000030517578,130.1580047607422,139.4250030517578,74025000
2024-03-11,126.69269561767578,129.31199645996094,129.90199279785156,125.25599670410156,127.79299926757812,31105000
2024-03-12,126.57122039794922,129.18800354003906,130.7790069580078,125.9280014038086,130.6999969482422,42789000
2024-03-13,123.2391128540039,125.78700256347656,128.28799438476562,125.23600006103516,128.28799438476562,37838000
2024-03-14,123.67019653320312,126.22699737548828,127.31300354003906,124.77100372314453,126.25399780273438,38029000
2024-03-15,121.04741668701172,123.55000305175781,126.73699951171875,123.00700378417969,125.34600067138672,88823000
2024-03-18,121.2178955078125,123.7239990234375,126.28800201416016,123.16999816894531,125.39800262451172,25737000
2024-03-19,121.29332733154297,123.8010025024414,124.0270004272461,120.4020004272461,121.69499969482422,24491000
2024-03-20,125.54779052734375,127.5999984741211,128.7989959716797,122.65899658203125,123.9020004272461,40946000
2024-03-21,132.63198852539062,134.8000030517578,140.36099243164062,131.60000610351562,132.83200073242188,72468000
2024-03-22,133.17019653320312,135.3470001220703,137.6219940185547,134.61500549316406,135.0,38624000
2024-03-25,132.98423767089844,135.1580047607422,135.843994140625,133.7469940185547,134.5030059814453,21237000
2024-03-26,131.00755310058594,133.1490020751953,137.99400329589844,133.05099487304688,136.468994140625,23522000
2024-03-27,129.75205993652344,131.8730010986328,135.0,129.6020050048828,135.0,25583000
2024-03-28,130.40933227539062,132.54100036621094,133.00900268554688,131.1529998779297,131.7899932861328,19856000
2024-04-01,132.8543701171875,135.0260009765625,136.29800415039062,132.54100036621094,132.5679931640625,17252000
2024-04-02,131.7228546142578,133.87600708007812,134.23699951171875,130.34100341796875,131.57899475097656,24694000
2024-04-03,134.12852478027344,136.3209991455078,137.6820068359375,132.52699279785156,132.8000030517578,28650000
2024-04-04,129.63104248046875,131.75,140.3979949951172,131.5,138.53199768066406,27014000
2024-04-05,131.7887725830078,133.9429931640625,136.1230010986328,131.4199981689453,132.60000610351562,19438000
2024-04-08,131.46112060546875,133.61000061035156,134.25,131.5749969482422,133.36500549316406,17139000
2024-04-09,131.2623748779297,133.4080047607422,135.947998046875,130.86399841308594,135.73699951171875,17986000
2024-04-10,130.11021423339844,132.23699951171875,133.5749969482422,131.54800415039062,132.3000030517578,17467000
2024-04-11,136.02255249023438,138.24600219726562,139.18699645996094,132.36500549316406,133.26800537109375,31713000
2024-04-12,132.24530029296875,134.40699768066406,136.6510009765625,133.66200256347656,135.2010040283203,27823000
2024-04-15,128.9610137939453,131.06900024414062,137.0,130.60000610351562,137.0,24370000
2024-04-16,130.76844787597656,132.906005859375,133.6320037841797,131.10000610351562,131.53799438476562,18923000
2024-04-17,126.20012664794922,128.26300048828125,134.6999969482422,128.14199829101562,134.31100463867188,24718000
2024-04-18,123.87415313720703,125.89900207519531,129.26499938964844,125.5459976196289,128.8000030517578,24888000
2024-04-19,118.53343963623047,120.47100067138672,126.0,119.75599670410156,125.89900207519531,44797000
2024-04-22,120.47667694091797,122.44599914550781,123.31999969482422,120.05400085449219,122.44999694824219,25162000
2024-04-23,122.909912109375,124.91899871826172,125.79000091552734,122.802001953125,122.81700134277344,22025000
2024-04-24,123.66063690185547,125.68199920654297,128.56199645996094,124.49600219726562,126.38999938964844,20108000
2024-04-25,127.36016845703125,129.44200134277344,130.80299377441406,125.69999694824219,127.24500274658203,30410000
2024-04-26,132.24530029296875,134.40699768066406,135.58299255371094,130.31300354003906,131.0,24100000
2024-04-29,131.70907592773438,133.86199951171875,135.29800415039062,132.57000732421875,134.4080047607422,13372000
2024-04-30,127.93576049804688,130.02699279785156,134.8350067138672,129.90499877929688,132.88800048828125,22113000
2024-05-01,122.28709411621094,124.28600311279297,129.23699951171875,124.13500213623047,127.83300018310547,30958000
2024-05-02,121.864990234375,123.85700225830078,126.44499969482422,122.33100128173828,125.62799835205078,29480000
2024-05-03,125.7553939819336,127.81099700927734,128.38800048828125,124.71399688720703,125.9000015258789,24898000
2024-05-06,128.92361450195312,131.031005859375,131.07699584960938,127.50700378417969,128.6219940185547,16287000
2024-05-07,128.21517944335938,130.31100463867188,131.8990020751953,129.67599487304688,131.6439971923828,12413000
2024-05-08,130.40538024902344,132.53700256347656,133.79100036621094,128.8489990234375,129.35000610351562,13918000
2024-05-09,128.46705627441406,130.56700134277344,132.16099548339844,130.1999969482422,131.7830047607422,12170000
2024-05-10,131.1364288330078,133.27999877929688,134.39999389648438,131.531005859375,131.531005859375,16300000
2024-05-13,131.599853515625,133.75100708007812,135.83900451660156,133.01100158691406,134.8000030517578,18507000
2024-05-14,135.78347778320312,138.0030059814453,138.19900512695312,132.5800018310547,133.23399353027344,19420000
2024-05-15,141.3071746826172,143.61700439453125,143.89500427246094,136.9980010986328,138.0,32757000
2024-05-16,138.9418487548828,141.21299743652344,144.5399932861328,140.50599670410156,142.60000610351562,28395000
2024-05-17,137.28494262695312,139.5290069580078,141.9530029296875,138.17799377441406,141.24200439453125,18174000
2024-05-20,139.1287841796875,141.4029998779297,141.69400024414062,139.3159942626953,139.60000610351562,27170000
2024-05-21,137.66964721679688,139.9199981689453,140.93899536132812,139.3459930419922,139.8679962158203,15333000
2024-05-22,136.98484802246094,139.2239990234375,140.5,138.4219970703125,139.6009979248047,21002000
2024-05-23,137.088134765625,139.32899475097656,142.89999389648438,137.8000030517578,142.84300231933594,31039000
2024-05-24,138.51974487304688,140.78399658203125,141.35800170898438,139.20199584960938,139.97900390625,16730000
2024-05-28,138.97329711914062,141.2449951171875,141.71800231933594,139.25399780273438,141.0,22919000
2024-05-29,136.8303680419922,139.06700134277344,139.91000366210938,138.3000030517578,139.91000366210938,26861000
2024-05-30,134.21414184570312,136.4080047607422,138.2779998779297,135.56399536132812,137.89999389648438,21717000
2024-05-31,130.71826171875,132.85499572753906,136.2550048828125,130.7259979248047,136.13600158691406,73091000
2024-06-03,130.06396484375,132.19000244140625,135.3000030517578,130.2530059814453,135.27000427246094,26278000
2024-06-04,130.9416046142578,133.08200073242188,133.19900512695312,130.7010040283203,132.0399932861328,23048000
2024-06-05,139.03631591796875,141.3090057373047,141.43499755859375,134.0540008544922,134.60000610351562,32947000
2024-06-06,137.87330627441406,140.1269989013672,142.2689971923828,138.82400512695312,142.18699645996094,20172000
2024-06-07,138.40167236328125,140.66400146484375,142.5,139.70199584960938,140.7779998779297,17859000
2024-06-10,141.7302703857422,144.0469970703125,144.90499877929688,140.91299438476562,140.97999572753906,31042000
2024-06-11,143.75318908691406,146.10299682617188,146.50100708007812,141.6230010986328,143.82000732421875,34844000
2024-06-12,147.145751953125,149.55099487304688,150.5800018310547,147.63999938964844,150.0,56697000
2024-06-13,165.1986541748047,167.8990020751953,173.5850067138672,165.2519989013672,171.0,89061000
2024-06-14,170.71351623535156,173.50399780273438,174.7239990234375,168.2100067138672,168.68600463867188,69705000
2024-06-17,179.94558715820312,182.88699340820312,184.3000030517578,177.85800170898438,180.0,87528000
2024-06-18,177.35296630859375,180.2519989013672,185.16200256347656,178.50100708007812,183.95899963378906,86797000
2024-06-20,170.666259765625,173.45599365234375,180.47500610351562,172.2220001220703,180.3459930419922,68157000
2024-06-21,163.19540405273438,165.86300659179688,171.39999389648438,165.14199829101562,169.5659942626953,99289000
2024-06-24,157.15765380859375,159.2209930419922,166.10000610351562,159.0659942626953,164.2050018310547,58575000
2024-06-25,156.03045654296875,158.07899475097656,160.60400390625,156.39999389648438,160.01300048828125,53329000
2024-06-26,157.13693237304688,159.1999969482422,161.8179931640625,157.35899353027344,159.76199340820312,46479000
2024-06-27,156.60986328125,158.66600036621094,160.56199645996094,157.10000610351562,159.1999969482422,31649000
2024-06-28,158.47239685058594,160.55299377441406,163.92300415039062,158.60000610351562,159.58799743652344,69377000
2024-07-01,161.9536895751953,164.0800018310547,164.875,159.35000610351562,160.82000732421875,47623000
2024-07-02,163.60009765625,165.7480010986328,165.9199981689453,162.1999969482422,164.0800018310547,32539000
2024-07-03,170.68112182617188,172.9219970703125,172.9219970703125,166.4459991455078,167.0,39954000
2024-07-05,168.12368774414062,170.33099365234375,176.5469970703125,169.60000610351562,175.55599975585938,45240000
2024-07-08,172.32354736328125,174.58599853515625,175.69000244140625,170.5,170.5,36398000
2024-07-09,171.08480834960938,173.33099365234375,177.09800720214844,170.55599975585938,175.656005859375,37802000
2024-07-10,172.20806884765625,174.468994140625,176.6490020751953,172.63600158691406,174.60000610351562,41074000
2024-07-11,168.38427734375,170.59500122070312,176.48699951171875,166.85000610351562,176.46600341796875,51026000
2024-07-12,167.8631134033203,170.06700134277344,172.59100341796875,169.13099670410156,171.10299682617188,30453000
2024-07-15,169.19857788085938,171.4199981689453,173.50999450683594,169.25999450683594,170.0,22999200
2024-07-16,167.18502807617188,169.3800048828125,172.80999755859375,166.39999389648438,172.39999389648438,22244900
2024-07-17,153.95867919921875,155.97999572753906,162.83999633789062,155.61000061035156,162.30999755859375,43343400
2024-07-18,158.43984985351562,160.52000427246094,161.50999450683594,153.89999389648438,158.88999938964844,37973500
2024-07-19,155.3109130859375,157.35000610351562,163.9499969482422,157.1199951171875,161.83999633789062,26309500
2024-07-22,158.9728240966797,161.05999755859375,162.99000549316406,157.89999389648438,160.22999572753906,28813300
2024-07-23,161.64773559570312,163.77000427246094,165.3300018310547,159.89999389648438,160.39999389648438,21570200
2024-07-24,149.37879943847656,151.33999633789062,161.41000366210938,151.10000610351562,160.35000610351562,37162600
2024-07-25,147.32574462890625,149.25999450683594,153.5500030517578,145.52000427246094,151.25999450683594,30872100
2024-07-26,149.6650390625,151.6300048828125,153.5800018310547,149.9199981689453,153.5,20839900
2024-07-29,148.27330017089844,150.22000122070312,155.0,149.14999389648438,152.02000427246094,16625800
2024-07-30,141.66014099121094,143.52000427246094,153.47000122070312,143.35000610351562,153.27999877929688,31102300
2024-07-31,158.59776306152344,160.67999267578125,161.3300018310547,151.0,151.47000122070312,45827500
2024-08-01,145.1147918701172,147.02000427246094,158.91000366210938,146.1699981689453,157.5,40320000
2024-08-02,141.95626831054688,143.82000732421875,145.35000610351562,139.60000610351562,141.92999267578125,33745800
2024-08-05,140.23878479003906,142.0800018310547,145.4199981689453,128.5,129.61000061035156,41309300
2024-08-06,142.054931640625,143.9199981689453,148.91000366210938,140.25,141.72999572753906,24751300
2024-08-07,134.50408935546875,136.27000427246094,150.10000610351562,135.8300018310547,148.25,29749800
2024-08-08,143.85137939453125,145.74000549316406,146.27000427246094,138.39999389648438,141.1999969482422,27583200
2024-08-09,146.3386993408203,148.25999450683594,149.5500030517578,144.11000061035156,144.1999969482422,18438700
2024-08-12,146.69403076171875,148.6199951171875,151.1300048828125,146.3699951171875,148.0800018310547,17778500
2024-08-13,154.13633728027344,156.16000366210938,156.3800048828125,149.80999755859375,151.5500030517578,22053600
2024-08-14,155.64651489257812,157.69000244140625,160.25,154.72000122070312,158.02000427246094,20184200
2024-08-15,163.97714233398438,166.1300048828125,166.6699981689453,160.33999633789062,161.1999969482422,27945000
2024-08-16,163.57244873046875,165.72000122070312,166.08999633789062,162.67999267578125,164.47000122070312,19296900
2024-08-19,165.53668212890625,167.7100067138672,167.8300018310547,160.4199981689453,164.86000061035156,20441700
2024-08-20,163.79946899414062,165.9499969482422,168.3699951171875,164.14999389648438,167.0500030517578,19417500
2024-08-21,163.63165283203125,165.77999877929688,166.47000122070312,162.8800048828125,165.1199951171875,16097700
2024-08-22,160.23623657226562,162.33999633789062,172.4199981689453,161.49000549316406,170.83999633789062,30044500
2024-08-23,164.2041473388672,166.36000061035156,168.27999877929688,163.4600067138672,165.02999877929688,18848000
2024-08-26,157.55148315429688,159.6199951171875,165.6999969482422,158.66000366210938,164.9600067138672,18521200
2024-08-27,159.2985382080078,161.38999938964844,162.02999877929688,155.8300018310547,157.60000610351562,16683100
2024-08-28,156.13014221191406,158.17999267578125,162.27999877929688,156.25,160.0800018310547,18063600
2024-08-29,154.8963623046875,156.92999267578125,163.1999969482422,155.41000366210938,158.49000549316406,23519300
2024-08-30,160.7100372314453,162.82000732421875,163.24000549316406,158.7100067138672,161.1199951171875,25158500
2024-09-03,150.80999755859375,152.7899932861328,160.74000549316406,151.3800048828125,160.3800048828125,37179100
2024-09-04,152.12277221679688,154.1199951171875,157.7899932861328,149.14999389648438,150.3000030517578,20324100
2024-09-05,150.83963012695312,152.82000732421875,156.36000061035156,150.11000061035156,150.57000732421875,31548500
2024-09-06,135.22462463378906,137.0,143.5,136.60000610351562,143.25,76634600
2024-09-09,138.99513244628906,140.82000732421875,141.58999633789062,134.89999389648438,139.11000061035156,39516700
2024-09-10,146.28936767578125,148.2100067138672,149.86000061035156,141.0399932861328,141.22000122070312,36067500
2024-09-11,156.218994140625,158.27000427246094,158.8699951171875,145.0399932861328,148.38999938964844,39700800
2024-09-12,162.42745971679688,164.55999755859375,166.32000732421875,156.8300018310547,158.10000610351562,43530700
2024-09-13,165.5169219970703,167.69000244140625,168.0800018310547,164.0399932861328,166.74000549316406,29850000
2024-09-16,161.8944854736328,164.02000427246094,165.5,160.41000366210938,165.19000244140625,26126900
2024-09-17,160.36456298828125,162.47000122070312,166.02000427246094,160.6999969482422,165.49000549316406,19844300
2024-09-18,159.57492065429688,161.6699981689453,167.47000122070312,161.36000061035156,163.77000427246094,26557600
2024-09-19,165.79393005371094,167.4199981689453,170.0,165.66000366210938,167.67999267578125,32453100
2024-09-20,169.43820190429688,171.10000610351562,172.02000427246094,166.47000122070312,167.17999267578125,91758500
2024-09-23,171.2603302001953,172.94000244140625,173.32000732421875,168.35000610351562,172.0,29431100
2024-09-24,173.14186096191406,174.83999633789062,175.99000549316406,171.67999267578125,172.80999755859375,34223400
2024-09-25,173.8152618408203,175.52000427246094,177.13999938964844,173.75999450683594,174.64999389648438,16613800
2024-09-26,176.3602752685547,178.08999633789062,180.25,175.0,178.5,24340000
2024-09-27,171.01275634765625,172.69000244140625,178.47000122070312,171.75999450683594,178.1699981689453,20580900
2024-09-30,170.8245849609375,172.5,172.9199981689453,169.6300048828125,171.8699951171875,16902000
2024-10-01,165.8434600830078,167.47000122070312,172.25,165.8000030517578,172.16000366210938,23770400
2024-10-02,169.00245666503906,170.66000366210938,172.83999633789062,167.02000427246094,167.5500030517578,14317800
2024-10-03,170.22052001953125,171.88999938964844,174.94000244140625,169.19000244140625,169.6199951171875,13072300
2024-10-04,174.92437744140625,176.63999938964844,176.89999389648438,172.60000610351562,176.3000030517578,17921400
2024-10-07,173.37953186035156,175.0800018310547,178.30999755859375,173.86000061035156,174.82000732421875,15588300
2024-10-08,178.9746551513672,180.72999572753906,181.60000610351562,174.88999938964844,175.4199981689453,20774200
2024-10-09,184.1439666748047,185.9499969482422,186.4199981689453,176.4199981689453,179.24000549316406,25504100
2024-10-10,183.88648986816406,185.69000244140625,186.30999755859375,182.52999877929688,183.55999755859375,16318000
2024-10-11,179.7173614501953,181.47999572753906,182.58999633789062,177.39999389648438,181.13999938964844,23070000
2024-10-14,180.53929138183594,182.30999755859375,184.9499969482422,180.1300048828125,183.3000030517578,17195800
2024-10-15,174.27078247070312,175.97999572753906,181.6999969482422,173.3699951171875,180.7899932861328,27657500
2024-10-16,175.1026611328125,176.82000732421875,179.25,175.3300018310547,178.50999450683594,15285100
2024-10-17,179.7668914794922,181.52999877929688,185.50999450683594,180.69000244140625,181.3699951171875,25232400
2024-10-18,178.14280700683594,179.88999938964844,182.7100067138672,178.67999267578125,182.32000732421875,17835200
2024-10-21,178.24185180664062,179.99000549316406,181.72000122070312,178.25,179.3800048828125,13695100
2024-10-22,177.6377716064453,179.3800048828125,180.69000244140625,177.41000366210938,178.66000366210938,12062600
2024-10-23,171.8247833251953,173.50999450683594,178.97999572753906,172.57000732421875,177.58999633789062,19513700
2024-10-24,169.68577575683594,171.35000610351562,174.3000030517578,169.5,174.25999450683594,20485200
2024-10-25,171.31973266601562,173.0,176.8000030517578,172.72000122070312,174.19000244140625,19977700
2024-10-28,170.34925842285156,172.02000427246094,173.97000122070312,171.35000610351562,173.0,13195800
2024-10-29,177.49913024902344,179.24000549316406,180.22999572753906,171.2100067138672,172.44000244140625,23702300
2024-10-30,174.92437744140625,176.63999938964844,179.19000244140625,175.6199951171875,177.47000122070312,17911500
2024-10-31,168.12112426757812,169.77000427246094,174.4499969482422,167.3800048828125,174.4499969482422,26086600
2024-11-01,167.27935791015625,168.9199981689453,171.3300018310547,167.5,168.25999450683594,17847000
2024-11-04,166.9129638671875,168.5500030517578,172.4499969482422,168.4199981689453,169.27999877929688,13621300
2024-11-05,172.2109832763672,173.89999389648438,174.39999389648438,170.0500030517578,170.0500030517578,13441800
2024-11-06,177.80612182617188,179.5500030517578,180.2100067138672,175.9600067138672,179.6300048828125,24300800
2024-11-07,182.02474975585938,183.80999755859375,184.8699951171875,181.7899932861328,181.99000549316406,18970600
2024-11-08,181.85638427734375,183.63999938964844,185.0500030517578,181.8300018310547,182.99000549316406,13503200
2024-11-11,177.17233276367188,178.91000366210938,183.6300048828125,176.82000732421875,183.39999389648438,17036700
2024-11-12,174.5084686279297,176.22000122070312,179.55999755859375,173.1999969482422,178.89999389648438,15862000
2024-11-13,171.89410400390625,173.5800018310547,175.58999633789062,172.60000610351562,174.7100067138672,17472500
2024-11-14,168.7251739501953,170.3800048828125,175.57000732421875,169.8699951171875,174.77000427246094,20638900
2024-11-15,163.2389678955078,164.83999633789062,169.13999938964844,163.42999267578125,168.47000122070312,20836200
2024-11-18,164.06092834472656,165.6699981689453,166.35000610351562,162.22000122070312,165.66000366210938,17856900
2024-11-19,163.74403381347656,165.35000610351562,166.8000030517578,164.30999755859375,166.66000366210938,18003400
2024-11-20,161.6644287109375,163.25,165.5399932861328,160.86000061035156,165.5399932861328,17196700
2024-11-21,162.34771728515625,163.94000244140625,166.33999633789062,160.60000610351562,166.25,24835300
2024-11-22,162.63491821289062,164.22999572753906,164.91000366210938,162.39999389648438,164.3000030517578,17332500
2024-11-25,163.2191925048828,164.82000732421875,167.22999572753906,162.88999938964844,165.39999389648438,26850600
2024-11-26,163.1399688720703,164.74000549316406,166.3699951171875,162.69000244140625,164.60000610351562,16308800
2024-11-27,158.11920166015625,159.6699981689453,163.1999969482422,157.5399932861328,163.1999969482422,19722700
2024-11-29,160.50579833984375,162.0800018310547,162.69000244140625,159.0800018310547,159.57000732421875,11024000
2024-12-02,164.89276123046875,166.50999450683594,168.3800048828125,162.75,162.9499969482422,21472400
2024-12-03,166.51683044433594,168.14999389648438,168.27000427246094,164.02999877929688,164.47999572753906,17024400
2024-12-04,168.90342712402344,170.55999755859375,175.38999938964844,168.55999755859375,173.44000244140625,32748200
2024-12-05,168.81430053710938,170.47000122070312,172.39999389648438,169.1999969482422,170.75,18490000
2024-12-06,177.7863006591797,179.52999877929688,180.67999267578125,169.3300018310547,170.10000610351562,27830800
2024-12-09,177.20204162597656,178.94000244140625,180.7899932861328,176.02000427246094,178.9499969482422,20886300
2024-12-10,170.1412811279297,171.80999755859375,178.5,169.72999572753906,177.80999755859375,27762600
2024-12-11,181.420654296875,183.1999969482422,184.8699951171875,176.42999267578125,180.00999450683594,41295200
2024-12-12,178.90533447265625,180.66000366210938,182.0,175.99000549316406,180.92999267578125,46967200
2024-12-13,222.61663818359375,224.8000030517578,228.6999969482422,211.11000061035156,213.89999389648438,121336600
2024-12-16,247.57186889648438,250.0,251.8800048828125,230.80999755859375,231.7899932861328,111623200
2024-12-17,237.89675903320312,240.22999572753906,242.47000122070312,233.8000030517578,240.64999389648438,70382100
2024-12-18,221.44808959960938,223.6199951171875,239.85000610351562,219.22000122070312,239.41000366210938,53960100
2024-12-19,216.1995849609375,218.32000732421875,228.0500030517578,217.5800018310547,227.91000366210938,40845200
2024-12-20,218.6455841064453,220.7899932861328,230.2899932861328,218.91000366210938,220.36000061035156,131910400
2024-12-23,230.70980834960938,232.35000610351562,233.39999389648438,225.1300048828125,226.69000244140625,40643800
2024-12-24,237.98805236816406,239.67999267578125,240.22999572753906,234.8000030517578,240.1199951171875,22827200
2024-12-26,243.62796020507812,245.36000061035156,247.27999877929688,237.60000610351562,240.0,28459000
2024-12-27,240.04344177246094,241.75,245.77999877929688,236.35000610351562,245.63999938964844,29282200
2024-12-30,233.9169921875,235.5800018310547,238.77000427246094,231.6199951171875,234.6999969482422,27316800
2024-12-31,230.20339965820312,231.83999633789062,237.4600067138672,231.30999755859375,235.8800048828125,17927700
2025-01-02,230.3424072265625,231.97999572753906,239.5,230.24000549316406,236.16000366210938,31525800
2025-01-03,230.9084014892578,232.5500030517578,236.49000549316406,229.0,233.58999633789062,24973200
2025-01-06,234.74114990234375,236.41000366210938,241.75,233.3000030517578,236.5,34028400
2025-01-07,227.0260009765625,228.63999938964844,239.5,227.60000610351562,239.5,25928600
2025-01-08,227.69126892089844,229.30999755859375,232.47000122070312,226.05999755859375,229.6999969482422,18756500
2025-01-10,222.72654724121094,224.30999755859375,227.8300018310547,221.25,227.3000030517578,23864000
2025-01-13,223.69961547851562,225.2899932861328,229.25999450683594,219.50999450683594,219.99000549316406,23772100
2025-01-14,223.11380004882812,224.6999969482422,230.25999450683594,223.10000610351562,226.57000732421875,18143100
2025-01-15,226.39051818847656,228.0,230.33999633789062,225.5800018310547,228.5500030517578,21745600
2025-01-16,227.79055786132812,229.41000366210938,238.60000610351562,229.2100067138672,235.22000122070312,23471900
2025-01-17,235.7638702392578,237.44000244140625,238.10000610351562,232.66000366210938,237.0800018310547,31196600
2025-01-21,238.61361694335938,240.30999755859375,242.75,237.39999389648438,241.5,30903200
2025-01-22,239.20938110351562,240.91000366210938,246.99000549316406,240.69000244140625,246.75,29610500
2025-01-23,238.5838165283203,240.27999877929688,240.39999389648438,236.1199951171875,238.41000366210938,17653900
2025-01-24,242.9726104736328,244.6999969482422,249.58999633789062,241.91000366210938,244.6999969482422,25387800
2025-01-27,200.703125,202.1300048828125,218.42999267578125,196.22999572753906,213.39999389648438,90569400
2025-01-28,205.89620971679688,207.36000061035156,209.9499969482422,198.88999938964844,208.00999450683594,50316000
2025-01-29,204.89334106445312,206.35000610351562,211.4499969482422,202.77000427246094,208.83999633789062,32533700
2025-01-30,214.13763427734375,215.66000366210938,221.9600067138672,213.6999969482422,218.57000732421875,42449500
2025-01-31,219.70802307128906,221.27000427246094,226.8000030517578,216.3000030517578,219.66000366210938,41104700
2025-02-03,216.19300842285156,217.72999572753906,220.94000244140625,213.50999450683594,215.4600067138672,24507300
2025-02-04,220.8598175048828,222.42999267578125,223.02999877929688,215.3000030517578,219.35000610351562,23768500
2025-02-05,230.3622589111328,232.0,237.92999267578125,227.5,233.94000244140625,29196000
2025-02-06,229.72679138183594,231.36000061035156,234.8000030517578,228.55999755859375,234.5,21169500
2025-02-07,223.2825927734375,224.8699951171875,235.64999389648438,224.11000061035156,235.0,22117500
2025-02-10,233.3807830810547,235.0399932861328,235.82000732421875,227.1199951171875,227.42999267578125,23901600
2025-02-11,233.3807830810547,235.0399932861328,237.88999938964844,229.97000122070312,232.47999572753906,18476200
2025-02-12,234.6815643310547,236.35000610351562,236.47999572753906,230.0,230.36000061035156,16397300
2025-02-13,234.1354522705078,235.8000030517578,236.9499969482422,230.72999572753906,236.05999755859375,20962000
2025-02-14,231.39492797851562,233.0399932861328,235.74000549316406,228.89999389648438,234.52999877929688,16988800
2025-02-18,226.91676330566406,228.52999877929688,232.1999969482422,224.3000030517578,230.10000610351562,26080500
2025-02-19,227.1153564453125,228.72999572753906,229.07000732421875,224.39999389648438,227.85000610351562,16375500
2025-02-20,225.13941955566406,226.74000549316406,228.97999572753906,222.75,228.64999389648438,16104000
2025-02-21,217.116455078125,218.66000366210938,227.75,215.6300048828125,225.64999389648438,24883600
2025-02-24,206.46217346191406,207.92999267578125,219.47999572753906,207.5399932861328,218.60000610351562,33050400
2025-02-25,201.1102294921875,202.5399932861328,208.63999938964844,200.9199981689453,207.0,33100800
2025-02-26,211.43682861328125,212.94000244140625,213.5399932861328,206.0,206.91000366210938,21368300
2025-02-27,196.4036865234375,197.8000030517578,219.25,197.39999389648438,217.27999877929688,27572900
2025-02-28,198.0221710205078,199.42999267578125,201.19000244140625,193.14999389648438,195.75999450683594,39747200
2025-03-03,186.0473175048828,187.3699951171875,204.05999755859375,184.52999877929688,204.0,37435600
2025-03-04,186.1565399169922,187.47999572753906,193.9499969482422,180.47999572753906,189.22000122070312,37910500
2025-03-05,190.22760009765625,191.5800018310547,194.0800018310547,187.10000610351562,191.86000061035156,25644500
2025-03-06,178.18324279785156,179.4499969482422,186.8300018310547,177.61000061035156,181.0399932861328,56864100
2025-03-07,193.58375549316406,194.9600067138672,195.47999572753906,181.55999755859375,187.72999572753906,74528900
2025-03-10,183.14791870117188,184.4499969482422,191.97999572753906,180.42999267578125,189.60000610351562,44217100
2025-03-11,188.7481231689453,190.08999633789062,195.6199951171875,185.35000610351562,188.0500030517578,42153200
2025-03-12,192.85888671875,194.22999572753906,199.97999572753906,192.4499969482422,196.22000122070312,30409700
2025-03-13,190.0091552734375,191.36000061035156,196.32000732421875,189.47000122070312,193.14999389648438,27236100
2025-03-14,194.15963745117188,195.5399932861328,197.5,193.1999969482422,196.1999969482422,25900900
2025-03-17,193.12698364257812,194.5,196.72000122070312,187.5,188.0500030517578,26830600
2025-03-18,187.338134765625,188.6699981689453,192.88999938964844,186.89999389648438,190.44000244140625,24951000
2025-03-19,194.18943786621094,195.57000732421875,198.27000427246094,186.89999389648438,189.33999633789062,37962700
2025-03-20,189.76744079589844,190.5399932861328,193.83999633789062,188.94000244140625,191.52000427246094,31430000
2025-03-21,190.88290405273438,191.66000366210938,192.07000732421875,187.3699951171875,188.2100067138672,43086500
2025-03-24,190.4745635986328,191.25,196.69000244140625,190.6699981689453,194.3000030517578,33180300
2025-03-25,187.49667358398438,188.25999450683594,191.60000610351562,187.67999267578125,190.88999938964844,23417300
2025-03-26,178.5431365966797,179.27000427246094,188.05999755859375,177.5800018310547,186.66000366210938,30578500
2025-03-27,171.29266357421875,171.99000549316406,178.3800048828125,170.4600067138672,177.66000366210938,32151700
2025-03-28,168.43429565429688,169.1199951171875,173.3000030517578,166.47000122070312,171.92999267578125,30391500
2025-03-31,166.75112915039062,167.42999267578125,167.94000244140625,160.6199951171875,164.49000549316406,35656400
2025-04-01,167.83673095703125,168.52000427246094,168.7100067138672,163.4199981689453,166.3699951171875,20472400
2025-04-02,171.39224243164062,172.08999633789062,173.42999267578125,165.5,166.0800018310547,19523700
2025-04-03,153.3855438232422,154.00999450683594,163.42999267578125,153.6999969482422,160.5399932861328,44354900
2025-04-04,145.6968536376953,146.2899932861328,152.8000030517578,139.1699981689453,148.1699981689453,72302200
2025-04-07,153.51502990722656,154.13999938964844,160.42999267578125,138.10000610351562,144.49000549316406,68503500
2025-04-08,155.39736938476562,156.02999877929688,169.77999877929688,153.08999633789062,167.6199951171875,58888200
2025-04-09,184.3992919921875,185.14999389648438,187.3300018310547,157.50999450683594,160.5,72708300
2025-04-10,171.6013946533203,172.3000030517578,176.9499969482422,166.39999389648438,175.3000030517578,51212200
2025-04-11,181.2023162841797,181.94000244140625,182.66000366210938,173.30999755859375,173.6199951171875,33964100
2025-04-14,177.63682556152344,178.36000061035156,186.0,175.82000732421875,185.0800018310547,25748300
2025-04-15,178.22442626953125,178.9499969482422,182.25999450683594,178.0800018310547,179.72999572753906,17242400
2025-04-16,173.9020233154297,174.61000061035156,176.0800018310547,166.9199981689453,170.42999267578125,34638600
2025-04-17,170.2967071533203,170.99000549316406,176.25,169.9199981689453,176.25,22501800
2025-04-21,165.53610229492188,166.2100067138672,168.0,161.61000061035156,166.99000549316406,23469800
2025-04-22,168.89242553710938,169.5800018310547,170.52000427246094,165.22000122070312,167.42999267578125,18504900
2025-04-23,176.1927032470703,176.91000366210938,180.4499969482422,175.82000732421875,177.77999877929688,24380500
2025-04-24,187.3871307373047,188.14999389648438,188.57000732421875,178.3000030517578,179.69000244140625,27576900
2025-04-25,191.53025817871094,192.30999755859375,193.3699951171875,186.88999938964844,186.9199981689453,21242300
2025-04-28,191.68960571289062,192.47000122070312,193.10000610351562,187.67999267578125,190.52999877929688,16385800
2025-04-29,190.39488220214844,191.1699981689453,193.25,190.10000610351562,191.72000122070312,14630000
2025-04-30,191.68960571289062,192.47000122070312,193.1999969482422,184.02000427246094,185.89999389648438,22768900
2025-05-01,196.52992248535156,197.3300018310547,201.39999389648438,196.24000549316406,198.13999938964844,24939700
2025-05-02,202.81431579589844,203.63999938964844,205.67999267578125,201.0800018310547,203.89999389648438,17766800
2025-05-05,199.9061737060547,200.72000122070312,203.22999572753906,200.0,200.25,14025400
2025-05-06,199.27871704101562,200.08999633789062,201.91000366210938,195.94000244140625,196.44000244140625,16348800
2025-05-07,203.97958374023438,204.80999755859375,206.22999572753906,198.42999267578125,199.2899932861328,20253700
2025-05-08,206.92758178710938,207.77000427246094,211.16000366210938,203.69000244140625,208.0,18460900
2025-05-09,207.3558349609375,208.1999969482422,209.9600067138672,206.52000427246094,209.3300018310547,13289200
2025-05-12,220.68157958984375,221.5800018310547,221.8000030517578,215.8800048828125,219.49000549316406,25437700
2025-05-13,231.47763061523438,232.4199981689453,235.27999877929688,222.0,222.0,28790500
2025-05-14,231.17884826660156,232.1199951171875,233.5,228.35000610351562,230.22999572753906,19751400
2025-05-15,231.69674682617188,232.63999938964844,234.4600067138672,228.07000732421875,230.16000366210938,18803700
2025-05-16,227.68307495117188,228.61000061035156,232.63999938964844,226.38999938964844,232.32000732421875,23094600
2025-05-19,229.6949005126953,230.6300048828125,231.25,221.60000610351562,221.85000610351562,15355500
2025-05-20,230.74063110351562,231.67999267578125,231.77000427246094,226.33999633789062,226.49000549316406,11787200
2025-05-21,228.7985382080078,229.72999572753906,236.5,227.8300018310547,228.38999938964844,17642900
2025-05-22,229.5952911376953,230.52999877929688,233.69000244140625,227.42999267578125,228.33999633789062,14340200
2025-05-23,227.79263305664062,228.72000122070312,230.64999389648438,226.17999267578125,226.94000244140625,15385600
2025-05-27,234.6945343017578,235.64999389648438,236.47999572753906,231.1300048828125,232.8699951171875,17941700
2025-05-28,238.45919799804688,239.42999267578125,240.99000549316406,234.42999267578125,237.14999389648438,20443000
2025-05-29,240.98892211914062,241.97000122070312,246.07000732421875,237.39999389648438,245.91000366210938,20743700
2025-05-30,241.0885009765625,242.07000732421875,243.1699981689453,234.89999389648438,241.22000122070312,27088600
2025-06-02,247.7015838623047,248.7100067138672,250.0,243.19000244140625,243.25,19197000
2025-06-03,255.80857849121094,256.8500061035156,257.8800048828125,249.39999389648438,250.0800018310547,30380200
2025-06-04,260.0213928222656,261.0799865722656,265.42999267578125,257.5899963378906,258.05999755859375,31536000
2025-06-05,258.8760986328125,259.92999267578125,264.8900146484375,259.05999755859375,262.95001220703125,41970900
2025-06-06,245.92880249023438,246.92999267578125,255.32000732421875,246.1300048828125,251.13999938964844,41146700
2025-06-09,243.28955078125,244.27999877929688,248.1699981689453,241.11000061035156,245.0500030517578,25334100
2025-06-10,243.6381378173828,244.6300048828125,246.27999877929688,241.39999389648438,244.22000122070312,25491300
2025-06-11,251.88455200195312,252.91000366210938,254.77000427246094,243.8000030517578,246.36000061035156,24599000
2025-06-12,255.03175354003906,256.07000732421875,257.8900146484375,249.5,250.19000244140625,20410900
2025-06-13,247.69161987304688,248.6999969482422,254.0,248.35000610351562,250.66000366210938,19028400
2025-06-16,251.07785034179688,252.10000610351562,255.19000244140625,249.57000732421875,250.35000610351562,20363000
2025-06-17,248.35890197753906,249.3699951171875,253.9600067138672,247.9199981689453,250.9499969482422,22014300
2025-06-18,250.24124145507812,251.25999450683594,255.63999938964844,249.41000366210938,250.88999938964844,30435500
2025-06-20,249.5624237060547,249.99000549316406,253.52000427246094,244.1699981689453,253.2100067138672,42134900
2025-06-23,253.33595275878906,253.77000427246094,254.2100067138672,246.4600067138672,249.11000061035156,19747000
2025-06-24,263.31884765625,263.7699890136719,265.8699951171875,258.7699890136719,258.7699890136719,32764900
2025-06-25,264.19732666015625,264.6499938964844,269.8699951171875,263.42999267578125,266.0,18894200
2025-06-26,269.7079162597656,270.1700134277344,271.6700134277344,264.1300048828125,265.0799865722656,23569600
2025-06-27,268.8893127441406,269.3500061035156,271.8500061035156,266.8800048828125,270.29998779296875,27477600
2025-06-30,275.17852783203125,275.6499938964844,277.7099914550781,272.1300048828125,274.7300109863281,24708400
2025-07-01,264.28717041015625,264.739990234375,274.5,262.6600036621094,274.3999938964844,28847600
2025-07-02,269.4383544921875,269.8999938964844,272.0,262.7300109863281,263.989990234375,17582100
2025-07-03,274.7093200683594,275.17999267578125,275.79998779296875,270.1199951171875,270.7300109863281,10592700
2025-07-07,273.7110290527344,274.17999267578125,277.55999755859375,272.6600036621094,275.1300048828125,16760600
2025-07-08,271.3350830078125,271.79998779296875,276.3500061035156,271.1499938964844,276.3500061035156,14869400
2025-07-09,277.4246826171875,277.8999938964844,279.45001220703125,272.7200012207031,272.9599914550781,20133000
2025-07-10,274.928955078125,275.3999938964844,281.17999267578125,272.70001220703125,279.7900085449219,17891600
2025-07-11,273.91070556640625,274.3800048828125,276.4700012207031,271.8900146484375,274.1400146484375,14274700
2025-07-14,275.12860107421875,275.6000061035156,278.3599853515625,269.5799865722656,274.1300048828125,11934200
2025-07-15,280.45947265625,280.94000244140625,283.3599853515625,277.8500061035156,279.80999755859375,17918400
2025-07-16,280.3296813964844,280.80999755859375,281.510009765625,275.6700134277344,280.1099853515625,15031000
2025-07-17,285.9600524902344,286.45001220703125,288.2799987792969,279.9100036621094,281.1400146484375,17231100
2025-07-18,282.8553771972656,283.3399963378906,287.5299987792969,281.0,287.1099853515625,15012400
2025-07-21,287.717041015625,288.2099914550781,290.5400085449219,283.6300048828125,283.9599914550781,17726800
2025-07-22,278.1134948730469,278.5899963378906,288.0,276.42999267578125,287.6499938964844,16564800
2025-07-23,283.20477294921875,283.69000244140625,284.0,273.0,276.7799987792969,20556200
2025-07-24,288.2161865234375,288.7099914550781,291.20001220703125,283.5,289.7900085449219,16413800
2025-07-25,289.68365478515625,290.17999267578125,292.5899963378906,287.2699890136719,288.07000732421875,12476200
2025-07-28,293.7966003417969,294.29998779296875,295.45001220703125,290.5899963378906,292.4599914550781,13683400
2025-07-29,296.91131591796875,297.4200134277344,302.19000244140625,294.8699951171875,297.5,19210800
2025-07-30,302.1023864746094,302.6199951171875,303.260009765625,295.79998779296875,297.1499938964844,16738900
2025-07-31,293.1976623535156,293.70001220703125,306.95001220703125,290.2300109863281,302.79998779296875,25488500
2025-08-01,288.1463317871094,288.6400146484375,292.6400146484375,281.6099853515625,286.5400085449219,21428100
2025-08-04,297.2107849121094,297.7200012207031,298.4800109863281,291.3999938964844,292.20001220703125,17164600
2025-08-05,292.428955078125,292.92999267578125,301.20001220703125,291.45001220703125,297.80999755859375,18477500
2025-08-06,301.1540222167969,301.6700134277344,302.80999755859375,291.8999938964844,292.8999938964844,17392100
2025-08-07,303.2404479980469,303.760009765625,310.3399963378906,299.8800048828125,306.1700134277344,16319400
2025-08-08,304.4483642578125,304.9700012207031,307.8699951171875,302.54998779296875,304.04998779296875,12458700
2025-08-11,303.38018798828125,303.8999938964844,308.30999755859375,301.2900085449219,305.04998779296875,12396400
2025-08-12,312.294921875,312.8299865722656,313.44000244140625,304.6700134277344,306.6300048828125,17609600
2025-08-13,308.5613098144531,309.0899963378906,317.3500061035156,304.75,316.75,17371200
2025-08-14,310.69769287109375,311.2300109863281,314.1700134277344,307.0,307.010009765625,15717600
2025-08-15,305.8160400390625,306.3399963378906,311.5,299.760009765625,311.0299987792969,22806900
2025-08-18,305.2370300292969,305.760009765625,306.1700134277344,299.0,302.70001220703125,14724700
2025-08-19,294.40557861328125,294.9100036621094,302.8999938964844,292.3900146484375,302.4200134277344,20149600
2025-08-20,290.6719970703125,291.1700134277344,295.489990234375,281.8699951171875,295.4599914550781,23600500
2025-08-21,289.10467529296875,289.6000061035156,292.3900146484375,286.1700134277344,290.05999755859375,14946300
2025-08-22,293.49713134765625,294.0,300.0899963378906,289.010009765625,291.75,16301300
2025-08-25,293.72674560546875,294.2300109863281,298.3999938964844,291.7099914550781,292.80999755859375,15124700
2025-08-26,297.5002746582031,298.010009765625,300.25,293.989990234375,294.3500061035156,25689100
2025-08-27,299.7364501953125,300.25,301.17999267578125,293.7799987792969,297.5299987792969,13830300
2025-08-28,308.1220703125,308.6499938964844,311.0,302.3299865722656,302.92999267578125,18907100
2025-08-29,296.88134765625,297.3900146484375,307.010009765625,293.6600036621094,307.010009765625,21610700
2025-09-02,297.7298889160156,298.239990234375,298.7099914550781,287.1700134277344,289.3399963378906,19693000
2025-09-03,301.872802734375,302.3900146484375,304.45001220703125,296.3999938964844,302.2900085449219,18529400
2025-09-04,305.5764465332031,306.1000061035156,308.7799987792969,302.25,305.05999755859375,31220800
2025-09-05,334.31719970703125,334.8900146484375,356.3399963378906,331.4200134277344,355.7799987792969,78401600
2025-09-08,345.05877685546875,345.6499938964844,354.1700134277344,341.25,342.75,43535600
2025-09-09,336.09417724609375,336.6700134277344,350.9800109863281,335.8299865722656,349.54998779296875,26972300
2025-09-10,368.9378967285156,369.57000732421875,372.9700012207031,350.54998779296875,351.5199890136719,51086800
2025-09-11,359.014892578125,359.6300048828125,374.2300109863281,358.760009765625,371.17999267578125,29430900
2025-09-12,359.25445556640625,359.8699951171875,364.3900146484375,357.1600036621094,362.9100036621094,31949800
2025-09-15,363.4672546386719,364.0899963378906,365.5,356.3399963378906,359.8699951171875,21792200
2025-09-16,359.3842468261719,360.0,365.69000244140625,356.989990234375,365.42999267578125,21306500
2025-09-17,345.5779113769531,346.1700134277344,359.92999267578125,341.5,358.8500061035156,45197100
2025-09-18,344.7593078613281,345.3500061035156,350.70001220703125,343.7900085449219,350.0,24663900
2025-09-19,344.3500061035156,344.94000244140625,346.2699890136719,336.42999267578125,344.6499938964844,41240100
2025-09-22,338.7900085449219,338.7900085449219,346.6700134277344,337.94000244140625,342.42999267578125,28660000
2025-09-23,338.94000244140625,338.94000244140625,345.2200012207031,337.0199890136719,340.239990234375,21944100
2025-09-24,339.30999755859375,339.30999755859375,340.0799865722656,333.80999755859375,339.760009765625,19677300
2025-09-25,336.1000061035156,336.1000061035156,338.05999755859375,327.29998779296875,332.989990234375,21678200
2025-09-26,334.5299987792969,334.5299987792969,339.0799865722656,330.5799865722656,337.42999267578125,15464700
2025-09-29,327.8999938964844,327.8999938964844,341.04998779296875,327.54998779296875,336.0,21336000
2025-09-30,329.9100036621094,329.9100036621094,331.04998779296875,324.6099853515625,330.1199951171875,20109500
2025-10-01,333.3900146484375,333.3900146484375,337.95001220703125,324.5,328.1499938964844,21122700
2025-10-02,338.17999267578125,338.17999267578125,347.6099853515625,335.25,347.6099853515625,19917600
2025-10-03,338.3699951171875,338.3699951171875,344.3999938964844,335.739990234375,341.5,14749100
2025-10-06,335.489990234375,335.489990234375,344.1300048828125,334.55999755859375,335.9200134277344,18465700
2025-10-07,336.4100036621094,336.4100036621094,338.1099853515625,326.5799865722656,337.0299987792969,18086700
2025-10-08,345.5,345.5,346.5400085449219,332.6199951171875,333.82000732421875,21478300
2025-10-09,345.0199890136719,345.0199890136719,347.30999755859375,340.3999938964844,345.75,17643700
2025-10-10,324.6300048828125,324.6300048828125,350.6000061035156,324.04998779296875,345.3900146484375,28941000
2025-10-13,356.70001220703125,356.70001220703125,359.3800048828125,343.5199890136719,352.7699890136719,45984300
2025-10-14,344.1300048828125,344.1300048828125,350.6700134277344,339.6499938964844,350.1300048828125,22078000
2025-10-15,351.3299865722656,351.3299865722656,359.3999938964844,347.5,354.4700012207031,23918500
2025-10-16,354.1499938964844,354.1499938964844,363.239990234375,349.489990234375,356.79998779296875,20317200
2025-10-17,349.3299865722656,349.3299865722656,350.9700012207031,340.7799987792969,349.6099853515625,20937900
2025-10-20,349.239990234375,349.239990234375,356.5899963378906,347.8399963378906,353.79998779296875,15640200
2025-10-21,342.6600036621094,342.6600036621094,351.1000061035156,341.30999755859375,350.0,16092600
2025-10-22,340.29998779296875,340.29998779296875,348.010009765625,335.510009765625,347.29998779296875,19268800
2025-10-23,344.2900085449219,344.2900085449219,346.57000732421875,340.3999938964844,340.3999938964844,12859200
2025-10-24,354.1300048828125,354.1300048828125,358.29998779296875,350.8800048828125,352.510009765625,16143700
2025-10-27,362.04998779296875,362.04998779296875,362.75,355.0799865722656,361.5400085449219,20065800
2025-10-28,372.9700012207031,372.9700012207031,374.05999755859375,362.5299987792969,362.6199951171875,21005600
