Date,Adj Close,Close,High,Low,Open,Volume
,GOOGL,GOOGL,GOOGL,GOOGL,GOOGL,GOOGL
2013-11-01,25.525650024414062,25.701702117919922,25.925926208496094,25.653152465820312,25.820571899414062,51280668
2013-11-04,25.502534866333008,25.678428649902344,25.835084915161133,25.576326370239258,25.813312530517578,45506448
2013-11-05,25.388458251953125,25.56356430053711,25.817066192626953,25.460960388183594,25.534284591674805,47208744
2013-11-06,25.419023513793945,25.594343185424805,25.700700759887695,25.40966033935547,25.665666580200195,36479484
2013-11-07,25.051193237304688,25.223974227905273,25.62387466430664,25.216215133666992,25.59084129333496,67116816
2013-11-08,25.252010345458984,25.426176071166992,25.487987518310547,25.23773765563965,25.243993759155273,51580368
2013-11-11,25.116806030273438,25.2900390625,25.423673629760742,25.2252254486084,25.26301383972168,44459496
2013-11-12,25.14638328552246,25.319820404052734,25.46446418762207,25.150150299072266,25.21771812438965,48675276
2013-11-13,25.660602569580078,25.837587356567383,25.847097396850586,25.18768882751465,25.193944931030273,63112824
2013-11-14,25.72920036315918,25.90665626525879,26.0197696685791,25.784534454345703,25.87387466430664,46621332
2013-11-15,25.687694549560547,25.864864349365234,25.975976943969727,25.783533096313477,25.897647857666016,51000948
2013-11-18,25.637741088867188,25.814565658569336,26.2447452545166,25.756757736206055,25.91967010498047,70317612
2013-11-19,25.479921340942383,25.655656814575195,25.89464569091797,25.601852416992188,25.818819046020508,45218736
2013-11-20,25.408090591430664,25.583332061767578,25.859859466552734,25.534534454345703,25.774524688720703,38509452
2013-11-21,25.70037078857422,25.877628326416016,25.983734130859375,25.675676345825195,25.700700759887695,43628328
2013-11-22,25.646188735961914,25.82307243347168,25.930179595947266,25.756256103515625,25.861360549926758,50117832
2013-11-25,25.99513053894043,26.174423217773438,26.35610580444336,25.90140151977539,25.954954147338867,64455480
2013-11-26,26.30530548095703,26.486736297607422,26.564064025878906,26.099599838256836,26.241241455078125,91360548
2013-11-27,26.422119140625,26.604354858398438,26.726726531982422,26.526527404785156,26.577327728271484,44899056
2013-11-29,26.334632873535156,26.516265869140625,26.69219207763672,26.51276206970215,26.580581665039062,47664288
2013-12-02,26.207632064819336,26.38838768005371,26.685434341430664,26.29529571533203,26.614364624023438,54873072
2013-12-03,26.177310943603516,26.357858657836914,26.612613677978516,26.251752853393555,26.300050735473633,66976956
2013-12-04,26.299592971801758,26.480981826782227,26.62612533569336,26.276275634765625,26.31056022644043,47616336
2013-12-05,26.278711318969727,26.4599609375,26.51801872253418,26.30355453491211,26.45645523071289,45302652
2013-12-06,26.59012794494629,26.773523330688477,26.776777267456055,26.528528213500977,26.771522521972656,57094848
2013-12-09,26.795665740966797,26.980480194091797,27.084835052490234,26.72722625732422,26.801551818847656,59244696
2013-12-10,26.957714080810547,27.143644332885742,27.335084915161133,26.918167114257812,26.930681228637695,74081844
2013-12-11,26.7745418548584,26.959209442138672,27.31031036376953,26.906156539916992,27.21221160888672,68403528
2013-12-12,26.592365264892578,26.775775909423828,27.100601196289062,26.751752853393555,27.016265869140625,63796140
2013-12-13,26.364456176757812,26.546295166015625,26.93418312072754,26.473724365234375,26.91191291809082,86409504
2013-12-16,26.66742515563965,26.851350784301758,26.89414405822754,26.576826095581055,26.62662696838379,64015920
2013-12-17,26.58987808227539,26.773273468017578,27.046045303344727,26.736236572265625,26.847347259521484,61366572
2013-12-18,26.959951400756836,27.145896911621094,27.150901794433594,26.50250244140625,26.82307243347168,88323588
2013-12-19,26.99648666381836,27.18268394470215,27.327077865600586,27.004003524780273,27.046295166015625,66561372
2013-12-20,27.35437774658203,27.54304313659668,27.556806564331055,27.22722625732422,27.2347354888916,130333536
2013-12-23,27.714258193969727,27.905405044555664,27.922922134399414,27.655656814575195,27.723724365234375,68795136
2013-12-24,27.63323402404785,27.823823928833008,27.90890884399414,27.7302303314209,27.902151107788086,29338632
2013-12-26,27.772912979125977,27.96446418762207,28.003002166748047,27.7449951171875,27.878128051757812,53458488
2013-12-27,27.796276092529297,27.987987518310547,28.0350341796875,27.851350784301758,28.02802848815918,62725212
2013-12-30,27.574081420898438,27.764263153076172,28.04054069519043,27.753253936767578,28.036537170410156,49394556
2013-12-31,27.85368537902832,28.045795440673828,28.05305290222168,27.68418312072754,27.833833694458008,54261684
2014-01-02,27.6650447845459,27.85585594177246,27.971721649169922,27.734233856201172,27.914413452148438,72783144
2014-01-03,27.46323585510254,27.652652740478516,27.951200485229492,27.650901794433594,27.902902603149414,66601332
2014-01-06,27.76943016052246,27.960960388183594,27.99949836730957,27.688688278198242,27.853103637695312,70701228
2014-01-07,28.304780960083008,28.5,28.520771026611328,28.057056427001953,28.153152465820312,102001896
2014-01-08,28.36368179321289,28.559309005737305,28.711711883544922,28.360610961914062,28.678678512573242,89610300
2014-01-09,28.09054183959961,28.284284591674805,28.63413429260254,28.16716766357422,28.614614486694336,83296620
2014-01-10,28.08905029296875,28.28278350830078,28.50550651550293,28.084333419799805,28.50550651550293,85654260
2014-01-13,27.91010284423828,28.102603912353516,28.70145034790039,27.95720672607422,28.189939498901367,96659244
2014-01-14,28.56673812866211,28.763763427734375,28.803804397583008,28.230480194091797,28.47722625732422,99204696
2014-01-15,28.547351837158203,28.744243621826172,28.90390396118164,28.62337303161621,28.85360336303711,77929992
2014-01-16,28.736238479614258,28.93443489074707,28.97722625732422,28.728729248046875,28.756256103515625,67288644
2014-01-17,28.59482192993164,28.792041778564453,29.0447940826416,28.633634567260742,28.950199127197266,107943948
2014-01-21,28.922143936157227,29.12162208557129,29.12912940979004,28.811311721801758,29.05230140686035,79116804
2014-01-22,28.95494842529297,29.15465545654297,29.226476669311523,29.00050163269043,29.19444465637207,62793144
2014-01-23,28.832670211791992,29.031532287597656,29.091341018676758,28.888137817382812,29.029029846191406,77886036
2014-01-24,27.93123435974121,28.12387466430664,28.867618560791016,28.103103637695312,28.804054260253906,155544300
2014-01-27,27.369539260864258,27.558307647705078,28.190690994262695,27.083833694458008,28.180681228637695,173969856
2014-01-28,27.910850524902344,28.10335350036621,28.17192268371582,27.776275634765625,27.785785675048828,88319592
2014-01-29,27.510955810546875,27.700700759887695,28.071821212768555,27.51301383972168,28.006006240844727,95100804
2014-01-30,28.218536376953125,28.413162231445312,28.84109115600586,28.20945930480957,28.653654098510742,203452344
2014-01-31,29.351364135742188,29.553804397583008,29.693193435668945,28.807056427001953,29.31306266784668,222429348
2014-02-03,28.16982650756836,28.36411476135254,29.572572708129883,28.32857894897461,29.509510040283203,182581236
2014-02-04,28.287385940551758,28.48248291015625,28.90390396118164,28.453704833984375,28.478227615356445,112363524
2014-02-05,28.41264533996582,28.60860824584961,28.79804801940918,28.228729248046875,28.613113403320312,95684220
2014-02-06,28.82918930053711,29.02802848815918,29.03303337097168,28.717466354370117,28.807056427001953,77786136
2014-02-07,29.26363182067871,29.465465545654297,29.47697639465332,29.04304313659668,29.219970703125,105342552
2014-02-10,29.15154457092285,29.352603912353516,29.589590072631836,29.2547550201416,29.324323654174805,77730192
2014-02-11,29.580265045166016,29.784284591674805,29.826576232910156,29.334585189819336,29.533784866333008,81949968
2014-02-12,29.493528366088867,29.69694709777832,29.7797794342041,29.564064025878906,29.7547550201416,68911020
2014-02-13,29.82184410095215,30.027528762817383,30.027528762817383,29.521020889282227,29.548297882080078,73382544
2014-02-14,29.893918991088867,30.100099563598633,30.139890670776367,29.849849700927734,29.920169830322266,87380532
2014-02-18,30.09473419189453,30.30230140686035,30.352102279663086,30.030029296875,30.06531524658203,84271644
2014-02-19,29.88248634338379,30.08858871459961,30.260761260986328,29.967466354370117,30.162662506103516,84059856
2014-02-20,29.926477432250977,30.132883071899414,30.202451705932617,30.03553581237793,30.10860824584961,67963968
2014-02-21,29.91852569580078,30.124874114990234,30.277027130126953,30.10110092163086,30.225475311279297,74417508
2014-02-24,30.1352481842041,30.343093872070312,30.534534454345703,30.157657623291016,30.16416358947754,66905028
2014-02-25,30.321399688720703,30.53053092956543,30.643142700195312,30.290790557861328,30.42892837524414,57490452
2014-02-26,30.325626373291016,30.5347843170166,30.75275230407715,30.374374389648438,30.630630493164062,79208712
2014-02-27,30.30176544189453,30.510761260986328,30.63638687133789,30.455705642700195,30.4902400970459,50349600
2014-02-28,30.213289260864258,30.421672821044922,30.635385513305664,30.185686111450195,30.539039611816406,92451456
2014-03-03,29.891183853149414,30.097347259521484,30.226226806640625,29.833332061767578,30.198949813842773,84107808
2014-03-04,30.194894790649414,30.403152465820312,30.430429458618164,30.26776885986328,30.405405044555664,58649292
2014-03-05,30.278156280517578,30.48698616027832,30.607608795166016,30.31556510925293,30.40665626525879,49362588
2014-03-06,30.31170654296875,30.520771026611328,30.68443489074707,30.495494842529297,30.587587356567383,50673276
2014-03-07,30.191913604736328,30.400150299072266,30.705455780029297,30.316316604614258,30.700700759887695,60543396
2014-03-10,30.11188507080078,30.319570541381836,30.471471786499023,30.132381439208984,30.422672271728516,48535416
2014-03-11,29.824081420898438,30.0297794342041,30.38838768005371,29.945945739746094,30.374624252319336,68451480
2014-03-12,30.005760192871094,30.21271324157715,30.226476669311523,29.634384155273438,29.939939498901367,78493428
2014-03-13,29.55242919921875,29.756256103515625,30.29279327392578,29.648649215698242,30.228979110717773,93730176
2014-03-14,29.148311614990234,29.349348068237305,29.801551818847656,29.342592239379883,29.579328536987305,91664244
2014-03-17,29.62798500061035,29.832332611083984,29.956707000732422,29.48223114013672,29.510761260986328,86397516
2014-03-18,30.10418128967285,30.311811447143555,30.31856918334961,29.856355667114258,29.89664649963379,72527400
2014-03-19,29.80569076538086,30.011260986328125,30.330080032348633,29.890140533447266,30.32532501220703,64451484
2014-03-20,29.753746032714844,29.958959579467773,30.27052116394043,29.91391372680664,30.028778076171875,67320612
2014-03-21,29.402809143066406,29.605606079101562,30.271020889282227,29.59084129333496,30.187938690185547,128211660
2014-03-24,28.778736114501953,28.97722625732422,29.652151107788086,28.677427291870117,29.634384155273438,121362516
2014-03-25,28.798372268676758,28.996997833251953,29.2752742767334,28.703704833984375,29.17917823791504,96311592
2014-03-26,28.1335391998291,28.327577590942383,29.31856918334961,28.31581687927246,29.079328536987305,103096800
2014-03-27,27.693878173828125,27.884885787963867,28.326826095581055,27.580080032348633,28.299549102783203,152735112
2014-03-28,27.839767456054688,28.031782150268555,28.358108520507812,27.97222137451172,28.003002166748047,90265644
2014-03-31,27.6995906829834,27.890640258789062,28.40340232849121,27.849098205566406,28.288288116455078,77614308
2014-04-01,28.206111907958984,28.400651931762695,28.465965270996094,27.977977752685547,28.0347843170166,87152760
2014-04-02,28.21133041381836,28.405906677246094,28.648649215698242,28.128128051757812,28.57607650756836,83360556
2014-04-03,28.3792667388916,28.575000762939453,29.415000915527344,28.300500869750977,28.66950035095215,80366000
2014-04-04,27.075756072998047,27.262500762939453,28.986000061035156,27.22450065612793,28.927499771118164,107274000
2014-04-07,26.846338272094727,27.0314998626709,27.49250030517578,26.526500701904297,27.239500045776367,79232000
2014-04-08,27.68455696105957,27.875499725341797,27.993999481201172,27.235000610351562,27.252500534057617,69650000
2014-04-09,28.157791137695312,28.351999282836914,28.389999389648438,27.768999099731445,28.29199981689453,60632000
2014-04-10,27.14726448059082,27.33449935913086,28.410499572753906,27.274999618530273,28.399999618530273,65890000
2014-04-11,26.703821182250977,26.88800048828125,27.379499435424805,26.670000076293945,26.89699935913086,63494000
2014-04-14,27.073274612426758,27.260000228881836,27.650999069213867,27.025999069213867,27.183000564575195,50824000
2014-04-15,27.247074127197266,27.434999465942383,27.644500732421875,26.531999588012695,27.549999237060547,79956000
2014-04-16,28.001869201660156,28.19499969482422,28.200000762939453,27.655000686645508,27.885000228881836,91644000
2014-04-17,26.980911254882812,27.16699981689453,27.850000381469727,26.969999313354492,27.81599998474121,112294000
2014-04-21,26.783771514892578,26.9685001373291,27.200000762939453,26.700000762939453,27.200000762939453,48502000
2014-04-22,27.088171005249023,27.274999618530273,27.399999618530273,26.799999237060547,26.799999237060547,46622000
2014-04-23,26.69140625,26.875499725341797,27.239999771118164,26.4064998626709,27.183500289916992,39114000
2014-04-24,26.538955688476562,26.722000122070312,27.125,26.549999237060547,27.08449935913086,41348000
2014-04-25,25.975839614868164,26.155000686645508,26.69300079345703,26.125,26.613000869750977,47400000
2014-04-28,25.969884872436523,26.14900016784668,26.295000076293945,25.549999237060547,26.290000915527344,75056000
2014-04-29,26.632808685302734,26.816499710083008,26.88800048828125,26.149999618530273,26.194499969482422,50704000
2014-04-30,26.560806274414062,26.743999481201172,26.816999435424805,26.454500198364258,26.756000518798828,40770000
2014-05-01,26.74205780029297,26.92650032043457,26.995500564575195,26.64299964904785,26.712499618530273,40086000
2014-05-02,26.510652542114258,26.693500518798828,27.1200008392334,26.66349983215332,27.07200050354004,35616000
2014-05-05,26.58315086364746,26.76650047302246,26.785999298095703,26.378999710083008,26.511999130249023,24568000
2014-05-06,25.94952392578125,26.12849998474121,26.727500915527344,26.113000869750977,26.670499801635742,36700000
2014-05-07,25.72258949279785,25.899999618530273,26.221500396728516,25.554500579833984,26.162500381469727,61486000
2014-05-08,25.830347061157227,26.008499145507812,26.36750030517578,25.722999572753906,25.785999298095703,49040000
2014-05-09,26.150636672973633,26.33099937438965,26.36750030517578,25.714000701904297,25.9325008392334,45224000
2014-05-12,26.737089157104492,26.921499252319336,26.9375,26.375499725341797,26.591999053955078,38968000
2014-05-13,26.89152717590332,27.07699966430664,27.199499130249023,26.895000457763672,26.979000091552734,40240000
2014-05-14,26.53746795654297,26.720500946044922,27.090999603271484,26.655500411987305,27.090999603271484,25618000
2014-05-15,26.2747802734375,26.45599937438965,26.700000762939453,26.265499114990234,26.656999588012695,36658000
2014-05-16,26.23406219482422,26.415000915527344,26.54199981689453,26.178499221801758,26.479999542236328,38154000
2014-05-19,26.756954193115234,26.941499710083008,26.967500686645508,26.283000946044922,26.444000244140625,39530000
2014-05-20,26.834423065185547,27.019500732421875,27.3174991607666,26.828500747680664,27.0,48506000
2014-05-21,27.296733856201172,27.485000610351562,27.487499237060547,27.105499267578125,27.145000457763672,31294000
2014-05-22,27.58226203918457,27.772499084472656,27.898000717163086,27.549999237060547,27.610000610351562,42994000
2014-05-23,27.996904373168945,28.190000534057617,28.25,27.708499908447266,27.9064998626709,53450000
2014-05-27,28.54660987854004,28.743499755859375,28.743499755859375,28.207500457763672,28.388999938964844,43716000
2014-05-28,28.327123641967773,28.522499084472656,28.882999420166016,28.497499465942383,28.728500366210938,31632000
2014-05-29,28.33258628845215,28.527999877929688,28.673999786376953,28.422500610351562,28.66950035095215,28222000
2014-05-30,28.386714935302734,28.582500457763672,28.628999710083008,28.289499282836914,28.582000732421875,37434000
2014-06-02,28.023717880249023,28.216999053955078,28.52050018310547,27.834999084472656,28.487499237060547,33210000
2014-06-03,27.53558349609375,27.725500106811523,28.1200008392334,27.62649917602539,28.045000076293945,40626000
2014-06-04,27.498342514038086,27.687999725341797,27.929000854492188,27.42799949645996,27.576000213623047,34582000
2014-06-05,28.053014755249023,28.24650001525879,28.25,27.752500534057617,27.855499267578125,35868000
2014-06-06,28.10763931274414,28.30150032043457,28.440000534057617,27.979000091552734,28.408000946044922,34804000
2014-06-09,28.341028213500977,28.536500930786133,28.600000381469727,28.26099967956543,28.337499618530273,30594000
2014-06-10,28.220359802246094,28.415000915527344,28.600000381469727,28.306499481201172,28.43899917602539,29676000
2014-06-11,28.180635452270508,28.375,28.44849967956543,28.18400001525879,28.29599952697754,22580000
2014-06-12,27.78337860107422,27.975000381469727,28.350000381469727,27.857500076293945,28.350000381469727,30930000
2014-06-13,27.82558250427246,28.017499923706055,28.032499313354492,27.68600082397461,28.003999710083008,27066000
2014-06-16,27.425844192504883,27.614999771118164,27.899499893188477,27.5,27.862499237060547,39436000
2014-06-17,27.342416763305664,27.5310001373291,27.687000274658203,27.37350082397461,27.618000030517578,29552000
2014-06-18,27.840980529785156,28.033000946044922,28.06999969482422,27.57900047302246,27.639999389648438,41212000
2014-06-19,28.055994033813477,28.249500274658203,28.25,27.833499908447266,28.0575008392334,52548000
2014-06-20,28.13197135925293,28.326000213623047,28.338499069213867,27.9685001373291,28.322500228881836,63212000
2014-06-23,28.51780891418457,28.714500427246094,28.722000122070312,28.174999237060547,28.217500686645508,34456000
2014-06-24,28.430910110473633,28.62700080871582,29.112499237060547,28.45800018310547,28.711000442504883,56886000
2014-06-25,29.095821380615234,29.296499252319336,29.364999771118164,28.663000106811523,28.677499771118164,42294000
2014-06-26,29.03822135925293,29.238500595092773,29.479999542236328,28.979999542236328,29.46500015258789,40248000
2014-06-27,29.083906173706055,29.284500122070312,29.393999099731445,29.131000518798828,29.272499084472656,40426000
2014-06-30,29.033254623413086,29.23349952697754,29.385499954223633,29.164499282836914,29.33799934387207,29578000
2014-07-01,29.371919631958008,29.574499130249023,29.683000564575195,29.31450080871582,29.38249969482422,32864000
2014-07-02,29.336660385131836,29.538999557495117,29.707500457763672,29.45549964904785,29.613000869750977,23916000
2014-07-03,29.45087432861328,29.65399932861328,29.712499618530273,29.450000762939453,29.584999084472656,17978000
2014-07-07,29.335670471191406,29.538000106811523,29.782499313354492,29.39699935913086,29.675500869750977,26734000
2014-07-08,28.72190284729004,28.920000076293945,29.398500442504883,28.700000762939453,29.318500518798828,42504000
2014-07-09,28.968202590942383,29.167999267578125,29.204999923706055,28.850000381469727,28.947500228881836,27456000
2014-07-10,28.803342819213867,29.00200080871582,29.262500762939453,28.604999542236328,28.649999618530273,28724000
2014-07-11,29.13157844543457,29.332500457763672,29.411500930786133,29.02899932861328,29.049999237060547,30232000
2014-07-14,29.50946807861328,29.71299934387207,29.743000030517578,29.33449935913086,29.530000686645508,39032000
2014-07-15,29.449880599975586,29.652999877929688,29.764999389648438,29.265499114990234,29.75749969482422,33476000
2014-07-16,29.328718185424805,29.5310001373291,29.850000381469727,29.512500762939453,29.844499588012695,28816000
2014-07-17,28.84207534790039,29.041000366210938,29.475000381469727,28.842500686645508,29.44849967956543,58706000
2014-07-18,30.048255920410156,30.25550079345703,30.334999084472656,29.54599952697754,30.15049934387207,97432000
2014-07-21,29.717037200927734,29.922000885009766,30.20800018310547,29.72249984741211,30.0674991607666,44758000
2014-07-22,29.971784591674805,30.178499221801758,30.444499969482422,29.96299934387207,29.985000610351562,37632000
2014-07-23,30.052227020263672,30.25950050354004,30.352500915527344,30.0674991607666,30.102500915527344,22120000
2014-07-24,29.9439697265625,30.15049934387207,30.445499420166016,30.049999237060547,30.276500701904297,27100000
2014-07-25,29.699161529541016,29.90399932861328,30.049999237060547,29.787500381469727,29.962499618530273,27200000
2014-07-28,29.74584197998047,29.951000213623047,30.05500030517578,29.629499435424805,29.887500762939453,27162000
2014-07-29,29.494077682495117,29.697500228881836,29.92449951171875,29.60849952697754,29.885000228881836,27332000
2014-07-30,29.568065643310547,29.77199935913086,29.922500610351562,29.635000228881836,29.79050064086914,24302000
2014-07-31,28.779008865356445,28.977500915527344,29.59950065612793,28.884000778198242,29.447999954223633,46190000
2014-08-01,28.48354721069336,28.68000030517578,29.171499252319336,28.514999389648438,28.927499771118164,44266000
2014-08-04,28.914077758789062,29.113500595092773,29.19099998474121,28.613000869750977,28.82550048828125,30388000
2014-08-05,28.460702896118164,28.656999588012695,29.010000228881836,28.515499114990234,28.9689998626709,32876000
2014-08-06,28.527740478515625,28.72450065612793,28.93199920654297,28.372499465942383,28.475000381469727,26456000
2014-08-07,28.394657135009766,28.590499877929688,28.91550064086914,28.471500396728516,28.802499771118164,23260000
2014-08-08,28.69905662536621,28.89699935913086,28.97800064086914,28.451000213623047,28.60099983215332,29866000
2014-08-11,28.664796829223633,28.862499237060547,28.984500885009766,28.764999389648438,28.950000762939453,24068000
2014-08-12,28.410051345825195,28.606000900268555,28.795000076293945,28.495500564575195,28.75,27890000
2014-08-13,29.02779197692871,29.22800064086914,29.306499481201172,28.760000228881836,28.822500228881836,37988000
2014-08-14,29.03226089477539,29.232500076293945,29.389999389648438,29.04599952697754,29.33449935913086,25458000
2014-08-15,28.985584259033203,29.18549919128418,29.473499298095703,29.038000106811523,29.375,34468000
2014-08-18,29.432004928588867,29.635000228881836,29.752500534057617,29.327499389648438,29.354999542236328,29320000
2014-08-19,29.650991439819336,29.855499267578125,29.890499114990234,29.722000122070312,29.779499053955078,20864000
2014-08-20,29.566577911376953,29.77050018310547,29.84950065612793,29.649999618530273,29.84749984741211,19346000
2014-08-21,29.418100357055664,29.621000289916992,29.762500762939453,29.55500030517578,29.7450008392334,22640000
2014-08-22,29.42405891418457,29.62700080871582,29.749500274658203,29.489999771118164,29.66349983215332,17544000
2014-08-25,29.326231002807617,29.528499603271484,29.77899932861328,29.46299934387207,29.738500595092773,25912000
2014-08-26,29.204574584960938,29.4060001373291,29.602500915527344,29.372499465942383,29.600000381469727,29434000
2014-08-27,28.950326919555664,29.149999618530273,29.4685001373291,29.045000076293945,29.390499114990234,27292000
2014-08-28,28.81724739074707,29.016000747680664,29.23550033569336,28.893999099731445,29.000999450683594,28116000
2014-08-29,28.91854476928711,29.118000030517578,29.145000457763672,28.91200065612793,29.11750030517578,24122000
2014-09-02,29.229896545410156,29.431499481201172,29.46500015258789,29.1200008392334,29.147499084472656,31660000
2014-09-03,29.27409553527832,29.47599983215332,29.72450065612793,29.325000762939453,29.58650016784668,31580000
2014-09-04,29.453855514526367,29.656999588012695,29.899999618530273,29.530000686645508,29.60650062561035,32616000
2014-09-05,29.684263229370117,29.888999938964844,29.924999237060547,29.677499771118164,29.756500244140625,35982000
2014-09-08,29.875446319580078,30.081499099731445,30.176000595092773,29.900999069213867,29.957000732421875,31984000
2014-09-09,29.395753860473633,29.598499298095703,30.030000686645508,29.52400016784668,30.013500213623047,31424000
2014-09-10,29.467758178710938,29.67099952697754,29.68600082397461,29.35700035095215,29.586999893188477,23202000
2014-09-11,29.35304832458496,29.555500030517578,29.59749984741211,29.302000045776367,29.5,30028000
2014-09-12,29.044675827026367,29.2450008392334,29.573999404907227,29.163999557495117,29.519500732421875,37030000
2014-09-15,28.88279151916504,29.082000732421875,29.195999145507812,28.850500106811523,29.11199951171875,30908000
2014-09-16,29.237346649169922,29.43899917602539,29.50749969482422,29.047500610351562,29.047500610351562,31592000
2014-09-17,29.461301803588867,29.664499282836914,29.803499221801758,29.356000900268555,29.475500106811523,34390000
2014-09-18,29.658939361572266,29.863500595092773,29.878000259399414,29.650999069213867,29.752500534057617,29890000
2014-09-19,30.06265640258789,30.270000457763672,30.270000457763672,29.88800048828125,29.97450065612793,83832000
2014-09-22,29.658939361572266,29.863500595092773,30.190000534057617,29.6560001373291,30.125,35644000
2014-09-23,29.356523513793945,29.55900001525879,29.832500457763672,29.511999130249023,29.75,28074000
2014-09-24,29.716047286987305,29.92099952697754,30.00550079345703,29.514999389648438,29.578500747680664,35160000
2014-09-25,29.062057495117188,29.262500762939453,29.903499603271484,29.23699951171875,29.84950065612793,33420000
2014-09-26,29.193649291992188,29.395000457763672,29.478500366210938,29.25,29.296499252319336,25782000
2014-09-29,29.189180374145508,29.390499114990234,29.465499877929688,29.078500747680664,29.09149932861328,22874000
2014-09-30,29.218975067138672,29.420499801635742,29.549999237060547,29.225000381469727,29.374500274658203,31430000
2014-10-01,28.782983779907227,28.98150062561035,29.43600082397461,28.900999069213867,29.34000015258789,28954000
2014-10-02,28.84505271911621,29.04400062561035,29.16200065612793,28.702499389648438,28.899999618530273,30726000
2014-10-03,29.11171531677246,29.3125,29.414499282836914,29.174999237060547,29.204999923706055,24290000
2014-10-06,29.18769073486328,29.388999938964844,29.6200008392334,29.270000457763672,29.497499465942383,25722000
2014-10-07,28.50837516784668,28.704999923706055,29.292499542236328,28.704999923706055,29.2450008392334,30914000
2014-10-08,28.987075805664062,29.187000274658203,29.234500885009766,28.381999969482422,28.739500045776367,44158000
2014-10-09,28.345003128051758,28.54050064086914,29.12649917602539,28.451499938964844,29.08049964904785,48234000
2014-10-10,27.569351196289062,27.75950050354004,28.761499404907227,27.750499725341797,28.37350082397461,59574000
2014-10-13,27.050926208496094,27.237499237060547,28.04400062561035,27.221500396728516,27.756500244140625,55116000
2014-10-14,27.246580123901367,27.434499740600586,27.931499481201172,27.225000381469727,27.506999969482422,52198000
2014-10-15,26.851306915283203,27.036500930786133,27.195999145507812,26.42099952697754,27.104000091552734,76720000
2014-10-16,26.662111282348633,26.84600067138672,27.04949951171875,26.247499465942383,26.350000381469727,76100000
2014-10-17,25.96938705444336,26.148500442504883,27.172500610351562,25.920499801635742,27.022499084472656,119930000
2014-10-20,26.436662673950195,26.618999481201172,26.658000946044922,25.957000732421875,26.022499084472656,54964000
2014-10-21,26.71722984313965,26.901500701904297,26.938499450683594,26.510000228881836,26.863500595092773,49190000
2014-10-22,26.948633193969727,27.13450050354004,27.538000106811523,27.011499404907227,27.052499771118164,59474000
2014-10-23,27.492877960205078,27.6825008392334,27.8700008392334,27.274999618530273,27.413999557495117,43026000
2014-10-24,27.257007598876953,27.44499969482422,27.75,27.257999420166016,27.749000549316406,43508000
2014-10-27,27.3056697845459,27.493999481201172,27.700000762939453,27.360000610351562,27.38800048828125,31934000
2014-10-28,27.75556755065918,27.94700050354004,27.959999084472656,27.521499633789062,27.585500717163086,34774000
2014-10-29,27.731233596801758,27.922500610351562,28.24850082397461,27.798999786376953,28.042499542236328,41066000
2014-10-30,27.821613311767578,28.013500213623047,28.125,27.60650062561035,27.912500381469727,32250000
2014-10-31,28.199007034301758,28.39349937438965,28.436500549316406,28.24049949645996,28.415000915527344,46810000
2014-11-03,27.995412826538086,28.188499450683594,28.357500076293945,28.081499099731445,28.17650032043457,30834000
2014-11-04,28.01626968383789,28.20949935913086,28.239500045776367,27.915000915527344,28.058000564575195,27726000
2014-11-05,27.607091903686523,27.797500610351562,28.344999313354492,27.707500457763672,28.339500427246094,32906000
2014-11-06,27.395549774169922,27.58449935913086,27.84000015258789,27.52899932861328,27.774999618530273,33014000
2014-11-07,27.40200424194336,27.590999603271484,27.780000686645508,27.467500686645508,27.780000686645508,31782000
2014-11-10,27.720312118530273,27.911500930786133,28.0314998626709,27.58099937438965,27.6200008392334,26090000
2014-11-11,27.872262954711914,28.06450080871582,28.125,27.812000274658203,27.926000595092773,21966000
2014-11-12,27.721303939819336,27.912500381469727,28.0625,27.774999618530273,28.0575008392334,21882000
2014-11-13,27.631425857543945,27.82200050354004,28.041000366210938,27.704500198364258,28.04050064086914,30220000
2014-11-14,27.569351196289062,27.75950050354004,27.899999618530273,27.625499725341797,27.899999618530273,28502000
2014-11-17,27.144777297973633,27.332000732421875,27.75950050354004,27.222000122070312,27.75950050354004,33612000
2014-11-18,27.039011001586914,27.225500106811523,27.63949966430664,27.190000534057617,27.396499633789062,36440000
2014-11-19,27.17258644104004,27.360000610351562,27.410999298095703,26.95949935913086,27.237499237060547,30346000
2014-11-20,27.00176429748535,27.187999725341797,27.268999099731445,27.075000762939453,27.10449981689453,35016000
2014-11-21,27.1075382232666,27.29450035095215,27.552000045776367,27.25,27.552000045776367,50120000
2014-11-24,27.186492919921875,27.374000549316406,27.559499740600586,27.207500457763672,27.328500747680664,33076000
2014-11-25,27.273393630981445,27.46150016784668,27.625,27.345500946044922,27.36050033569336,38072000
2014-11-26,27.198909759521484,27.386499404907227,27.493999481201172,27.261499404907227,27.46150016784668,29604000
2014-11-28,27.26594352722168,27.45400047302246,27.479999542236328,27.224000930786133,27.350000381469727,24202000
2014-12-01,26.797672271728516,26.982500076293945,27.43950080871582,26.930999755859375,27.254499435424805,39888000
2014-12-02,26.745038986206055,26.929500579833984,27.092500686645508,26.732999801635742,26.97249984741211,41480000
2014-12-03,26.664588928222656,26.848499298095703,27.070499420166016,26.760499954223633,26.875,32476000
2014-12-04,26.943172454833984,27.128999710083008,27.13450050354004,26.74449920654297,26.881999969482422,32598000
2014-12-05,26.223134994506836,26.40399932861328,26.90999984741211,26.363000869750977,26.834999084472656,61402000
2014-12-08,26.3547306060791,26.536500930786133,26.69099998474121,26.350000381469727,26.461000442504883,64566000
2014-12-09,26.62188720703125,26.805500030517578,26.832500457763672,26.170499801635742,26.29400062561035,43322000
2014-12-10,26.221149444580078,26.402000427246094,26.968000411987305,26.374500274658203,26.795000076293945,46222000
2014-12-11,26.42325782775879,26.605499267578125,26.851999282836914,26.45800018310547,26.500499725341797,41426000
2014-12-12,25.896886825561523,26.07550048828125,26.61199951171875,26.072999954223633,26.371999740600586,47314000
2014-12-15,25.615325927734375,25.79199981689453,26.26849937438965,25.770000457763672,26.187999725341797,52352000
2014-12-16,24.737384796142578,24.908000946044922,25.77899932861328,24.859500885009766,25.68000030517578,86998000
2014-12-17,25.149044036865234,25.322500228881836,25.453500747680664,24.95549964904785,24.993000030517578,72788000
2014-12-18,25.55474853515625,25.731000900268555,25.8125,25.327999114990234,25.79949951171875,77534000
2014-12-19,25.82389259338379,26.00200080871582,26.04050064086914,25.44300079345703,25.84950065612793,97442000
2014-12-22,26.432689666748047,26.614999771118164,26.648500442504883,26.029499053955078,26.030500411987305,66390000
2014-12-23,26.75397491455078,26.938499450683594,27.114999771118164,26.68600082397461,26.725500106811523,57544000
2014-12-24,26.6626033782959,26.846500396728516,27.01449966430664,26.7549991607666,26.94099998474121,14754000
2014-12-26,26.890533447265625,27.076000213623047,27.162500381469727,26.774499893188477,26.846500396728516,22270000
2014-12-29,26.681476593017578,26.86549949645996,27.196500778198242,26.857999801635742,27.024999618530273,44300000
2014-12-30,26.580671310424805,26.763999938964844,26.892000198364258,26.680500030517578,26.74799919128418,20972000
2014-12-31,26.35125160217285,26.533000946044922,26.920000076293945,26.510000228881836,26.886999130249023,24648000
2015-01-02,26.296133041381836,26.477500915527344,26.790000915527344,26.393999099731445,26.6299991607666,26480000
2015-01-05,25.795087814331055,25.972999572753906,26.399499893188477,25.887500762939453,26.357500076293945,41182000
2015-01-06,25.158483505249023,25.332000732421875,26.06049919128418,25.27750015258789,26.024999618530273,54456000
2015-01-07,25.084489822387695,25.25749969482422,25.574499130249023,25.1825008392334,25.547500610351562,46918000
2015-01-08,25.171884536743164,25.345500946044922,25.375,24.750999450683594,25.07550048828125,73054000
2015-01-09,24.864505767822266,25.035999298095703,25.43000030517578,24.9325008392334,25.409000396728516,42000000
2015-01-12,24.682764053344727,24.85300064086914,25.013999938964844,24.545499801635742,24.961999893188477,57138000
2015-01-13,24.91813850402832,25.09000015258789,25.43000030517578,24.863000869750977,25.12849998474121,60958000
2015-01-14,25.12322235107422,25.296499252319336,25.413000106811523,24.908000946044922,25.020999908447266,52800000
2015-01-15,25.02787971496582,25.20050048828125,25.487499237060547,25.100500106811523,25.444499969482422,51068000
2015-01-16,25.34817123413086,25.523000717163086,25.542499542236328,25.154499053955078,25.157499313354492,49658000
2015-01-20,25.322349548339844,25.496999740600586,25.780500411987305,25.4685001373291,25.638500213623047,46796000
2015-01-21,25.841270446777344,26.019500732421875,26.092500686645508,25.47949981689453,25.54199981689453,46356000
2015-01-22,26.68097686767578,26.864999771118164,26.941999435424805,26.095500946044922,26.149999618530273,56068000
2015-01-23,26.911888122558594,27.09749984741211,27.27050018310547,26.787500381469727,26.901500701904297,45966000
2015-01-26,26.652177810668945,26.836000442504883,27.075000762939453,26.603500366210938,27.075000762939453,30932000
2015-01-27,25.88099479675293,26.059499740600586,26.638999938964844,26.042999267578125,26.56999969482422,39148000
2015-01-28,25.445995330810547,25.62150001525879,26.284500122070312,25.61750030517578,26.25,35822000
2015-01-29,25.4857234954834,25.661500930786133,25.75950050354004,25.173999786376953,25.645000457763672,79018000
2015-01-30,26.693395614624023,26.877500534057617,27.155000686645508,25.909000396728516,25.950000762939453,121108000
2015-02-02,26.42772674560547,26.610000610351562,26.825000762939453,26.086000442504883,26.715999603271484,75378000
2015-02-03,26.482351303100586,26.665000915527344,26.872499465942383,26.340499877929688,26.496999740600586,47062000
2015-02-04,26.124814987182617,26.30500030517578,26.837499618530273,26.25149917602539,26.656999588012695,33896000
2015-02-05,26.31003761291504,26.491500854492188,26.534500122070312,26.281999588012695,26.396499633789062,33176000
2015-02-06,26.511150360107422,26.694000244140625,27.01099967956543,26.4325008392334,26.550500869750977,42938000
2015-02-09,26.28272819519043,26.464000701904297,26.694000244140625,26.377500534057617,26.55299949645996,30314000
2015-02-10,26.822998046875,27.007999420166016,27.049999237060547,26.458499908447266,26.607500076293945,47430000
2015-02-11,26.715736389160156,26.899999618530273,27.09749984741211,26.799999237060547,26.986499786376953,38306000
2015-02-12,27.113494873046875,27.300500869750977,27.41699981689453,26.850000381469727,26.982999801635742,48590000
2015-02-13,27.369232177734375,27.558000564575195,27.62700080871582,27.329999923706055,27.375499725341797,47382000
2015-02-17,27.063838958740234,27.250499725341797,27.649999618530273,27.163000106811523,27.558000564575195,39174000
2015-02-18,26.946643829345703,27.13249969482422,27.377500534057617,26.977500915527344,27.19099998474121,31164000
2015-02-19,27.135345458984375,27.322500228881836,27.343000411987305,27.037500381469727,27.12350082397461,30834000
2015-02-20,26.904436111450195,27.09000015258789,27.378999710083008,26.905000686645508,27.378999710083008,38234000
2015-02-23,26.56676483154297,26.75,26.96500015258789,26.600000381469727,26.950000762939453,32906000
2015-02-24,26.748016357421875,26.9325008392334,26.969999313354492,26.549999237060547,26.577499389648438,28406000
2015-02-25,27.179044723510742,27.366500854492188,27.478500366210938,26.90049934387207,26.922000885009766,40836000
2015-02-26,27.77294921875,27.964500427246094,28.006500244140625,27.254499435424805,27.28700065612793,54032000
2015-02-27,27.938804626464844,28.131500244140625,28.47100067138672,27.851499557495117,27.907499313354492,68328000
2015-03-02,28.554058074951172,28.750999450683594,28.79949951171875,28.157499313354492,28.350000381469727,50406000
2015-03-03,28.741270065307617,28.93950080871582,29.042499542236328,28.524999618530273,28.8174991607666,50526000
2015-03-04,28.718425750732422,28.916500091552734,29.081499099731445,28.625999450683594,28.848499298095703,37964000
2015-03-05,28.872364044189453,29.071500778198242,29.15999984741211,28.911500930786133,28.981000900268555,35918000
2015-03-06,28.44878578186035,28.645000457763672,29.138999938964844,28.60300064086914,29.100000381469727,37592000
2015-03-09,28.50837516784668,28.704999923706055,28.772499084472656,28.452499389648438,28.54599952697754,23478000
2015-03-10,27.800756454467773,27.99250030517578,28.488000869750977,27.990999221801758,28.423999786376953,40080000
2015-03-11,27.594179153442383,27.784500122070312,28.208999633789062,27.77050018310547,27.989999771118164,40524000
2015-03-12,27.866304397583008,28.058500289916992,28.091999053955078,27.776500701904297,27.923999786376953,35602000
2015-03-13,27.460601806640625,27.649999618530273,28.218000411987305,27.51650047302246,27.96150016784668,35428000
2015-03-16,27.889644622802734,28.082000732421875,28.1875,27.56599998474121,27.846500396728516,36856000
2015-03-17,27.689523696899414,27.88050079345703,28.031999588012695,27.720500946044922,27.914499282836914,28892000
2015-03-18,28.114093780517578,28.308000564575195,28.32550048828125,27.674999237060547,27.886499404907227,35324000
2015-03-19,27.990449905395508,28.183500289916992,28.347999572753906,28.106000900268555,28.22599983215332,24660000
2015-03-20,28.054006576538086,28.247499465942383,28.354999542236328,28.224000930786133,28.335500717163086,44320000
2015-03-23,28.074865341186523,28.26849937438965,28.48200035095215,28.152999877929688,28.299999237060547,30234000
2015-03-24,28.67919921875,28.87700080871582,29.0939998626709,28.404499053955078,28.427000045776367,79156000
2015-03-25,28.155805587768555,28.350000381469727,29.00349998474121,28.350000381469727,28.87849998474121,53070000
2015-03-26,27.98895835876465,28.18199920654297,28.359500885009766,27.91550064086914,28.232500076293945,49842000
2015-03-27,27.686542510986328,27.877500534057617,28.203500747680664,27.846500396728516,28.09149932861328,34552000
2015-03-30,27.86481475830078,28.05699920654297,28.107999801635742,27.839500427246094,28.012500762939453,24788000
2015-03-31,27.545021057128906,27.735000610351562,28.122499465942383,27.73349952697754,27.89699935913086,34932000
2015-04-01,27.286304473876953,27.47450065612793,27.924999237060547,27.30150032043457,27.741500854492188,38902000
2015-04-02,26.88010597229004,27.065500259399414,27.399999618530273,27.02199935913086,27.370500564575195,47760000
2015-04-06,27.011201858520508,27.197500228881836,27.277000427246094,26.78499984741211,26.941999435424805,33718000
2015-04-07,27.0563907623291,27.243000030517578,27.507999420166016,27.179500579833984,27.249500274658203,27318000
2015-04-08,27.2540225982666,27.441999435424805,27.575000762939453,27.299999237060547,27.299999237060547,28386000
2015-04-09,27.213306427001953,27.400999069213867,27.4685001373291,27.09749984741211,27.460500717163086,32366000
2015-04-10,27.23912811279297,27.427000045776367,27.49250030517578,27.249000549316406,27.478500366210938,26104000
2015-04-13,27.24409294128418,27.43199920654297,27.66349983215332,27.315000534057617,27.352500915527344,29326000
2015-04-14,26.804128646850586,26.98900032043457,27.328500747680664,26.78700065612793,27.328500747680664,47206000
2015-04-15,26.866697311401367,27.052000045776367,27.159500122070312,26.618499755859375,26.898000717163086,46962000
2015-04-16,26.98984718322754,27.176000595092773,27.261499404907227,26.905000686645508,26.917499542236328,31722000
2015-04-17,26.454540252685547,26.636999130249023,26.989999771118164,26.450000762939453,26.86549949645996,49234000
2015-04-20,27.040000915527344,27.226499557495117,27.290000915527344,26.667499542236328,26.6875,38508000
2015-04-21,26.960054397583008,27.145999908447266,27.388500213623047,27.11050033569336,27.315500259399414,29128000
2015-04-22,27.270910263061523,27.458999633789062,27.549999237060547,27.06599998474121,27.152999877929688,31806000
2015-04-23,27.68207359313965,27.87299919128418,28.058500289916992,27.503999710083008,27.52050018310547,78184000
2015-04-24,28.486526489257812,28.683000564575195,29.235000610351562,28.417499542236328,29.002500534057617,92168000
2015-04-27,28.11210823059082,28.305999755859375,28.775999069213867,28.114999771118164,28.638500213623047,48062000
2015-04-28,28.02520751953125,28.2185001373291,28.39150047302246,28.04800033569336,28.215999603271484,37178000
2015-04-29,27.877227783203125,28.069499969482422,28.29199981689453,27.950000762939453,28.02549934387207,33622000
2015-04-30,27.25054931640625,27.438499450683594,28.055500030517578,27.336000442504883,27.92799949645996,47240000
2015-05-01,27.369232177734375,27.558000564575195,27.56100082397461,27.1924991607666,27.52549934387207,36572000
2015-05-04,27.452655792236328,27.642000198364258,27.83449935913086,27.36949920654297,27.54949951171875,35260000
2015-05-05,26.966012954711914,27.152000427246094,27.63050079345703,27.118499755859375,27.507999420166016,28528000
2015-05-06,26.570737838745117,26.753999710083008,27.196500778198242,26.61199951171875,27.131999969482422,39034000
2015-05-07,26.916353225708008,27.101999282836914,27.260000228881836,26.672500610351562,26.795000076293945,31844000
2015-05-08,27.259490966796875,27.447500228881836,27.639999389648438,27.401500701904297,27.443500518798828,28226000
2015-05-11,27.10207176208496,27.288999557495117,27.668500900268555,27.280000686645508,27.42449951171875,21858000
2015-05-12,26.751989364624023,26.936500549316406,27.148000717163086,26.75,27.140499114990234,35282000
2015-05-13,26.789731979370117,26.97450065612793,27.191999435424805,26.948999404907227,27.023500442504883,24238000
2015-05-14,27.27190399169922,27.459999084472656,27.484500885009766,27.125,27.19849967956543,31736000
2015-05-15,27.137332916259766,27.324499130249023,27.530000686645508,27.125,27.519500732421875,33440000
2015-05-18,27.14626693725586,27.333499908447266,27.41699981689453,27.112499237060547,27.19099998474121,26706000
2015-05-19,27.275876998901367,27.464000701904297,27.670000076293945,27.356000900268555,27.399999618530273,47126000
2015-05-20,27.436267852783203,27.625499725341797,27.803499221801758,27.2549991607666,27.54599952697754,30840000
2015-05-21,27.649795532226562,27.840499877929688,27.88050079345703,27.46500015258789,27.510000228881836,34170000
2015-05-22,27.536081314086914,27.72599983215332,27.91200065612793,27.680999755859375,27.722999572753906,24266000
2015-05-26,27.17209243774414,27.359500885009766,27.666500091552734,27.148500442504883,27.628999710083008,37474000
2015-05-27,27.522672653198242,27.712499618530273,27.76449966430664,27.32900047302246,27.43400001525879,34844000
2015-05-28,27.519197463989258,27.708999633789062,27.788000106811523,27.540000915527344,27.68950080871582,23544000
2015-05-29,27.079233169555664,27.266000747680664,27.69700050354004,27.25200080871582,27.65999984741211,43446000
2015-06-01,27.27239990234375,27.460500717163086,27.528499603271484,27.179000854492188,27.436500549316406,33210000
2015-06-02,27.50777816772461,27.697500228881836,27.93950080871582,27.327499389648438,27.37150001525879,31842000
2015-06-03,27.574316024780273,27.76449966430664,27.899499893188477,27.607500076293945,27.7549991607666,26710000
2015-06-04,27.395549774169922,27.58449935913086,27.79800033569336,27.45599937438965,27.608999252319336,26866000
2015-06-05,27.28829002380371,27.476499557495117,27.666500091552734,27.368999481201172,27.600000381469727,24396000
2015-06-08,26.987863540649414,27.173999786376953,27.493499755859375,27.147499084472656,27.480499267578125,27336000
2015-06-09,26.922313690185547,27.107999801635742,27.242000579833984,26.9424991607666,27.17099952697754,30016000
2015-06-10,27.440738677978516,27.6299991607666,27.73900032043457,27.25550079345703,27.28499984741211,30316000
2015-06-11,27.313615798950195,27.50200080871582,27.741500854492188,27.458499908447266,27.72450065612793,25872000
2015-06-12,27.18599510192871,27.37350082397461,27.4424991607666,27.2814998626709,27.357500076293945,25468000
2015-06-15,26.96402359008789,27.149999618530273,27.202499389648438,26.960500717163086,27.136499404907227,27150000
2015-06-16,27.056886672973633,27.243499755859375,27.33449935913086,27.078500747680664,27.224000930786133,32526000
2015-06-17,27.142793655395508,27.329999923706055,27.417999267578125,27.090499877929688,27.270999908447266,24440000
2015-06-18,27.618513107299805,27.80900001525879,27.862499237060547,27.399999618530273,27.399999618530273,41192000
2015-06-19,27.6850528717041,27.875999450683594,27.89550018310547,27.613000869750977,27.826000213623047,59290000
2015-06-22,27.792312622070312,27.983999252319336,28.280500411987305,27.945499420166016,27.970500946044922,34752000
2015-06-23,27.97654151916504,28.16950035095215,28.2450008392334,27.857500076293945,27.989500045776367,31396000
2015-06-24,27.737194061279297,27.928499221801758,28.131999969482422,27.840499877929688,28.124000549316406,28924000
2015-06-25,27.706403732299805,27.897499084472656,28.156999588012695,27.87299919128418,28.014999389648438,26684000
2015-06-26,27.463581085205078,27.652999877929688,28.0,27.592500686645508,27.98550033569336,43676000
2015-06-29,26.877126693725586,27.0625,27.545000076293945,27.011999130249023,27.337499618530273,37756000
2015-06-30,26.817039489746094,27.00200080871582,27.295000076293945,26.976999282836914,27.254499435424805,34510000
2015-07-01,26.978923797607422,27.165000915527344,27.29050064086914,26.988000869750977,27.183000564575195,30760000
2015-07-02,27.17953872680664,27.367000579833984,27.399999618530273,27.178499221801758,27.23699951171875,28124000
2015-07-06,27.09412956237793,27.2810001373291,27.429000854492188,27.104999542236328,27.112499237060547,25614000
2015-07-07,27.31311798095703,27.50149917602539,27.549999237060547,26.99250030517578,27.37150001525879,33578000
2015-07-08,26.89946937561035,27.084999084472656,27.413999557495117,27.059999465942383,27.280000686645508,27662000
2015-07-09,27.045961380004883,27.232500076293945,27.444000244140625,27.231000900268555,27.4325008392334,29766000
2015-07-10,27.615036010742188,27.805500030517578,27.964500427246094,27.600000381469727,27.68549919128418,43436000
2015-07-13,28.390687942504883,28.58650016784668,28.642499923706055,27.934999465942383,27.975500106811523,41792000
2015-07-14,29.008922576904297,29.208999633789062,29.48550033569336,28.708499908447266,28.725000381469727,74832000
2015-07-15,28.997997283935547,29.197999954223633,29.434499740600586,29.010499954223633,29.187000274658203,41466000
2015-07-16,29.88289451599121,30.089000701904297,30.225000381469727,29.395999908447266,29.475000381469727,112642000
2015-07-17,34.74138259887695,34.98099899291992,35.150001525878906,33.900001525878906,34.0,257162000
2015-07-20,34.40470504760742,34.641998291015625,34.88999938964844,34.0885009765625,34.44900131225586,102436000
2015-07-21,34.52934265136719,34.76750183105469,35.279998779296875,34.20750045776367,34.24399948120117,75604000
2015-07-22,34.516929626464844,34.755001068115234,35.666500091552734,34.58100128173828,34.70100021362305,83100000
2015-07-23,33.505409240722656,33.73649978637695,34.80350112915039,33.579498291015625,34.592498779296875,76232000
2015-07-24,32.51424789428711,32.73849868774414,33.88949966430664,32.659000396728516,33.8385009765625,82622000
2015-07-27,32.688045501708984,32.91350173950195,33.35350036621094,32.57749938964844,32.57849884033203,58382000
2015-07-28,32.75707244873047,32.983001708984375,33.20500183105469,32.670501708984375,33.0880012512207,34364000
2015-07-29,32.84496307373047,33.07149887084961,33.166500091552734,32.641998291015625,33.112998962402344,36756000
2015-07-30,33.00039291381836,33.22800064086914,33.40250015258789,32.58449935913086,32.87200164794922,39606000
2015-07-31,32.64981460571289,32.875,33.25,32.86000061035156,33.23500061035156,34922000
2015-08-03,33.008338928222656,33.236000061035156,33.333499908447266,32.882999420166016,32.882999420166016,31348000
2015-08-04,32.8375129699707,33.06399917602539,33.400001525878906,33.0255012512207,33.21699905395508,26188000
2015-08-05,33.43390655517578,33.66450119018555,33.99549865722656,33.27899932861328,33.287498474121094,36448000
2015-08-06,33.277976989746094,33.50749969482422,33.73749923706055,33.0364990234375,33.699501037597656,40660000
2015-08-07,32.9919548034668,33.21950149536133,33.439998626708984,32.94350051879883,33.388999938964844,27544000
2015-08-10,32.92987823486328,33.15700149536133,33.58100128173828,33.01150131225586,33.35449981689453,34458000
2015-08-11,34.2785758972168,34.51499938964844,35.20000076293945,34.215999603271484,34.979000091552734,109880000
2015-08-12,34.33667755126953,34.57350158691406,34.79999923706055,34.0255012512207,34.7244987487793,58498000
2015-08-13,34.09037399291992,34.32550048828125,34.701499938964844,34.10900115966797,34.459999084472656,36354000
2015-08-14,34.23239517211914,34.46849822998047,34.612998962402344,34.14500045776367,34.20199966430664,27598000
2015-08-17,34.467777252197266,34.705501556396484,34.73699951171875,34.15299987792969,34.402000427246094,24680000
2015-08-18,34.20061492919922,34.436500549316406,34.78799819946289,34.26599884033203,34.55350112915039,27710000
2015-08-19,34.464298248291016,34.70199966430664,35.0099983215332,34.34000015258789,34.50550079345703,50194000
2015-08-20,33.74128341674805,33.9739990234375,34.80799865722656,33.763999938964844,34.45500183105469,57798000
2015-08-21,31.98092269897461,32.201499938964844,33.644500732421875,32.154998779296875,33.551998138427734,91880000
2015-08-24,30.693801879882812,30.905500411987305,31.384000778198242,29.654499053955078,30.030000686645508,129788000
2015-08-25,30.413734436035156,30.62350082397461,32.349998474121094,30.583499908447266,32.32350158691406,71430000
2015-08-26,32.76103973388672,32.98699951171875,33.124000549316406,31.51849937438965,32.154998779296875,87740000
2015-08-27,33.169227600097656,33.39799880981445,33.69900131225586,32.55500030517578,33.5994987487793,58974000
2015-08-28,32.75856018066406,32.984500885009766,33.349998474121094,32.6875,33.28799819946289,38836000
2015-08-31,32.16912841796875,32.39099884033203,33.22050094604492,32.317501068115234,32.71699905395508,38936000
2015-09-01,31.262378692626953,31.47800064086914,32.22200012207031,31.253000259399414,31.690500259399414,51458000
2015-09-02,32.02462387084961,32.24549865722656,32.25299835205078,31.531999588012695,31.899999618530273,37630000
2015-09-03,31.634315490722656,31.852500915527344,32.5625,31.690500259399414,32.39649963378906,34572000
2015-09-04,31.23258399963379,31.447999954223633,31.725000381469727,31.325000762939453,31.485000610351562,40478000
2015-09-08,31.973474502563477,32.194000244140625,32.25199890136719,31.645000457763672,32.04999923706055,39092000
2015-09-09,31.95014190673828,32.170501708984375,32.86800003051758,32.04499816894531,32.59400177001953,40978000
2015-09-10,32.33101272583008,32.55400085449219,32.744998931884766,32.084999084472656,32.19499969482422,27850000
2015-09-11,32.540565490722656,32.76499938964844,32.765499114990234,32.37049865722656,32.510501861572266,34892000
2015-09-14,32.4000358581543,32.62350082397461,32.79600143432617,32.474998474121094,32.78150177001953,29942000
2015-09-15,33.02572250366211,33.253501892089844,33.442501068115234,32.66699981689453,32.83549880981445,35546000
2015-09-16,33.04806900024414,33.2760009765625,33.403499603271484,33.11000061035156,33.27750015258789,26252000
2015-09-17,33.35345458984375,33.583499908447266,34.0994987487793,33.25,33.3745002746582,47752000
2015-09-18,32.81964111328125,33.04600143432617,33.492000579833984,33.00149917602539,33.25299835205078,72544000
2015-09-21,33.120567321777344,33.3489990234375,33.45000076293945,32.900001525878906,33.2755012512207,39094000
2015-09-22,32.436283111572266,32.65999984741211,32.941001892089844,32.25149917602539,32.87350082397461,54362000
2015-09-23,32.44075393676758,32.66450119018555,33.013999938964844,32.5364990234375,32.64500045776367,29160000
2015-09-24,32.52119827270508,32.74549865722656,32.8385009765625,32.10850143432617,32.44850158691406,38692000
2015-09-25,31.788253784179688,32.00749969482422,32.92900085449219,31.982999801635742,32.92900085449219,48480000
2015-09-28,30.998699188232422,31.212499618530273,32.14250183105469,30.892000198364258,31.952499389648438,47646000
2015-09-29,30.917261123657227,31.13050079345703,31.733999252319336,30.901500701904297,31.274999618530273,42130000
2015-09-30,31.69986343383789,31.918500900268555,31.965499877929688,31.457500457763672,31.59149932861328,52954000
2015-10-01,31.880117416381836,32.099998474121094,32.19200134277344,31.555999755859375,31.89699935913086,42506000
2015-10-02,32.62448501586914,32.8494987487793,32.849998474121094,31.674999237060547,31.90049934387207,48788000
2015-10-05,33.35395050048828,33.58399963378906,33.6515007019043,32.79349899291992,33.08000183105469,37960000
2015-10-06,33.35197067260742,33.582000732421875,33.939998626708984,33.15399932861328,33.467498779296875,42774000
2015-10-07,33.27052688598633,33.5,33.9370002746582,32.90549850463867,33.869998931884766,44354000
2015-10-08,33.121551513671875,33.349998474121094,33.59450149536133,32.7244987487793,33.47249984741211,39308000
2015-10-09,33.33210754394531,33.5620002746582,33.704498291015625,33.11800003051758,33.3745002746582,32124000
2015-10-12,33.58982849121094,33.82149887084961,33.89899826049805,33.36199951171875,33.45949935913086,26684000
2015-10-13,33.92451858520508,34.15850067138672,34.42300033569336,33.65549850463867,33.7130012512207,42446000
2015-10-14,33.78746032714844,34.02050018310547,34.50199890136719,33.94499969482422,34.186500549316406,31292000
2015-10-15,34.41364288330078,34.6510009765625,34.70800018310547,34.21950149536133,34.26250076293945,47156000
2015-10-16,34.52785873413086,34.76599884033203,34.81100082397461,34.45500183105469,34.77000045776367,36316000
2015-10-19,34.75777816772461,34.997501373291016,35.012001037597656,34.61050033569336,34.70000076293945,30172000
2015-10-20,33.76710891723633,34.0,34.900001525878906,33.683998107910156,34.894500732421875,52434000
2015-10-21,33.35990905761719,33.59000015258789,34.244998931884766,33.53499984741211,34.160499572753906,31952000
2015-10-22,33.82371139526367,34.05699920654297,34.40250015258789,33.584999084472656,33.77199935913086,88632000
2015-10-23,35.72013473510742,35.96649932861328,37.625,35.89699935913086,37.50299835205078,126726000
2015-10-26,36.30559539794922,36.555999755859375,36.747501373291016,36.000999450683594,36.000999450683594,48776000
2015-10-27,36.390010833740234,36.64099884033203,36.79800033569336,36.207000732421875,36.32849884033203,38778000
2015-10-28,36.593605041503906,36.84600067138672,36.868499755859375,36.36349868774414,36.650001525878906,39604000
2015-10-29,36.98739242553711,37.24250030517578,37.339500427246094,36.757999420166016,36.83150100708008,36520000
2015-10-30,36.616947174072266,36.86949920654297,37.31549835205078,36.826499938964844,37.27799987792969,39984000
2015-11-02,37.13090133666992,37.387001037597656,37.409000396728516,36.5724983215332,36.72650146484375,39914000
2015-11-03,37.184539794921875,37.441001892089844,37.584999084472656,37.05799865722656,37.27149963378906,36306000
2015-11-04,37.50680923461914,37.765499114990234,37.994998931884766,37.459999084472656,37.494998931884766,41840000
2015-11-05,37.77297592163086,38.03350067138672,38.317501068115234,37.87350082397461,37.94049835205078,45486000
2015-11-06,37.819156646728516,38.08000183105469,38.1510009765625,37.75149917602539,37.96950149536133,33544000
2015-11-09,37.47999572753906,37.73849868774414,38.165000915527344,37.455501556396484,37.92599868774414,35538000
2015-11-10,37.65330123901367,37.91299819946289,38.029998779296875,37.420501708984375,37.67399978637695,29798000
2015-11-11,38.00040817260742,38.26250076293945,38.45399856567383,37.98749923706055,38.11899948120117,41866000
2015-11-12,37.56739044189453,37.826499938964844,38.290000915527344,37.792999267578125,38.00899887084961,35452000
2015-11-13,36.75003433227539,37.003501892089844,37.76649856567383,36.9734992980957,37.70199966430664,48188000
2015-11-16,37.26398849487305,37.520999908447266,37.58549880981445,36.71649932861328,37.010501861572266,50704000
2015-11-17,37.04350662231445,37.29899978637695,37.747501373291016,37.20249938964844,37.62350082397461,38864000
2015-11-18,37.740196228027344,38.0004997253418,38.05500030517578,37.36949920654297,37.47850036621094,36266000
2015-11-19,37.736724853515625,37.99700164794922,38.1614990234375,37.86149978637695,37.98899841308594,28078000
2015-11-20,38.58388137817383,38.849998474121094,38.965999603271484,38.20500183105469,38.46500015258789,55478000
2015-11-23,38.56898880004883,38.834999084472656,39.14500045776367,38.675498962402344,38.87350082397461,34648000
2015-11-24,38.21790313720703,38.48149871826172,38.79949951171875,37.90549850463867,38.64799880981445,47880000
2015-11-25,38.19953536987305,38.4630012512207,38.650001525878906,38.326499938964844,38.58449935913086,23612000
2015-11-27,38.334102630615234,38.5984992980957,38.70000076293945,38.349998474121094,38.45800018310547,14434000
2015-11-30,37.88123321533203,38.14250183105469,38.75149917602539,38.055999755859375,38.59349822998047,33586000
2015-12-01,38.921058654785156,39.18949890136719,39.25,38.29750061035156,38.34700012207031,40398000
2015-12-02,38.62609100341797,38.89250183105469,39.65250015258789,38.82149887084961,39.26250076293945,46876000
2015-12-03,38.14689636230469,38.40999984741211,39.2239990234375,38.122501373291016,39.02799987792969,41950000
2015-12-04,38.69362258911133,38.96049880981445,39.12099838256836,38.2755012512207,38.48550033569336,49800000
2015-12-07,38.38475799560547,38.64950180053711,39.04999923706055,38.33599853515625,39.00299835205078,36626000
2015-12-08,38.49151611328125,38.75699996948242,38.932498931884766,38.125999450683594,38.224998474121094,31082000
2015-12-09,37.866329193115234,38.127498626708984,38.804500579833984,37.60049819946289,38.55500030517578,46550000
2015-12-10,37.74169158935547,38.00199890136719,38.30350112915039,37.75,38.179500579833984,32458000
2015-12-11,37.26398849487305,37.520999908447266,37.87200164794922,37.432498931884766,37.45000076293945,43184000
2015-12-14,37.8658332824707,38.12699890136719,38.20750045776367,36.8129997253418,37.5629997253418,53864000
2015-12-15,37.744178771972656,38.00450134277344,38.73749923706055,37.900001525878906,38.38949966430664,49386000
2015-12-16,38.56351852416992,38.829498291015625,39.07500076293945,37.852500915527344,38.32849884033203,53120000
2015-12-17,38.22783279418945,38.49150085449219,39.079498291015625,38.46500015258789,39.05799865722656,36510000
2015-12-18,37.583282470703125,37.842498779296875,38.707000732421875,37.829498291015625,38.36149978637695,67794000
2015-12-21,37.7794303894043,38.040000915527344,38.317501068115234,37.70750045776367,38.15250015258789,34848000
2015-12-22,38.0937614440918,38.35649871826172,38.516998291015625,38.060001373291016,38.2135009765625,36338000
2015-12-23,38.16228485107422,38.425498962402344,38.595001220703125,37.88249969482422,38.53450012207031,30594000
2015-12-24,38.02970886230469,38.29199981689453,38.459999084472656,38.21950149536133,38.42599868774414,10412000
2015-12-28,38.84408950805664,39.11199951171875,39.14099884033203,38.38650131225586,38.5,31156000
2015-12-29,39.42607498168945,39.698001861572266,39.93450164794922,39.310001373291016,39.3494987487793,38430000
2015-12-30,39.244327545166016,39.51499938964844,39.823001861572266,39.36000061035156,39.698001861572266,28566000
2015-12-31,38.634037017822266,38.9005012512207,39.416500091552734,38.86600112915039,39.39099884033203,32752000
2016-01-04,37.71189880371094,37.97200012207031,38.11000061035156,37.37699890136719,38.11000061035156,67382000
2016-01-05,37.81568145751953,38.076499938964844,38.459999084472656,37.782501220703125,38.20500183105469,45216000
2016-01-06,37.7064323425293,37.96649932861328,38.2864990234375,37.400001525878906,37.51850128173828,48206000
2016-01-07,36.79621124267578,37.04999923706055,37.765499114990234,36.763999938964844,37.324501037597656,63132000
2016-01-08,36.295166015625,36.545501708984375,37.50600051879883,36.44599914550781,37.38999938964844,47506000
2016-01-11,36.402427673339844,36.653499603271484,36.75400161743164,35.97800064086914,36.59749984741211,50896000
2016-01-12,37.01172637939453,37.266998291015625,37.41699981689453,36.82149887084961,37.037498474121094,46816000
2016-01-13,35.73204803466797,35.97850036621094,37.650001525878906,35.8390007019043,37.46699905395508,51728000
2016-01-14,36.31900405883789,36.56949996948242,36.99449920654297,35.25,36.22200012207031,55558000
2016-01-15,35.281166076660156,35.52450180053711,36.20800018310547,35.07550048828125,35.4995002746582,76676000
2016-01-19,35.70772171020508,35.95399856567383,36.26750183105469,35.49250030517578,36.00749969482422,48724000
2016-01-20,35.68190002441406,35.928001403808594,36.34749984741211,34.388999938964844,35.29499816894531,82440000
2016-01-21,36.084625244140625,36.333499908447266,36.88349914550781,35.55550003051758,36.00849914550781,51938000
2016-01-22,37.01768493652344,37.27299880981445,37.428001403808594,37.025001525878906,37.099998474121094,47146000
2016-01-25,36.429744720458984,36.680999755859375,37.62300109863281,36.625,37.19200134277344,45340000
2016-01-26,36.43818283081055,36.68949890136719,36.972999572753906,36.3484992980957,36.760501861572266,30940000
2016-01-27,35.633235931396484,35.87900161743164,36.794498443603516,35.67250061035156,36.794498443603516,42428000
2016-01-28,37.158714294433594,37.415000915527344,37.55799865722656,36.529998779296875,36.90950012207031,62104000
2016-01-29,37.80674362182617,38.067501068115234,38.25550079345703,37.209999084472656,37.448001861572266,75808000
2016-02-01,38.27451705932617,38.53850173950195,38.87950134277344,38.069000244140625,38.5629997253418,111522000
2016-02-02,38.778045654296875,39.045501708984375,40.51750183105469,39.029998779296875,40.025001525878906,135846000
2016-02-03,37.212345123291016,37.46900177001953,39.57149887084961,36.8129997253418,39.31399917602539,131114000
2016-02-04,36.251468658447266,36.50149917602539,37.262001037597656,36.130001068115234,37.22949981689453,104922000
2016-02-05,34.946964263916016,35.1879997253418,36.33599853515625,35.00699996948242,36.275001525878906,109556000
2016-02-08,34.96683120727539,35.20800018310547,35.22600173950195,34.10049819946289,34.38399887084961,89410000
2016-02-09,34.8109016418457,35.05099868774414,36.04800033569336,34.42499923706055,34.647499084472656,84300000
2016-02-10,35.10040283203125,35.342498779296875,36.1609992980957,35.269500732421875,35.589500427246094,60314000
2016-02-11,35.076072692871094,35.31800079345703,35.61600112915039,34.55950164794922,34.81700134277344,65004000
2016-02-12,35.102394104003906,35.34450149536133,35.79999923706055,35.07899856567383,35.61050033569336,46538000
2016-02-16,35.63621520996094,35.88199996948242,36.14400100708008,35.50899887084961,35.932498931884766,43444000
2016-02-17,36.34780502319336,36.5984992980957,36.6879997253418,35.830501556396484,36.349998474121094,49154000
2016-02-18,35.629756927490234,35.8754997253418,36.79999923706055,35.77750015258789,36.698001861572266,47276000
2016-02-19,35.858184814453125,36.105499267578125,36.201499938964844,35.65599822998047,35.79499816894531,34918000
2016-02-22,36.20280456542969,36.45249938964844,36.74250030517578,36.17250061035156,36.47549819946289,37516000
2016-02-23,35.61883544921875,35.864498138427734,36.54499816894531,35.78350067138672,36.30500030517578,41332000
2016-02-24,35.798091888427734,36.04499816894531,36.06100082397461,35.10100173950195,35.53049850463867,37092000
2016-02-25,36.20627975463867,36.45600128173828,36.47549819946289,35.6614990234375,36.14649963378906,36146000
2016-02-26,35.9947395324707,36.24300003051758,36.80799865722656,36.09700012207031,36.68000030517578,42474000
2016-02-29,35.615360260009766,35.861000061035156,36.529998779296875,35.84199905395508,36.04999923706055,45068000
2016-03-01,36.854312896728516,37.10850143432617,37.11650085449219,35.93199920654297,36.064998626708984,60112000
2016-03-02,36.72072982788086,36.9739990234375,37.15599822998047,36.662498474121094,37.14350128173828,36292000
2016-03-03,36.32893371582031,36.579498291015625,37.04999923706055,36.48149871826172,36.9739990234375,40534000
2016-03-04,36.26090621948242,36.51100158691406,36.75,36.28099822998047,36.7400016784668,48516000
2016-03-07,35.39586639404297,35.63999938964844,36.36050033569336,35.25699996948242,36.25749969482422,61690000
2016-03-08,35.43212127685547,35.67649841308594,36.11249923706055,35.20000076293945,35.419498443603516,52530000
2016-03-09,36.02205276489258,36.27050018310547,36.3120002746582,35.632999420166016,35.75849914550781,39544000
2016-03-10,36.35774230957031,36.60850143432617,36.82699966430664,36.16450119018555,36.38949966430664,44616000
2016-03-11,36.9883918762207,37.243499755859375,37.244998931884766,36.834999084472656,36.997501373291016,35380000
2016-03-14,37.25505065917969,37.512001037597656,37.7130012512207,37.18299865722656,37.24850082397461,32824000
2016-03-15,37.27143096923828,37.528499603271484,37.6505012512207,37.141998291015625,37.30099868774414,29832000
2016-03-16,37.60860824584961,37.86800003051758,37.95000076293945,37.32500076293945,37.45249938964844,29306000
2016-03-17,37.66422653198242,37.92399978637695,38.266998291015625,37.86800003051758,37.88249969482422,44564000
2016-03-18,37.51177978515625,37.77050018310547,38.106998443603516,37.590999603271484,38.08150100708008,56222000
2016-03-21,37.84696578979492,38.108001708984375,38.16699981689453,37.563499450683594,37.695499420166016,28774000
2016-03-22,37.742191314697266,38.002498626708984,38.25,37.89400100708008,37.922000885009766,22096000
2016-03-23,37.6185417175293,37.87799835205078,38.269500732421875,37.80149841308594,38.16749954223633,24678000
2016-03-24,37.48347854614258,37.742000579833984,37.87799835205078,37.525001525878906,37.560001373291016,31116000
2016-03-28,37.406009674072266,37.66400146484375,37.915000915527344,37.60200119018555,37.80849838256836,21676000
2016-03-29,38.032188415527344,38.294498443603516,38.35900115966797,37.41450119018555,37.683998107910156,40062000
2016-03-30,38.153846740722656,38.41699981689453,38.865501403808594,38.37900161743164,38.410499572753906,40396000
2016-03-31,37.88371276855469,38.14500045776367,38.45399856567383,37.912498474121094,38.41699981689453,32554000
2016-04-01,38.21989440917969,38.48350143432617,38.50199890136719,37.7599983215332,37.858001708984375,31674000
2016-04-04,37.993953704833984,38.25600051879883,38.62200164794922,38.089500427246094,38.47549819946289,26924000
2016-04-05,37.668697357177734,37.92850112915039,38.14350128173828,37.779998779296875,37.90650177001953,24478000
2016-04-06,38.14044189453125,38.403499603271484,38.42100143432617,37.814998626708984,37.891998291015625,25312000
2016-04-07,37.74566650390625,38.00600051879883,38.46799850463867,37.875,38.26599884033203,25498000
2016-04-08,37.71338653564453,37.9734992980957,38.35649871826172,37.78850173950195,38.29349899291992,23434000
2016-04-11,37.61754608154297,37.87699890136719,38.361000061035156,37.867000579833984,38.272499084472656,31774000
2016-04-12,37.954227447509766,38.215999603271484,38.24599838256836,37.57849884033203,37.92150115966797,27388000
2016-04-13,38.33113098144531,38.59550094604492,38.787498474121094,38.22949981689453,38.515499114990234,35426000
2016-04-14,38.50393295288086,38.769500732421875,38.980499267578125,38.6609992980957,38.768001556396484,26992000
2016-04-15,38.73285675048828,39.0,39.04650115966797,38.746498107910156,38.775001525878906,31712000
2016-04-18,39.114219665527344,39.38399887084961,39.4275016784668,38.88050079345703,39.009498596191406,33540000
2016-04-19,38.54663848876953,38.8125,39.54750061035156,38.51350021362305,39.525001525878906,43952000
2016-04-20,38.480594635009766,38.74599838256836,38.983001708984375,38.563499450683594,38.95800018310547,34262000
2016-04-21,38.73285675048828,39.0,39.08399963378906,38.57749938964844,38.865501403808594,77628000
2016-04-22,36.63582229614258,36.88850021362305,37.69599914550781,36.51850128173828,37.195499420166016,140798000
2016-04-25,36.856300354003906,37.11050033569336,37.24399948120117,36.755001068115234,36.76750183105469,49442000
2016-04-26,36.02006530761719,36.26850128173828,37.27949905395508,36.01599884033203,37.22100067138672,55864000
2016-04-27,35.82590866088867,36.073001861572266,36.35749816894531,35.45399856567383,36.26599884033203,66262000
2016-04-28,35.01152038574219,35.25299835205078,36.4630012512207,35.15999984741211,36.16450119018555,62590000
2016-04-29,35.15155792236328,35.39400100708008,35.605499267578125,35.18899917602539,35.20600128173828,58278000
2016-05-02,35.47582244873047,35.72050094604492,35.77050018310547,35.31800079345703,35.59600067138672,33476000
2016-05-03,35.17936325073242,35.422000885009766,35.66849899291992,35.36650085449219,35.625,38620000
2016-05-04,35.324859619140625,35.56850051879883,35.752498626708984,35.20249938964844,35.3385009765625,34172000
2016-05-05,35.490718841552734,35.73550033569336,35.877498626708984,35.47249984741211,35.75,29668000
2016-05-06,36.01062774658203,36.25899887084961,36.29949951171875,35.59749984741211,35.61000061035156,39952000
2016-05-09,36.20677947998047,36.45650100708008,36.714500427246094,36.17499923706055,36.334999084472656,38074000
2016-05-10,36.71577072143555,36.96900177001953,37.0,36.580501556396484,36.74800109863281,32634000
2016-05-11,36.27729415893555,36.52750015258789,37.040000915527344,36.39500045776367,37.0260009765625,29834000
2016-05-12,36.15414047241211,36.403499603271484,36.76850128173828,36.2135009765625,36.599998474121094,27094000
2016-05-13,35.99325180053711,36.24150085449219,36.56449890136719,36.175498962402344,36.33100128173828,25244000
2016-05-16,36.26487350463867,36.51499938964844,36.63399887084961,36.0,36.215999603271484,22538000
2016-05-17,35.762840270996094,36.009498596191406,36.79249954223633,35.900001525878906,36.553001403808594,33404000
2016-05-18,35.841796875,36.0890007019043,36.278499603271484,35.750999450683594,35.92499923706055,32536000
2016-05-19,35.5205078125,35.765499114990234,36.025001525878906,35.515499114990234,35.915000915527344,30598000
2016-05-20,35.838314056396484,36.08549880981445,36.3849983215332,35.7504997253418,35.823001861572266,34798000
2016-05-23,35.61684799194336,35.86249923706055,36.17499923706055,35.84700012207031,35.999000549316406,24816000
2016-05-24,36.400447845458984,36.6515007019043,36.709999084472656,35.98249816894531,35.99250030517578,37884000
2016-05-25,36.6522102355957,36.904998779296875,36.99449920654297,36.630001068115234,36.75,32216000
2016-05-26,36.59410095214844,36.846500396728516,37.05500030517578,36.650001525878906,36.79999923706055,27202000
2016-05-27,37.12395477294922,37.380001068115234,37.39550018310547,36.85049819946289,36.8754997253418,34802000
2016-05-31,37.1860237121582,37.442501068115234,37.67399978637695,37.278499603271484,37.4379997253418,42484000
2016-06-01,37.16666030883789,37.42300033569336,37.56850051879883,37.21699905395508,37.423500061035156,20788000
2016-06-02,36.958595275878906,37.2135009765625,37.3650016784668,36.849998474121094,37.30500030517578,33916000
2016-06-03,36.54097366333008,36.792999267578125,37.074501037597656,36.695499420166016,37.074501037597656,24608000
2016-06-06,36.25295639038086,36.50299835205078,36.92499923706055,36.41450119018555,36.92499923706055,29992000
2016-06-07,36.30411148071289,36.554500579833984,36.83549880981445,36.540000915527344,36.66350173950195,24314000
2016-06-08,36.892051696777344,37.14649963378906,37.19049835205078,36.78850173950195,36.974998474121094,32314000
2016-06-09,36.8716926574707,37.125999450683594,37.19649887084961,36.82500076293945,36.85350036621094,19180000
2016-06-10,36.40838623046875,36.65950012207031,36.981998443603516,36.5255012512207,36.79750061035156,29050000
2016-06-13,36.34334182739258,36.59400177001953,36.95000076293945,36.49100112915039,36.49100112915039,23354000
2016-06-14,36.4113655090332,36.662498474121094,36.79999923706055,36.32500076293945,36.46549987792969,26584000
2016-06-15,36.358726501464844,36.609500885009766,36.85749816894531,36.56549835205078,36.74599838256836,23234000
2016-06-16,35.964454650878906,36.212501525878906,36.519500732421875,35.777000427246094,36.39799880981445,45002000
2016-06-17,34.9713020324707,35.212501525878906,36.06949996948242,35.055999755859375,36.06949996948242,82262000
2016-06-20,35.064659118652344,35.30649948120117,35.79349899291992,35.27050018310547,35.515499114990234,45654000
2016-06-21,35.20121383666992,35.444000244140625,35.76900100708008,35.233001708984375,35.502498626708984,30318000
2016-06-22,35.28016662597656,35.52349853515625,35.71049880981445,35.29399871826172,35.70249938964844,29058000
2016-06-23,35.498661041259766,35.743499755859375,35.74399948120117,35.01250076293945,35.52750015258789,42500000
2016-06-24,34.02532196044922,34.2599983215332,35.25,34.24549865722656,34.50849914550781,95436000
2016-06-27,33.82371139526367,34.05699920654297,34.166500091552734,33.632999420166016,34.1245002746582,58146000
2016-06-28,34.32624816894531,34.5629997253418,34.637001037597656,34.24250030517578,34.56850051879883,38246000
2016-06-29,34.521400451660156,34.759498596191406,34.974998474121094,34.63399887084961,34.7130012512207,43124000
2016-06-30,34.935546875,35.17649841308594,35.188499450683594,34.744998931884766,34.88249969482422,42250000
2016-07-01,35.269248962402344,35.51250076293945,35.62649917602539,35.186500549316406,35.255001068115234,30984000
2016-07-05,35.003074645996094,35.24449920654297,35.40599822998047,34.95650100708008,35.2504997253418,28440000
2016-07-06,35.205684661865234,35.44850158691406,35.650001525878906,34.95000076293945,34.992000579833984,28902000
2016-07-07,35.12076950073242,35.362998962402344,35.50849914550781,35.03350067138672,35.50550079345703,21174000
2016-07-08,35.64316177368164,35.888999938964844,35.89500045776367,35.40549850463867,35.52799987792969,29946000
2016-07-11,36.110939025878906,36.36000061035156,36.44649887084961,35.94350051879883,35.97100067138672,28822000
2016-07-12,36.37461853027344,36.6254997253418,36.779998779296875,36.375,36.59600067138672,26468000
2016-07-13,36.224159240722656,36.4739990234375,36.7760009765625,36.45100021362305,36.7760009765625,20436000
2016-07-14,36.537994384765625,36.790000915527344,36.80699920654297,36.52949905395508,36.696998596191406,21408000
2016-07-15,36.52955627441406,36.78150177001953,37.04999923706055,36.731998443603516,37.04999923706055,32342000
2016-07-18,37.402034759521484,37.65999984741211,37.75699996948242,36.82550048828125,36.89550018310547,38698000
2016-07-19,37.41246032714844,37.670501708984375,37.829498291015625,37.42449951171875,37.493499755859375,30436000
2016-07-20,37.59470748901367,37.854000091552734,38.03200149536133,37.70249938964844,37.70249938964844,22502000
2016-07-21,37.46212387084961,37.72050094604492,37.907501220703125,37.57600021362305,37.849998474121094,19062000
2016-07-22,37.703948974609375,37.9640007019043,37.97249984741211,37.632999420166016,37.86600112915039,20920000
2016-07-25,37.61655044555664,37.875999450683594,37.99100112915039,37.70349884033203,37.88399887084961,21466000
2016-07-26,37.62301254272461,37.88249969482422,37.9630012512207,37.63750076293945,37.875999450683594,23792000
2016-07-27,37.83753204345703,38.0984992980957,38.22249984741211,37.79650115966797,37.94850158691406,32172000
2016-07-28,38.02970886230469,38.29199981689453,38.44850158691406,37.954498291015625,38.44200134277344,73464000
2016-07-29,39.29597854614258,39.56700134277344,40.196998596191406,39.5,39.885501861572266,101810000
2016-08-01,39.77268600463867,40.047000885009766,40.3745002746582,39.25199890136719,39.333499908447266,60594000
2016-08-02,39.731964111328125,40.00600051879883,40.11600112915039,39.72650146484375,39.86650085449219,39928000
2016-08-03,39.6723747253418,39.94599914550781,39.97700119018555,39.6510009765625,39.82350158691406,29206000
2016-08-04,39.58944320678711,39.86249923706055,40.0099983215332,39.69599914550781,39.9119987487793,21520000
2016-08-05,40.070133209228516,40.346500396728516,40.361000061035156,39.890499114990234,40.00550079345703,36146000
2016-08-08,39.985713958740234,40.26150131225586,40.380001068115234,40.08449935913086,40.29999923706055,24426000
2016-08-09,40.09744644165039,40.374000549316406,40.666500091552734,40.202999114990234,40.2244987487793,32154000
2016-08-10,40.14759063720703,40.42449951171875,40.54399871826172,40.324501037597656,40.352500915527344,18370000
2016-08-11,40.13319778442383,40.40999984741211,40.694000244140625,40.29999923706055,40.52349853515625,25646000
2016-08-12,40.07609176635742,40.352500915527344,40.359500885009766,40.18199920654297,40.25450134277344,17946000
2016-08-15,40.0219612121582,40.29800033569336,40.56800079345703,40.201499938964844,40.36050033569336,18596000
2016-08-16,39.785099029541016,40.05950164794922,40.2130012512207,39.849998474121094,40.17499923706055,21158000
2016-08-17,39.995147705078125,40.270999908447266,40.28150177001953,39.814998626708984,40.0,21322000
2016-08-18,39.8625602722168,40.13750076293945,40.400001525878906,40.08150100708008,40.268001556396484,17292000
2016-08-19,39.70862579345703,39.98249816894531,40.061500549316406,39.84400177001953,39.989498138427734,22416000
2016-08-22,39.574546813964844,39.84749984741211,39.96500015258789,39.71649932861328,39.925498962402344,17056000
2016-08-23,39.55667495727539,39.829498291015625,40.04999923706055,39.79949951171875,40.02399826049805,18350000
2016-08-24,39.408199310302734,39.68000030517578,39.92300033569336,39.53799819946289,39.84299850463867,25672000
2016-08-25,39.293983459472656,39.564998626708984,39.736000061035156,39.36149978637695,39.599998474121094,24054000
2016-08-26,39.38932800292969,39.6609992980957,39.970001220703125,39.47050094604492,39.6245002746582,24978000
2016-08-29,39.51844024658203,39.79100036621094,39.92599868774414,39.51599884033203,39.65250015258789,15474000
2016-08-30,39.32477569580078,39.59600067138672,39.900001525878906,39.4734992980957,39.64400100708008,23348000
2016-08-31,39.22198486328125,39.49250030517578,39.57849884033203,39.36000061035156,39.47999954223633,21428000
2016-09-01,39.298954010009766,39.56999969482422,39.644500732421875,39.31650161743164,39.5989990234375,26070000
2016-09-02,39.57057571411133,39.84349822998047,39.85499954223633,39.66299819946289,39.76350021362305,26998000
2016-09-06,40.1242561340332,40.4010009765625,40.544498443603516,39.77149963378906,39.919498443603516,39790000
2016-09-07,40.122772216796875,40.39950180053711,40.529998779296875,40.18600082397461,40.39649963378906,22906000
2016-09-08,39.867034912109375,40.141998291015625,40.42100143432617,40.050498962402344,40.26100158691406,23554000
2016-09-09,39.15394973754883,39.42399978637695,40.087501525878906,39.40250015258789,39.938499450683594,37752000
2016-09-12,39.66741180419922,39.941001892089844,40.00849914550781,39.17499923706055,39.22600173950195,37274000
2016-09-13,39.165870666503906,39.43600082397461,39.78950119018555,39.21649932861328,39.70050048828125,36180000
2016-09-14,39.25227355957031,39.52299880981445,39.81650161743164,39.37649917602539,39.37649917602539,25842000
2016-09-15,39.787086486816406,40.061500549316406,40.182498931884766,39.43299865722656,39.5004997253418,31144000
2016-09-16,39.62519836425781,39.89849853515625,39.95100021362305,39.680999755859375,39.95100021362305,42612000
2016-09-19,39.49708938598633,39.769500732421875,40.199501037597656,39.678001403808594,40.05550003051758,22990000
2016-09-20,39.71508026123047,39.98899841308594,40.13750076293945,39.91299819946289,40.0,20984000
2016-09-21,39.97578048706055,40.25149917602539,40.295501708984375,39.80149841308594,40.0629997253418,26970000
2016-09-22,40.518043518066406,40.79750061035156,40.952999114990234,40.385501861572266,40.5,35186000
2016-09-23,40.4688835144043,40.74800109863281,40.849998474121094,40.63650131225586,40.75699996948242,28234000
2016-09-26,39.857601165771484,40.13249969482422,40.50400161743164,40.022499084472656,40.49100112915039,29454000
2016-09-27,40.25883102416992,40.5364990234375,40.67449951171875,40.09149932861328,40.09149932861328,27346000
2016-09-28,40.225563049316406,40.50299835205078,40.51250076293945,40.138999938964844,40.20399856567383,29406000
2016-09-29,39.85710144042969,40.13199996948242,40.695499420166016,40.042999267578125,40.36149978637695,27000000
2016-09-30,39.92761993408203,40.202999114990234,40.40449905395508,40.07500076293945,40.18000030517578,33204000
2016-10-03,39.744876861572266,40.01900100708008,40.176998138427734,39.811500549316406,40.127498626708984,29784000
2016-10-04,39.86455154418945,40.13949966430664,40.32500076293945,39.98350143432617,40.25,25174000
2016-10-05,39.787086486816406,40.061500549316406,40.42499923706055,40.035499572753906,40.29999923706055,24276000
2016-10-06,39.87895202636719,40.15399932861328,40.34749984741211,40.0255012512207,40.20399856567383,21998000
2016-10-07,39.761268615722656,40.035499572753906,40.297000885009766,39.840999603271484,40.29650115966797,23262000
2016-10-10,40.42965316772461,40.708499908447266,40.86899948120117,40.11199951171875,40.19649887084961,29922000
2016-10-11,40.20122146606445,40.47850036621094,40.99300003051758,40.368499755859375,40.708499908447266,34432000
2016-10-12,40.31047439575195,40.5885009765625,40.724998474121094,40.4275016784668,40.597999572753906,18158000
2016-10-13,39.92860412597656,40.20399856567383,40.327999114990234,39.930999755859375,40.30350112915039,27380000
2016-10-14,39.954429626464844,40.22999954223633,40.50450134277344,40.11600112915039,40.372501373291016,22238000
2016-10-17,40.0656623840332,40.34199905395508,40.67449951171875,40.19150161743164,40.29949951171875,21128000
2016-10-18,40.793148040771484,41.074501037597656,41.44049835205078,40.666500091552734,40.71049880981445,45786000
2016-10-19,41.05881118774414,41.34199905395508,41.4900016784668,41.14400100708008,41.14400100708008,30002000
2016-10-20,40.80009460449219,41.08150100708008,41.423500061035156,41.02750015258789,41.37799835205078,27878000
2016-10-21,40.92076873779297,41.202999114990234,41.214500427246094,40.91550064086914,41.0,32316000
2016-10-24,41.50076675415039,41.7869987487793,41.89699935913086,41.45199966430664,41.50450134277344,28952000
2016-10-25,41.14372634887695,41.4275016784668,41.92499923706055,41.26499938964844,41.92499923706055,37814000
2016-10-26,40.82343673706055,41.10499954223633,41.385501861572266,40.817501068115234,41.35599899291992,35898000
2016-10-27,40.58756637573242,40.86750030517578,41.32899856567383,40.730499267578125,41.1505012512207,59470000
2016-10-28,40.69731140136719,40.97800064086914,41.95000076293945,40.849998474121094,41.49700164794922,87098000
2016-10-31,40.217613220214844,40.494998931884766,41.131500244140625,40.400001525878906,41.121498107910156,44854000
2016-11-01,39.99812698364258,40.27399826049805,40.698001861572266,39.91299819946289,40.54349899291992,47118000
2016-11-02,39.150970458984375,39.42100143432617,40.3380012512207,39.25,40.3380012512207,47014000
2016-11-03,38.841609954833984,39.109500885009766,39.5,38.93149948120117,39.224998474121094,43504000
2016-11-04,38.787479400634766,39.05500030517578,39.42399978637695,38.54999923706055,38.564998626708984,39412000
2016-11-07,39.826812744140625,40.10150146484375,40.25,39.64500045776367,39.747501373291016,39852000
2016-11-08,40.320899963378906,40.5989990234375,40.801998138427734,39.98099899291992,40.10150146484375,35382000
2016-11-09,40.00358963012695,40.27949905395508,40.58549880981445,39.60200119018555,40.09149932861328,61970000
2016-11-10,38.747257232666016,39.01449966430664,40.50299835205078,38.4114990234375,40.5,118192000
2016-11-11,38.32318115234375,38.587501525878906,38.864498138427734,38.277000427246094,38.84049987792969,71852000
2016-11-14,37.40303039550781,37.6609992980957,38.5890007019043,37.179500579833984,38.5880012512207,73766000
2016-11-15,38.49251174926758,38.757999420166016,39.012001037597656,38.26100158691406,38.27349853515625,58878000
2016-11-16,38.73186492919922,38.999000549316406,39.17499923706055,38.31650161743164,38.520999908447266,35968000
2016-11-17,39.03874206542969,39.30799865722656,39.44499969482422,38.99250030517578,39.125,30674000
2016-11-18,38.532737731933594,38.798500061035156,39.56449890136719,38.76750183105469,39.35850143432617,36126000
2016-11-21,38.97121810913086,39.2400016784668,39.32749938964844,38.814998626708984,38.904998779296875,32616000
2016-11-22,38.981143951416016,39.25,39.688499450683594,39.1870002746582,39.449501037597656,27884000
2016-11-23,38.683197021484375,38.95000076293945,39.47600173950195,38.63249969482422,39.47600173950195,26260000
2016-11-25,38.74428176879883,39.01150131225586,39.14500045776367,38.90950012207031,39.13050079345703,12270000
2016-11-28,39.02037811279297,39.28950119018555,39.98699951171875,38.904998779296875,38.91749954223633,51508000
2016-11-29,39.201622009277344,39.47200012207031,39.821998596191406,39.266998291015625,39.41899871826172,31240000
2016-11-30,38.52826690673828,38.79399871826172,39.57550048828125,38.657501220703125,39.45500183105469,45582000
2016-12-01,37.95471954345703,38.21649932861328,38.93000030517578,37.667999267578125,38.9275016784668,57342000
2016-12-02,37.96117401123047,38.222999572753906,38.525001525878906,37.95000076293945,38.095001220703125,34376000
2016-12-05,38.64446258544922,38.9109992980957,39.0,38.3484992980957,38.5,33770000
2016-12-06,38.54316329956055,38.808998107910156,39.263999938964844,38.66600036621094,39.009498596191406,34682000
2016-12-07,39.30242919921875,39.57350158691406,39.599998474121094,38.67649841308594,38.997501373291016,40588000
2016-12-08,39.48615646362305,39.75849914550781,39.95000076293945,39.39550018310547,39.647499084472656,32250000
2016-12-09,40.19527053833008,40.47249984741211,40.497501373291016,39.90250015258789,39.96500015258789,38090000
2016-12-12,40.1182975769043,40.39500045776367,40.567501068115234,40.22650146484375,40.24100112915039,32572000
2016-12-13,40.48775100708008,40.766998291015625,41.21500015258789,40.59700012207031,40.61949920654297,42564000
2016-12-14,40.61438751220703,40.894500732421875,41.2130012512207,40.638999938964844,40.79600143432617,35994000
2016-12-15,40.50314712524414,40.782501220703125,41.150001525878906,40.599998474121094,40.86800003051758,35394000
2016-12-16,40.21463394165039,40.492000579833984,40.959999084472656,40.40599822998047,40.91550064086914,51978000
2016-12-19,40.34672164916992,40.625,40.81100082397461,40.224998474121094,40.4640007019043,25272000
2016-12-20,40.480796813964844,40.7599983215332,40.824501037597656,40.54999923706055,40.66849899291992,25438000
2016-12-21,40.33183288574219,40.61000061035156,40.7859992980957,40.255001068115234,40.7859992980957,29192000
2016-12-22,40.20669937133789,40.48400115966797,40.55350112915039,40.30149841308594,40.45500183105469,22632000
2016-12-23,40.11333465576172,40.38999938964844,40.548500061035156,40.25550079345703,40.4005012512207,15310000
2016-12-27,40.2191047668457,40.496498107910156,40.79999923706055,40.290000915527344,40.433998107910156,19520000
2016-12-28,39.95294189453125,40.22850036621094,40.666500091552734,40.12200164794922,40.666500091552734,24296000
2016-12-29,39.8690185546875,40.14400100708008,40.287498474121094,39.90700149536133,40.11650085449219,21148000
2016-12-30,39.35108947753906,39.622501373291016,40.16450119018555,39.48099899291992,40.160499572753906,34718000
2017-01-03,40.1237678527832,40.4005012512207,40.571998596191406,39.84450149536133,40.03099822998047,39180000
2017-01-04,40.11184310913086,40.38850021362305,40.67150115966797,40.205501556396484,40.49449920654297,30306000
2017-01-05,40.37255096435547,40.6510009765625,40.6870002746582,40.29600143432617,40.375,26810000
2017-01-06,40.97787094116211,41.260501861572266,41.448001861572266,40.57500076293945,40.7495002746582,40342000
2017-01-09,41.07569885253906,41.35900115966797,41.52149963378906,41.08100128173828,41.31850051879883,28178000
2017-01-10,41.01759338378906,41.300498962402344,41.47050094604492,41.15700149536133,41.35350036621094,23948000
2017-01-11,41.208778381347656,41.49300003051758,41.494998931884766,41.07350158691406,41.33100128173828,26508000
2017-01-12,41.19239044189453,41.47650146484375,41.51900100708008,41.050498962402344,41.41899871826172,26990000
2017-01-13,41.262413024902344,41.547000885009766,41.73249816894531,41.47600173950195,41.54999923706055,25804000
2017-01-17,41.089599609375,41.37300109863281,41.50899887084961,41.15999984741211,41.5,28818000
2017-01-18,41.16706466674805,41.45100021362305,41.490501403808594,41.20399856567383,41.4900016784668,20554000
2017-01-19,40.9361572265625,41.21849822998047,41.650001525878906,41.198001861572266,41.45000076293945,21410000
2017-01-20,41.12485885620117,41.40850067138672,41.46200180053711,41.22999954223633,41.454498291015625,26124000
2017-01-23,41.93229293823242,42.221500396728516,42.277000427246094,41.435001373291016,41.580501556396484,49148000
2017-01-24,42.185546875,42.47650146484375,42.57600021362305,42.11399841308594,42.3489990234375,33768000
2017-01-25,42.62848663330078,42.92250061035156,42.93949890136719,42.48699951171875,42.6775016784668,33108000
2017-01-26,42.55548858642578,42.8489990234375,43.04999923706055,42.5260009765625,42.95249938964844,69866000
2017-01-27,41.96208572387695,42.25149917602539,43.349998474121094,42.095001220703125,42.95000076293945,75050000
2017-01-30,40.90934753417969,41.19150161743164,41.86149978637695,41.05149841308594,41.85300064086914,70338000
2017-01-31,40.72858810424805,41.009498596191406,41.153499603271484,40.66999816894531,40.974998474121094,40404000
2017-02-01,40.482784271240234,40.762001037597656,41.20000076293945,40.61249923706055,41.20000076293945,45020000
2017-02-02,40.632747650146484,40.91299819946289,41.22800064086914,40.602500915527344,40.75,33784000
2017-02-03,40.725608825683594,41.006500244140625,41.30649948120117,40.967498779296875,41.15650177001953,30562000
2017-02-06,40.79960632324219,41.08100128173828,41.11949920654297,40.714500427246094,41.04600143432617,27018000
2017-02-07,41.17749786376953,41.46149826049805,41.59600067138672,41.16450119018555,41.275001525878906,33332000
2017-02-08,41.209774017333984,41.49399948120117,41.712501525878906,41.25550079345703,41.5265007019043,26044000
2017-02-09,41.21870803833008,41.50299835205078,41.5989990234375,41.32500076293945,41.58649826049805,23884000
2017-02-10,41.456565856933594,41.74250030517578,41.85749816894531,41.5255012512207,41.647499084472656,28302000
2017-02-13,41.66066360473633,41.948001861572266,42.08700180053711,41.8125,41.8849983215332,25914000
2017-02-14,41.71379852294922,42.00149917602539,42.099998474121094,41.791500091552734,41.98849868774414,27266000
2017-02-15,41.5792236328125,41.86600112915039,42.0885009765625,41.81100082397461,41.94049835205078,27144000
2017-02-16,41.820068359375,42.10850143432617,42.134498596191406,41.862998962402344,41.92499923706055,20102000
2017-02-17,42.03756332397461,42.32749938964844,42.34700012207031,41.98899841308594,42.06549835205078,29224000
2017-02-21,42.17263412475586,42.4635009765625,42.61000061035156,42.32749938964844,42.39950180053711,25206000
2017-02-22,42.27641677856445,42.56800079345703,42.68949890136719,42.33549880981445,42.400001525878906,24488000
2017-02-23,42.25853729248047,42.54999923706055,42.63100051879883,42.125,42.55400085449219,27734000
2017-02-24,42.100128173828125,42.390499114990234,42.417999267578125,42.14799880981445,42.38249969482422,26924000
2017-02-27,42.192501068115234,42.48350143432617,42.53350067138672,42.1505012512207,42.247501373291016,20206000
2017-02-28,41.957115173339844,42.246498107910156,42.44150161743164,42.071998596191406,42.36750030517578,27662000
2017-03-01,42.544071197509766,42.837501525878906,42.900001525878906,42.45100021362305,42.569000244140625,36374000
2017-03-02,42.20143127441406,42.49250030517578,42.824501037597656,42.43600082397461,42.81549835205078,25018000
2017-03-03,42.16318893432617,42.45399856567383,42.54100036621094,42.23550033569336,42.446998596191406,20100000
2017-03-06,42.07331848144531,42.36349868774414,42.446998596191406,42.05849838256836,42.34299850463867,20958000
2017-03-07,42.26598358154297,42.557498931884766,42.666500091552734,42.2760009765625,42.362998962402344,20774000
2017-03-08,42.3896369934082,42.68199920654297,42.846500396728516,42.5625,42.65599822998047,20576000
2017-03-09,42.59819030761719,42.891998291015625,43.035499572753906,42.63349914550781,42.68450164794922,26954000
2017-03-10,42.775474548339844,43.070499420166016,43.21149826049805,42.88050079345703,43.1349983215332,26732000
2017-03-13,42.932891845703125,43.229000091552734,43.35649871826172,43.04100036621094,43.041500091552734,23332000
2017-03-14,42.998931884765625,43.295501708984375,43.37900161743164,43.006500244140625,43.1875,21234000
2017-03-15,43.1220817565918,43.419498443603516,43.49399948120117,43.064998626708984,43.39699935913086,26658000
2017-03-16,43.20203399658203,43.5,43.635501861572266,43.375999450683594,43.5265007019043,22090000
2017-03-17,43.31971740722656,43.618499755859375,43.72100067138672,43.41849899291992,43.683998107910156,37366000
2017-03-20,43.09825134277344,43.39550018310547,43.516998291015625,43.23350143432617,43.4739990234375,30844000
2017-03-21,42.2158317565918,42.50699996948242,43.673500061035156,42.384498596191406,43.50299835205078,50760000
2017-03-22,42.198951721191406,42.4900016784668,42.76750183105469,42.349998474121094,42.4739990234375,27334000
2017-03-23,41.69491958618164,41.98249816894531,42.08449935913086,41.650001525878906,42.06949996948242,65754000
2017-03-24,41.47097396850586,41.75699996948242,42.20000076293945,41.45500183105469,42.099998474121094,42114000
2017-03-27,41.63831329345703,41.925498962402344,42.069000244140625,41.21500015258789,41.40449905395508,38692000
2017-03-28,41.743595123291016,42.03150177001953,42.27000045776367,41.61349868774414,41.984500885009766,30384000
2017-03-29,42.20242691040039,42.493499755859375,42.579498291015625,42.069000244140625,42.13750076293945,29146000
2017-03-30,42.18305587768555,42.4739990234375,42.599998474121094,42.3385009765625,42.5989990234375,18988000
2017-03-31,42.099632263183594,42.38999938964844,42.47800064086914,42.262001037597656,42.34149932861328,28820000
2017-04-03,42.544071197509766,42.837501525878906,42.95000076293945,42.37649917602539,42.4375,39388000
2017-04-04,42.33650588989258,42.628501892089844,42.650001525878906,42.3754997253418,42.400001525878906,26970000
2017-04-05,42.154754638671875,42.445499420166016,43.02949905395508,42.375999450683594,42.73550033569336,37104000
2017-04-06,41.96556091308594,42.255001068115234,42.679500579833984,42.20000076293945,42.474998474121094,30672000
2017-04-07,41.81658935546875,42.10499954223633,42.29399871826172,41.8650016784668,42.25,22232000
2017-04-10,41.79672622680664,42.084999084472656,42.33700180053711,42.03950119018555,42.07699966430664,20924000
2017-04-11,41.70634841918945,41.99399948120117,42.23149871826172,41.72999954223633,42.084999084472656,19486000
2017-04-12,41.78480529785156,42.073001861572266,42.18600082397461,41.87950134277344,41.92300033569336,22716000
2017-04-13,41.72124481201172,42.00899887084961,42.186500549316406,41.89250183105469,42.051998138427734,21474000
2017-04-17,42.463623046875,42.756500244140625,42.78200149536133,42.05149841308594,42.069000244140625,20982000
2017-04-18,42.40700912475586,42.699501037597656,42.86949920654297,42.5625,42.62699890136719,18724000
2017-04-19,42.53215026855469,42.82550048828125,43.0099983215332,42.67649841308594,42.86949920654297,21606000
2017-04-20,42.70943069458008,43.00400161743164,43.19649887084961,42.875,42.98699951171875,23776000
2017-04-21,42.6533203125,42.9474983215332,43.12200164794922,42.88650131225586,43.03099822998047,23458000
2017-04-24,43.645469665527344,43.94649887084961,43.99800109863281,43.30550003051758,43.422000885009766,33930000
2017-04-25,44.13758087158203,44.44200134277344,44.61249923706055,43.9640007019043,44.112998962402344,40760000
2017-04-26,44.15247344970703,44.457000732421875,44.64950180053711,44.25749969482422,44.56949996948242,26466000
2017-04-27,44.266685485839844,44.571998596191406,44.66899871826172,44.35900115966797,44.5,46846000
2017-04-28,45.909358978271484,46.22600173950195,46.79499816894531,46.1609992980957,46.45000076293945,76918000
2017-05-01,46.32151412963867,46.64099884033203,46.79100036621094,46.040000915527344,46.20750045776367,46556000
2017-05-02,46.53355407714844,46.85449981689453,47.14950180053711,46.54999923706055,46.66350173950195,35026000
2017-05-03,47.09766387939453,47.42250061035156,47.5099983215332,46.760501861572266,46.8025016784668,36496000
2017-05-04,47.409019470214844,47.736000061035156,47.957000732421875,47.368499755859375,47.51449966430664,38752000
2017-05-05,47.18853759765625,47.513999938964844,47.922000885009766,47.404998779296875,47.83599853515625,32310000
2017-05-08,47.60615921020508,47.93450164794922,48.04949951171875,47.369998931884766,47.372501373291016,37534000
2017-05-09,47.507835388183594,47.83549880981445,48.11000061035156,47.720001220703125,48.06650161743164,33758000
2017-05-10,47.41497802734375,47.742000579833984,47.83549880981445,47.492000579833984,47.81100082397461,22920000
2017-05-11,47.46711349487305,47.794498443603516,47.89950180053711,47.43050003051758,47.56449890136719,20622000
2017-05-12,47.429874420166016,47.75699996948242,47.89899826049805,47.60300064086914,47.89250183105469,24298000
2017-05-15,47.63247299194336,47.96099853515625,48.1349983215332,47.64099884033203,47.76449966430664,26754000
2017-05-16,47.900123596191406,48.230499267578125,48.29499816894531,48.01750183105469,48.1775016784668,22030000
2017-05-17,46.78582000732422,47.10850143432617,48.04949951171875,47.00299835205078,47.98500061035156,48982000
2017-05-18,47.199462890625,47.525001525878906,47.70899963378906,47.063499450683594,47.15999984741211,36010000
2017-05-19,47.40553665161133,47.73249816894531,47.97800064086914,47.599998474121094,47.64099884033203,27206000
2017-05-22,47.873313903808594,48.20349884033203,48.24100112915039,47.827999114990234,47.849998474121094,27748000
2017-05-23,48.195091247558594,48.52750015258789,48.72549819946289,48.224998474121094,48.49800109863281,30908000
2017-05-24,48.54567337036133,48.88050079345703,48.90599822998047,48.58150100708008,48.76300048828125,22660000
2017-05-25,49.253299713134766,49.59299850463867,49.78900146484375,48.89099884033203,48.95000076293945,39082000
2017-05-26,49.32331085205078,49.66350173950195,49.81949996948242,49.36800003051758,49.599998474121094,32728000
2017-05-30,49.467315673828125,49.80849838256836,49.88100051879883,49.56800079345703,49.625,30324000
2017-05-31,49.01642990112305,49.35449981689453,49.97999954223633,49.08399963378906,49.81050109863281,34482000
2017-06-01,49.076019287109375,49.41450119018555,49.65700149536133,49.06449890136719,49.54800033569336,26128000
2017-06-02,49.4648323059082,49.805999755859375,49.82400131225586,49.35350036621094,49.429500579833984,34710000
2017-06-05,49.85017395019531,50.194000244140625,50.369998931884766,49.772499084472656,49.894500732421875,27578000
2017-06-06,49.49264144897461,49.83399963378906,50.43050003051758,49.7400016784668,50.16550064086914,31042000
2017-06-07,49.731990814208984,50.07500076293945,50.195499420166016,49.79349899291992,49.954498291015625,27482000
2017-06-08,49.87003707885742,50.2140007019043,50.279998779296875,49.83100128173828,50.21149826049805,33758000
2017-06-09,48.173744201660156,48.50600051879883,50.275001525878906,47.66849899291992,50.27450180053711,72958000
2017-06-12,47.761085510253906,48.09049987792969,48.400001525878906,46.84000015258789,47.93600082397461,84042000
2017-06-13,48.1926155090332,48.525001525878906,48.89550018310547,48.10049819946289,48.60200119018555,40108000
2017-06-14,48.06498718261719,48.39649963378906,48.98500061035156,47.97549819946289,48.775001525878906,30110000
2017-06-15,47.680145263671875,48.00899887084961,48.034000396728516,47.01850128173828,47.4010009765625,48552000
2017-06-16,47.602684020996094,47.930999755859375,47.997501373291016,47.435001373291016,47.89550018310547,51184000
2017-06-19,48.426998138427734,48.76100158691406,48.96500015258789,48.40999984741211,48.48249816894531,29376000
2017-06-20,48.11763000488281,48.449501037597656,49.03950119018555,48.40999984741211,48.765499114990234,25946000
2017-06-21,48.59434509277344,48.929500579833984,48.977500915527344,48.47249984741211,48.53950119018555,23232000
2017-06-22,48.49651336669922,48.83100128173828,49.025001525878906,48.66550064086914,48.84349822998047,20190000
2017-06-23,48.966773986816406,49.304500579833984,49.33100128173828,48.722999572753906,48.775001525878906,31280000
2017-06-26,48.271568298339844,48.60449981689453,49.699501037597656,48.51649856567383,49.5,30358000
2017-06-27,47.07979202270508,47.40449905395508,48.361000061035156,47.35449981689453,48.08000183105469,48872000
2017-06-28,47.72135925292969,48.050498962402344,48.1619987487793,46.80799865722656,47.53300094604492,54912000
2017-06-29,46.569801330566406,46.89099884033203,47.58300018310547,46.47999954223633,47.567501068115234,64134000
2017-06-30,46.165592193603516,46.48400115966797,47.25,46.480499267578125,47.199501037597656,45754000
2017-07-03,45.6580924987793,45.972999572753906,46.71200180053711,45.765499114990234,46.6609992980957,33896000
2017-07-05,46.293704986572266,46.612998962402344,46.81449890136719,45.93149948120117,46.209999084472656,41882000
2017-07-06,46.066768646240234,46.384498596191406,46.80699920654297,45.99250030517578,46.25,40298000
2017-07-07,46.71827697753906,47.04050064086914,47.233001708984375,46.489498138427734,46.54949951171875,33266000
2017-07-10,47.22428894042969,47.54999923706055,47.65650177001953,47.09749984741211,47.09749984741211,29030000
2017-07-11,47.34992218017578,47.67649841308594,47.74449920654297,47.25600051879883,47.5260009765625,29224000
2017-07-12,48.05158233642578,48.382999420166016,48.48149871826172,47.85200119018555,48.042999267578125,32042000
2017-07-13,48.11068344116211,48.442501068115234,48.935001373291016,48.2400016784668,48.540000915527344,30492000
2017-07-14,48.51091384887695,48.84550094604492,48.87699890136719,48.50749969482422,48.70000076293945,21592000
2017-07-17,48.46373748779297,48.79800033569336,49.16749954223633,48.540000915527344,48.816001892089844,33210000
2017-07-18,49.00947570800781,49.34749984741211,49.54249954223633,48.60200119018555,48.667999267578125,28266000
2017-07-19,49.298484802246094,49.63850021362305,49.779998779296875,49.35049819946289,49.5004997253418,28242000
2017-07-20,49.269683837890625,49.609500885009766,49.933998107910156,49.23099899291992,49.849998474121094,28368000
2017-07-21,49.351619720458984,49.69200134277344,49.75550079345703,49.208499908447266,49.45000076293945,29266000
2017-07-24,49.573585510253906,49.91550064086914,50.30950164794922,49.51350021362305,49.70500183105469,79690000
2017-07-25,48.1196174621582,48.451499938964844,48.83649826049805,48.189998626708984,48.53499984741211,118672000
2017-07-26,47.93489074707031,48.265499114990234,48.6974983215332,48.01150131225586,48.638999938964844,44432000
2017-07-27,47.29927444458008,47.6254997253418,48.47600173950195,46.85300064086914,48.45899963378906,74358000
2017-07-28,47.58827590942383,47.916500091552734,48.089500427246094,47.265499114990234,47.39950180053711,36276000
2017-07-31,46.95117950439453,47.275001525878906,48.05950164794922,47.08649826049805,48.0,45670000
2017-08-01,47.003814697265625,47.327999114990234,47.7244987487793,47.24800109863281,47.390499114990234,28052000
2017-08-02,47.05744171142578,47.38199996948242,47.45500183105469,46.625999450683594,47.41849899291992,40788000
2017-08-03,46.69295120239258,47.01499938964844,47.5,46.97200012207031,47.45500183105469,22478000
2017-08-04,46.96556854248047,47.28950119018555,47.37699890136719,46.9900016784668,47.1974983215332,25092000
2017-08-07,46.96358871459961,47.287498474121094,47.448001861572266,47.17499923706055,47.375999450683594,28916000
2017-08-08,46.88611602783203,47.20949935913086,47.6245002746582,47.124000549316406,47.214500427246094,30102000
2017-08-09,46.682029724121094,47.00400161743164,47.1879997253418,46.69599914550781,46.92250061035156,28018000
2017-08-10,45.86317443847656,46.179500579833984,46.814998626708984,46.0890007019043,46.75,54148000
2017-08-11,46.185951232910156,46.50450134277344,46.667999267578125,46.06100082397461,46.18550109863281,32334000
2017-08-14,46.62492370605469,46.94649887084961,47.051998138427734,46.7244987487793,46.95349884033203,23012000
2017-08-15,46.58271789550781,46.90399932861328,47.153499603271484,46.832000732421875,47.05149841308594,22130000
2017-08-16,46.89009475708008,47.2135009765625,47.494998931884766,47.00199890136719,47.0625,26906000
2017-08-17,46.065284729003906,46.382999420166016,47.19049835205078,46.38199996948242,47.147499084472656,33914000
2017-08-18,45.99178695678711,46.308998107910156,46.55099868774414,46.17250061035156,46.3489990234375,26748000
2017-08-21,45.72810745239258,46.04349899291992,46.412498474121094,45.93000030517578,46.28850173950195,26024000
2017-08-22,46.69792175292969,47.02000045776367,47.097999572753906,46.30849838256836,46.347999572753906,35502000
2017-08-23,46.806175231933594,47.12900161743164,47.27149963378906,46.762001037597656,46.849998474121094,22690000
2017-08-24,46.52362060546875,46.84450149536133,47.31549835205078,46.5369987487793,47.18550109863281,25892000
2017-08-25,46.2063102722168,46.525001525878906,47.0364990234375,46.505001068115234,46.96049880981445,23746000
2017-08-28,46.088626861572266,46.40650177001953,46.74250030517578,46.30550003051758,46.59400177001953,20988000
2017-08-29,46.46701431274414,46.787498474121094,46.90950012207031,45.96549987792969,45.997501373291016,23172000
2017-08-30,46.85831832885742,47.18149948120117,47.292999267578125,46.70249938964844,46.78350067138672,22406000
2017-08-31,47.434837341308594,47.762001037597656,47.86000061035156,47.3125,47.314998626708984,33866000
2017-09-01,47.2734489440918,47.5994987487793,47.916500091552734,47.513999938964844,47.87350082397461,20858000
2017-09-05,46.75155258178711,47.07400131225586,47.56949996948242,46.779998779296875,47.34299850463867,29148000
2017-09-06,46.77836990356445,47.10100173950195,47.224998474121094,46.63399887084961,47.19350051879883,27830000
2017-09-07,47.169166564941406,47.49449920654297,47.525001525878906,46.87649917602539,47.212501525878906,22332000
2017-09-08,46.748069763183594,47.070499420166016,47.53499984741211,47.0004997253418,47.48500061035156,19998000
2017-09-11,46.84143829345703,47.16450119018555,47.63399887084961,47.04999923706055,47.36000061035156,26748000
2017-09-12,47.00827407836914,47.33250045776367,47.40449905395508,46.875,47.34600067138672,25696000
2017-09-13,47.19647979736328,47.52199935913086,47.64250183105469,47.23699951171875,47.275001525878906,21908000
2017-09-14,46.684513092041016,47.006500244140625,47.4015007019043,46.917999267578125,47.29999923706055,28548000
2017-09-15,46.44417190551758,46.76449966430664,47.087501525878906,46.5625,47.00450134277344,39886000
2017-09-18,46.1690673828125,46.48749923706055,46.84299850463867,46.27000045776367,46.7504997253418,29474000
2017-09-19,46.52212905883789,46.84299850463867,46.89699935913086,46.33300018310547,46.670501708984375,24854000
2017-09-20,47.05247116088867,47.37699890136719,47.5,46.875,46.88650131225586,40080000
2017-09-21,47.05297088623047,47.377498626708984,47.63999938964844,46.96900177001953,47.40650177001953,27414000
2017-09-22,46.839935302734375,47.16299819946289,47.5,47.04199981689453,47.13850021362305,21496000
2017-09-25,46.39401626586914,46.7140007019043,46.98749923706055,46.22549819946289,46.97249984741211,37468000
2017-09-26,46.55043411254883,46.871498107910156,47.20399856567383,46.75600051879883,46.83449935913086,33454000
2017-09-27,47.66624069213867,47.994998931884766,48.27149963378906,47.09749984741211,47.137001037597656,46692000
2017-09-28,47.91006088256836,48.240501403808594,48.308998107910156,47.77750015258789,47.8125,28018000
2017-09-29,48.352508544921875,48.68600082397461,48.79050064086914,48.29999923706055,48.29999923706055,40622000
2017-10-02,48.04214859008789,48.37350082397461,48.887001037597656,48.09749984741211,48.782501220703125,30782000
2017-10-03,48.27106857299805,48.604000091552734,48.62200164794922,48.135501861572266,48.37799835205078,21666000
2017-10-04,48.00788879394531,48.3390007019043,48.720001220703125,48.28049850463867,48.5880012512207,21156000
2017-10-05,48.92207717895508,49.259498596191406,49.32550048828125,48.51350021362305,48.63949966430664,35618000
2017-10-06,49.34168243408203,49.68199920654297,49.7130012512207,48.925498962402344,49.0,31060000
2017-10-09,49.2756462097168,49.615501403808594,50.02299880981445,49.57500076293945,49.75,25910000
2017-10-10,49.05168533325195,49.38999938964844,49.87350082397461,49.05550003051758,49.76499938964844,23268000
2017-10-11,49.938072204589844,50.282501220703125,50.378501892089844,49.39699935913086,49.45199966430664,36300000
2017-10-12,49.938072204589844,50.282501220703125,50.57699966430664,50.05500030517578,50.19200134277344,30614000
2017-10-13,50.04831314086914,50.39350128173828,50.737998962402344,50.35300064086914,50.455501556396484,26552000
2017-10-16,50.12179946899414,50.467498779296875,50.599998474121094,50.07600021362305,50.48149871826172,21420000
2017-10-17,50.203739166259766,50.54999923706055,50.72800064086914,50.3025016784668,50.37200164794922,20260000
2017-10-18,50.29014587402344,50.637001037597656,50.81549835205078,50.26599884033203,50.5525016784668,25596000
2017-10-19,49.74887466430664,50.09199905395508,50.36600112915039,49.8650016784668,50.23749923706055,34284000
2017-10-20,49.909271240234375,50.253501892089844,50.432498931884766,50.11349868774414,50.352500915527344,32120000
2017-10-23,48.93946075439453,49.277000427246094,50.28950119018555,49.154998779296875,50.25899887084961,32786000
2017-10-24,49.08594512939453,49.42449951171875,49.4630012512207,48.854000091552734,49.32500076293945,28902000
2017-10-25,49.23344039916992,49.573001861572266,49.721500396728516,48.88600158691406,49.313499450683594,30574000
2017-10-26,49.231441497802734,49.57099914550781,50.32550048828125,49.52349853515625,49.923500061035156,47396000
2017-10-27,51.329471588134766,51.68349838256836,53.180999755859375,51.342498779296875,51.54949951171875,103682000
2017-10-30,51.30265808105469,51.65650177001953,51.99150085449219,51.11650085449219,51.45800018310547,46804000
2017-10-31,51.298194885253906,51.652000427246094,52.04999923706055,51.314998626708984,51.650001525878906,30326000
2017-11-01,51.772918701171875,52.130001068115234,52.393001556396484,51.70000076293945,51.816001892089844,43262000
2017-11-02,51.791290283203125,52.14849853515625,52.2760009765625,51.43299865722656,51.9995002746582,26694000
2017-11-03,52.1398811340332,52.4995002746582,52.53300094604492,51.88249969482422,52.13750076293945,27770000
2017-11-06,51.776885986328125,52.13399887084961,52.62950134277344,52.099998474121094,52.45500183105469,18294000
2017-11-07,52.25905990600586,52.61949920654297,52.670501708984375,52.150001525878906,52.48249816894531,26104000
2017-11-08,52.55204391479492,52.91450119018555,53.134498596191406,52.352500915527344,52.502498626708984,24276000
2017-11-09,52.02716064453125,52.38600158691406,52.54399871826172,51.79249954223633,52.400001525878906,35892000
2017-11-10,51.84988784790039,52.20750045776367,52.33150100708008,52.06100082397461,52.19350051879883,19442000
2017-11-13,51.70340347290039,52.060001373291016,52.4370002746582,51.9630012512207,52.040000915527344,18814000
2017-11-14,51.72524642944336,52.082000732421875,52.1150016784668,51.46649932861328,51.88600158691406,21012000
2017-11-15,51.46553421020508,51.820499420166016,51.98149871826172,51.53799819946289,51.75,18106000
2017-11-16,52.06440734863281,52.423500061035156,52.5880012512207,51.900001525878906,51.9375,23768000
2017-11-17,51.43971633911133,51.794498443603516,52.54999923706055,51.686500549316406,52.4900016784668,26712000
2017-11-20,51.378639221191406,51.733001708984375,51.935001373291016,51.63399887084961,51.79999923706055,17526000
2017-11-21,52.15528106689453,52.51499938964844,52.519500732421875,51.957000732421875,52.00199890136719,22206000
2017-11-22,52.23572540283203,52.59600067138672,52.77149963378906,52.36249923706055,52.55799865722656,14538000
2017-11-24,52.464149475097656,52.82600021362305,53.003501892089844,52.59600067138672,52.71950149536133,16492000
2017-11-27,53.233341217041016,53.60049819946289,53.652000427246094,52.73849868774414,52.92850112915039,35430000
2017-11-28,52.80033493041992,53.16450119018555,54.0,52.72700119018555,53.699501037597656,36424000
2017-11-29,51.513702392578125,51.86899948120117,52.938499450683594,51.48249816894531,52.808998107910156,55866000
2017-11-30,51.45361328125,51.80849838256836,52.207000732421875,51.503501892089844,51.99700164794922,45092000
2017-12-01,50.90242385864258,51.253501892089844,51.86199951171875,50.845001220703125,51.52050018310547,37762000
2017-12-04,50.24694061279297,50.59349822998047,51.56700134277344,50.46099853515625,51.38999938964844,38778000
2017-12-05,50.630794525146484,50.97999954223633,51.83399963378906,50.11600112915039,50.54949951171875,38998000
2017-12-06,51.28230285644531,51.63600158691406,51.979000091552734,50.765499114990234,50.82600021362305,28710000
2017-12-07,51.87074279785156,52.22850036621094,52.44599914550781,51.768001556396484,51.80350112915039,30866000
2017-12-08,52.10959243774414,52.46900177001953,52.82099914550781,52.292999267578125,52.59049987792969,31170000
2017-12-11,52.23820877075195,52.5984992980957,52.79999923706055,52.20600128173828,52.55550003051758,23254000
2017-12-12,52.07931137084961,52.438499450683594,53.125,52.243499755859375,52.5,33882000
2017-12-13,52.20940399169922,52.56949996948242,52.77399826049805,52.32899856567383,52.604000091552734,27680000
2017-12-14,52.51132583618164,52.87350082397461,53.354000091552734,52.68000030517578,52.77450180053711,30962000
2017-12-15,53.23284149169922,53.599998474121094,53.76250076293945,53.00450134277344,53.18899917602539,63760000
2017-12-18,53.882869720458984,54.25450134277344,54.324501037597656,53.51850128173828,53.8224983215332,30292000
2017-12-19,53.61918258666992,53.98899841308594,54.24850082397461,53.61349868774414,54.1510009765625,26350000
2017-12-20,53.3103141784668,53.678001403808594,54.061500549316406,53.43000030517578,54.04600143432617,28728000
2017-12-21,53.17573928833008,53.54249954223633,53.875999450683594,53.45000076293945,53.769500732421875,25640000
2017-12-22,53.076927185058594,53.44300079345703,53.58599853515625,53.38199996948242,53.5,17788000
2017-12-26,52.92745590209961,53.29249954223633,53.44300079345703,52.93199920654297,53.43199920654297,18376000
2017-12-27,52.64688491821289,53.0099983215332,53.41350173950195,52.91899871826172,53.33000183105469,22324000
2017-12-28,52.43584442138672,52.79750061035156,53.242000579833984,52.66899871826172,53.11249923706055,19884000
2017-12-29,52.3092155456543,52.66999816894531,52.90250015258789,52.6349983215332,52.77450180053711,23606000
2018-01-02,53.292930603027344,53.660499572753906,53.79899978637695,52.6510009765625,52.6510009765625,31766000
2018-01-03,54.20216369628906,54.57600021362305,54.80500030517578,53.67150115966797,53.69649887084961,31318000
2018-01-04,54.4127082824707,54.78799819946289,55.20399856567383,54.7130012512207,54.85449981689453,26052000
2018-01-05,55.13423156738281,55.51449966430664,55.67900085449219,55.09000015258789,55.17250061035156,30250000
2018-01-08,55.328895568847656,55.71049880981445,55.95800018310547,55.5,55.54999923706055,24644000
2018-01-09,55.25837326049805,55.63949966430664,55.922000885009766,55.40999984741211,55.922000885009766,26808000
2018-01-10,55.12678527832031,55.50699996948242,55.638999938964844,55.19900131225586,55.349998474121094,20734000
2018-01-11,55.22163009643555,55.602500915527344,55.74250030517578,55.32400131225586,55.615501403808594,22424000
2018-01-12,56.145259857177734,56.532501220703125,56.564998626708984,55.4005012512207,55.505001068115234,38586000
2018-01-16,56.147743225097656,56.53499984741211,57.444000244140625,56.33300018310547,57.015499114990234,36462000
2018-01-17,56.56486892700195,56.95500183105469,56.965999603271484,56.17449951171875,56.81800079345703,27830000
2018-01-18,56.4094352722168,56.798500061035156,57.02949905395508,56.222999572753906,56.967498779296875,27498000
2018-01-19,56.78335952758789,57.17499923706055,57.18899917602539,56.625,56.9015007019043,30552000
2018-01-22,57.80928421020508,58.20800018310547,58.34400177001953,57.090999603271484,57.191001892089844,29550000
2018-01-23,58.405670166015625,58.80849838256836,58.925498962402344,58.36249923706055,58.53099822998047,39138000
2018-01-24,58.1633415222168,58.56449890136719,59.352500915527344,58.369998931884766,59.249000549316406,37128000
2018-01-25,58.70212173461914,59.106998443603516,59.25,58.59199905395508,59.035499572753906,29984000
2018-01-26,58.97126770019531,59.37799835205078,59.37799835205078,58.4015007019043,59.37649917602539,42170000
2018-01-29,58.917640686035156,59.32400131225586,59.900001525878906,59.202999114990234,59.400001525878906,31494000
2018-01-30,58.46525955200195,58.868499755859375,59.39649963378906,58.72549819946289,58.88600158691406,37338000
2018-01-31,58.70609664916992,59.111000061035156,59.316001892089844,58.60499954223633,59.19049835205078,36022000
2018-02-01,58.6748161315918,59.079498291015625,59.372501373291016,58.46799850463867,58.79949951171875,73514000
2018-02-02,55.57668685913086,55.959999084472656,56.564998626708984,55.55849838256836,56.37099838256836,117842000
2018-02-05,52.75563430786133,53.11949920654297,55.7495002746582,52.83700180053711,55.03049850463867,83550000
2018-02-06,53.8500862121582,54.221500396728516,54.36899948120117,51.5004997253418,51.69900131225586,76630000
2018-02-07,52.409027099609375,52.77050018310547,54.326499938964844,52.73099899291992,54.24850082397461,51942000
2018-02-08,50.040374755859375,50.385501861572266,53.19649887084961,50.23500061035156,52.993499755859375,66792000
2018-02-09,51.95515823364258,52.313499450683594,52.58599853515625,49.849998474121094,51.29399871826172,98360000
2018-02-12,52.3668212890625,52.72800064086914,53.278499603271484,52.27450180053711,52.833499908447266,56240000
2018-02-13,52.34596633911133,52.707000732421875,53.06100082397461,52.34600067138672,52.5,31586000
2018-02-14,53.267608642578125,53.6349983215332,53.77349853515625,52.4900016784668,52.715999603271484,41304000
2018-02-15,54.19422149658203,54.56800079345703,54.70500183105469,53.36149978637695,54.17250061035156,37396000
2018-02-16,54.39979934692383,54.775001525878906,55.41550064086914,54.57749938964844,54.66899871826172,39948000
2018-02-20,54.80152893066406,55.179500579833984,55.81449890136719,54.5,54.63800048828125,33754000
2018-02-21,55.30604553222656,55.6875,56.810001373291016,55.3754997253418,55.45500183105469,41486000
2018-02-22,55.1148681640625,55.494998931884766,56.27299880981445,55.25749969482422,55.958499908447266,28010000
2018-02-23,56.01814270019531,56.40449905395508,56.45000076293945,55.422000885009766,55.93299865722656,25292000
2018-02-26,56.79329299926758,57.185001373291016,57.209999084472656,56.46699905395508,56.59299850463867,30912000
2018-02-27,55.492759704589844,55.8754997253418,57.212501525878906,55.839500427246094,57.185001373291016,42964000
2018-02-28,54.81791305541992,55.19599914550781,56.38249969482422,55.150001525878906,56.099998474121094,49292000
2018-03-01,53.203548431396484,53.570499420166016,55.563499450683594,53.364498138427734,55.47700119018555,55338000
2018-03-02,53.835689544677734,54.207000732421875,54.34450149536133,52.50550079345703,52.89899826049805,50162000
2018-03-05,54.36305236816406,54.737998962402344,55.058998107910156,53.61349868774414,53.90650177001953,28648000
2018-03-06,54.66794967651367,55.04499816894531,55.28150177001953,54.724998474121094,55.10499954223633,23382000
2018-03-07,55.3701057434082,55.75199890136719,55.810001373291016,54.49549865722656,54.64099884033203,30748000
2018-03-08,56.08219528198242,56.46900177001953,56.571998596191406,55.86000061035156,55.86000061035156,33862000
2018-03-09,57.64442443847656,58.04199981689453,58.04999923706055,56.714500427246094,56.974998474121094,42662000
2018-03-12,57.89717483520508,58.29650115966797,58.90800094604492,57.959999084472656,58.252498626708984,44306000
2018-03-13,56.60508346557617,56.99549865722656,58.900001525878906,56.72850036621094,58.59149932861328,43140000
2018-03-14,57.05101776123047,57.44449996948242,57.987998962402344,57.11750030517578,57.290000915527344,41870000
2018-03-15,57.13642501831055,57.53049850463867,58.125,56.78300094604492,57.47850036621094,33382000
2018-03-16,56.33246994018555,56.72100067138672,57.84049987792969,56.56800079345703,57.76750183105469,58656000
2018-03-19,54.626739501953125,55.003501892089844,55.96849822998047,54.44599914550781,55.88800048828125,63656000
2018-03-20,54.414695739746094,54.790000915527344,55.27750015258789,54.12099838256836,54.91999816894531,54598000
2018-03-21,54.3253173828125,54.70000076293945,55.435001373291016,54.36050033569336,54.628501892089844,44898000
2018-03-22,52.29680252075195,52.657501220703125,54.19599914550781,52.481998443603516,54.0004997253418,69312000
2018-03-23,50.97591781616211,51.32749938964844,53.3390007019043,51.243499755859375,52.56850051879883,49880000
2018-03-26,52.343482971191406,52.704498291015625,52.9635009765625,50.52899932861328,52.529998779296875,65984000
2018-03-27,50.002132415771484,50.34700012207031,53.22700119018555,49.88100051879883,53.19499969482422,60816000
2018-03-28,49.91473388671875,50.25899887084961,51.2495002746582,49.20000076293945,50.09550094604492,77698000
2018-03-29,51.50178909301758,51.856998443603516,52.40250015258789,50.20199966430664,50.56050109863281,69338000
2018-04-02,50.2846794128418,50.631500244140625,51.97650146484375,49.712501525878906,51.38100051879883,65068000
2018-04-03,50.58510971069336,50.933998107910156,51.25,49.86249923706055,50.807498931884766,51322000
2018-04-04,51.13282775878906,51.48550033569336,51.637001037597656,49.82550048828125,49.9114990234375,50724000
2018-04-05,51.27832794189453,51.63199996948242,52.33549880981445,51.20000076293945,52.31949996948242,35836000
2018-04-06,50.15159606933594,50.497501373291016,51.79999923706055,50.3125,51.154998779296875,40134000
2018-04-09,50.65512466430664,51.00450134277344,52.22949981689453,50.959999084472656,51.00199890136719,33220000
2018-04-10,51.470008850097656,51.82500076293945,52.06050109863281,50.77050018310547,51.51300048828125,36620000
2018-04-11,50.90192413330078,51.25299835205078,51.79349899291992,50.959999084472656,51.599998474121094,34060000
2018-04-12,51.50923156738281,51.864498138427734,52.23249816894531,51.3025016784668,51.57350158691406,32896000
2018-04-13,51.44715881347656,51.801998138427734,52.64899826049805,51.50749969482422,52.34450149536133,25410000
2018-04-16,51.94672393798828,52.30500030517578,52.57149887084961,51.69599914550781,52.27750015258789,29776000
2018-04-17,53.598323822021484,53.96799850463867,54.25,52.85449981689453,53.060001373291016,54584000
2018-04-18,53.40119171142578,53.769500732421875,54.099998474121094,53.5260009765625,53.95050048828125,31126000
2018-04-19,54.09937286376953,54.47249984741211,54.8754997253418,53.45100021362305,53.45100021362305,39884000
2018-04-20,53.49702835083008,53.86600112915039,54.73749923706055,53.60499954223633,54.2135009765625,42434000
2018-04-23,53.322723388671875,53.69049835205078,54.400001525878906,53.33399963378906,54.14899826049805,69590000
2018-04-24,50.78175354003906,51.13199996948242,53.2244987487793,50.643001556396484,52.959999084472656,128220000
2018-04-25,50.799137115478516,51.14950180053711,51.80350112915039,50.85049819946289,51.48749923706055,57860000
2018-04-26,51.808170318603516,52.16550064086914,52.60100173950195,51.022499084472656,51.6609992980957,50926000
2018-04-27,51.219234466552734,51.5724983215332,52.584999084472656,51.37950134277344,52.277000427246094,40746000
2018-04-30,50.58014678955078,50.92900085449219,51.91849899291992,50.915000915527344,51.72100067138672,34492000
2018-05-01,51.681053161621094,52.037498474121094,52.08649826049805,50.53049850463867,50.814998626708984,35326000
2018-05-02,50.95108413696289,51.3025016784668,52.19900131225586,51.15800094604492,51.70000076293945,34698000
2018-05-03,50.96349334716797,51.314998626708984,51.53450012207031,50.394500732421875,51.26850128173828,39282000
2018-05-04,52.19003677368164,52.54999923706055,52.59400177001953,50.90250015258789,50.980499267578125,36892000
2018-05-07,52.61014175415039,52.972999572753906,53.25,52.51350021362305,52.69449996948242,34400000
2018-05-08,52.56693649291992,52.929500579833984,53.26150131225586,52.582000732421875,53.23099899291992,26030000
2018-05-09,54.07454299926758,54.4474983215332,54.70000076293945,53.105499267578125,53.20500183105469,47160000
2018-05-10,54.8948860168457,55.27349853515625,55.47050094604492,54.694000244140625,54.75,36414000
2018-05-11,54.791099548339844,55.16899871826172,55.45050048828125,54.861000061035156,55.02050018310547,30504000
2018-05-14,54.95100021362305,55.33000183105469,55.907501220703125,55.2400016784668,55.278499603271484,39338000
2018-05-15,53.8719367980957,54.243499755859375,54.95600128173828,53.93899917602539,54.845001220703125,35738000
2018-05-16,53.83320617675781,54.204498291015625,54.71900177001953,54.08150100708008,54.25450134277344,25628000
2018-05-17,53.69267654418945,54.0629997253418,54.54999923706055,53.82099914550781,54.073001861572266,25738000
2018-05-18,53.115657806396484,53.481998443603516,53.686500549316406,53.23400115966797,53.29999923706055,35482000
2018-05-21,53.8292350769043,54.20050048828125,54.665000915527344,53.900001525878906,53.95000076293945,25180000
2018-05-22,53.397216796875,53.765499114990234,54.59000015258789,53.612998962402344,54.4900016784668,22226000
2018-05-23,53.92607116699219,54.29800033569336,54.400001525878906,53.347999572753906,53.5,23740000
2018-05-24,53.90073776245117,54.272499084472656,54.35599899291992,53.6150016784668,54.345001220703125,20604000
2018-05-25,53.832706451416016,54.20399856567383,54.47850036621094,54.130001068115234,54.32749938964844,22224000
2018-05-29,53.03769302368164,53.403499603271484,54.06700134277344,53.15399932861328,53.79999923706055,36076000
2018-05-30,53.50447463989258,53.87350082397461,53.949501037597656,53.32749938964844,53.67399978637695,28686000
2018-05-31,54.623260498046875,55.0,55.5,53.900001525878906,54.099998474121094,79368000
2018-06-01,56.361270904541016,56.75,56.90800094604492,55.60049819946289,55.64350128173828,63202000
2018-06-04,57.25709533691406,57.652000427246094,57.893001556396484,56.849998474121094,56.92499923706055,44754000
2018-06-05,57.15678405761719,57.55099868774414,58.05500030517578,57.37300109863281,57.733001708984375,32964000
2018-06-06,56.954681396484375,57.34749984741211,57.73550033569336,56.816001892089844,57.63850021362305,34934000
2018-06-07,56.33246994018555,56.72100067138672,57.29349899291992,56.305999755859375,57.229000091552734,36108000
2018-06-08,56.24755859375,56.635501861572266,56.93899917602539,56.1614990234375,56.56050109863281,27284000
2018-06-11,56.65424728393555,57.04499816894531,57.387001037597656,56.56999969482422,56.64699935913086,24796000
2018-06-12,57.01625061035156,57.40950012207031,57.4375,57.05099868774414,57.05099868774414,26092000
2018-06-13,56.819610595703125,57.21149826049805,57.78200149536133,57.16899871826172,57.61399841308594,34302000
2018-06-14,57.60817337036133,58.00550079345703,58.29949951171875,57.529998779296875,57.61050033569336,35422000
2018-06-15,57.56645965576172,57.9635009765625,58.195499420166016,57.68450164794922,57.99599838256836,44438000
2018-06-18,58.77363586425781,59.17900085449219,59.20650100708008,57.54999923706055,57.634498596191406,33038000
2018-06-19,58.53081130981445,58.93450164794922,59.140499114990234,58.080501556396484,58.50550079345703,47282000
2018-06-20,58.7979621887207,59.20349884033203,60.074501037597656,59.10150146484375,59.165000915527344,51686000
2018-06-21,58.07147979736328,58.47200012207031,59.51649856567383,58.17399978637695,59.2755012512207,44966000
2018-06-22,58.06402587890625,58.464500427246094,58.75,57.98249816894531,58.574501037597656,34220000
2018-06-25,56.57380676269531,56.9640007019043,57.79949951171875,55.994998931884766,57.75,57682000
2018-06-26,56.24308395385742,56.63100051879883,57.34349822998047,56.45000076293945,57.207000732421875,34688000
2018-06-27,55.46445846557617,55.84700012207031,57.31050109863281,55.834999084472656,56.79999923706055,34538000
2018-06-28,55.95308303833008,56.3390007019043,56.70000076293945,55.30350112915039,55.61949920654297,29726000
2018-06-29,56.07276153564453,56.45949935913086,57.06800079345703,56.35100173950195,56.615501403808594,31562000
2018-07-02,56.714332580566406,57.105499267578125,57.14950180053711,55.33000183105469,55.76750183105469,23216000
2018-07-03,55.43168640136719,55.81399917602539,57.49549865722656,55.721500396728516,57.47100067138672,16448000
2018-07-05,56.67361068725586,57.06449890136719,57.207000732421875,56.15599822998047,56.22999954223633,28594000
2018-07-06,57.3583984375,57.75400161743164,57.810001373291016,56.86199951171875,57.0885009765625,21820000
2018-07-09,57.96421813964844,58.36399841308594,58.39649963378906,57.86149978637695,58.0,21584000
2018-07-10,57.95726013183594,58.356998443603516,58.67499923706055,58.12799835205078,58.4995002746582,21334000
2018-07-11,58.17178726196289,58.573001861572266,59.02199935913086,57.76850128173828,57.78099822998047,33252000
2018-07-12,59.651580810546875,60.0629997253418,60.0994987487793,58.654998779296875,58.74300003051758,44148000
2018-07-13,59.808494567871094,60.22100067138672,60.52199935913086,59.76449966430664,60.13999938964844,32612000
2018-07-16,59.415706634521484,59.82550048828125,60.43550109863281,59.66999816894531,60.19049835205078,26784000
2018-07-17,60.23853302001953,60.65399932861328,60.9379997253418,59.099998474121094,59.137001037597656,40162000
2018-07-18,60.23008346557617,60.64550018310547,61.079498291015625,60.22800064086914,60.42649841308594,38948000
2018-07-19,59.54431915283203,59.95500183105469,60.82400131225586,59.88650131225586,60.33250045776367,38338000
2018-07-20,59.48373031616211,59.89400100708008,60.53850173950195,59.829498291015625,59.96200180053711,37938000
2018-07-23,60.1352424621582,60.54999923706055,60.755001068115234,59.60049819946289,59.78300094604492,65446000
2018-07-24,62.476593017578125,62.907501220703125,63.75,62.207000732421875,63.54999923706055,107600000
2018-07-25,63.36000061035156,63.797000885009766,63.9119987487793,62.45249938964844,62.63100051879883,51104000
2018-07-26,63.8347282409668,64.2750015258789,64.37000274658203,63.150001525878906,63.35900115966797,54686000
2018-07-27,62.215396881103516,62.644500732421875,64.5719985961914,62.2244987487793,64.45600128173828,48362000
2018-07-30,61.08071517944336,61.50199890136719,62.644500732421875,61.208499908447266,62.252498626708984,43896000
2018-07-31,60.94068908691406,61.361000061035156,62.06050109863281,60.80950164794922,61.58549880981445,39382000
2018-08-01,61.22721481323242,61.64950180053711,62.29499816894531,61.24700164794922,61.955501556396484,36994000
2018-08-02,61.63142013549805,62.05649948120117,62.22050094604492,60.90299987792969,60.92499923706055,34704000
2018-08-03,61.48394775390625,61.90800094604492,62.32600021362305,61.47100067138672,62.25899887084961,21264000
2018-08-06,61.45960235595703,61.88349914550781,62.12300109863281,61.5265007019043,62.080501556396484,22114000
2018-08-07,62.36188507080078,62.79199981689453,63.30400085449219,62.59000015258789,62.60049819946289,42506000
2018-08-08,62.63450622558594,63.06650161743164,63.58599853515625,62.60599899291992,62.83599853515625,34344000
2018-08-09,62.7899284362793,63.222999572753906,63.597999572753906,63.005001068115234,63.13650131225586,27326000
2018-08-10,62.19651794433594,62.6254997253418,63.060001373291016,62.358001708984375,62.95899963378906,26602000
2018-08-13,62.00434494018555,62.43199920654297,63.298500061035156,62.35150146484375,62.560001373291016,27500000
2018-08-14,62.476097106933594,62.90700149536133,63.02949905395508,61.97700119018555,62.625,28080000
2018-08-15,61.1889762878418,61.611000061035156,62.5989990234375,61.3120002746582,62.2140007019043,37052000
2018-08-16,60.78376770019531,61.202999114990234,62.185001373291016,60.98149871826172,62.0994987487793,32176000
2018-08-17,60.376075744628906,60.79249954223633,61.34749984741211,60.20000076293945,61.10200119018555,33092000
2018-08-20,60.67898941040039,61.09749984741211,61.295501708984375,60.435001373291016,61.03300094604492,22218000
2018-08-21,60.45354461669922,60.87049865722656,61.63800048828125,60.75149917602539,61.1510009765625,23082000
2018-08-22,60.66905975341797,61.087501525878906,61.326499938964844,60.6609992980957,60.71099853515625,22296000
2018-08-23,60.63975524902344,61.05799865722656,61.75849914550781,60.967498779296875,60.99399948120117,24666000
2018-08-24,61.41392517089844,61.837501525878906,61.869998931884766,61.07099914550781,61.29999923706055,24454000
2018-08-27,62.383235931396484,62.813499450683594,62.89350128173828,62.034000396728516,62.207000732421875,28580000
2018-08-28,61.866302490234375,62.292999267578125,62.827999114990234,62.14849853515625,62.79499816894531,27330000
2018-08-29,62.79936218261719,63.23249816894531,63.35850143432617,62.63999938964844,62.75,36926000
2018-08-30,62.292362213134766,62.72200012207031,63.4744987487793,62.36050033569336,63.16999816894531,30104000
2018-08-31,61.168121337890625,61.59000015258789,62.627498626708984,61.287498474121094,62.61050033569336,42308000
2018-09-04,60.150634765625,60.56549835205078,61.39350128173828,60.327999114990234,61.125999450683594,41458000
2018-09-05,59.54431915283203,59.95500183105469,60.743499755859375,58.766998291015625,60.46099853515625,53988000
2018-09-06,58.79399490356445,59.199501037597656,59.949501037597656,58.18050003051758,59.92850112915039,46854000
2018-09-07,58.476192474365234,58.87950134277344,59.4275016784668,58.4635009765625,58.599998474121094,32658000
2018-09-10,58.350547790527344,58.75299835205078,59.33300018310547,58.53049850463867,59.209999084472656,27670000
2018-09-11,59.09193420410156,59.4995002746582,59.547000885009766,58.29750061035156,58.55500030517578,29254000
2018-09-12,58.17873001098633,58.58000183105469,59.53450012207031,58.30799865722656,59.099998474121094,35716000
2018-09-13,58.70212173461914,59.106998443603516,59.393001556396484,58.46099853515625,58.98500061035156,40068000
2018-09-14,58.495548248291016,58.89899826049805,59.400001525878906,58.67599868774414,59.400001525878906,24176000
2018-09-17,57.594268798828125,57.99150085449219,59.090999603271484,57.92300033569336,58.88850021362305,34096000
2018-09-18,57.955772399902344,58.355499267578125,59.06650161743164,58.07149887084961,58.132999420166016,32314000
2018-09-19,58.311317443847656,58.7135009765625,58.813499450683594,57.930999755859375,58.448001861572266,25962000
2018-09-20,59.17039108276367,59.57849884033203,59.70000076293945,58.8125,59.03350067138672,29244000
2018-09-21,58.20455551147461,58.60599899291992,59.82899856567383,58.60300064086914,59.74599838256836,91222000
2018-09-24,58.57400894165039,58.97800064086914,59.259498596191406,57.57500076293945,57.97050094604492,31150000
2018-09-25,59.28559875488281,59.69449996948242,59.84299850463867,58.704498291015625,59.212501525878906,33152000
2018-09-26,59.294044494628906,59.702999114990234,60.36199951171875,59.27000045776367,59.68450164794922,37650000
2018-09-27,59.95448303222656,60.36800003051758,60.84299850463867,59.90250015258789,60.0,36274000
2018-09-28,59.940582275390625,60.354000091552734,60.42250061035156,59.89149856567383,60.204498291015625,35612000
2018-10-01,60.01258850097656,60.42649841308594,61.209999084472656,60.15950012207031,60.650001525878906,33164000
2018-10-02,59.96839141845703,60.38199996948242,61.22600173950195,59.983001708984375,60.333499908447266,40180000
2018-10-03,60.16156005859375,60.576499938964844,60.70899963378906,60.10749816894531,60.599998474121094,26246000
2018-10-04,58.45036315917969,58.85350036621094,60.29499816894531,58.192501068115234,60.25149917602539,46576000
2018-10-05,57.99152374267578,58.39149856567383,59.099998474121094,57.715999603271484,58.79999923706055,31852000
2018-10-08,57.400108337402344,57.79600143432617,58.792999267578125,56.77000045776367,58.0,46190000
2018-10-09,56.86628723144531,57.25849914550781,58.07749938964844,57.208499908447266,57.56549835205078,33690000
2018-10-10,54.233943939208984,54.608001708984375,56.85100173950195,54.57550048828125,56.81999969482422,58980000
2018-10-11,54.16342544555664,54.5369987487793,55.803001403808594,53.794498443603516,53.95199966430664,67696000
2018-10-12,55.643226623535156,56.027000427246094,56.291500091552734,54.75149917602539,55.981998443603516,49370000
2018-10-15,54.744422912597656,55.12200164794922,56.09000015258789,54.9109992980957,55.900001525878906,30074000
2018-10-16,56.265926361083984,56.65399932861328,56.81850051879883,55.587501525878906,55.67399978637695,38378000
2018-10-17,55.993309020996094,56.37950134277344,57.349998474121094,55.70000076293945,57.0,35652000
2018-10-18,54.519474029541016,54.89550018310547,56.61750030517578,54.31700134277344,56.5,46152000
2018-10-19,54.88048553466797,55.25899887084961,56.04750061035156,54.85150146484375,55.18550109863281,41286000
2018-10-22,55.187870025634766,55.56850051879883,56.08449935913086,55.0,55.6254997253418,27116000
2018-10-23,55.3636474609375,55.74549865722656,55.900001525878906,53.95050048828125,54.56449890136719,37686000
2018-10-24,52.49394607543945,52.85599899291992,55.83100128173828,52.75299835205078,55.75,49286000
2018-10-25,54.80152893066406,55.179500579833984,55.89099884033203,53.77750015258789,54.01499938964844,72956000
2018-10-26,53.816322326660156,54.1875,55.849998474121094,52.11149978637695,52.416500091552734,106438000
2018-10-29,51.38211441040039,51.73649978637695,55.44150161743164,50.36000061035156,54.82699966430664,81290000
2018-10-30,52.11604690551758,52.47549819946289,52.54499816894531,50.69850158691406,51.0004997253418,59768000
2018-10-31,54.15548324584961,54.52899932861328,55.400001525878906,53.40999984741211,53.40999984741211,70916000
2018-11-01,53.927059173583984,54.29899978637695,54.994998931884766,53.89099884033203,54.56999969482422,40132000
2018-11-02,53.207523345947266,53.574501037597656,54.900001525878906,53.382999420166016,54.45000076293945,43438000
2018-11-05,52.424922943115234,52.7864990234375,53.66749954223633,51.70000076293945,53.62649917602539,45358000
2018-11-06,53.112178802490234,53.47850036621094,53.99100112915039,52.68050003051758,52.750999450683594,28660000
2018-11-07,55.032432556152344,55.4119987487793,55.496498107910156,54.02949905395508,54.17449951171875,43388000
2018-11-08,54.356597900390625,54.73149871826172,55.4109992980957,54.21799850463867,55.3650016784668,33694000
2018-11-09,53.48213577270508,53.85100173950195,54.41749954223633,53.2130012512207,54.20100021362305,34860000
2018-11-12,52.108604431152344,52.46799850463867,53.70500183105469,52.01750183105469,53.65650177001953,34002000
2018-11-13,52.039581298828125,52.39849853515625,53.333499908447266,52.02000045776367,52.740501403808594,25750000
2018-11-14,52.36781311035156,52.729000091552734,53.28950119018555,52.05550003051758,53.0,34666000
2018-11-15,53.1856803894043,53.5525016784668,53.94350051879883,52.06449890136719,52.573001861572266,41584000
2018-11-16,53.04762268066406,53.41350173950195,53.62200164794922,52.744998931884766,53.26150131225586,35366000
2018-11-19,51.01911544799805,51.37099838256836,53.400001525878906,51.14350128173828,53.169498443603516,45684000
2018-11-20,51.16958236694336,51.522499084472656,51.86750030517578,50.11050033569336,50.364498138427734,54458000
2018-11-21,51.81413269042969,52.17150115966797,52.73550033569336,51.972999572753906,52.265499114990234,29698000
2018-11-23,51.152198791503906,51.505001068115234,52.150001525878906,51.42599868774414,51.67499923706055,14178000
2018-11-26,52.43534469604492,52.797000885009766,52.849998474121094,51.98849868774414,52.20000076293945,31558000
2018-11-27,52.25360107421875,52.61399841308594,53.3380012512207,52.275001525878906,52.56700134277344,33048000
2018-11-28,54.215572357177734,54.589500427246094,54.643001556396484,52.147499084472656,52.87300109863281,46042000
2018-11-29,54.35411834716797,54.729000091552734,55.00749969482422,54.099998474121094,54.17649841308594,31004000
2018-11-30,55.10245132446289,55.48249816894531,55.48249816894531,54.159000396728516,54.78150177001953,59668000
2018-12-03,55.43565368652344,55.81800079345703,56.75,55.58649826049805,56.608001708984375,57532000
2018-12-04,52.759613037109375,53.12350082397461,55.71200180053711,53.03900146484375,55.64950180053711,45630000
2018-12-06,53.53476333618164,53.90399932861328,53.97100067138672,52.124000549316406,52.25,47436000
2018-12-07,51.970550537109375,52.32899856567383,54.25149917602539,51.96849822998047,53.61149978637695,42682000
2018-12-10,52.29829406738281,52.659000396728516,52.97999954223633,51.650001525878906,52.14699935913086,33652000
2018-12-11,52.71889114379883,53.08250045776367,53.52000045776367,52.505001068115234,53.34700012207031,33852000
2018-12-12,53.31875228881836,53.686500549316406,54.58649826049805,53.5984992980957,53.854000091552734,28960000
2018-12-13,53.30931854248047,53.676998138427734,54.42100143432617,53.2495002746582,53.78350067138672,24986000
2018-12-14,52.22529602050781,52.58549880981445,53.58599853515625,52.46849822998047,53.000999450683594,36358000
2018-12-17,50.93122482299805,51.282501220703125,53.11899948120117,50.83150100708008,52.35049819946289,49932000
2018-12-18,51.81314468383789,52.170501708984375,52.984500885009766,51.52399826049805,51.70000076293945,43640000
2018-12-19,51.418357849121094,51.77299880981445,53.785499572753906,50.971500396728516,52.364498138427734,58264000
2018-12-20,50.82843017578125,51.17900085449219,52.37200164794922,50.393001556396484,51.29999923706055,53674000
2018-12-21,49.22300338745117,49.5625,51.88349914550781,49.05950164794922,51.60200119018555,104656000
2018-12-24,48.89625549316406,49.23350143432617,50.60599899291992,48.882999420166016,49.215999603271484,36360000
2018-12-26,52.03361511230469,52.39250183105469,52.42250061035156,49.63249969482422,49.89950180053711,46318000
2018-12-27,52.28438949584961,52.64500045776367,52.66699981689453,50.349998474121094,51.310001373291016,45996000
2018-12-28,51.975521087646484,52.33399963378906,53.21149826049805,52.099998474121094,52.974998474121094,34398000
2018-12-31,51.890113830566406,52.24800109863281,53.14950180053711,51.652000427246094,52.89149856567383,33110000
2019-01-02,52.372779846191406,52.73400115966797,53.03950119018555,51.263999938964844,51.36000061035156,31868000
2019-01-03,50.92228698730469,51.27349853515625,53.3129997253418,51.118499755859375,52.53350067138672,41960000
2019-01-04,53.53426742553711,53.903499603271484,54.0,51.84299850463867,52.12799835205078,46022000
2019-01-07,53.42750930786133,53.79600143432617,54.1349983215332,53.13199996948242,54.048500061035156,47446000
2019-01-08,53.896766662597656,54.26850128173828,54.66749954223633,53.41749954223633,54.29999923706055,35414000
2019-01-09,53.71204376220703,54.08250045776367,54.582000732421875,53.71849822998047,54.39950180053711,26998000
2019-01-10,53.5720100402832,53.94150161743164,53.990501403808594,53.23400115966797,53.74700164794922,26598000
2019-01-11,52.858924865722656,53.2234992980957,53.66849899291992,52.82149887084961,53.494998931884766,30864000
2019-01-14,52.21536636352539,52.57550048828125,52.92250061035156,52.4275016784668,52.66699981689453,28490000
2019-01-15,53.953372955322266,54.32550048828125,54.41350173950195,52.72200012207031,52.9005012512207,37518000
2019-01-16,54.10234832763672,54.47549819946289,55.11800003051758,54.4005012512207,54.5,38280000
2019-01-17,54.579559326171875,54.95600128173828,55.03499984741211,54.16299819946289,54.39950180053711,24896000
2019-01-18,54.985755920410156,55.3650016784668,55.900001525878906,54.9640007019043,55.429500579833984,44892000
2019-01-22,53.562076568603516,53.93149948120117,54.94850158691406,53.544498443603516,54.79999923706055,39632000
2019-01-23,53.84910202026367,54.22050094604492,54.647499084472656,53.378501892089844,54.34299850463867,25194000
2019-01-24,53.8287353515625,54.20000076293945,54.400001525878906,53.500999450683594,54.1254997253418,29114000
2019-01-25,54.698238372802734,55.07550048828125,55.167999267578125,54.59000015258789,54.71149826049805,23260000
2019-01-28,53.62316131591797,53.99300003051758,54.66849899291992,53.730499267578125,54.503501892089844,29334000
2019-01-29,53.136512756347656,53.50299835205078,54.23649978637695,53.30099868774414,54.051998138427734,19704000
2019-01-30,54.5234489440918,54.89950180053711,54.97600173950195,53.832000732421875,53.86800003051758,29452000
2019-01-31,55.908897399902344,56.294498443603516,56.38349914550781,55.26250076293945,55.61199951171875,40232000
2019-02-01,55.547874450683594,55.930999755859375,56.720001220703125,55.712501525878906,56.114498138427734,33116000
2019-02-04,56.68007278442383,57.07099914550781,57.117000579833984,55.8754997253418,55.95050048828125,78408000
2019-02-05,57.19898986816406,57.59349822998047,57.63850021362305,56.18000030517578,56.48149871826172,82296000
2019-02-06,55.75991439819336,56.144500732421875,57.70000076293945,55.917999267578125,57.4635009765625,48256000
2019-02-07,54.91673278808594,55.295501708984375,55.5994987487793,54.679500579833984,55.590999603271484,38298000
2019-02-08,54.74143981933594,55.11899948120117,55.255001068115234,54.71200180053711,54.74399948120117,21766000
2019-02-11,54.72853088378906,55.10599899291992,55.67150115966797,55.0,55.1875,18498000
2019-02-12,55.9928092956543,56.37900161743164,56.643001556396484,55.550498962402344,55.550498962402344,35036000
2019-02-13,56.044952392578125,56.43149948120117,57.14250183105469,56.29999923706055,56.652000427246094,28042000
2019-02-14,56.07325744628906,56.459999084472656,56.80649948120117,55.85449981689453,56.25,21106000
2019-02-15,55.5980339050293,55.98149871826172,56.96500015258789,55.83599853515625,56.96500015258789,27826000
2019-02-19,55.939674377441406,56.32550048828125,56.481998443603516,55.832000732421875,55.832000732421875,21980000
2019-02-20,55.64570617675781,56.02949905395508,56.54650115966797,55.587501525878906,56.444000244140625,24090000
2019-02-21,54.83231735229492,55.21049880981445,55.95750045776367,54.89899826049805,55.93899917602539,33272000
2019-02-22,55.44558334350586,55.827999114990234,55.86249923706055,55.025001525878906,55.48500061035156,29436000
2019-02-25,55.48382568359375,55.86650085449219,56.27000045776367,55.705501556396484,56.096500396728516,26208000
2019-02-26,55.71622085571289,56.10049819946289,56.321998596191406,55.334999084472656,55.71849822998047,35026000
2019-02-27,55.75991439819336,56.144500732421875,56.2864990234375,55.428001403808594,55.70050048828125,22092000
2019-02-28,55.94166564941406,56.32749938964844,56.699501037597656,55.920501708984375,55.95000076293945,27422000
2019-03-01,57.03263473510742,57.42599868774414,57.5,56.54999923706055,56.54999923706055,34086000
2019-03-04,57.27596664428711,57.67100143432617,58.2760009765625,56.912498474121094,57.72800064086914,35490000
2019-03-05,58.059059143066406,58.45949935913086,58.824501037597656,57.6510009765625,57.79999923706055,40094000
2019-03-06,57.848018646240234,58.24700164794922,58.73699951171875,58.15250015258789,58.5880012512207,23602000
2019-03-07,57.148338317871094,57.54249954223633,58.17900085449219,57.08549880981445,58.025001525878906,30086000
2019-03-08,57.104644775390625,57.49850082397461,57.67250061035156,56.5099983215332,56.69499969482422,23694000
2019-03-11,58.559112548828125,58.9630012512207,58.99549865722656,57.57849884033203,57.599998474121094,30032000
2019-03-12,59.45245361328125,59.86249923706055,60.285499572753906,59.1150016784668,59.1150016784668,42220000
2019-03-13,59.54233169555664,59.952999114990234,60.35599899291992,59.89550018310547,60.29650115966797,25888000
2019-03-14,59.21806716918945,59.62649917602539,60.23500061035156,59.561500549316406,59.95100021362305,27302000
2019-03-15,59.107330322265625,59.51499938964844,60.08599853515625,59.35049819946289,59.900001525878906,51886000
2019-03-18,59.02043151855469,59.4275016784668,59.747501373291016,59.07400131225586,59.484500885009766,24442000
2019-03-19,59.7111701965332,60.12300109863281,60.170501708984375,59.472999572753906,59.58599853515625,29788000
2019-03-20,60.901451110839844,61.32149887084961,61.4995002746582,59.97949981689453,60.06999969482422,41508000
2019-03-21,61.38313293457031,61.80649948120117,61.821998596191406,60.82899856567383,61.0,28150000
2019-03-22,59.96889114379883,60.38249969482422,61.68149948120117,60.29999923706055,61.442501068115234,34422000
2019-03-25,59.45890808105469,59.86899948120117,60.47200012207031,59.5,59.97800064086914,27576000
2019-03-26,59.08448791503906,59.492000579833984,60.38249969482422,59.0880012512207,60.259498596191406,30752000
2019-03-27,58.49704360961914,58.9005012512207,59.59600067138672,58.21149826049805,59.59600067138672,29428000
2019-03-28,58.212005615234375,58.61349868774414,58.86249923706055,58.17150115966797,58.775001525878906,22402000
2019-03-29,58.441429138183594,58.84450149536133,59.19850158691406,58.319000244140625,59.00899887084961,30890000
2019-04-01,59.53836441040039,59.94900131225586,60.0099983215332,59.31800079345703,59.37699890136719,27706000
2019-04-02,59.86411666870117,60.277000427246094,60.29050064086914,59.5620002746582,60.002498626708984,18288000
2019-04-03,60.12580871582031,60.54050064086914,61.029998779296875,60.25400161743164,60.6349983215332,22180000
2019-04-04,60.554847717285156,60.97249984741211,61.02750015258789,60.45199966430664,60.56449890136719,21022000
2019-04-05,60.1575813293457,60.5724983215332,61.019500732421875,60.50149917602539,60.96500015258789,20012000
2019-04-08,60.00017166137695,60.41400146484375,60.6974983215332,60.23500061035156,60.55550003051758,21750000
2019-04-09,59.72258377075195,60.134498596191406,60.35749816894531,59.91899871826172,60.09450149536133,19668000
2019-04-10,59.9093017578125,60.3224983215332,60.446998596191406,60.03300094604492,60.25450134277344,15510000
2019-04-11,60.06522750854492,60.47949981689453,60.637001037597656,60.22700119018555,60.44499969482422,16998000
2019-04-12,60.71772766113281,61.13650131225586,61.15250015258789,60.66450119018555,60.78099822998047,24312000
2019-04-15,60.90642547607422,61.326499938964844,61.46500015258789,60.72800064086914,61.204498291015625,23796000
2019-04-16,61.173580169677734,61.59550094604492,61.79899978637695,61.25199890136719,61.5,22622000
2019-04-17,61.58225631713867,62.00699996948242,62.255001068115234,61.64500045776367,61.849998474121094,30366000
2019-04-18,61.6483039855957,62.07350158691406,62.297000885009766,61.97050094604492,62.25,24750000
2019-04-22,62.258602142333984,62.6879997253418,62.71699905395508,61.66849899291992,61.833499908447266,19084000
2019-04-23,63.094329833984375,63.52949905395508,63.721500396728516,62.5984992980957,62.832000732421875,31868000
2019-04-24,62.57094192504883,63.002498626708984,63.70000076293945,62.990501403808594,63.52949905395508,23396000
2019-04-25,62.93294906616211,63.367000579833984,63.63999938964844,62.900001525878906,63.51499938964844,31344000
2019-04-26,63.43349075317383,63.87099838256836,63.945499420166016,63.25,63.66899871826172,27228000
2019-04-29,64.36605834960938,64.80999755859375,64.84850311279297,63.58549880981445,64.02549743652344,72368000
2019-04-30,59.5373649597168,59.948001861572266,60.04899978637695,59.150001525878906,59.53150177001953,133178000
2019-05-01,58.2641487121582,58.66600036621094,59.962501525878906,58.58399963378906,59.875,74340000
2019-05-02,57.92597961425781,58.32550048828125,58.96900177001953,57.916500091552734,58.630001068115234,45098000
2019-05-03,59.07008743286133,59.477500915527344,59.56999969482422,58.6775016784668,58.87049865722656,41588000
2019-05-06,59.26424789428711,59.67300033569336,59.77149963378906,58.55799865722656,58.599998474121094,31774000
2019-05-07,58.539249420166016,58.94300079345703,59.73849868774414,58.25,59.29050064086914,36604000
2019-05-08,58.13801956176758,58.53900146484375,59.2135009765625,58.381500244140625,58.864498138427734,25520000
2019-05-09,57.998477935791016,58.39849853515625,58.70349884033203,57.731998443603516,58.130001068115234,29556000
2019-05-10,57.982093811035156,58.38199996948242,58.81399917602539,57.31850051879883,58.44200134277344,31650000
2019-05-13,56.44022750854492,56.829498291015625,57.5984992980957,56.275001525878906,57.262001037597656,45626000
2019-05-14,55.85774230957031,56.24300003051758,57.243499755859375,56.17649841308594,57.11600112915039,40392000
2019-05-15,58.13901138305664,58.540000915527344,58.915000915527344,56.06999969482422,56.127498626708984,59302000
2019-05-16,58.819313049316406,59.224998474121094,59.70800018310547,58.42250061035156,58.59199905395508,35308000
2019-05-17,58.038700103759766,58.43899917602539,59.31449890136719,58.32099914550781,58.791500091552734,25362000
2019-05-20,56.840965270996094,57.233001708984375,57.650001525878906,56.90700149536133,57.650001525878906,30602000
2019-05-21,57.32661437988281,57.72200012207031,57.900001525878906,57.16550064086914,57.7239990234375,20562000
2019-05-22,57.39663314819336,57.79249954223633,58.18899917602539,57.54999923706055,57.5625,18826000
2019-05-23,56.874725341796875,57.266998291015625,57.502498626708984,56.65800094604492,57.30350112915039,25214000
2019-05-24,56.5405387878418,56.93050003051758,57.71799850463867,56.83549880981445,57.599998474121094,18554000
2019-05-28,56.587711334228516,56.97800064086914,57.824501037597656,56.93349838256836,57.07400131225586,20948000
2019-05-29,55.613426208496094,55.99700164794922,56.75,55.59749984741211,56.6349983215332,36230000
2019-05-30,55.68642807006836,56.070499420166016,56.34000015258789,55.79499816894531,56.00749969482422,18088000
2019-05-31,54.94602966308594,55.32500076293945,55.66999816894531,55.16749954223633,55.28200149536133,31582000
2019-06-03,51.581241607666016,51.9370002746582,53.349998474121094,51.35150146484375,53.346500396728516,96890000
2019-06-04,52.36334228515625,52.7244987487793,52.922000885009766,51.80149841308594,52.2244987487793,60512000
2019-06-05,51.87421417236328,52.231998443603516,52.84049987792969,51.650001525878906,52.75,46988000
2019-06-06,52.029151916503906,52.38800048828125,52.5,51.7755012512207,52.31050109863281,29020000
2019-06-07,53.052589416503906,53.41849899291992,53.67150115966797,52.557498931884766,52.7140007019043,43828000
2019-06-10,53.76716232299805,54.13800048828125,54.742000579833984,53.763999938964844,53.849998474121094,28510000
2019-06-11,53.6817512512207,54.051998138427734,55.20050048828125,53.97850036621094,54.8494987487793,33508000
2019-06-12,53.585418701171875,53.95500183105469,54.125999450683594,53.47999954223633,53.997501373291016,23670000
2019-06-13,54.17683792114258,54.550498962402344,54.829498291015625,54.128501892089844,54.23550033569336,20814000
2019-06-14,53.94295120239258,54.314998626708984,54.737998962402344,54.07400131225586,54.48699951171875,24582000
2019-06-17,54.319847106933594,54.69449996948242,55.06399917602539,54.400001525878906,54.45500183105469,19770000
2019-06-18,54.88346481323242,55.262001037597656,55.93899917602539,55.03950119018555,55.57500076293945,34526000
2019-06-19,54.84720993041992,55.22549819946289,55.471500396728516,54.80149841308594,55.36199951171875,26714000
2019-06-20,55.27873611450195,55.65999984741211,56.13600158691406,55.349998474121094,56.084999084472656,24018000
2019-06-21,55.88307189941406,56.26850128173828,56.32849884033203,55.486000061035156,55.49300003051758,50774000
2019-06-24,55.45253372192383,55.834999084472656,56.17850112915039,55.66550064086914,56.0,24236000
2019-06-25,54.00651168823242,54.37900161743164,55.78499984741211,54.22999954223633,55.75400161743164,31644000
2019-06-26,53.64599609375,54.01599884033203,54.75600051879883,53.68450164794922,54.54999923706055,34698000
2019-06-27,53.46276092529297,53.83150100708008,54.42300033569336,53.79249954223633,54.337501525878906,24078000
2019-06-28,53.76914596557617,54.13999938964844,54.13999938964844,53.689998626708984,53.86149978637695,33672000
2019-07-01,54.623260498046875,55.0,55.429500579833984,54.76649856567383,55.051998138427734,29196000
2019-07-02,55.248939514160156,55.630001068115234,55.644500732421875,54.98350143432617,55.24150085449219,20630000
2019-07-03,55.76488494873047,56.14950180053711,56.39950180053711,55.74250030517578,55.92499923706055,20154000
2019-07-05,56.245567321777344,56.63349914550781,56.73249816894531,55.875,55.96849822998047,29794000
2019-07-08,55.45701217651367,55.839500427246094,56.36050033569336,55.5880012512207,56.29349899291992,29888000
2019-07-09,55.829437255859375,56.214500427246094,56.393001556396484,55.35749816894531,55.51599884033203,29472000
2019-07-10,56.654747009277344,57.045501708984375,57.117000579833984,56.53300094604492,56.61600112915039,30710000
2019-07-11,56.81216049194336,57.20399856567383,57.6619987487793,56.97650146484375,57.30799865722656,26004000
2019-07-12,56.874725341796875,57.266998291015625,57.375,56.928001403808594,57.14649963378906,21878000
2019-07-15,57.13145446777344,57.5255012512207,57.534000396728516,57.0,57.266998291015625,21164000
2019-07-16,57.27794647216797,57.67300033569336,57.92900085449219,57.33649826049805,57.33649826049805,25352000
2019-07-17,56.944252014160156,57.33700180053711,57.922000885009766,57.33100128173828,57.54600143432617,19538000
2019-07-18,56.96907424926758,57.36199951171875,57.40850067138672,56.643001556396484,57.099998474121094,25450000
2019-07-19,56.1899528503418,56.57749938964844,57.57899856567383,56.5625,57.465999603271484,23184000
2019-07-22,56.57032775878906,56.96049880981445,57.000999450683594,56.260501861572266,56.77349853515625,28914000
2019-07-23,57.009300231933594,57.40250015258789,57.44300079345703,56.64250183105469,57.17250061035156,20648000
2019-07-24,56.59614944458008,56.98649978637695,57.27299880981445,56.425498962402344,56.63100051879883,27192000
2019-07-25,56.40795135498047,56.797000885009766,57.179500579833984,56.18550109863281,56.9474983215332,54762000
2019-07-26,61.83452224731445,62.26100158691406,63.419498443603516,61.400001525878906,61.400001525878906,121216000
2019-07-29,61.66667556762695,62.09199905395508,62.449501037597656,61.5099983215332,62.125,41382000
2019-07-30,60.97942352294922,61.400001525878906,61.84550094604492,61.26599884033203,61.349998474121094,28616000
2019-07-31,60.49277877807617,60.90999984741211,61.74549865722656,60.409000396728516,61.243499755859375,39960000
2019-08-01,60.17397689819336,60.5890007019043,61.814998626708984,60.349998474121094,60.881500244140625,35426000
2019-08-02,59.406272888183594,59.816001892089844,60.474998474121094,59.5,60.150001525878906,34910000
2019-08-05,57.342010498046875,57.73749923706055,58.84400177001953,57.13750076293945,58.64849853515625,47840000
2019-08-06,58.15291213989258,58.55400085449219,59.06999969482422,58.076499938964844,58.2760009765625,36014000
2019-08-07,58.39276123046875,58.795501708984375,58.993499755859375,57.54199981689453,57.88999938964844,30686000
2019-08-08,59.896392822265625,60.30950164794922,60.31399917602539,58.70000076293945,59.32149887084961,30116000
2019-08-09,59.03780746459961,59.44499969482422,60.222999572753906,59.24449920654297,59.9995002746582,20418000
2019-08-12,58.3227424621582,58.724998474121094,59.28049850463867,58.43600082397461,59.0,22064000
2019-08-13,59.426631927490234,59.83649826049805,60.27149963378906,58.64950180053711,58.717498779296875,28434000
2019-08-14,57.813751220703125,58.212501525878906,59.13949966430664,58.05350112915039,58.80350112915039,35430000
2019-08-15,58.065513610839844,58.465999603271484,58.82099914550781,58.150001525878906,58.42150115966797,28506000
2019-08-16,58.5566291809082,58.96049880981445,59.19200134277344,58.650001525878906,59.03950119018555,24916000
2019-08-19,59.610862731933594,60.02199935913086,60.46950149536133,59.52000045776367,59.59149932861328,24450000
2019-08-20,58.771148681640625,59.17649841308594,59.900001525878906,59.15250015258789,59.76750183105469,20206000
2019-08-21,59.17089080810547,59.57899856567383,60.02799987792969,59.395999908447266,59.79100036621094,14152000
2019-08-22,59.16791534423828,59.57600021362305,59.93899917602539,58.945499420166016,59.689998626708984,17352000
2019-08-23,57.28390884399414,57.67900085449219,59.78350067138672,57.5,59.25849914550781,36254000
2019-08-26,58.15787887573242,58.558998107910156,58.59299850463867,57.74250030517578,57.97249984741211,21166000
2019-08-27,58.14000701904297,58.54100036621094,59.25,58.22800064086914,59.150001525878906,23460000
2019-08-28,58.28549575805664,58.6875,58.92499923706055,58.01250076293945,58.243499755859375,16810000
2019-08-29,59.30298614501953,59.71200180053711,59.95949935913086,59.263999938964844,59.32099914550781,19636000
2019-08-30,59.11875534057617,59.5265007019043,60.01750183105469,59.2859992980957,60.01750183105469,18064000
2019-09-03,58.07693862915039,58.477500915527344,59.45399856567383,58.18550109863281,59.092498779296875,25908000
2019-09-04,58.708580017089844,59.11349868774414,59.24399948120117,58.576499938964844,58.97249984741211,21312000
2019-09-05,60.1943359375,60.609500885009766,60.70000076293945,59.634498596191406,59.68299865722656,26394000
2019-09-06,59.90284729003906,60.316001892089844,60.647499084472656,60.16299819946289,60.457000732421875,18972000
2019-09-09,59.850704193115234,60.26350021362305,61.02750015258789,59.65850067138672,60.354000091552734,31854000
2019-09-10,59.87205505371094,60.28499984741211,60.5,59.800498962402344,59.804500579833984,27922000
2019-09-11,60.58216094970703,61.0,61.12350082397461,60.11399841308594,60.19449996948242,23522000
2019-09-12,61.32553482055664,61.74850082397461,62.12099838256836,61.12799835205078,61.173500061035156,31644000
2019-09-13,61.57680130004883,62.00149917602539,62.0525016784668,61.354000091552734,61.605499267578125,23676000
2019-09-16,61.159671783447266,61.58150100708008,61.95100021362305,61.259498596191406,61.52199935913086,28218000
2019-09-17,61.07278060913086,61.49399948120117,61.75,61.16749954223633,61.58150100708008,20806000
2019-09-18,61.2103271484375,61.63249969482422,61.8120002746582,60.82350158691406,61.512001037597656,17440000
2019-09-19,61.51323699951172,61.9375,62.21699905395508,61.615501403808594,61.61600112915039,16554000
2019-09-20,61.07078170776367,61.492000579833984,62.13999938964844,61.17900085449219,61.68199920654297,37692000
2019-09-23,61.3116340637207,61.734500885009766,61.98400115966797,61.18899917602539,61.32849884033203,20798000
2019-09-24,60.499229431152344,60.916500091552734,62.355499267578125,60.53200149536133,62.0,35804000
2019-09-25,61.87028121948242,62.297000885009766,62.4010009765625,60.459999084472656,60.800498962402344,26798000
2019-09-26,61.689022064208984,62.114498138427734,62.23350143432617,61.590999603271484,62.106998443603516,23166000
2019-09-27,60.87762451171875,61.29750061035156,62.2495002746582,60.7599983215332,62.14149856567383,34122000
2019-09-30,60.63876724243164,61.05699920654297,61.37049865722656,60.67100143432617,61.029998779296875,24470000
2019-10-01,59.886959075927734,60.29999923706055,61.643001556396484,60.27750015258789,61.1245002746582,24504000
2019-10-02,58.49257278442383,58.895999908447266,59.9379997253418,58.631500244140625,59.82500076293945,33030000
2019-10-03,59.06412887573242,59.471500396728516,59.54999923706055,58.15700149536133,59.16699981689453,28368000
2019-10-04,60.13325500488281,60.54800033569336,60.62300109863281,59.548500061035156,59.714500427246094,24282000
2019-10-07,59.99868392944336,60.412498474121094,60.945499420166016,60.21799850463867,60.349998474121094,17040000
2019-10-08,59.09889221191406,59.506500244140625,60.34349822998047,59.4739990234375,59.938499450683594,20086000
2019-10-09,59.70819091796875,60.119998931884766,60.42300033569336,59.90599822998047,60.06650161743164,15948000
2019-10-10,60.059268951416016,60.4734992980957,60.78099822998047,59.893001556396484,59.93000030517578,12842000
2019-10-11,60.3691291809082,60.785499572753906,61.4375,60.68199920654297,61.201499938964844,22330000
2019-10-14,60.47142028808594,60.88850021362305,61.29399871826172,60.59400177001953,60.69449996948242,13296000
2019-10-15,61.68653869628906,62.11199951171875,62.35649871826172,61.04600143432617,61.07500076293945,27584000
2019-10-16,61.724281311035156,62.150001525878906,62.70949935913086,61.92649841308594,62.09049987792969,22986000
2019-10-17,62.21092224121094,62.63999938964844,63.1875,62.493499755859375,62.56999969482422,20958000
2019-10-18,61.79430389404297,62.22050094604492,62.90549850463867,62.00699996948242,62.734500885009766,31624000
2019-10-21,61.787845611572266,62.2140007019043,62.675498962402344,61.9995002746582,62.435001373291016,18094000
2019-10-22,61.6348991394043,62.060001373291016,62.436500549316406,61.99250030517578,62.2239990234375,22862000
2019-10-23,62.45077133178711,62.881500244140625,62.902000427246094,62.010501861572266,62.010501861572266,21282000
2019-10-24,62.524269104003906,62.955501556396484,63.14500045776367,62.61750030517578,62.955501556396484,20224000
2019-10-25,62.78199005126953,63.21500015258789,63.400001525878906,62.45750045776367,62.599998474121094,27104000
2019-10-28,64.00752258300781,64.4489974975586,64.96199798583984,63.615501403808594,63.75,65428000
2019-10-29,62.601234436035156,63.03300094604492,64.04000091552734,62.78049850463867,63.79999923706055,52654000
2019-10-30,62.60322189331055,63.03499984741211,63.4010009765625,62.532501220703125,62.75749969482422,29204000
2019-10-31,62.50886917114258,62.939998626708984,63.32600021362305,62.4739990234375,63.0,31904000
2019-11-01,63.17676544189453,63.61249923706055,63.650001525878906,62.98550033569336,63.290000915527344,28812000
2019-11-04,64.03882598876953,64.48049926757812,64.625,63.80550003051758,63.80550003051758,30632000
2019-11-05,64.12968444824219,64.5719985961914,64.86199951171875,64.46900177001953,64.55999755859375,25148000
2019-11-06,64.10834503173828,64.55049896240234,64.64949798583984,64.1135025024414,64.50450134277344,24626000
2019-11-07,64.89937591552734,65.34700012207031,66.13249969482422,64.6875,64.71399688720703,45140000
2019-11-08,65.00167083740234,65.44999694824219,65.85549926757812,65.07599639892578,65.07599639892578,30392000
2019-11-11,64.46934509277344,64.91400146484375,65.24500274658203,64.79350280761719,65.19999694824219,17234000
2019-11-12,64.41620635986328,64.8604965209961,65.46749877929688,64.71199798583984,64.92849731445312,28852000
2019-11-13,64.36506652832031,64.80899810791016,65.1259994506836,64.60749816894531,64.65899658203125,20538000
2019-11-14,65.00912475585938,65.4574966430664,65.78600311279297,64.6969985961914,64.75,28948000
2019-11-15,66.22026824951172,66.677001953125,66.677001953125,65.59449768066406,65.75250244140625,39286000
2019-11-18,65.53997039794922,65.99199676513672,66.69599914550781,65.80799865722656,66.61699676513672,27984000
2019-11-19,65.17994689941406,65.62950134277344,66.33149719238281,65.5885009765625,66.33149719238281,21864000
2019-11-20,64.6471176147461,65.09300231933594,65.6604995727539,64.46050262451172,65.56800079345703,28892000
2019-11-21,64.56170654296875,65.00700378417969,65.55599975585938,64.5374984741211,64.9625015258789,25546000
2019-11-22,64.24042510986328,64.68350219726562,65.34500122070312,64.46800231933594,65.1500015258789,27776000
2019-11-25,64.83482360839844,65.28199768066406,65.52050018310547,64.78050231933594,64.81300354003906,23590000
2019-11-26,65.20030975341797,65.6500015258789,65.70050048828125,65.2020034790039,65.49549865722656,21910000
2019-11-27,65.15709686279297,65.60649871826172,65.88200378417969,65.47350311279297,65.77100372314453,18808000
2019-11-29,64.75785827636719,65.20449829101562,65.49749755859375,65.1614990234375,65.33000183105469,12802000
2019-12-02,64.00157928466797,64.44300079345703,65.27200317382812,64.01899719238281,65.12799835205078,26538000
2019-12-03,64.29356384277344,64.73699951171875,64.86150360107422,63.852500915527344,63.93299865722656,25270000
2019-12-04,65.4952621459961,65.9469985961914,66.2135009765625,65.15249633789062,65.30500030517578,35506000
2019-12-05,65.89352416992188,66.3479995727539,66.39900207519531,65.71600341796875,66.3499984741211,24408000
2019-12-06,66.51077270507812,66.96949768066406,67.12349700927734,66.5615005493164,66.63749694824219,32968000
2019-12-09,66.68953704833984,67.14949798583984,67.87750244140625,66.80349731445312,66.94300079345703,30842000
2019-12-10,66.6845703125,67.14450073242188,67.4000015258789,66.69999694824219,66.99700164794922,17606000
2019-12-11,66.75211334228516,67.2125015258789,67.49449920654297,67.05500030517578,67.41500091552734,20480000
2019-12-12,66.96266174316406,67.42449951171875,67.72899627685547,66.91000366210938,67.1604995727539,29114000
2019-12-13,66.8822021484375,67.34349822998047,67.56749725341797,67.08300018310547,67.3949966430664,33170000
2019-12-16,67.56897735595703,68.03500366210938,68.17649841308594,67.53050231933594,67.75,28128000
2019-12-17,67.28046417236328,67.74449920654297,68.21649932861328,67.53849792480469,68.12049865722656,32948000
2019-12-18,67.1324691772461,67.59549713134766,67.97149658203125,67.52300262451172,67.8499984741211,23330000
2019-12-19,67.35742950439453,67.8219985961914,67.87650299072266,67.4375,67.59549713134766,28922000
2019-12-20,67.09820556640625,67.56099700927734,68.19999694824219,67.5364990234375,68.15499877929688,50090000
2019-12-23,67.06893920898438,67.53150177001953,68.09249877929688,67.4000015258789,67.9365005493164,19936000
2019-12-24,66.76103973388672,67.22149658203125,67.60050201416016,67.20850372314453,67.510498046875,13468000
2019-12-26,67.6568603515625,68.12349700927734,68.16000366210938,67.27549743652344,67.32749938964844,23662000
2019-12-27,67.26805114746094,67.73200225830078,68.35250091552734,67.6500015258789,68.19999694824219,23212000
2019-12-30,66.52665710449219,66.9854965209961,67.8499984741211,66.89199829101562,67.84049987792969,19994000
2019-12-31,66.51077270507812,66.96949768066406,67.03299713134766,66.60649871826172,66.78949737548828,19514000
2020-01-02,67.96524047851562,68.43399810791016,68.43399810791016,67.32450103759766,67.42050170898438,27278000
2020-01-03,67.60967254638672,68.07599639892578,68.6875,67.36599731445312,67.4000015258789,23408000
2020-01-06,69.4117660522461,69.8905029296875,69.91600036621094,67.55000305175781,67.58149719238281,46768000
2020-01-07,69.2776870727539,69.75550079345703,70.17500305175781,69.5780029296875,70.02300262451172,34330000
2020-01-08,69.77078247070312,70.25199890136719,70.59249877929688,69.63150024414062,69.74099731445312,35314000
2020-01-09,70.50323486328125,70.989501953125,71.43399810791016,70.510498046875,71.09649658203125,33200000
2020-01-10,70.9585952758789,71.447998046875,71.74700164794922,70.9800033569336,71.47350311279297,26258000
2020-01-13,71.50830841064453,72.00150299072266,72.0739974975586,71.26850128173828,71.76249694824219,30730000
2020-01-14,71.03953552246094,71.52950286865234,72.13150024414062,71.38849639892578,72.0,26076000
2020-01-15,71.46708679199219,71.95999908447266,72.03900146484375,71.58300018310547,71.6510009765625,21550000
2020-01-16,72.0113296508789,72.50800323486328,72.53500366210938,72.0,72.27249908447266,26080000
2020-01-17,73.46926879882812,73.97599792480469,74.02749633789062,72.82749938964844,73.12699890136719,52424000
2020-01-21,73.60484313964844,74.11250305175781,74.49400329589844,73.510498046875,73.94999694824219,48930000
2020-01-22,73.6852798461914,74.19349670410156,75.02899932861328,74.13300323486328,74.48650360107422,28458000
2020-01-23,73.72600555419922,74.2344970703125,74.67500305175781,74.01599884033203,74.37750244140625,26650000
2020-01-24,72.80635070800781,73.30850219726562,74.70999908447266,73.15899658203125,74.64099884033203,29786000
2020-01-27,71.09613800048828,71.58650207519531,71.8290023803711,70.9749984741211,71.5770034790039,34132000
2020-01-28,72.02821350097656,72.5250015258789,72.73999786376953,71.51799774169922,72.08699798583984,29724000
2020-01-29,72.33609771728516,72.83499908447266,73.20700073242188,72.26950073242188,72.9229965209961,21566000
2020-01-30,72.21442413330078,72.7125015258789,72.76249694824219,71.75,71.90499877929688,27110000
2020-01-31,71.14826965332031,71.63899993896484,73.4834976196289,71.35299682617188,73.39299774169922,43822000
2020-02-03,73.62222290039062,74.12999725341797,74.31500244140625,72.83049774169922,73.0824966430664,71636000
2020-02-04,71.77545166015625,72.27050018310547,73.36699676513672,71.10150146484375,72.72450256347656,95880000
2020-02-05,71.80723571777344,72.30249786376953,73.22899627685547,71.48400115966797,73.18049621582031,36376000
2020-02-06,73.29299926757812,73.79850006103516,74.0780029296875,72.52400207519531,72.5989990234375,37822000
2020-02-07,73.44892120361328,73.95549774169922,74.26249694824219,73.27050018310547,73.36949920654297,28360000
2020-02-10,74.91629028320312,75.43299865722656,75.44400024414062,73.76000213623047,73.86150360107422,38302000
2020-02-11,74.9858169555664,75.50299835205078,76.49400329589844,75.27249908447266,75.66349792480469,34852000
2020-02-12,75.41139221191406,75.93150329589844,76.01499938964844,75.43350219726562,75.79299926757812,31042000
2020-02-13,75.15117645263672,75.66950225830078,76.29750061035156,75.19999694824219,75.5,22914000
2020-02-14,75.41634368896484,75.9365005493164,76.00250244140625,75.27749633789062,75.72650146484375,23198000
2020-02-18,75.45160675048828,75.97200012207031,76.52799987792969,75.55049896240234,75.71700286865234,25642000
2020-02-19,75.72123718261719,76.24349975585938,76.53700256347656,76.04900360107422,76.36000061035156,22746000
2020-02-20,75.32994079589844,75.84950256347656,76.35350036621094,75.21299743652344,75.95050048828125,25962000
2020-02-21,73.6649169921875,74.1729965209961,75.54750061035156,73.92449951171875,75.22899627685547,42520000
2020-02-24,70.5067138671875,70.99299621582031,71.81900024414062,70.3395004272461,71.15249633789062,49560000
2020-02-25,68.84119415283203,69.31600189208984,71.84249877929688,69.02100372314453,71.55000305175781,51580000
2020-02-26,69.04727172851562,69.52349853515625,70.68350219726562,68.82749938964844,69.7490005493164,49776000
2020-02-27,65.29713439941406,65.74749755859375,68.47000122070312,65.71199798583984,67.95700073242188,62290000
2020-02-28,66.50382232666016,66.9625015258789,67.12249755859375,63.410499572753906,63.71549987792969,80198000
2020-03-02,68.84119415283203,69.31600189208984,69.37349700927734,66.26000213623047,67.56950378417969,55430000
2020-03-03,66.42784881591797,66.88600158691406,70.40950012207031,66.46199798583984,69.88400268554688,56602000
2020-03-04,68.6068115234375,69.08000183105469,69.13899993896484,66.8499984741211,67.947998046875,47598000
2020-03-05,65.28771209716797,65.73799896240234,67.68150329589844,65.08200073242188,67.27749633789062,54380000
2020-03-06,64.34321594238281,64.78700256347656,65.13749694824219,62.86050033569336,63.497501373291016,64640000
2020-03-09,60.37310028076172,60.78950119018555,62.63650131225586,59.902000427246094,60.24800109863281,69252000
2020-03-10,63.3217658996582,63.75849914550781,63.79249954223633,60.72549819946289,62.71950149536133,54872000
2020-03-11,60.130271911621094,60.54499816894531,62.846500396728516,59.55699920654297,62.41350173950195,54732000
2020-03-12,55.19680404663086,55.57749938964844,59.4375,55.423500061035156,56.13100051879883,94326000
2020-03-13,60.29762649536133,60.7135009765625,60.720001220703125,55.614498138427734,58.7495002746582,79400000
2020-03-16,53.282501220703125,53.650001525878906,57.27349853515625,53.354000091552734,54.480499267578125,96520000
2020-03-17,55.520076751708984,55.90299987792969,56.29999923706055,52.45500183105469,54.53200149536133,83194000
2020-03-18,54.1857795715332,54.55950164794922,55.2495002746582,51.849998474121094,52.99700164794922,93044000
2020-03-19,55.2027587890625,55.583499908447266,57.63050079345703,52.77750015258789,54.4109992980957,74064000
2020-03-20,53.04464340209961,53.410499572753906,56.92399978637695,53.10499954223633,56.54499816894531,82878000
2020-03-23,52.34546661376953,52.70650100708008,53.34550094604492,50.44350051879883,52.81850051879883,83672000
2020-03-24,56.11348342895508,56.5004997253418,56.666500091552734,54.32149887084961,55.19900131225586,72468000
2020-03-25,54.70370101928711,55.08100128173828,57.30849838256836,54.1505012512207,56.229000091552734,90324000
2020-03-26,57.74770736694336,58.145999908447266,58.57400131225586,54.60150146484375,55.736000061035156,76562000
2020-03-27,55.13274383544922,55.51300048828125,57.5525016784668,55.20000076293945,56.37350082397461,62794000
2020-03-30,56.92289733886719,57.31549835205078,57.54999923706055,54.92449951171875,56.63199996948242,58736000
2020-03-31,57.69953918457031,58.09749984741211,58.66999816894531,56.83599853515625,57.436500549316406,65228000
2020-04-01,54.7275390625,55.10499954223633,56.47100067138672,54.67449951171875,56.20000076293945,51970000
2020-04-02,55.46892547607422,55.85150146484375,56.13850021362305,54.65650177001953,55.0,56410000
2020-04-03,54.2607536315918,54.6349983215332,55.93949890136719,53.75400161743164,55.73550033569336,51374000
2020-04-06,58.7542724609375,59.15950012207031,59.537498474121094,56.25,56.650001525878906,63320000
2020-04-07,58.72298049926758,59.12799835205078,61.03900146484375,58.86249923706055,60.85049819946289,61620000
2020-04-08,59.93661117553711,60.349998474121094,60.744998931884766,59.1974983215332,60.154998779296875,40334000
2020-04-09,59.91525650024414,60.32849884033203,61.0994987487793,59.62099838256836,60.909000396728516,54028000
2020-04-13,60.1059455871582,60.52050018310547,60.72600173950195,59.11650085449219,60.07500076293945,38702000
2020-04-14,62.82817077636719,63.26150131225586,63.787498474121094,61.426998138427734,61.99850082397461,63358000
2020-04-15,62.434391021728516,62.8650016784668,63.75550079345703,61.70000076293945,62.32550048828125,42236000
2020-04-16,62.44083786010742,62.871498107910156,63.667999267578125,61.90999984741211,63.356998443603516,57896000
2020-04-17,63.5119514465332,63.95000076293945,64.5,63.29999923706055,64.08499908447266,51050000
2020-04-20,62.62556457519531,63.057498931884766,63.840999603271484,62.821998596191406,63.49449920654297,35292000
2020-04-21,60.19284439086914,60.608001708984375,62.5,60.25,62.135501861572266,49648000
2020-04-22,62.489505767822266,62.920501708984375,63.99399948120117,61.86000061035156,62.05550003051758,46296000
2020-04-23,63.123130798339844,63.55849838256836,64.40750122070312,63.0265007019043,63.2869987487793,34202000
2020-04-24,63.39277267456055,63.83000183105469,63.885501861572266,62.20000076293945,62.75,37402000
2020-04-27,63.10773849487305,63.542999267578125,64.70500183105469,63.25299835205078,64.5999984741211,44186000
2020-04-28,61.20734786987305,61.62950134277344,64.23799896240234,61.51900100708008,64.16000366210938,80700000
2020-04-29,66.64932250976562,67.10900115966797,68.00749969482422,66.33650207519531,67.25,108358000
2020-04-30,66.87376403808594,67.33499908447266,67.5,66.07499694824219,66.56800079345703,55842000
2020-05-01,65.4148178100586,65.86599731445312,67.57150268554688,65.48300170898438,66.20449829101562,48872000
2020-05-04,65.6919174194336,66.1449966430664,66.22350311279297,64.80049896240234,65.40650177001953,30806000
2020-05-05,66.98896789550781,67.45099639892578,68.55049896240234,66.75150299072266,66.875,39666000
2020-05-06,66.81070709228516,67.27149963378906,68.43450164794922,67.25650024414062,67.9000015258789,31732000
2020-05-07,67.99502563476562,68.46399688720703,68.80000305175781,67.62699890136719,68.06549835205078,30652000
2020-05-08,68.74287414550781,69.21700286865234,69.83200073242188,68.60050201416016,69.09100341796875,33326000
2020-05-11,69.69877624511719,70.17949676513672,70.77649688720703,68.7750015258789,68.8395004272461,32718000
2020-05-12,68.28800964355469,68.75900268554688,70.71649932861328,68.72550201416016,70.41100311279297,33918000
2020-05-13,66.95470428466797,67.41649627685547,69.2665023803711,66.40049743652344,68.80799865722656,40368000
2020-05-14,67.37828826904297,67.84300231933594,67.86849975585938,66.16500091552734,66.6760025024414,36660000
2020-05-15,68.1827392578125,68.65299987792969,68.72899627685547,66.94999694824219,67.41300201416016,41544000
2020-05-18,68.78458404541016,69.25900268554688,69.63800048828125,67.70999908447266,68.0790023803711,47094000
2020-05-19,68.24927520751953,68.72000122070312,69.62449645996094,68.68800354003906,69.27400207519531,31586000
2020-05-20,69.97537231445312,70.45800018310547,70.60150146484375,69.37100219726562,69.45800018310547,38262000
2020-05-21,69.8556900024414,70.3375015258789,70.822998046875,69.71949768066406,70.54949951171875,30894000
2020-05-22,70.177978515625,70.66200256347656,70.8499984741211,69.79750061035156,70.19499969482422,28544000
2020-05-26,70.58169555664062,71.06849670410156,72.25550079345703,70.97000122070312,72.0979995727539,44590000
2020-05-27,70.52755737304688,71.01399993896484,71.26750183105469,69.7300033569336,71.0,31684000
2020-05-28,70.42626190185547,70.91200256347656,72.2229995727539,69.9540023803711,70.0,35170000
2020-05-29,71.18504333496094,71.6760025024414,71.83650207519531,70.79900360107422,71.02149963378906,37044000
2020-06-01,71.25205993652344,71.74349975585938,72.0790023803711,71.11399841308594,71.28500366210938,25162000
2020-06-02,71.62152099609375,72.1155014038086,72.1500015258789,71.08049774169922,71.75,23442000
2020-06-03,71.46956634521484,71.9625015258789,72.45050048828125,71.58100128173828,72.13500213623047,27732000
2020-06-04,70.23062133789062,70.71499633789062,72.06600189208984,70.30049896240234,71.83899688720703,26982000
2020-06-05,71.50780487060547,72.0009994506836,72.31500244140625,70.38099670410156,70.78199768066406,42642000
2020-06-08,71.90605163574219,72.4020004272461,72.44999694824219,71.2239990234375,71.31400299072266,33878000
2020-06-09,72.10667419433594,72.60399627685547,73.38999938964844,72.11799621582031,72.26200103759766,33624000
2020-06-10,72.73335266113281,73.23500061035156,73.63849639892578,72.71800231933594,73.07550048828125,31762000
2020-06-11,69.61486053466797,70.09500122070312,72.58000183105469,69.92050170898438,72.05149841308594,47144000
2020-06-12,70.16209411621094,70.64600372314453,71.72550201416016,69.29000091552734,71.29299926757812,36676000
2020-06-15,70.55039978027344,71.03700256347656,71.25,69.36000061035156,69.47450256347656,30468000
2020-06-16,71.82809448242188,72.32350158691406,72.8584976196289,71.44950103759766,72.44999694824219,30648000
2020-06-17,72.1295166015625,72.62699890136719,73.11000061035156,71.75650024414062,72.64700317382812,30610000
2020-06-18,71.21482849121094,71.70600128173828,72.64849853515625,71.31199645996094,72.49250030517578,34862000
2020-06-19,70.74407958984375,71.23200225830078,72.2249984741211,70.94999694824219,72.0,52784000
2020-06-22,72.0361557006836,72.53299713134766,72.54750061035156,70.95950317382812,71.25050354003906,29442000
2020-06-23,72.69759368896484,73.1989974975586,73.76000213623047,72.25,72.5999984741211,37752000
2020-06-24,71.14431762695312,71.63500213623047,73.78949737548828,71.5,73.16400146484375,31592000
2020-06-25,71.56143188476562,72.05500030517578,72.11599731445312,70.97699737548828,71.56099700927734,23958000
2020-06-26,67.66034698486328,68.12699890136719,71.85099792480469,67.75,71.63150024414062,97640000
2020-06-29,69.3799819946289,69.8584976196289,69.9000015258789,67.5824966430664,68.01699829101562,45074000
2020-06-30,70.41682434082031,70.90249633789062,71.19999694824219,69.34649658203125,69.84400177001953,40286000
2020-07-01,71.60613250732422,72.0999984741211,72.42400360107422,70.70899963378906,70.95850372314453,42182000
2020-07-02,72.99305725097656,73.49649810791016,74.4260025024414,72.55349731445312,72.59200286865234,57218000
2020-07-06,74.46887969970703,74.98249816894531,75.5,73.8489990234375,74.40750122070312,44712000
2020-07-07,73.98571014404297,74.49600219726562,76.06600189208984,74.48500061035156,74.80650329589844,42364000
2020-07-08,74.66502380371094,75.18000030517578,75.55850219726562,74.61499786376953,75.04000091552734,31766000
2020-07-09,75.4128646850586,75.93299865722656,76.45700073242188,74.77950286865234,75.49649810791016,41836000
2020-07-10,76.42340087890625,76.95050048828125,77.06700134277344,75.03600311279297,75.6624984741211,35918000
2020-07-13,75.09358215332031,75.61150360107422,78.81800079345703,75.3280029296875,77.49700164794922,42954000
2020-07-14,75.5221176147461,76.04299926757812,76.13999938964844,74.29650115966797,74.6395034790039,38108000
2020-07-15,75.3244857788086,75.84400177001953,76.81649780273438,74.8915023803711,76.1614990234375,31026000
2020-07-16,75.22714233398438,75.74600219726562,75.79550170898438,74.41349792480469,75.07499694824219,26484000
2020-07-17,75.32299041748047,75.84249877929688,76.17150115966797,74.90499877929688,75.84549713134766,34264000
2020-07-20,77.6563949584961,78.19200134277344,78.45050048828125,75.13500213623047,75.75,30166000
2020-07-21,77.26310729980469,77.7959976196289,79.35250091552734,77.63099670410156,79.25150299072266,27486000
2020-07-22,77.70654296875,78.24250030517578,78.3489990234375,77.1614990234375,77.7854995727539,24482000
2020-07-23,75.31803131103516,75.8375015258789,78.51750183105469,75.42949676513672,78.29650115966797,33910000
2020-07-24,74.89395141601562,75.4104995727539,75.77149963378906,74.37950134277344,74.95950317382812,29902000
2020-07-27,75.94768524169922,76.47149658203125,76.87799835205078,75.61650085449219,75.66300201416016,27124000
2020-07-28,74.66751861572266,75.18250274658203,76.30049896240234,75.0260009765625,76.25,30910000
2020-07-29,75.65370178222656,76.17549896240234,76.66649627685547,75.15049743652344,75.25,22676000
2020-07-30,76.39163208007812,76.91850280761719,77.04450225830078,74.75849914550781,74.89849853515625,36042000
2020-07-31,73.88788604736328,74.39749908447266,75.2509994506836,72.69999694824219,74.85250091552734,91468000
2020-08-03,73.63015747070312,74.13800048828125,74.8864974975586,73.58599853515625,74.55000305175781,45482000
2020-08-04,73.16040802001953,73.66500091552734,74.65550231933594,73.20149993896484,74.33550262451172,37212000
2020-08-05,73.44792175292969,73.95449829101562,74.5,73.56099700927734,73.84100341796875,29134000
2020-08-06,74.73206329345703,75.24749755859375,75.3134994506836,73.59500122070312,73.80750274658203,33306000
2020-08-07,74.40531158447266,74.91850280761719,76.00450134277344,74.3134994506836,75.4520034790039,27718000
2020-08-10,74.32836151123047,74.84100341796875,75.35749816894531,73.87449645996094,74.54000091552734,20546000
2020-08-11,73.5199203491211,74.0270004272461,75.52200317382812,73.90950012207031,74.69999694824219,31098000
2020-08-12,74.84578704833984,75.36199951171875,75.58350372314453,74.25,74.35600280761719,22512000
2020-08-13,75.31304931640625,75.8324966430664,76.84850311279297,75.4104995727539,75.4104995727539,22388000
2020-08-14,74.71617889404297,75.23149871826172,75.989501953125,74.94999694824219,75.68049621582031,21942000
2020-08-17,75.29269409179688,75.81199645996094,76.18900299072266,75.25,75.79850006103516,19990000
2020-08-18,77.25615692138672,77.78900146484375,77.86849975585938,76.08350372314453,76.30599975585938,28378000
2020-08-19,76.70147705078125,77.23049926757812,78.44300079345703,77.0,77.62449645996094,30472000
2020-08-20,78.27265167236328,78.8125,79.00849914550781,76.7229995727539,76.99849700927734,26382000
2020-08-21,78.23888397216797,78.77850341796875,79.59400177001953,78.1155014038086,78.58999633789062,34838000
2020-08-24,78.71458435058594,79.25749969482422,80.43900299072266,78.75199890136719,79.62349700927734,25638000
2020-08-25,79.74251556396484,80.2925033569336,80.44400024414062,78.89399719238281,79.00499725341797,25150000
2020-08-26,81.64339447021484,82.20649719238281,82.6395034790039,80.04900360107422,80.31500244140625,52188000
2020-08-27,80.86824035644531,81.4260025024414,82.39949798583984,80.94049835205078,82.33049774169922,31350000
2020-08-28,81.41000366210938,81.97149658203125,82.06749725341797,81.28050231933594,81.47350311279297,22418000
2020-08-31,80.91840362548828,81.47650146484375,82.2249984741211,81.2665023803711,82.17849731445312,26422000
2020-09-01,82.18714904785156,82.75399780273438,82.96099853515625,81.47650146484375,81.60800170898438,22652000
2020-09-02,85.28130340576172,85.86949920654297,86.30500030517578,83.0094985961914,83.40049743652344,49522000
2020-09-03,80.91741180419922,81.47550201416016,85.0,80.385498046875,84.97599792480469,63726000
2020-09-04,78.51895141601562,79.06050109863281,81.74949645996094,76.89849853515625,80.44999694824219,55850000
2020-09-08,75.65817260742188,76.18000030517578,77.77749633789062,75.82499694824219,76.25,54032000
2020-09-09,76.83158874511719,77.36150360107422,77.93599700927734,76.25849914550781,77.44499969482422,39242000
2020-09-10,75.77983093261719,76.30249786376953,78.68299865722656,76.0,77.50900268554688,33024000
2020-09-11,75.26886749267578,75.78800201416016,76.93499755859375,74.6510009765625,76.40750122070312,30706000
2020-09-14,74.92473602294922,75.44149780273438,77.8499984741211,75.25550079345703,76.5824966430664,42660000
2020-09-15,76.23023223876953,76.75599670410156,77.54949951171875,76.1050033569336,76.39450073242188,23042000
2020-09-16,75.08663177490234,75.60449981689453,77.71849822998047,75.57949829101562,77.1240005493164,22128000
2020-09-17,73.84268951416016,74.35199737548828,74.93299865722656,73.12300109863281,74.29049682617188,40008000
2020-09-18,72.05751037597656,72.55449676513672,74.76000213623047,71.58100128173828,74.41500091552734,63056000
2020-09-21,71.0171890258789,71.50700378417969,72.00299835205078,70.13400268554688,71.58100128173828,56908000
2020-09-22,72.49101257324219,72.99099731445312,73.19850158691406,71.4749984741211,72.51599884033203,33950000
2020-09-23,69.9867935180664,70.46949768066406,72.65399932861328,70.13400268554688,72.60449981689453,37726000
2020-09-24,70.65567779541016,71.14299774169922,71.89949798583984,70.10749816894531,70.13400268554688,34552000
2020-09-25,71.46013641357422,71.9530029296875,72.2969970703125,70.38400268554688,71.25250244140625,30326000
2020-09-28,72.43342590332031,72.93299865722656,73.64949798583984,72.31400299072266,73.59950256347656,30784000
2020-09-29,72.79890441894531,73.3010025024414,73.5999984741211,72.69999694824219,73.19550323486328,31816000
2020-09-30,72.77804565429688,73.27999877929688,74.30999755859375,72.78800201416016,73.0469970703125,40924000
2020-10-01,73.8853988647461,74.3949966430664,74.75350189208984,73.83999633789062,74.18299865722656,32884000
2020-10-02,72.28146362304688,72.77999877929688,73.95149993896484,72.36750030517578,72.98149871826172,31222000
2020-10-05,73.6336441040039,74.1415023803711,74.23500061035156,73.00450134277344,73.13249969482422,21602000
2020-10-06,72.05403900146484,72.5510025024414,74.22599792480469,72.25050354003906,73.7750015258789,26096000
2020-10-07,72.4572525024414,72.95700073242188,73.44850158691406,71.6614990234375,72.96549987792969,36108000
2020-10-08,73.6634292602539,74.17150115966797,74.40149688720703,73.27249908447266,73.27249908447266,26076000
2020-10-09,75.00518798828125,75.52249908447266,75.59249877929688,74.3499984741211,74.64299774169922,32966000
2020-10-12,77.69363403320312,78.22949981689453,79.4209976196289,76.46499633789062,76.9000015258789,55344000
2020-10-13,77.8167953491211,78.35350036621094,79.25800323486328,77.93150329589844,78.85050201416016,39072000
2020-10-14,77.63653564453125,78.1719970703125,79.19249725341797,77.29499816894531,78.7300033569336,33174000
2020-10-15,77.24075317382812,77.77349853515625,78.56999969482422,77.05650329589844,77.2249984741211,31210000
2020-10-16,77.84807586669922,78.38500213623047,78.885498046875,77.88300323486328,78.09149932861328,34194000
2020-10-19,75.97350311279297,76.49749755859375,79.19650268554688,76.14600372314453,78.79650115966797,29734000
2020-10-20,77.02276611328125,77.55400085449219,78.69200134277344,76.0250015258789,76.15550231933594,41670000
2020-10-21,78.75630950927734,79.29949951171875,80.75700378417969,78.35700225830078,78.49250030517578,60322000
2020-10-22,79.78272247314453,80.33300018310547,80.6709976196289,78.8740005493164,79.25,30512000
2020-10-23,81.08972930908203,81.64900207519531,81.70600128173828,80.59549713134766,80.75250244140625,30548000
2020-10-26,78.67189025878906,79.2145004272461,81.47899627685547,78.38899993896484,80.75,35826000
2020-10-27,79.39640045166016,79.94400024414062,80.0999984741211,78.84950256347656,79.44650268554688,25902000
2020-10-28,75.0225601196289,75.54000091552734,77.69049835205078,75.42400360107422,77.50050354003906,45174000
2020-10-29,77.310791015625,77.84400177001953,79.43699645996094,75.82749938964844,75.85099792480469,55406000
2020-10-30,80.25199127197266,80.80549621582031,84.06600189208984,80.07849884033203,83.37200164794922,99878000
2020-11-02,80.65967559814453,81.21600341796875,82.91200256347656,80.71199798583984,81.177001953125,44228000
2020-11-03,81.7193603515625,82.28299713134766,82.94999694824219,80.60549926757812,81.53800201416016,31432000
2020-11-04,86.69456481933594,87.2925033569336,88.50150299072266,85.1500015258789,85.27899932861328,71342000
2020-11-05,87.52135467529297,88.125,89.59100341796875,87.05149841308594,88.52249908447266,39758000
2020-11-06,87.3838119506836,87.98650360107422,88.42500305175781,86.83399963378906,87.56700134277344,28622000
2020-11-09,87.46772003173828,88.07099914550781,90.84449768066406,87.87750244140625,89.79900360107422,53440000
2020-11-10,86.29084014892578,86.88600158691406,87.96900177001953,85.80599975585938,86.4885025024414,43022000
2020-11-11,86.76309204101562,87.36150360107422,88.1449966430664,87.15299987792969,87.41999816894531,31838000
2020-11-12,86.5440902709961,87.14099884033203,88.2490005493164,86.89849853515625,87.0999984741211,26474000
2020-11-13,88.00601196289062,88.61299896240234,88.85649871826172,86.79900360107422,87.4000015258789,29744000
2020-11-16,88.0938949584961,88.70149993896484,89.71700286865234,88.06649780273438,88.20700073242188,25468000
2020-11-17,87.47964477539062,88.08300018310547,88.85700225830078,87.97450256347656,88.39299774169922,21314000
2020-11-18,86.43584442138672,87.03199768066406,88.25,86.92849731445312,87.83200073242188,20108000
2020-11-19,87.32620239257812,87.92849731445312,88.17449951171875,86.5009994506836,86.6614990234375,20106000
2020-11-20,86.22430419921875,86.81900024414062,88.41799926757812,86.75,88.0999984741211,27694000
2020-11-23,85.78632354736328,86.37799835205078,87.29949951171875,85.50900268554688,87.01100158691406,22530000
2020-11-24,87.59088134765625,88.19499969482422,88.3239974975586,86.0364990234375,86.375,27984000
2020-11-25,87.602294921875,88.20649719238281,88.51899719238281,87.41799926757812,88.3905029296875,19600000
2020-11-27,88.73896026611328,89.35099792480469,89.85050201416016,88.22699737548828,88.22699737548828,14790000
2020-11-30,87.11912536621094,87.72000122070312,89.01699829101562,87.39199829101562,88.78250122070312,32418000
2020-12-01,89.15310668945312,89.76799774169922,91.08599853515625,88.15149688720703,88.33300018310547,37350000
2020-12-02,90.62345123291016,91.24849700927734,91.63700103759766,89.25849914550781,89.76799774169922,29424000
2020-12-03,90.46803283691406,91.09200286865234,92.19149780273438,90.8499984741211,91.0270004272461,24728000
2020-12-04,90.56338500976562,91.18800354003906,91.4749984741211,90.67949676513672,91.01100158691406,20544000
2020-12-07,90.22917938232422,90.85150146484375,91.4645004272461,90.1520004272461,90.77749633789062,22288000
2020-12-08,89.94612884521484,90.56649780273438,90.79850006103516,89.56400299072266,90.4260025024414,19936000
2020-12-09,88.28409576416016,88.89299774169922,91.41850280761719,88.0999984741211,90.51799774169922,31728000
2020-12-10,87.777099609375,88.38249969482422,88.74949645996094,86.67649841308594,88.12999725341797,28688000
2020-12-11,88.13214111328125,88.73999786376953,88.8655014038086,87.63700103759766,88.0,18628000
2020-12-14,87.01287841796875,87.61299896240234,89.48999786376953,87.45649719238281,88.53600311279297,33050000
2020-12-15,87.45083618164062,88.05400085449219,88.19999694824219,87.08350372314453,87.99299621582031,21352000
2020-12-16,87.25767517089844,87.8594970703125,88.45549774169922,87.4530029296875,88.45549774169922,24676000
2020-12-17,86.42938995361328,87.02549743652344,88.33550262451172,86.55750274658203,88.19650268554688,34880000
2020-12-18,85.71978759765625,86.31099700927734,87.41799926757812,85.75,87.30850219726562,85256000
2020-12-21,86.13392639160156,86.72799682617188,86.8499984741211,84.69999694824219,85.45649719238281,33974000
2020-12-22,85.42184448242188,86.01100158691406,86.63050079345703,85.28900146484375,86.46649932861328,20370000
2020-12-23,85.81959533691406,86.4114990234375,87.20549774169922,86.05999755859375,86.19650268554688,22974000
2020-12-24,86.11405944824219,86.70800018310547,87.12049865722656,86.21749877929688,86.44999694824219,9312000
2020-12-28,88.0904312133789,88.697998046875,89.3499984741211,87.09100341796875,87.24549865722656,27650000
2020-12-29,87.28597259521484,87.88800048828125,89.42350006103516,87.75550079345703,89.36150360107422,19726000
2020-12-30,86.21784973144531,86.8125,88.38800048828125,86.4000015258789,88.25,21026000
2020-12-31,87.03173828125,87.63200378417969,87.875,86.80449676513672,86.8635025024414,21070000
2021-01-04,85.71532440185547,86.30650329589844,88.12449645996094,85.35700225830078,88.0,37324000
2021-01-05,86.40654754638672,87.00250244140625,87.34149932861328,85.84500122070312,86.25450134277344,20360000
2021-01-06,85.5539321899414,86.14399719238281,87.19850158691406,84.80500030517578,85.01300048828125,46588000
2021-01-07,88.10930633544922,88.71700286865234,88.89099884033203,86.33799743652344,86.33799743652344,41936000
2021-01-08,89.2757568359375,89.8915023803711,89.96800231933594,88.06099700927734,88.85800170898438,35484000
2021-01-11,87.21298217773438,87.81449890136719,89.21900177001953,87.60700225830078,88.85099792480469,34796000
2021-01-12,86.27644348144531,86.87149810791016,88.3949966430664,85.81900024414062,87.26799774169922,29528000
2021-01-13,86.76407623291016,87.36250305175781,87.81950378417969,86.36599731445312,86.36599731445312,23432000
2021-01-14,85.95317077636719,86.5459976196289,88.37750244140625,86.30349731445312,87.44349670410156,29212000
2021-01-15,85.78929901123047,86.38099670410156,87.38099670410156,85.58550262451172,86.45099639892578,31444000
2021-01-19,88.61233520507812,89.22350311279297,90.19200134277344,86.6415023803711,87.1500015258789,41660000
2021-01-20,93.35958862304688,94.00350189208984,94.98600006103516,90.97550201416016,91.31849670410156,64152000
2021-01-21,93.56219482421875,94.2074966430664,96.60399627685547,93.97049713134766,94.68250274658203,58634000
2021-01-22,93.97981262207031,94.62799835205078,95.21949768066406,93.82499694824219,94.572998046875,32744000
2021-01-25,94.06522369384766,94.71399688720703,96.09100341796875,92.95800018310547,95.63700103759766,50586000
2021-01-26,94.7440414428711,95.39749908447266,95.7874984741211,93.80650329589844,94.29949951171875,31462000
2021-01-27,90.32402038574219,90.9469985961914,94.02349853515625,89.86399841308594,93.74549865722656,82512000
2021-01-28,92.02529907226562,92.66000366210938,94.39949798583984,91.55000305175781,91.55000305175781,55278000
2021-01-29,90.74213409423828,91.36799621582031,92.37699890136719,90.0780029296875,91.70099639892578,44530000
2021-02-01,94.00513458251953,94.65350341796875,95.7770004272461,92.22949981689453,92.22949981689453,40252000
2021-02-02,95.29872131347656,95.95600128173828,97.46849822998047,95.31849670410156,95.65650177001953,66332000
2021-02-03,102.23885345458984,102.94400024414062,105.33100128173828,100.67749786376953,103.28050231933594,97882000
2021-02-04,101.97815704345703,102.68150329589844,103.46499633789062,101.75499725341797,103.03099822998047,48596000
2021-02-05,103.72608947753906,104.44149780273438,104.7969970703125,102.5,102.97799682617188,29866000
2021-02-08,103.5120620727539,104.22599792480469,105.75,103.1675033569336,105.0,28828000
2021-02-09,103.0586929321289,103.76950073242188,104.92549896240234,103.5,103.73999786376953,21892000
2021-02-10,103.60939025878906,104.3239974975586,104.94400024414062,102.61199951171875,104.15699768066406,25102000
2021-02-11,103.72211456298828,104.4375,104.69999694824219,103.44300079345703,104.55000305175781,20480000
2021-02-12,104.03396606445312,104.75150299072266,104.9749984741211,103.67849731445312,103.9885025024414,18990000
2021-02-16,104.81210327148438,105.53500366210938,107.25700378417969,104.5875015258789,104.5875015258789,31004000
2021-02-17,105.20539855957031,105.93099975585938,106.12200164794922,104.4175033569336,104.6989974975586,20294000
2021-02-18,104.56926727294922,105.29049682617188,106.09950256347656,104.66649627685547,105.25,22546000
2021-02-19,103.72509002685547,104.44049835205078,105.92900085449219,104.17150115966797,105.3895034790039,37938000
2021-02-22,102.0094223022461,102.71299743652344,104.0165023803711,102.4000015258789,102.68000030517578,29466000
2021-02-23,102.3004150390625,103.00599670410156,103.625,99.5114974975586,100.69950103759766,34658000
2021-02-24,103.47679901123047,104.19049835205078,104.41600036621094,101.37650299072266,101.50199890136719,22608000
2021-02-25,100.1070556640625,100.79750061035156,104.1500015258789,100.32450103759766,102.79650115966797,41548000
2021-02-26,100.40300750732422,101.09549713134766,102.82599639892578,100.05049896240234,101.49749755859375,40042000
2021-03-01,102.77416229248047,103.48300170898438,103.8115005493164,101.72100067138672,102.4000015258789,26060000
2021-03-02,102.51692962646484,103.2239990234375,104.73699951171875,102.83350372314453,103.24199676513672,25564000
2021-03-03,99.88160705566406,100.57050323486328,103.79949951171875,99.69999694824219,102.59750366210938,33892000
2021-03-04,100.99989318847656,101.69650268554688,103.72949981689453,100.27149963378906,100.74349975585938,49216000
2021-03-05,104.13526153564453,104.85350036621094,105.30999755859375,101.38899993896484,103.05750274658203,53100000
2021-03-08,99.68743896484375,100.375,105.68699645996094,100.2594985961914,104.2030029296875,36868000
2021-03-09,101.31918334960938,102.01799774169922,103.19599914550781,101.77999877929688,102.48750305175781,33920000
2021-03-10,101.11211395263672,101.80950164794922,103.06999969482422,100.96649932861328,103.06999969482422,27100000
2021-03-11,104.30757904052734,105.0270004272461,105.5634994506836,102.82250213623047,102.91100311279297,27702000
2021-03-12,101.79788970947266,102.5,103.88050079345703,101.62100219726562,103.82050323486328,33818000
2021-03-15,102.01837158203125,102.72200012207031,102.74949645996094,101.3895034790039,102.2490005493164,26168000
2021-03-16,103.48078918457031,104.19450378417969,105.68399810791016,102.9645004272461,103.29949951171875,31900000
2021-03-17,103.3978500366211,104.11100006103516,104.94999694824219,102.20600128173828,103.42350006103516,26382000
2021-03-18,100.37471008300781,101.06700134277344,103.4375,100.95899963378906,102.40899658203125,31700000
2021-03-19,100.65377807617188,101.3479995727539,101.85199737548828,100.14649963378906,101.48650360107422,46072000
2021-03-22,100.8390121459961,101.53450012207031,102.41699981689453,100.69999694824219,101.38150024414062,33536000
2021-03-23,101.36736297607422,102.06649780273438,103.20549774169922,101.4000015258789,101.99749755859375,28510000
2021-03-24,100.93038177490234,101.62650299072266,103.37999725341797,101.44999694824219,102.58799743652344,25218000
2021-03-25,100.92689514160156,101.62300109863281,102.28199768066406,99.80449676513672,101.45249938964844,35616000
2021-03-26,100.54303741455078,101.23650360107422,101.96949768066406,100.19249725341797,101.5895004272461,27978000
2021-03-29,101.58882904052734,102.28949737548828,102.46050262451172,100.27249908447266,101.10800170898438,26492000
2021-03-30,101.62259674072266,102.32350158691406,103.13349914550781,101.80750274658203,102.64900207519531,27312000
2021-03-31,102.41960144042969,103.1259994506836,104.31300354003906,102.3499984741211,102.72000122070312,42570000
2021-04-01,105.75956726074219,106.48899841308594,106.7874984741211,104.57150268554688,104.61250305175781,39880000
2021-04-05,110.18802642822266,110.947998046875,111.44950103759766,107.260498046875,107.35749816894531,48510000
2021-04-06,109.70632934570312,110.46299743652344,111.4000015258789,110.0895004272461,110.5459976196289,35240000
2021-04-07,111.18465423583984,111.95149993896484,112.2249984741211,110.65499877929688,110.65499877929688,24134000
2021-04-08,111.75074768066406,112.52149963378906,113.5895004272461,112.15049743652344,113.19999694824219,28664000
2021-04-09,112.75580596923828,113.53350067138672,113.69850158691406,111.86299896240234,112.27200317382812,26146000
2021-04-12,111.46224212646484,112.23100280761719,112.84449768066406,111.39099884033203,112.70600128173828,25024000
2021-04-13,111.94937896728516,112.72149658203125,113.17350006103516,112.15249633789062,112.54949951171875,25682000
2021-04-14,111.32765197753906,112.09549713134766,113.37149810791016,111.8010025024414,113.37149810791016,21002000
2021-04-15,113.47981262207031,114.26249694824219,114.80000305175781,112.55850219726562,113.09750366210938,29174000
2021-04-16,113.35566711425781,114.13749694824219,114.71199798583984,113.5459976196289,114.46199798583984,26282000
2021-04-19,113.70377349853516,114.48799896240234,115.20449829101562,113.50900268554688,113.50900268554688,30290000
2021-04-20,113.1699447631836,113.95050048828125,114.94999694824219,112.85600280761719,114.87449645996094,22288000
2021-04-21,113.1371841430664,113.9175033569336,114.0,112.24099731445312,113.60250091552734,23204000
2021-04-22,111.85452270507812,112.6259994506836,114.44400024414062,112.01599884033203,113.7699966430664,24146000
2021-04-23,114.20879364013672,114.99649810791016,115.30599975585938,113.0625,113.3499984741211,29066000
2021-04-26,114.70536804199219,115.49649810791016,116.22650146484375,114.86599731445312,115.22599792480469,32038000
2021-04-27,113.76435852050781,114.54900360107422,115.92250061035156,114.30799865722656,115.88150024414062,44386000
2021-04-28,117.14405059814453,117.9520034790039,121.56900024414062,117.66100311279297,119.625,81106000
2021-04-29,118.8185043334961,119.63800048828125,120.20800018310547,118.69249725341797,119.46150207519531,41234000
2021-04-30,116.86894226074219,117.67500305175781,119.09249877929688,117.3280029296875,118.4010009765625,44856000
2021-05-03,116.35150146484375,117.15399932861328,119.07749938964844,116.7750015258789,118.24549865722656,28242000
2021-05-04,114.55142974853516,115.34149932861328,116.24949645996094,112.83399963378906,115.67749786376953,44818000
2021-05-05,114.94570922851562,115.7385025024414,116.75,115.41400146484375,116.43150329589844,26636000
2021-05-06,116.06697845458984,116.86750030517578,116.86750030517578,114.6520004272461,115.31649780273438,25190000
2021-05-07,116.79098510742188,117.59649658203125,118.5625,117.30799865722656,118.19450378417969,28898000
2021-05-10,113.80259704589844,114.5875015258789,116.55000305175781,114.22699737548828,116.40699768066406,30914000
2021-05-11,112.72552490234375,113.50299835205078,114.01399993896484,111.69599914550781,112.15350341796875,34186000
2021-05-12,109.2589340209961,110.01249694824219,112.39900207519531,109.68099975585938,111.30950164794922,46376000
2021-05-13,110.6885757446289,111.4520034790039,111.97200012207031,110.33599853515625,111.30599975585938,33204000
2021-05-14,113.138671875,113.91899871826172,114.23600006103516,112.5,112.927001953125,31996000
2021-05-17,113.66206359863281,114.44599914550781,114.48899841308594,112.77549743652344,113.17849731445312,21598000
2021-05-18,112.3486099243164,113.12349700927734,115.38400268554688,113.1094970703125,115.11750030517578,22204000
2021-05-19,112.79702758789062,113.57499694824219,113.74949645996094,111.27200317382812,111.42150115966797,23684000
2021-05-20,114.55738830566406,115.34750366210938,115.5999984741211,114.1760025024414,114.55000305175781,32352000
2021-05-21,113.9207763671875,114.70649719238281,115.94450378417969,114.46499633789062,115.87049865722656,40632000
2021-05-24,117.24337005615234,118.052001953125,118.27749633789062,115.5979995727539,115.74449920654297,31832000
2021-05-25,117.33423614501953,118.14350128173828,119.19999694824219,117.75,118.5999984741211,22440000
2021-05-26,118.20027160644531,119.0155029296875,119.44950103759766,118.322998046875,118.32599639892578,21572000
2021-05-27,117.32479858398438,118.13400268554688,119.45249938964844,117.81300354003906,119.45249938964844,35224000
2021-05-28,117.03529357910156,117.84249877929688,118.80349731445312,117.64250183105469,118.72100067138672,21482000
2021-06-01,118.24346160888672,119.05899810791016,119.2854995727539,117.71399688720703,118.72200012207031,23354000
2021-06-02,117.71759796142578,118.52950286865234,119.68199920654297,117.61799621582031,119.4574966430664,21158000
2021-06-03,116.57495880126953,117.37899780273438,117.85099792480469,116.47599792480469,117.2864990234375,18696000
2021-06-04,118.85871887207031,119.67849731445312,119.95149993896484,118.12049865722656,118.4635009765625,24458000
2021-06-07,119.29222106933594,120.11499786376953,120.22550201416016,119.05000305175781,119.47200012207031,24120000
2021-06-08,119.10054779052734,119.9219970703125,120.97599792480469,119.73899841308594,120.60050201416016,24240000
2021-06-09,119.57230377197266,120.39700317382812,120.64399719238281,119.84500122070312,120.57150268554688,17942000
2021-06-10,120.9224853515625,121.75650024414062,121.80000305175781,120.18900299072266,120.34600067138672,25904000
2021-06-11,120.67768096923828,121.51000213623047,122.08599853515625,120.947998046875,122.0,21958000
2021-06-14,121.60678100585938,122.44550323486328,122.44599914550781,120.9000015258789,121.61299896240234,22098000
2021-06-15,120.58779907226562,121.41950225830078,122.77549743652344,121.05599975585938,122.44999694824219,21562000
2021-06-16,119.94522857666016,120.77249908447266,121.88600158691406,119.47000122070312,121.5719985961914,26472000
2021-06-17,120.90957641601562,121.74349975585938,122.52249908447266,120.5,120.69750213623047,25842000
2021-06-18,119.28826141357422,120.11100006103516,121.60299682617188,120.01499938964844,121.36699676513672,46116000
2021-06-21,120.97810363769531,121.8125,122.0,119.89849853515625,120.50050354003906,27414000
2021-06-22,121.49254608154297,122.33049774169922,122.4000015258789,121.06400299072266,121.75,22390000
2021-06-23,121.29045104980469,122.12699890136719,123.09549713134766,121.83450317382812,122.09349822998047,19148000
2021-06-24,121.66089630126953,122.5,123.05549621582031,122.30000305175781,122.69999694824219,21362000
2021-06-25,121.66934204101562,122.50849914550781,122.63300323486328,121.56500244140625,122.0,34594000
2021-06-28,121.69664764404297,122.53600311279297,122.78500366210938,121.40550231933594,122.67849731445312,28526000
2021-06-29,121.43495178222656,122.27249908447266,123.02100372314453,121.69100189208984,122.67050170898438,23108000
2021-06-30,121.25320434570312,122.0895004272461,122.25700378417969,121.35449981689453,121.99449920654297,24474000
2021-07-01,121.60578155517578,122.44450378417969,122.58699798583984,121.53150177001953,121.7249984741211,18110000
2021-07-02,124.39949798583984,125.25749969482422,125.40399932861328,123.05950164794922,123.1500015258789,25982000
2021-07-06,125.32562255859375,126.19000244140625,126.4280014038086,124.5824966430664,125.64849853515625,26404000
2021-07-07,125.607666015625,126.4739990234375,127.28399658203125,126.15299987792969,127.16200256347656,24060000
2021-07-08,124.18746185302734,125.04399871826172,125.59549713134766,124.02200317382812,124.0260009765625,23790000
2021-07-09,124.65870666503906,125.51850128173828,125.7344970703125,124.55149841308594,125.0250015258789,18632000
2021-07-12,126.1057357788086,126.97550201416016,127.06950378417969,125.61100006103516,126.1780014038086,17668000
2021-07-13,126.46923065185547,127.34149932861328,128.0574951171875,126.67449951171875,127.03849792480469,19240000
2021-07-14,127.35859680175781,128.23699951171875,129.32650756835938,127.91449737548828,127.95800018310547,23742000
2021-07-15,126.1350326538086,127.00499725341797,128.6999969482422,126.52999877929688,128.6490020751953,24218000
2021-07-16,126.10026550292969,126.97000122070312,127.8115005493164,126.15350341796875,127.66300201416016,20424000
2021-07-19,123.72466278076172,124.5780029296875,126.20500183105469,123.50499725341797,126.0895004272461,27968000
2021-07-20,125.3449935913086,126.20950317382812,127.04299926757812,124.35050201416016,125.52749633789062,26312000
2021-07-21,126.6753158569336,127.54900360107422,127.59600067138672,126.02349853515625,126.13349914550781,20746000
2021-07-22,127.54180908203125,128.42149353027344,128.48300170898438,127.4990005493164,127.84400177001953,14302000
2021-07-23,132.1038818359375,133.01499938964844,133.3990020751953,129.80050659179688,130.4304962158203,41506000
2021-07-26,133.1168670654297,134.03500366210938,134.23699951171875,132.30149841308594,133.32850646972656,30572000
2021-07-27,130.9965057373047,131.89999389648438,134.3990020751953,130.10400390625,134.25050354003906,54710000
2021-07-28,135.1617889404297,136.093994140625,138.2969970703125,135.27749633789062,136.31199645996094,95130000
2021-07-29,134.84744262695312,135.77749633789062,136.66099548339844,135.54299926757812,136.14999389648438,31716000
2021-07-30,133.80364990234375,134.72650146484375,135.30450439453125,134.2550048828125,135.03500366210938,25576000
2021-08-02,133.93077087402344,134.85450744628906,135.3365020751953,133.79400634765625,135.11700439453125,21634000
2021-08-03,134.7009735107422,135.6300048828125,135.73199462890625,133.3195037841797,135.13499450683594,20762000
2021-08-04,134.19992065429688,135.12550354003906,135.64950561523438,134.48699951171875,135.34950256347656,19676000
2021-08-05,135.31820678710938,136.25149536132812,136.35000610351562,134.8459930419922,135.6804962158203,17870000
2021-08-06,134.80870056152344,135.73849487304688,136.47250366210938,135.2100067138672,136.04200744628906,20488000
2021-08-09,135.97515869140625,136.91299438476562,137.1840057373047,135.33949279785156,135.9425048828125,17760000
2021-08-10,135.86990356445312,136.8070068359375,137.7725067138672,136.364501953125,137.3419952392578,19414000
2021-08-11,135.34552001953125,136.2790069580078,137.6824951171875,136.27149963378906,137.18150329589844,15352000
2021-08-12,136.2542266845703,137.19400024414062,137.3000030517578,135.42550659179688,135.97549438476562,16506000
2021-08-13,136.78407287597656,137.7274932861328,137.85650634765625,137.0330047607422,137.25,15948000
2021-08-16,137.3621063232422,138.3094940185547,138.3625030517578,135.2989959716797,137.52499389648438,22384000
2021-08-17,135.72537231445312,136.6614990234375,138.2655029296875,136.08200073242188,137.75,21716000
2021-08-18,134.5211944580078,135.44900512695312,137.10450744628906,135.32150268554688,136.5,19258000
2021-08-19,134.7506103515625,135.67999267578125,136.3524932861328,134.25,134.4355010986328,21782000
2021-08-20,136.48812866210938,137.42950439453125,137.5540008544922,135.25,136.0,31194000
2021-08-23,139.08224487304688,140.04150390625,140.87449645996094,137.6074981689453,137.96949768066406,28454000
2021-08-24,140.29388427734375,141.26150512695312,142.0800018310547,140.3385009765625,140.6114959716797,19268000
2021-08-25,141.10577392578125,142.07899475097656,142.1894989013672,141.37600708007812,141.625,15848000
2021-08-26,140.47166442871094,141.4405059814453,142.41749572753906,141.35699462890625,141.75,20610000
2021-08-27,143.01759338378906,144.00399780273438,144.5124969482422,141.4969940185547,141.65249633789062,28780000
2021-08-30,143.60008239746094,144.5904998779297,145.9705047607422,144.16299438476562,144.39999389648438,24434000
2021-08-31,143.7063446044922,144.69749450683594,145.17149353027344,144.281005859375,145.14700317382812,22448000
2021-09-01,144.22080993652344,145.2154998779297,146.25399780273438,144.8834991455078,145.0,21936000
2021-09-02,142.30552673339844,143.28700256347656,145.51950073242188,143.18499755859375,145.21600341796875,32342000
2021-09-03,142.75489807128906,143.739501953125,144.15499877929688,142.40049743652344,143.08050537109375,19850000
2021-09-07,143.29220581054688,144.28050231933594,144.56500244140625,143.61900329589844,143.83450317382812,20124000
2021-09-08,142.7067413330078,143.6909942626953,144.39999389648438,143.0,144.10000610351562,18344000
2021-09-09,142.55776977539062,143.54100036621094,144.3105010986328,143.17750549316406,143.8404998779297,15314000
2021-09-10,139.91102600097656,140.87600708007812,144.718505859375,140.73800659179688,144.21249389648438,36840000
2021-09-13,141.35752868652344,142.33250427246094,142.9499969482422,141.25,141.94949340820312,22094000
2021-09-14,141.5680694580078,142.54449462890625,143.36300659179688,141.75,142.99549865722656,19674000
2021-09-15,143.44017028808594,144.42950439453125,144.45050048828125,141.34750366210938,142.77149963378906,27408000
2021-09-16,142.6262969970703,143.61000061035156,144.3000030517578,142.40150451660156,143.95050048828125,26190000
2021-09-17,139.8355712890625,140.8000030517578,143.4499969482422,140.47000122070312,143.03050231933594,53384000
2021-09-20,137.769287109375,138.71949768066406,139.0,136.32200622558594,138.1614990234375,46518000
2021-09-21,138.08062744140625,139.0330047607422,140.01150512695312,138.2779998779297,139.74949645996094,25332000
2021-09-22,139.32257080078125,140.2834930419922,140.88699340820312,138.55149841308594,139.3040008544922,25056000
2021-09-23,140.24871826171875,141.21600341796875,141.69650268554688,140.40150451660156,140.9875030517578,20952000
2021-09-24,141.2408447265625,142.21499633789062,142.33050537109375,140.24099731445312,140.5384979248047,22984000
2021-09-27,140.1056671142578,141.07200622558594,141.93850708007812,140.0675048828125,140.80450439453125,21882000
2021-09-28,134.8995819091797,135.8300018310547,139.09649658203125,135.36000061035156,138.65499877929688,45772000
2021-09-29,133.43321228027344,134.35350036621094,137.1510009765625,133.86500549316406,136.97999572753906,30848000
2021-09-30,132.76031494140625,133.67599487304688,135.54249572753906,133.55599975585938,134.26150512695312,37996000
2021-10-01,135.60769653320312,136.54299926757812,136.91050720214844,134.072998046875,134.44749450683594,35360000
2021-10-04,132.74395751953125,133.6595001220703,135.9604949951172,131.0500030517578,135.9604949951172,51202000
2021-10-05,135.09127807617188,136.0229949951172,137.22450256347656,134.04100036621094,134.04100036621094,32404000
2021-10-06,136.62271118164062,137.56500244140625,137.75,134.5500030517578,134.75,24364000
2021-10-07,138.27133178710938,139.22500610351562,140.04200744628906,138.6510009765625,138.89199829101562,25110000
2021-10-08,138.8280029296875,139.78550720214844,140.33099365234375,139.21749877929688,139.57699584960938,26526000
2021-10-11,137.96246337890625,138.91400146484375,140.71200561523438,138.85899353027344,139.29200744628906,17954000
2021-10-12,135.5143585205078,136.44900512695312,139.5070037841797,135.75999450683594,139.47999572753906,36332000
2021-10-13,136.63958740234375,137.58200073242188,138.0,136.5189971923828,137.40249633789062,19654000
2021-10-14,140.1841278076172,141.1510009765625,141.33749389648438,138.8249969482422,139.4739990234375,31894000
2021-10-15,140.39964294433594,141.3679962158203,141.71800231933594,140.7550048828125,141.614501953125,30274000
2021-10-18,141.8000030517578,142.7779998779297,142.79600524902344,141.0695037841797,141.07650756835938,20396000
2021-10-19,142.25584411621094,143.23699951171875,143.66250610351562,142.60000610351562,143.3874969482422,20164000
2021-10-20,140.7978973388672,141.7689971923828,143.54600524902344,141.37649536132812,143.33799743652344,23288000
2021-10-21,140.9141082763672,141.88600158691406,142.156005859375,140.5,141.7689971923828,26292000
2021-10-22,136.62417602539062,137.56649780273438,140.58299255371094,136.05599975585938,139.14999389648438,50588000
2021-10-25,136.50550842285156,137.44700622558594,138.0,135.4239959716797,137.5500030517578,34412000
2021-10-26,138.35426330566406,139.30850219726562,140.08299255371094,138.30450439453125,139.2635040283203,49236000
2021-10-27,145.2159423828125,146.21749877929688,148.64999389648438,139.40499877929688,139.40499877929688,85782000
2021-10-28,144.84994506835938,145.8489990234375,147.1580047607422,144.6269989013672,147.13450622558594,36206000
2021-10-29,147.03192138671875,148.04600524902344,148.24200439453125,144.64950561523438,145.0780029296875,43320000
2021-11-01,142.51406860351562,143.4969940185547,148.04600524902344,143.22549438476562,148.04600524902344,46924000
2021-11-02,144.43630981445312,145.4324951171875,146.60899353027344,144.3354949951172,144.57949829101562,33482000
2021-11-03,145.5938262939453,146.59800720214844,146.66900634765625,144.59100341796875,145.90049743652344,27494000
2021-11-04,147.2518768310547,148.2675018310547,149.73350524902344,146.30799865722656,147.12449645996094,38412000
2021-11-05,147.8323974609375,148.8520050048828,150.32749938964844,148.19700622558594,149.16949462890625,38354000
2021-11-08,148.01014709472656,149.031005859375,150.61500549316406,148.4304962158203,149.8249969482422,23052000
2021-11-09,147.8984375,148.9185028076172,149.83450317382812,147.2449951171875,149.23300170898438,19530000
2021-11-10,144.89413452148438,145.89349365234375,148.07000732421875,144.53750610351562,147.5,29970000
2021-11-11,144.76800537109375,145.76649475097656,147.53550720214844,145.60049438476562,146.489501953125,16518000
2021-11-12,147.65957641601562,148.67799377441406,148.85000610351562,145.41099548339844,146.61549377441406,22360000
2021-11-15,147.43511962890625,148.45199584960938,149.54949951171875,147.5749969482422,148.90049743652344,23508000
2021-11-16,146.8630828857422,147.87600708007812,148.7624969482422,147.3125,148.14950561523438,18904000
2021-11-17,147.0329132080078,148.0469970703125,148.5594940185547,147.24000549316406,148.02749633789062,19594000
2021-11-18,148.81211853027344,149.8385009765625,150.58050537109375,147.88450622558594,148.2415008544922,35608000
2021-11-19,147.90635681152344,148.92649841308594,150.9665069580078,148.8990020751953,149.97549438476562,33682000
2021-11-22,145.29983520507812,146.302001953125,149.82949829101562,146.1475067138672,149.33250427246094,30594000
2021-11-23,144.7834014892578,145.78199768066406,146.66000366210938,144.11500549316406,146.1529998779297,27218000
2021-11-24,145.1190948486328,146.1199951171875,146.24949645996094,144.3730010986328,145.47349548339844,18040000
2021-11-26,141.2090606689453,142.18299865722656,144.5574951171875,141.84249877929688,144.34849548339844,30470000
2021-11-29,144.53363037109375,145.53050231933594,146.29750061035156,143.89349365234375,144.0,32596000
2021-11-30,140.92555236816406,141.8975067138672,146.0,141.60150146484375,145.0084991455078,42068000
2021-12-01,140.0853271484375,141.05149841308594,145.95050048828125,140.91200256347656,144.0,34020000
2021-12-02,141.9866943359375,142.96600341796875,143.864501953125,140.21449279785156,141.25,29194000
2021-12-03,141.02880859375,142.00149536132812,144.39999389648438,140.30099487304688,143.68099975585938,41230000
2021-12-06,142.1743927001953,143.15499877929688,143.8524932861328,140.14999389648438,143.04049682617188,30618000
2021-12-07,146.26071166992188,147.26950073242188,147.531005859375,145.2274932861328,145.59649658203125,32240000
2021-12-08,147.1714324951172,148.18649291992188,148.39300537109375,146.406005859375,147.59649658203125,24270000
2021-12-09,146.62716674804688,147.6385040283203,149.10000610351562,147.11500549316406,147.59100341796875,23270000
2021-12-10,146.98770141601562,148.00149536132812,148.9774932861328,146.70399475097656,148.6999969482422,24458000
2021-12-13,144.82762145996094,145.82650756835938,147.97000122070312,145.5175018310547,147.781494140625,27070000
2021-12-14,142.9212646484375,143.90699768066406,144.47999572753906,141.21499633789062,143.96800231933594,38446000
2021-12-15,145.43789672851562,146.4409942626953,146.7209930419922,141.67799377441406,143.40899658203125,36370000
2021-12-16,143.45558166503906,144.44500732421875,147.677001953125,143.60699462890625,147.17050170898438,33650000
2021-12-17,140.75421142578125,141.72500610351562,143.83450317382812,141.3000030517578,142.5,50416000
2021-12-20,140.6370086669922,141.60699462890625,141.77450561523438,139.3209991455078,140.0,27192000
2021-12-21,142.48974609375,143.47250366210938,143.86900329589844,140.50250244140625,142.05349731445312,28756000
2021-12-22,145.41207885742188,146.4149932861328,146.5,143.0675048828125,143.0675048828125,26322000
2021-12-23,145.91012573242188,146.91650390625,148.24349975585938,146.45199584960938,146.5,26384000
2021-12-27,146.89334106445312,147.906494140625,148.343994140625,147.16949462890625,147.25599670410156,15976000
2021-12-28,145.68223571777344,146.68699645996094,148.2989959716797,146.05450439453125,148.23599243164062,18200000
2021-12-29,145.6504364013672,146.65499877929688,147.41700744628906,145.6475067138672,146.64450073242188,17788000
2021-12-30,145.1990509033203,146.20050048828125,147.3000030517578,145.9945068359375,146.69400024414062,15688000
2021-12-31,143.85980224609375,144.8520050048828,146.69850158691406,144.8520050048828,146.0500030517578,18136000
2022-01-03,143.9983367919922,144.9915008544922,145.8509979248047,143.71299743652344,145.05499267578125,28646000
2022-01-04,143.410400390625,144.39950561523438,146.48500061035156,143.7165069580078,145.39599609375,28400000
2022-01-05,136.83126831054688,137.77499389648438,144.49949645996094,137.68800354003906,144.4199981689453,54618000
2022-01-06,136.80393981933594,137.74749755859375,139.94000244140625,136.55850219726562,136.99850463867188,37348000
2022-01-07,136.07846069335938,137.01699829101562,138.44850158691406,135.76649475097656,138.14549255371094,29760000
2022-01-10,137.71963500976562,138.66949462890625,138.8195037841797,133.1645050048828,135.0780029296875,44408000
2022-01-11,138.77882385253906,139.73599243164062,140.21600341796875,136.6925048828125,138.0070037841797,28730000
2022-01-12,140.46173095703125,141.4304962158203,142.60800170898438,140.6945037841797,141.14999389648438,26108000
2022-01-13,137.63771057128906,138.58700561523438,142.85000610351562,138.40899658203125,141.5399932861328,31436000
2022-01-14,138.5250701904297,139.48049926757812,140.74200439453125,136.99850463867188,137.07899475097656,29662000
2022-01-18,135.0664520263672,135.9980010986328,137.13150024414062,135.43850708007812,136.1750030517578,34872000
2022-01-19,134.1909637451172,135.1165008544922,137.95950317382812,135.0155029296875,136.52349853515625,28648000
2022-01-20,132.3943634033203,133.3074951171875,137.62600708007812,132.96449279785156,136.25,29908000
2022-01-21,129.45863342285156,130.35150146484375,134.86549377441406,130.0865020751953,132.593505859375,55652000
2022-01-24,129.90802001953125,130.8040008544922,131.2030029296875,124.5,125.97799682617188,76622000
2022-01-25,126.06550598144531,126.93499755859375,129.3990020751953,126.50050354003906,128.74000549316406,46960000
2022-01-26,128.3477783203125,129.23300170898438,133.0,127.14199829101562,131.11900329589844,49130000
2022-01-27,128.12132263183594,129.0050048828125,132.65249633789062,128.9324951171875,131.3040008544922,31950000
2022-01-28,132.4375762939453,133.3509979248047,133.35650634765625,128.48500061035156,129.65899658203125,34362000
2022-01-31,134.376708984375,135.30349731445312,135.47300720214844,132.20950317382812,134.16200256347656,39986000
2022-02-01,136.70114135742188,137.6439971923828,137.79299926757812,134.36849975585938,137.59449768066406,68644000
2022-02-02,146.9862060546875,148.0,151.54649353027344,145.5225067138672,151.25,123200000
2022-02-03,142.10983276367188,143.08999633789062,149.6750030517578,142.66549682617188,145.70550537109375,71518000
2022-02-04,142.3114471435547,143.29299926757812,144.875,140.51499938964844,143.4445037841797,57998000
2022-02-07,138.2475128173828,139.2010040283203,144.25,138.89999389648438,144.25,54974000
2022-02-08,138.4441375732422,139.3990020751953,140.0,137.01400756835938,139.02650451660156,54284000
2022-02-09,140.62208557128906,141.5919952392578,142.52450561523438,140.18699645996094,140.9635009765625,40144000
2022-02-10,137.6704559326172,138.6199951171875,141.4844970703125,137.95700073242188,139.70350646972656,39330000
2022-02-11,133.3626708984375,134.28250122070312,139.156494140625,133.39999389648438,138.60000610351562,39958000
2022-02-14,134.59768676757812,135.5260009765625,136.3000030517578,133.25650024414062,133.25650024414062,34302000
2022-02-15,135.67276000976562,136.60850524902344,138.10850524902344,135.82150268554688,137.57049560546875,26680000
2022-02-16,136.79452514648438,137.73800659179688,138.08599853515625,134.9239959716797,136.64649963378906,25022000
2022-02-17,131.63111877441406,132.53900146484375,137.11349487304688,132.47850036621094,136.2429962158203,38950000
2022-02-18,129.50975036621094,130.4029998779297,134.07000732421875,130.19650268554688,133.4669952392578,45620000
2022-02-22,128.92428588867188,129.81350708007812,132.1804962158203,128.22349548339844,129.83799743652344,44990000
2022-02-23,126.71403503417969,127.58799743652344,132.05099487304688,127.52749633789062,131.64849853515625,32786000
2022-02-24,131.78208923339844,132.6909942626953,133.0,124.95349884033203,124.95349884033203,54456000
2022-02-25,133.53848266601562,134.45950317382812,135.27149963378906,131.75149536132812,133.552001953125,36406000
2022-02-28,134.1318817138672,135.0570068359375,135.75149536132812,132.59249877929688,133.0500030517578,38864000
2022-03-01,133.1431884765625,134.06149291992188,136.2554931640625,133.218505859375,134.8784942626953,26496000
2022-03-02,133.64971923828125,134.57150268554688,135.2624969482422,133.07150268554688,134.6280059814453,23520000
2022-03-03,132.98231506347656,133.89950561523438,136.4394989013672,133.02549743652344,136.00999450683594,24604000
2022-03-04,131.0029296875,131.906494140625,133.85150146484375,130.33749389648438,132.92750549316406,30430000
2022-03-07,125.51282501220703,126.37850189208984,131.73500061035156,126.29499816894531,131.48800659179688,45112000
2022-03-08,126.23385620117188,127.10449981689453,131.25,125.67449951171875,126.25,40428000
2022-03-09,132.50608825683594,133.4199981689453,133.73550415039062,129.90049743652344,131.25,37026000
2022-03-10,131.52236938476562,132.42950439453125,133.27200317382812,130.91250610351562,131.26600646972656,27102000
2022-03-11,128.9809112548828,129.87049865722656,133.79550170898438,129.63150024414062,133.48849487304688,31526000
2022-03-14,125.0882568359375,125.95099639892578,130.40899658203125,125.2750015258789,130.25,38812000
2022-03-15,128.31301879882812,129.197998046875,129.85450744628906,125.72049713134766,126.97599792480469,30920000
2022-03-16,132.3675537109375,133.28050231933594,133.33299255371094,128.7344970703125,130.73300170898438,35576000
2022-03-17,132.9222412109375,133.83900451660156,134.08050537109375,132.18499755859375,133.1490020751953,28264000
2022-03-18,135.1930694580078,136.12550354003906,136.24400329589844,132.2584991455078,133.42449951171875,44566000
2022-03-21,135.16921997070312,136.10150146484375,137.0500030517578,134.09249877929688,136.1634979248047,26832000
2022-03-22,138.909912109375,139.8679962158203,141.0500030517578,136.10150146484375,136.10150146484375,35496000
2022-03-23,137.3283233642578,138.27549743652344,139.5885009765625,137.8350067138672,138.70249938964844,25154000
2022-03-24,140.60226440429688,141.57200622558594,141.61900329589844,137.75050354003906,139.1999969482422,26396000
2022-03-25,140.70254516601562,141.67300415039062,142.03500366210938,139.7375030517578,141.91600036621094,24126000
2022-03-28,140.486572265625,141.45550537109375,142.00250244140625,139.81149291992188,140.90049743652344,35050000
2022-03-29,141.5293426513672,142.5054931640625,143.7935028076172,142.0384979248047,142.6475067138672,34318000
2022-03-30,140.9662322998047,141.93850708007812,142.7205047607422,141.60000610351562,142.4600067138672,19884000
2022-03-31,138.1149139404297,139.0675048828125,142.10800170898438,139.02450561523438,142.05299377441406,37524000
2022-04-01,139.1904754638672,140.15049743652344,140.4709930419922,138.3074951171875,139.5,25942000
2022-04-04,141.99215698242188,142.97149658203125,143.71200561523438,140.3105010986328,140.35850524902344,25942000
2022-04-05,139.6279754638672,140.59100341796875,142.99049377441406,140.38250732421875,142.86900329589844,21418000
2022-04-06,135.6126708984375,136.54800415039062,139.36050415039062,135.51699829101562,138.75,32468000
2022-04-07,134.95767211914062,135.8885040283203,137.1645050048828,134.2274932861328,136.00999450683594,26234000
2022-04-08,132.37449645996094,133.28750610351562,135.6699981689453,132.9654998779297,135.58349609375,25142000
2022-04-11,127.94107055664062,128.82350158691406,132.09249877929688,128.6685028076172,131.82350158691406,36884000
2022-04-12,126.83968353271484,127.7145004272461,131.60000610351562,126.78900146484375,131.60000610351562,32710000
2022-04-13,129.0042266845703,129.8939971923828,130.33399963378906,127.74099731445312,128.0,27928000
2022-04-14,125.8619155883789,126.7300033569336,130.47950744628906,126.60099792480469,130.47950744628906,31598000
2022-04-18,126.80194091796875,127.67649841308594,128.21249389648438,126.18199920654297,127.0,20808000
2022-04-19,129.11846923828125,130.00900268554688,130.33299255371094,126.99949645996094,127.69149780273438,26490000
2022-04-20,127.16293334960938,128.0399932861328,131.3990020751953,127.5,130.89199829101562,31696000
2022-04-21,123.95954132080078,124.81449890136719,130.09849548339844,124.52649688720703,129.25,36446000
2022-04-22,118.81600189208984,119.635498046875,125.4020004272461,118.92500305175781,125.0,56884000
2022-04-25,122.23096466064453,123.0739974975586,123.27749633789062,118.51100158691406,119.10099792480469,46128000
2022-04-26,117.83726501464844,118.6500015258789,122.51000213623047,118.51100158691406,122.29450225830078,73054000
2022-04-27,113.51161193847656,114.29450225830078,117.24199676513672,112.73650360107422,114.46949768066406,91820000
2022-04-28,117.71063995361328,118.52249908447266,119.64949798583984,114.11499786376953,116.41500091552734,48884000
2022-04-29,113.32786560058594,114.1094970703125,117.91999816894531,113.81449890136719,116.7344970703125,42676000
2022-05-02,115.784423828125,116.58300018310547,116.74549865722656,112.5999984741211,113.40499877929688,35534000
2022-05-03,116.5302734375,117.33399963378906,118.44200134277344,116.03450012207031,116.43049621582031,24968000
2022-05-04,121.42353057861328,122.26100158691406,122.85449981689453,115.11599731445312,117.03150177001953,49916000
2022-05-05,115.70745086669922,116.50550079345703,121.03900146484375,115.00550079345703,120.2040023803711,45840000
2022-05-06,114.95365142822266,115.74649810791016,117.57150268554688,114.0155029296875,115.18450164794922,39710000
2022-05-09,111.74031066894531,112.51100158691406,115.0770034790039,112.00050354003906,113.25,40802000
2022-05-10,113.61139678955078,114.3949966430664,116.25,112.90049743652344,115.50749969482422,39900000
2022-05-11,112.8243408203125,113.60250091552734,116.364501953125,113.23650360107422,113.23650360107422,37534000
2022-05-12,112.07103729248047,112.84400177001953,114.29499816894531,109.82450103759766,111.37750244140625,53836000
2022-05-13,115.25557708740234,116.05049896240234,117.875,113.6050033569336,114.53299713134766,35038000
2022-05-16,113.66107177734375,114.44499969482422,116.16999816894531,113.8895034790039,114.95549774169922,25990000
2022-05-17,115.6751708984375,116.4729995727539,116.9000015258789,114.87000274658203,116.84049987792969,23054000
2022-05-18,111.13301086425781,111.89949798583984,115.4000015258789,111.55549621582031,115.0,35126000
2022-05-19,109.62788391113281,110.38400268554688,113.01000213623047,110.0,111.43150329589844,34144000
2022-05-20,108.16199493408203,108.90799713134766,112.18350219726562,105.79650115966797,111.95099639892578,48962000
2022-05-23,110.72432708740234,111.48799896240234,112.14749908447266,108.74099731445312,109.5875015258789,37184000
2022-05-24,105.24412536621094,105.97000122070312,106.45850372314453,101.8844985961914,105.77200317382812,76780000
2022-05-25,105.08024597167969,105.80500030517578,106.5,103.85649871826172,104.9854965209961,40258000
2022-05-26,107.05414581298828,107.7925033569336,108.64949798583984,105.2249984741211,105.677001953125,37948000
2022-05-27,111.5471420288086,112.31649780273438,112.31800079345703,109.13849639892578,109.48300170898438,37914000
2022-05-31,112.98274993896484,113.76200103759766,115.73500061035156,112.07849884033203,112.74649810791016,50012000
2022-06-01,113.11185455322266,113.89199829101562,117.10150146484375,113.25,114.8550033569336,36606000
2022-06-02,116.81680297851562,117.62249755859375,117.89949798583984,112.94650268554688,114.0,37992000
2022-06-03,113.75640869140625,114.54100036621094,116.32150268554688,113.51850128173828,116.0625,26136000
2022-06-06,116.02030181884766,116.82050323486328,119.34700012207031,116.16400146484375,116.70449829101562,33542000
2022-06-07,116.3470458984375,117.14949798583984,117.69100189208984,115.052001953125,115.48049926757812,31590000
2022-06-08,116.39122772216797,117.19400024414062,118.57050323486328,116.5999984741211,116.7614974975586,26108000
2022-06-09,114.04889678955078,114.83550262451172,118.29900360107422,114.7760009765625,116.32749938964844,25798000
2022-06-10,110.40006256103516,111.1614990234375,113.27899932861328,110.36599731445312,112.44499969482422,41452000
2022-06-13,105.66372680664062,106.39250183105469,108.79149627685547,106.11900329589844,106.7864990234375,47252000
2022-06-14,105.98451232910156,106.71549987792969,107.92449951171875,105.80000305175781,106.53500366210938,33706000
2022-06-15,109.01263427734375,109.7645034790039,111.42350006103516,107.66950225830078,108.54499816894531,39698000
2022-06-16,105.30718994140625,106.03350067138672,108.64849853515625,105.13800048828125,107.22100067138672,51684000
2022-06-17,106.40959167480469,107.14350128173828,108.69950103759766,105.0459976196289,106.03350067138672,51376000
2022-06-21,110.7799301147461,111.54399871826172,112.489501953125,108.5999984741211,108.92949676513672,47416000
2022-06-22,110.72383117675781,111.48750305175781,113.34649658203125,110.38249969482422,110.55650329589844,30774000
2022-06-23,111.47315979003906,112.24199676513672,112.74250030517578,110.50050354003906,112.23149871826172,28362000
2022-06-24,117.16688537597656,117.9749984741211,118.0790023803711,112.95249938964844,112.99500274658203,41164000
2022-06-27,115.04005432128906,115.83350372314453,118.57949829101562,115.17949676513672,118.27300262451172,36420000
2022-06-28,111.2402572631836,112.00749969482422,117.30950164794922,111.8479995727539,115.80249786376953,35792000
2022-06-29,110.93636322021484,111.70149993896484,113.1604995727539,110.87249755859375,111.552001953125,24716000
2022-06-30,108.21662139892578,108.96299743652344,110.88800048828125,106.75,110.0,43170000
2022-07-01,107.99266052246094,108.73750305175781,109.25,106.73049926757812,107.93299865722656,35476000
2022-07-05,112.4871597290039,113.26300048828125,113.37699890136719,105.73149871826172,107.10050201416016,39342000
2022-07-06,113.78720092773438,114.5719985961914,115.5895004272461,111.47599792480469,113.302001953125,37432000
2022-07-07,117.96934509277344,118.78299713134766,119.18949890136719,114.83350372314453,115.08000183105469,40936000
2022-07-08,118.53594207763672,119.35350036621094,119.68499755859375,116.90149688720703,117.25,38238000
2022-07-11,114.8841323852539,115.67649841308594,117.99800109863281,115.33049774169922,117.99800109863281,31196000
2022-07-12,113.23947143554688,114.02050018310547,116.9739990234375,113.69000244140625,116.21499633789062,29960000
2022-07-13,110.59074401855469,111.35350036621094,114.19599914550781,111.20149993896484,111.70099639892578,43722000
2022-07-14,109.61151123046875,110.36750030517578,111.09300231933594,108.37300109863281,110.21050262451172,37004000
2022-07-15,111.01183319091797,111.77749633789062,113.1405029296875,110.9000015258789,112.00050354003906,46770000
2022-07-18,108.28315734863281,109.02999877929688,113.68000030517578,108.37000274658203,112.63999938964844,43164600
2022-07-19,113.0304183959961,113.80999755859375,114.0199966430664,109.55999755859375,110.8499984741211,36530900
2022-07-20,113.11980438232422,113.9000015258789,115.4000015258789,112.4800033569336,113.16999816894531,35600400
2022-07-21,113.55679321289062,114.33999633789062,114.55000305175781,111.11000061035156,114.27999877929688,32676200
2022-07-22,107.16090393066406,107.9000015258789,112.33999633789062,106.5,111.0,48901200
2022-07-25,106.7735824584961,107.51000213623047,109.87000274658203,106.30000305175781,108.41000366210938,34690900
2022-07-26,104.30062103271484,105.0199966430664,107.19999694824219,104.06999969482422,106.5999984741211,47991000
2022-07-27,112.28555297851562,113.05999755859375,113.91000366210938,108.01000213623047,109.26000213623047,59858500
2022-07-28,113.4376220703125,114.22000122070312,114.33999633789062,111.45999908447266,112.37000274658203,32816600
2022-07-29,115.52322387695312,116.31999969482422,116.70999908447266,113.05999755859375,113.08000183105469,37223400
2022-08-01,114.0732192993164,114.86000061035156,116.72000122070312,114.33999633789062,115.30000305175781,26034300
2022-08-02,114.34138488769531,115.12999725341797,116.3499984741211,113.72000122070312,114.0,20236000
2022-08-03,117.27117156982422,118.08000183105469,118.62000274658203,115.4800033569336,115.70999908447266,28499000
2022-08-04,117.38041687011719,118.19000244140625,118.77999877929688,116.88999938964844,117.4800033569336,21602900
2022-08-05,116.66535186767578,117.47000122070312,118.11000061035156,116.0,116.2300033569336,19159500
2022-08-08,116.49650573730469,117.30000305175781,120.1500015258789,116.87999725341797,118.38999938964844,19138300
2022-08-09,115.83109283447266,116.62999725341797,117.31999969482422,115.70999908447266,117.13999938964844,19086500
2022-08-10,118.88006591796875,119.69999694824219,120.91999816894531,118.41000366210938,118.77999877929688,30930400
2022-08-11,118.02595520019531,118.83999633789062,121.48999786376953,118.55999755859375,121.27999877929688,24293700
2022-08-12,120.84651184082031,121.68000030517578,121.68000030517578,119.45999908447266,120.26000213623047,19096300
2022-08-15,121.2437744140625,122.08000183105469,122.30000305175781,120.61000061035156,121.12999725341797,19494800
2022-08-16,120.86637115478516,121.69999694824219,122.43000030517578,120.63999938964844,121.5199966430664,19041200
2022-08-17,118.7311019897461,119.55000305175781,121.29000091552734,119.37999725341797,120.12000274658203,22847000
2022-08-18,119.34685516357422,120.16999816894531,120.81999969482422,118.72000122070312,119.43000030517578,17987700
2022-08-19,116.40713500976562,117.20999908447266,119.1500015258789,116.76000213623047,119.05999755859375,21809500
2022-08-22,113.45747375488281,114.23999786376953,115.62999725341797,113.8499984741211,115.19999694824219,21456600
2022-08-23,113.080078125,113.86000061035156,115.01000213623047,113.43000030517578,113.4800033569336,15870400
2022-08-24,112.91123962402344,113.69000244140625,114.77999877929688,112.87000274658203,113.5,17734600
2022-08-25,115.85096740722656,116.6500015258789,116.72000122070312,114.11000061035156,114.23999786376953,16956800
2022-08-26,109.58418273925781,110.33999633789062,115.12000274658203,110.19000244140625,114.72000122070312,37245700
2022-08-29,108.67049407958984,109.41999816894531,110.94999694824219,108.80000305175781,109.98999786376953,21191200
2022-08-30,108.19377899169922,108.94000244140625,110.5,107.80000305175781,110.16999816894531,27513300
2022-08-31,107.47870635986328,108.22000122070312,110.8499984741211,108.12999725341797,110.6500015258789,28627000
2022-09-01,108.98829650878906,109.73999786376953,110.44999694824219,107.36000061035156,108.27999877929688,28360900
2022-09-02,107.11123657226562,107.8499984741211,110.73999786376953,107.26000213623047,110.58999633789062,24160700
2022-09-06,106.078369140625,106.80999755859375,108.02999877929688,105.77999877929688,107.30000305175781,25068300
2022-09-07,108.70027923583984,109.44999694824219,109.9800033569336,106.9000015258789,107.05999755859375,23167000
2022-09-08,107.63760375976562,108.37999725341797,109.5999984741211,107.16000366210938,108.04000091552734,24238300
2022-09-09,109.89205932617188,110.6500015258789,110.98999786376953,109.0199966430664,109.06999969482422,23197700
2022-09-12,110.10063171386719,110.86000061035156,111.62000274658203,109.93000030517578,110.98999786376953,22966800
2022-09-13,103.60542297363281,104.31999969482422,108.30000305175781,104.08999633789062,107.80000305175781,38172900
2022-09-14,104.28076171875,105.0,105.27999877929688,103.66000366210938,104.56999969482422,26395100
2022-09-15,102.20508575439453,102.91000366210938,105.2699966430664,102.3499984741211,104.02999877929688,34188300
2022-09-16,102.09584045410156,102.80000305175781,103.12999725341797,100.94000244140625,102.06999969482422,42797200
2022-09-19,102.36398315429688,103.06999969482422,103.33000183105469,101.55000305175781,101.75,23036800
2022-09-20,100.44720458984375,101.13999938964844,102.37000274658203,100.5199966430664,102.08000183105469,26517100
2022-09-21,98.5999526977539,99.27999877929688,102.87999725341797,99.2699966430664,101.66999816894531,31487300
2022-09-22,99.45406341552734,100.13999938964844,101.23999786376953,98.79000091552734,98.81999969482422,34298600
2022-09-23,98.06364440917969,98.73999786376953,99.66000366210938,97.47000122070312,99.62999725341797,31625400
2022-09-26,97.4975357055664,98.16999816894531,99.87999725341797,97.80000305175781,98.0999984741211,27072700
2022-09-27,96.83213806152344,97.5,100.0,96.87000274658203,99.43000030517578,30072800
2022-09-28,99.36466979980469,100.05000305175781,100.69999694824219,97.11000061035156,97.6500015258789,32466300
2022-09-29,96.752685546875,97.41999816894531,98.63999938964844,95.95999908447266,98.63999938964844,31047200
2022-09-30,94.99481201171875,95.6500015258789,98.9000015258789,95.55999755859375,97.05000305175781,32941500
2022-10-03,97.9643325805664,98.63999938964844,99.29000091552734,96.5199966430664,96.76000213623047,27982000
2022-10-04,100.94378662109375,101.63999938964844,101.83999633789062,100.37999725341797,100.44000244140625,28850800
2022-10-05,100.73521423339844,101.43000030517578,101.93000030517578,98.80000305175781,99.83000183105469,22176900
2022-10-06,100.72529602050781,101.41999816894531,102.93000030517578,100.58999633789062,100.68000030517578,22324000
2022-10-07,98.00405883789062,98.68000030517578,100.52999877929688,98.30000305175781,99.8499984741211,27502800
2022-10-10,97.1896743774414,97.86000061035156,99.0999984741211,97.01000213623047,99.0,18225100
2022-10-11,96.51433563232422,97.18000030517578,99.25,96.30999755859375,97.43000030517578,26507100
2022-10-12,96.8917236328125,97.55999755859375,98.75,96.73999786376953,97.30000305175781,21876400
2022-10-13,98.38146209716797,99.05999755859375,99.77999877929688,94.37999725341797,95.1500015258789,34574500
2022-10-14,95.89857482910156,96.55999755859375,100.69000244140625,96.37000274658203,99.98999786376953,25410700
2022-10-17,99.28521728515625,99.97000122070312,100.93000030517578,98.83000183105469,98.86000061035156,28419200
2022-10-18,100.07974243164062,100.7699966430664,103.47000122070312,99.97000122070312,103.12999725341797,24060700
2022-10-19,98.94754028320312,99.62999725341797,101.0199966430664,98.91999816894531,100.01000213623047,23811100
2022-10-20,99.28521728515625,99.97000122070312,102.31999969482422,99.38999938964844,100.0,25323200
2022-10-21,100.43727111816406,101.12999725341797,101.30999755859375,97.72000122070312,97.8499984741211,32458700
2022-10-24,101.8177490234375,102.5199966430664,102.75,99.9800033569336,101.80000305175781,27176400
2022-10-25,103.76433563232422,104.4800033569336,104.81999969482422,102.72000122070312,102.9000015258789,40611400
2022-10-26,94.27974700927734,94.93000030517578,98.30999755859375,94.69000244140625,96.43000030517578,88114100
2022-10-27,91.58830261230469,92.22000122070312,95.43000030517578,91.80000305175781,94.5199966430664,60710900
2022-10-28,95.63043212890625,96.29000091552734,96.55000305175781,92.12999725341797,92.2699966430664,43697300
2022-10-31,93.86263275146484,94.51000213623047,96.02999877929688,93.9800033569336,95.41999816894531,31675000
2022-11-01,89.85029602050781,90.47000122070312,96.02999877929688,90.37000274658203,95.44999694824219,47161400
2022-11-02,86.374267578125,86.97000122070312,91.18000030517578,86.87999725341797,90.94000244140625,57038300
2022-11-03,82.8585205078125,83.43000030517578,86.5199966430664,83.33999633789062,86.31999969482422,61288000
2022-11-04,85.98693084716797,86.58000183105469,86.63999938964844,83.70999908447266,85.4000015258789,51124900
2022-11-07,87.88385009765625,88.48999786376953,88.9000015258789,86.8499984741211,87.27999877929688,34078900
2022-11-08,88.29106140136719,88.9000015258789,90.31999969482422,87.58999633789062,88.9000015258789,30429000
2022-11-09,86.72187042236328,87.31999969482422,89.44000244140625,87.27999877929688,88.44999694824219,31769100
2022-11-10,93.2965316772461,93.94000244140625,94.38999938964844,91.61000061035156,92.25,51620100
2022-11-11,95.7496109008789,96.41000366210938,96.93000030517578,93.91999816894531,94.69000244140625,33090500
2022-11-14,95.04446411132812,95.69999694824219,96.79000091552734,94.51000213623047,95.08999633789062,30179500
2022-11-15,97.76570892333984,98.44000244140625,100.13999938964844,96.70999908447266,98.26000213623047,41640800
2022-11-16,98.17288970947266,98.8499984741211,99.63999938964844,97.63999938964844,97.9000015258789,29105200
2022-11-17,97.68624114990234,98.36000061035156,99.27999877929688,96.79000091552734,96.97000122070312,26052600
2022-11-18,96.76261901855469,97.43000030517578,98.9000015258789,96.37000274658203,98.7699966430664,28342300
2022-11-21,94.94515228271484,95.5999984741211,98.4000015258789,95.36000061035156,97.29000091552734,21647400
2022-11-22,96.3852310180664,97.05000305175781,97.22000122070312,94.05000305175781,95.94999694824219,23438500
2022-11-23,97.78556823730469,98.45999908447266,98.76000213623047,97.08999633789062,97.08999633789062,18868100
2022-11-25,96.79241180419922,97.45999908447266,98.63999938964844,97.4000015258789,98.23999786376953,9701400
2022-11-28,95.3920669555664,96.05000305175781,97.58000183105469,95.61000061035156,97.04000091552734,26237500
2022-11-29,94.5379638671875,95.19000244140625,96.12000274658203,94.11000061035156,95.7300033569336,20061700
2022-11-30,100.29823303222656,100.98999786376953,101.04000091552734,94.41999816894531,94.81999969482422,43647500
2022-12-01,100.29823303222656,100.98999786376953,102.25,100.25,101.0199966430664,28687100
2022-12-02,99.75200653076172,100.44000244140625,100.7699966430664,98.9000015258789,99.05000305175781,21480700
2022-12-05,98.798583984375,99.4800033569336,101.37999725341797,99.0,99.4000015258789,24405100
2022-12-06,96.3156967163086,96.9800033569336,99.77999877929688,96.41999816894531,99.30000305175781,24910700
2022-12-07,94.2896728515625,94.94000244140625,96.87999725341797,94.72000122070312,96.41000366210938,31045400
2022-12-08,93.06810760498047,93.70999908447266,95.58000183105469,93.44999694824219,95.37999725341797,32213300
2022-12-09,92.19412994384766,92.83000183105469,94.26000213623047,92.75,93.7699966430664,28225400
2022-12-12,92.67084503173828,93.30999755859375,93.55999755859375,91.61000061035156,92.70999908447266,29420000
2022-12-13,94.9749526977539,95.62999725341797,99.52999877929688,95.02999877929688,97.76000213623047,40593700
2022-12-14,94.41877746582031,95.06999969482422,96.87000274658203,93.5999984741211,95.19999694824219,28733600
2022-12-15,90.23761749267578,90.86000061035156,93.63999938964844,90.01000213623047,93.12999725341797,40107000
2022-12-16,89.64173126220703,90.26000213623047,91.33000183105469,89.5199966430664,90.76000213623047,58011800
2022-12-19,87.8342056274414,88.44000244140625,90.55999755859375,88.20999908447266,90.26000213623047,29493000
2022-12-20,88.41022491455078,89.0199966430664,89.18000030517578,87.44000244140625,88.11000061035156,23453800
2022-12-21,88.96639251708984,89.58000183105469,90.22000122070312,88.31999969482422,89.08000183105469,24745600
2022-12-22,87.15884399414062,87.76000213623047,88.54000091552734,86.31999969482422,88.16000366210938,27658300
2022-12-23,88.61878967285156,89.2300033569336,89.55000305175781,87.06999969482422,87.11000061035156,23003000
2022-12-27,86.7913818359375,87.38999938964844,88.94000244140625,87.01000213623047,88.80000305175781,20097300
2022-12-28,85.43077087402344,86.0199966430664,88.04000091552734,85.94000244140625,86.9800033569336,19523200
2022-12-29,87.84412384033203,88.44999694824219,88.8499984741211,86.61000061035156,86.62000274658203,23333500
2022-12-30,87.62564849853516,88.2300033569336,88.30000305175781,86.56999969482422,86.9800033569336,23986300
2023-01-03,88.5095443725586,89.12000274658203,91.05000305175781,88.5199966430664,89.58999633789062,28131200
2023-01-04,87.47666931152344,88.08000183105469,90.6500015258789,87.2699966430664,90.3499984741211,34854800
2023-01-05,85.60953521728516,86.19999694824219,87.56999969482422,85.9000015258789,87.47000122070312,27194400
2023-01-06,86.74172973632812,87.33999633789062,87.69000244140625,84.86000061035156,86.79000091552734,41381500
2023-01-09,87.41706085205078,88.0199966430664,90.05000305175781,87.86000061035156,88.36000061035156,29003900
2023-01-10,87.81433868408203,88.41999816894531,88.66999816894531,85.83000183105469,85.9800033569336,30467800
2023-01-11,90.89310455322266,91.5199966430664,91.5999984741211,89.01000213623047,89.18000030517578,26862000
2023-01-12,90.50576782226562,91.12999725341797,91.87000274658203,89.75,91.4800033569336,30258100
2023-01-13,91.4889907836914,92.12000274658203,92.19000244140625,90.12999725341797,90.8499984741211,26329200
2023-01-17,90.6646728515625,91.29000091552734,92.25,90.05000305175781,92.05999755859375,32602400
2023-01-18,90.495849609375,91.12000274658203,92.80000305175781,90.63999938964844,92.13999938964844,29116700
2023-01-19,92.4126205444336,93.05000305175781,93.61000061035156,90.62999725341797,90.72000122070312,37000400
2023-01-20,97.34856414794922,98.0199966430664,98.30000305175781,95.0199966430664,95.0999984741211,63191100
2023-01-23,99.10645294189453,99.79000091552734,100.04000091552734,97.5,97.94999694824219,40005100
2023-01-24,97.03076934814453,97.69999694824219,99.61000061035156,97.19999694824219,98.0999984741211,33078500
2023-01-25,94.56776428222656,95.22000122070312,96.16000366210938,93.76000213623047,95.56999969482422,42330000
2023-01-26,96.85199737548828,97.5199966430664,97.56999969482422,95.37999725341797,96.5,30114000
2023-01-27,98.68933868408203,99.37000274658203,100.31999969482422,97.30999755859375,97.30999755859375,33879800
2023-01-30,96.27597045898438,96.94000244140625,98.29000091552734,96.4000015258789,97.4800033569336,27226200
2023-01-31,98.16295623779297,98.83999633789062,98.87999725341797,96.81999969482422,96.87000274658203,29870700
2023-02-01,99.74207305908203,100.43000030517578,101.19000244140625,97.58000183105469,98.70999908447266,35531100
2023-02-02,107.00199890136719,107.73999786376953,107.8499984741211,105.61000061035156,105.80000305175781,69883800
2023-02-03,104.06227111816406,104.77999877929688,107.80999755859375,102.58000183105469,102.93000030517578,65309300
2023-02-06,102.19515991210938,102.9000015258789,104.36000061035156,101.87999725341797,102.4000015258789,31999600
2023-02-07,106.90267944335938,107.63999938964844,108.18000030517578,103.12000274658203,103.22000122070312,49010200
2023-02-08,98.68933868408203,99.37000274658203,103.13999938964844,98.04000091552734,102.05000305175781,94743500
2023-02-09,94.35919952392578,95.01000213623047,100.02999877929688,93.62999725341797,100.0,119455000
2023-02-10,93.9222183227539,94.56999969482422,96.75,94.25,95.44999694824219,54980700
2023-02-13,93.96194458007812,94.61000061035156,95.19999694824219,93.83999633789062,94.73999786376953,50076100
2023-02-14,94.03145599365234,94.68000030517578,94.8499984741211,92.26000213623047,94.43000030517578,54726100
2023-02-15,96.27597045898438,96.94000244140625,97.12000274658203,94.1500015258789,94.48999786376953,50169000
2023-02-16,94.85577392578125,95.51000213623047,97.68000030517578,94.73999786376953,95.37000274658203,42462600
2023-02-17,93.70372009277344,94.3499984741211,95.55999755859375,93.20999908447266,94.8499984741211,34284100
2023-02-21,91.16124725341797,91.79000091552734,93.0999984741211,91.72000122070312,93.0,33629300
2023-02-22,91.02220916748047,91.6500015258789,92.11000061035156,90.61000061035156,91.69999694824219,30884000
2023-02-23,90.26741027832031,90.88999938964844,91.94000244140625,89.76000213623047,91.91999816894531,41206400
2023-02-24,88.51947021484375,89.12999725341797,89.88999938964844,88.58000183105469,89.44000244140625,36585100
2023-02-27,89.25440216064453,89.87000274658203,90.16000366210938,89.33999633789062,89.87000274658203,27502300
2023-02-28,89.44310760498047,90.05999755859375,91.2300033569336,89.31999969482422,89.33000183105469,30142000
2023-03-01,89.74105072021484,90.36000061035156,91.02999877929688,89.66999816894531,89.9800033569336,31111200
2023-03-02,91.36981201171875,92.0,92.27999877929688,89.58999633789062,89.66000366210938,32204400
2023-03-03,93.00851440429688,93.6500015258789,93.7300033569336,92.44999694824219,92.4800033569336,35160100
2023-03-06,94.4783706665039,95.12999725341797,95.97000122070312,94.0,94.0199966430664,32639300
2023-03-07,93.21707916259766,93.86000061035156,95.66999816894531,93.52999877929688,94.9800033569336,27835500
2023-03-08,93.60440826416016,94.25,95.95999908447266,94.0,94.12000274658203,34103300
2023-03-09,91.6876220703125,92.31999969482422,95.52999877929688,91.9000015258789,94.05000305175781,28813500
2023-03-10,90.00919342041016,90.62999725341797,92.79000091552734,90.4000015258789,92.16999816894531,35941000
2023-03-13,90.48590087890625,91.11000061035156,92.56999969482422,89.41999816894531,90.08999633789062,37335600
2023-03-14,93.3263168334961,93.97000122070312,94.36000061035156,92.44000244140625,92.55999755859375,36050200
2023-03-15,95.45166015625,96.11000061035156,96.93000030517578,92.63999938964844,93.22000122070312,50622100
2023-03-16,99.63282775878906,100.31999969482422,101.19000244140625,95.5,96.19999694824219,65492000
2023-03-17,100.9239273071289,101.62000274658203,102.83999633789062,100.0999984741211,100.26000213623047,61028500
2023-03-20,100.52665710449219,101.22000122070312,101.75,99.87000274658203,100.12000274658203,32960400
2023-03-21,104.20130920410156,104.91999816894531,105.0999984741211,101.22000122070312,101.25,42110300
2023-03-22,102.66192626953125,103.37000274658203,106.58999633789062,103.33000183105469,104.2699966430664,43427400
2023-03-23,104.87665557861328,105.5999984741211,106.30000305175781,104.45999908447266,105.05999755859375,40797800
2023-03-24,104.71775817871094,105.44000244140625,105.48999786376953,103.83999633789062,104.98999786376953,30393300
2023-03-27,101.75816345214844,102.45999908447266,104.76000213623047,101.93000030517578,104.62000274658203,31120900
2023-03-28,100.33795928955078,101.02999877929688,102.44999694824219,99.73999786376953,102.44000244140625,32057900
2023-03-29,100.69548797607422,101.38999938964844,102.48999786376953,100.6500015258789,102.27999877929688,28779600
2023-03-30,100.19892120361328,100.88999938964844,101.16000366210938,99.77999877929688,100.91000366210938,33086200
2023-03-31,103.01946258544922,103.7300033569336,103.88999938964844,101.04000091552734,101.30000305175781,36863400
2023-04-03,103.64514923095703,104.36000061035156,104.52999877929688,101.93000030517578,102.38999938964844,25035400
2023-04-04,104.002685546875,104.72000122070312,105.58000183105469,104.04000091552734,104.33000183105469,24420100
2023-04-05,103.75439453125,104.47000122070312,106.0999984741211,103.66000366210938,105.77999877929688,28290500
2023-04-06,107.67733001708984,108.41999816894531,109.16999816894531,104.33000183105469,105.26000213623047,48711500
2023-04-10,105.71090698242188,106.44000244140625,107.58999633789062,105.12000274658203,106.9800033569336,27067400
2023-04-11,104.62836456298828,105.3499984741211,106.7300033569336,104.68000030517578,106.55000305175781,26311800
2023-04-12,103.92322540283203,104.63999938964844,106.75,104.33999633789062,106.58000183105469,24370300
2023-04-13,106.69412994384766,107.43000030517578,107.48999786376953,105.83999633789062,105.83999633789062,24843600
2023-04-14,108.124267578125,108.87000274658203,108.94000244140625,106.83999633789062,106.88999938964844,26578000
2023-04-17,105.24412536621094,105.97000122070312,106.16000366210938,104.5199966430664,104.66000366210938,37571200
2023-04-18,103.7841796875,104.5,106.54000091552734,104.06999969482422,106.48999786376953,26596400
2023-04-19,103.46638488769531,104.18000030517578,104.9800033569336,103.06999969482422,103.58000183105469,20905700
2023-04-20,104.56877899169922,105.29000091552734,106.25,103.87000274658203,103.91000366210938,27820800
2023-04-21,104.68795776367188,105.41000366210938,106.0,104.77999877929688,105.47000122070312,25800100
2023-04-24,105.24412536621094,105.97000122070312,106.62999725341797,104.69999694824219,105.48999786376953,23542800
2023-04-25,103.13863372802734,103.8499984741211,106.69000244140625,103.83999633789062,105.83000183105469,46664100
2023-04-26,102.99959564208984,103.70999908447266,106.3499984741211,102.62999725341797,104.91999816894531,53347600
2023-04-27,106.85301971435547,107.58999633789062,108.37000274658203,103.54000091552734,104.44999694824219,50089200
2023-04-28,106.60472869873047,107.33999633789062,107.3499984741211,105.08999633789062,107.04000091552734,36139800
2023-05-01,106.46568298339844,107.19999694824219,107.98999786376953,106.81999969482422,106.83999633789062,26681700
2023-05-02,104.59857177734375,105.31999969482422,107.19999694824219,103.70999908447266,107.13999938964844,30997200
2023-05-03,104.68795776367188,105.41000366210938,107.48999786376953,104.95999908447266,105.52999877929688,21795400
2023-05-04,103.97289276123047,104.69000244140625,105.5999984741211,103.97000122070312,105.48999786376953,23419500
2023-05-05,104.84686279296875,105.56999969482422,105.87999725341797,104.11000061035156,104.81999969482422,26639300
2023-05-08,107.03179168701172,107.7699966430664,107.95999908447266,105.16000366210938,105.18000030517578,26511400
2023-05-09,106.61466979980469,107.3499984741211,110.1500015258789,107.19000244140625,108.38999938964844,36360100
2023-05-10,110.98452758789062,111.75,112.94000244140625,107.93000030517578,107.97000122070312,63153400
2023-05-11,115.7715072631836,116.56999969482422,117.91999816894531,114.41000366210938,115.4000015258789,78900000
2023-05-12,116.70508575439453,117.51000213623047,118.02999877929688,116.11000061035156,116.68000030517578,41102300
2023-05-15,115.71192169189453,116.51000213623047,118.4800033569336,116.01000213623047,116.11000061035156,36266800
2023-05-16,118.69137573242188,119.51000213623047,120.75,116.43000030517578,116.48999786376953,45035600
2023-05-17,120.01226806640625,120.83999633789062,121.66999816894531,118.88999938964844,119.61000061035156,33323600
2023-05-18,121.98863220214844,122.83000183105469,123.30999755859375,120.83000183105469,120.94999694824219,35234200
2023-05-19,121.91911315917969,122.76000213623047,125.97000122070312,122.1500015258789,123.55000305175781,41353400
2023-05-22,124.19342803955078,125.05000305175781,126.43000030517578,122.73999786376953,122.94000244140625,35253000
2023-05-23,121.72048950195312,122.55999755859375,124.62999725341797,122.20999908447266,124.16000366210938,34046300
2023-05-24,120.07186126708984,120.9000015258789,121.91000366210938,119.86000061035156,121.12000274658203,34182600
2023-05-25,122.63419342041016,123.4800033569336,125.31999969482422,121.95999908447266,124.5199966430664,42317000
2023-05-26,123.75643920898438,124.61000061035156,125.26000213623047,122.44999694824219,123.16999816894531,35635900
2023-05-30,122.82288360595703,123.66999816894531,125.66000366210938,122.0,125.63999938964844,35076700
2023-05-31,122.02835845947266,122.87000274658203,124.05999755859375,122.5,122.75,37325800
2023-06-01,122.8725357055664,123.72000122070312,124.41999816894531,122.62000274658203,122.81999969482422,30772700
2023-06-02,123.81602478027344,124.66999816894531,126.1500015258789,123.76000213623047,123.98999786376953,26980100
2023-06-05,125.1468505859375,126.01000213623047,127.43000030517578,123.83999633789062,124.01000213623047,32305500
2023-06-06,126.43795013427734,127.30999755859375,128.2899932861328,125.36000061035156,126.01000213623047,26638300
2023-06-07,121.66089630126953,122.5,129.0399932861328,122.12000274658203,126.97000122070312,52539000
2023-06-08,121.30335998535156,122.13999938964844,123.2300033569336,121.23999786376953,122.2300033569336,29389200
2023-06-09,121.39274597167969,122.2300033569336,123.76000213623047,121.91000366210938,122.25,23778300
2023-06-12,122.79308319091797,123.63999938964844,124.05000305175781,121.66000366210938,122.79000091552734,28306400
2023-06-13,122.98178100585938,123.83000183105469,125.16000366210938,123.18000030517578,124.9800033569336,22278300
2023-06-14,122.82288360595703,123.66999816894531,124.05000305175781,121.44999694824219,123.0999984741211,30592300
2023-06-15,124.23314666748047,125.08999633789062,125.45999908447266,122.4000015258789,123.13999938964844,35246300
2023-06-16,122.683837890625,123.52999877929688,126.11000061035156,123.27999877929688,125.93000030517578,45535600
2023-06-20,122.25678253173828,123.0999984741211,124.56999969482422,122.13999938964844,122.93000030517578,26097500
2023-06-21,119.72425079345703,120.55000305175781,122.66000366210938,120.0999984741211,122.4000015258789,30306300
2023-06-22,122.30643463134766,123.1500015258789,123.23999786376953,118.83000183105469,120.0,26952200
2023-06-23,121.50198364257812,122.33999633789062,122.79000091552734,121.05999755859375,121.37999725341797,34913600
2023-06-26,117.52938842773438,118.33999633789062,122.0,118.2699966430664,120.76000213623047,33969900
2023-06-27,117.51945495605469,118.33000183105469,119.08000183105469,116.0999984741211,117.08000183105469,39535900
2023-06-28,119.3567886352539,120.18000030517578,120.38999938964844,116.8499984741211,117.08999633789062,27091400
2023-06-29,118.2841796875,119.0999984741211,120.05999755859375,118.30000305175781,119.23999786376953,24090900
2023-06-30,118.88006591796875,119.69999694824219,121.08000183105469,119.69000244140625,120.16999816894531,29532200
2023-07-03,119.07870483398438,119.9000015258789,120.19000244140625,118.81999969482422,119.23999786376953,14467900
2023-07-05,120.91603088378906,121.75,122.61000061035156,119.2300033569336,119.23999786376953,27584800
2023-07-06,119.28726196289062,120.11000061035156,120.30000305175781,118.4000015258789,119.80000305175781,24745200
2023-07-07,118.66158294677734,119.4800033569336,121.05000305175781,119.4000015258789,120.0999984741211,21709500
2023-07-10,115.65233612060547,116.44999694824219,118.30999755859375,116.13999938964844,118.30000305175781,35315200
2023-07-11,116.33760070800781,117.13999938964844,117.70999908447266,115.3499984741211,116.29000091552734,23078800
2023-07-12,118.11534118652344,118.93000030517578,120.33000183105469,118.41000366210938,118.80000305175781,30404400
2023-07-13,123.68692016601562,124.54000091552734,124.83000183105469,120.44999694824219,120.93000030517578,44297900
2023-07-14,124.5608901977539,125.41999816894531,126.77999877929688,123.48999786376953,124.80000305175781,33283100
2023-07-17,123.7961654663086,124.6500015258789,127.0999984741211,124.19999694824219,125.94000244140625,25716200
2023-07-18,122.91226196289062,123.76000213623047,124.68000030517578,122.95999908447266,124.5999984741211,26193600
2023-07-19,121.19409942626953,122.02999877929688,125.18000030517578,121.80000305175781,124.5999984741211,37224000
2023-07-20,118.38349914550781,119.19999694824219,124.08999633789062,118.22000122070312,121.41999816894531,37906800
2023-07-21,119.1978759765625,120.0199966430664,120.98999786376953,118.7300033569336,120.62000274658203,72937900
2023-07-24,120.69754791259766,121.52999877929688,123.0,120.9800033569336,121.66000366210938,29686100
2023-07-25,121.37287139892578,122.20999908447266,123.1500015258789,121.0199966430664,121.36000061035156,52509600
2023-07-26,128.384521484375,129.27000427246094,130.97999572753906,128.32000732421875,130.07000732421875,61682100
2023-07-27,128.51361083984375,129.39999389648438,133.24000549316406,128.7899932861328,131.6699981689453,44952100
2023-07-28,131.67184448242188,132.5800018310547,133.74000549316406,130.57000732421875,130.77999877929688,36591200
2023-07-31,131.81088256835938,132.72000122070312,133.52999877929688,131.77999877929688,132.72999572753906,28055500
2023-08-01,130.64889526367188,131.5500030517578,132.6300048828125,130.67999267578125,130.77999877929688,23166800
2023-08-02,127.50061798095703,128.3800048828125,130.08999633789062,127.55999755859375,129.4499969482422,26273300
2023-08-03,127.57012176513672,128.4499969482422,129.38999938964844,127.41999816894531,127.97000122070312,20089500
2023-08-04,127.23246765136719,128.11000061035156,131.50999450683594,127.91000366210938,129.27999877929688,26147200
2023-08-07,130.62904357910156,131.52999877929688,131.61000061035156,129.02000427246094,129.16000366210938,22746300
2023-08-08,130.4999237060547,131.39999389648438,131.50999450683594,129.5399932861328,130.6199951171875,23535200
2023-08-09,128.77186584472656,129.66000366210938,132.0399932861328,129.0,131.66000366210938,24912900
2023-08-10,128.80165100097656,129.69000244140625,132.0500030517578,129.4499969482422,131.32000732421875,20857800
2023-08-11,128.67251586914062,129.55999755859375,129.92999267578125,128.1699981689453,128.66000366210938,19591100
2023-08-14,130.430419921875,131.3300018310547,131.3699951171875,128.9600067138672,129.38999938964844,24695600
2023-08-15,128.8910369873047,129.77999877929688,131.4199981689453,129.27999877929688,131.10000610351562,19770700
2023-08-16,127.81841278076172,128.6999969482422,130.27999877929688,127.87000274658203,128.6999969482422,25216100
2023-08-17,129.03005981445312,129.9199981689453,131.99000549316406,129.2899932861328,129.8000030517578,33446300
2023-08-18,126.5869140625,127.45999908447266,129.25,126.37999725341797,128.50999450683594,30504800
2023-08-21,127.49066925048828,128.3699951171875,128.72999572753906,126.55999755859375,127.18000030517578,25248700
2023-08-22,128.19583129882812,129.0800018310547,130.27999877929688,128.32000732421875,128.50999450683594,22054900
2023-08-23,131.46328735351562,132.3699951171875,133.41000366210938,129.8699951171875,130.17999267578125,27819700
2023-08-24,128.8910369873047,129.77999877929688,134.25,129.57000732421875,133.9499969482422,28500700
2023-08-25,128.99034118652344,129.8800048828125,130.75999450683594,127.25,129.5399932861328,26762900
2023-08-28,130.1125946044922,131.00999450683594,132.5399932861328,130.13999938964844,131.30999755859375,20543300
2023-08-29,133.64822387695312,134.57000732421875,136.57000732421875,132.24000549316406,132.24000549316406,43075600
2023-08-30,134.9492645263672,135.8800048828125,136.27999877929688,134.07000732421875,134.77999877929688,28315800
2023-08-31,135.2372589111328,136.1699981689453,138.0,135.7899932861328,136.00999450683594,30053800
2023-09-01,134.7307586669922,135.66000366210938,137.4600067138672,134.85000610351562,137.4600067138672,21543700
2023-09-05,134.83999633789062,135.77000427246094,136.4199981689453,134.5800018310547,135.44000244140625,19403100
2023-09-06,133.5389862060547,134.4600067138672,136.52999877929688,133.6699981689453,136.02000427246094,18684500
2023-09-07,134.33349609375,135.25999450683594,135.5800018310547,132.9499969482422,133.58999633789062,18844300
2023-09-08,135.44581604003906,136.3800048828125,136.66000366210938,134.85000610351562,134.91000366210938,23558300
2023-09-11,135.9821319580078,136.9199981689453,137.47999572753906,135.7899932861328,136.5399932861328,20763400
2023-09-12,134.41294860839844,135.33999633789062,136.8699951171875,135.19000244140625,136.25999450683594,18405500
2023-09-13,135.77354431152344,136.7100067138672,136.89999389648438,134.14999389648438,135.08999633789062,20749500
2023-09-14,137.154052734375,138.10000610351562,138.6999969482422,136.24000549316406,137.60000610351562,24751000
2023-09-15,136.45883178710938,137.39999389648438,138.52000427246094,136.47999572753906,137.97999572753906,38919600
2023-09-18,137.26329040527344,138.2100067138672,139.16000366210938,136.61000061035156,136.61000061035156,21861300
2023-09-19,137.0944366455078,138.0399932861328,138.41000366210938,136.6199951171875,137.4199981689453,20353700
2023-09-20,132.82391357421875,133.74000549316406,138.0800018310547,133.6199951171875,138.0800018310547,29927500
2023-09-21,129.5465087890625,130.44000244140625,132.22999572753906,130.07000732421875,131.44000244140625,31503900
2023-09-22,129.35781860351562,130.25,132.02999877929688,129.60000610351562,130.75999450683594,26397300
2023-09-25,130.21192932128906,131.11000061035156,131.1699981689453,128.9600067138672,129.8300018310547,20094600
2023-09-26,127.68932342529297,128.57000732421875,130.36000061035156,127.22000122070312,129.77000427246094,25718700
2023-09-27,129.64584350585938,130.5399932861328,130.89999389648438,128.57000732421875,128.57000732421875,22746500
2023-09-28,131.40370178222656,132.30999755859375,133.3000030517578,129.7899932861328,129.83999633789062,22513100
2023-09-29,129.963623046875,130.86000061035156,134.0500030517578,130.36000061035156,133.27999877929688,30859800
2023-10-02,133.25096130371094,134.1699981689453,134.4199981689453,131.1699981689453,131.2100067138672,22288000
2023-10-03,131.52285766601562,132.42999267578125,134.25999450683594,131.83999633789062,133.94000244140625,22989400
2023-10-04,134.31362915039062,135.24000549316406,135.57000732421875,132.52999877929688,132.7899932861328,26752300
2023-10-05,134.14479064941406,135.07000732421875,135.49000549316406,133.4499969482422,135.07000732421875,19832600
2023-10-06,136.63758850097656,137.5800018310547,138.16000366210938,134.00999450683594,134.00999450683594,27597600
2023-10-09,137.47183227539062,138.4199981689453,138.94000244140625,135.61000061035156,136.94000244140625,19278100
2023-10-10,137.1143035888672,138.05999755859375,139.72000122070312,137.3300018310547,138.5,27786600
2023-10-11,139.58724975585938,140.5500030517578,141.11000061035156,138.5800018310547,138.5800018310547,25884300
2023-10-12,138.01808166503906,138.97000122070312,141.22000122070312,138.25999450683594,141.0500030517578,24765500
2023-10-13,136.4191131591797,137.36000061035156,140.0,136.6199951171875,139.3800048828125,23420500
2023-10-16,138.14720153808594,139.10000610351562,139.6300048828125,137.99000549316406,138.1699981689453,28501900
2023-10-17,138.76292419433594,139.72000122070312,139.89999389648438,137.17999267578125,138.6300048828125,23515800
2023-10-18,137.01499938964844,137.9600067138672,140.72000122070312,137.3800048828125,139.4499969482422,23375000
2023-10-19,136.80642700195312,137.75,139.66000366210938,137.3800048828125,138.5,26066000
2023-10-20,134.67115783691406,135.60000610351562,137.8699951171875,135.0800018310547,137.3300018310547,26335700
2023-10-23,135.5649871826172,136.5,137.66000366210938,133.9499969482422,135.0399932861328,26317900
2023-10-24,137.85916137695312,138.80999755859375,139.36000061035156,137.4199981689453,137.8300018310547,44814300
2023-10-25,124.74959564208984,125.61000061035156,128.30999755859375,125.06999969482422,128.16000366210938,84366200
2023-10-26,121.44239807128906,122.27999877929688,124.33000183105469,121.2699966430664,123.2699966430664,57061100
2023-10-27,121.33314514160156,122.16999816894531,123.30999755859375,120.20999908447266,122.87999725341797,44566500
2023-10-30,123.60747528076172,124.45999908447266,125.4000015258789,122.75,123.20999908447266,28940100
2023-10-31,123.23007202148438,124.08000183105469,125.37000274658203,122.69000244140625,125.05999755859375,26292300
2023-11-01,125.5838394165039,126.44999694824219,126.48999786376953,123.72000122070312,124.06999969482422,30082400
2023-11-02,126.61671447753906,127.48999786376953,128.97999572753906,126.93000030517578,128.4199981689453,27124600
2023-11-03,128.2156982421875,129.10000610351562,129.52999877929688,127.86000061035156,128.02000427246094,26393100
2023-11-06,129.35781860351562,130.25,130.33999633789062,128.6699981689453,129.0500030517578,19052700
2023-11-07,130.07289123535156,130.97000122070312,131.91000366210938,129.8800048828125,130.7100067138672,29757300
2023-11-08,130.93692016601562,131.83999633789062,132.2100067138672,130.77999877929688,130.97000122070312,26425800
2023-11-09,129.3478546142578,130.24000549316406,132.5500030517578,130.07000732421875,131.9600067138672,23747800
2023-11-10,131.68174743652344,132.58999633789062,132.8000030517578,129.41000366210938,130.10000610351562,26913300
2023-11-13,131.1852264404297,132.08999633789062,132.58999633789062,131.25,131.77999877929688,18324800
2023-11-14,132.7047119140625,133.6199951171875,135.6999969482422,133.32000732421875,134.19000244140625,32395200
2023-11-15,133.6978759765625,134.6199951171875,135.02999877929688,133.57000732421875,134.8699951171875,23861500
2023-11-16,135.99205017089844,136.92999267578125,137.22000122070312,134.32000732421875,135.19000244140625,28013200
2023-11-17,134.3831329345703,135.30999755859375,136.05999755859375,133.64999389648438,136.0,37240600
2023-11-20,135.31671142578125,136.25,136.66000366210938,133.6199951171875,133.69000244140625,27815500
2023-11-21,136.03179931640625,136.97000122070312,137.17999267578125,135.9600067138672,136.2899932861328,22635300
2023-11-22,137.54135131835938,138.49000549316406,139.4199981689453,137.47000122070312,137.47000122070312,17813900
2023-11-24,135.7537078857422,136.69000244140625,138.1300048828125,135.99000549316406,138.02999877929688,12514300
2023-11-27,135.47561645507812,136.41000366210938,138.4199981689453,136.0,136.02999877929688,23436500
2023-11-28,136.26019287109375,137.1999969482422,137.25,135.4199981689453,136.0800018310547,18730000
2023-11-29,134.06533813476562,134.99000549316406,138.2899932861328,134.83999633789062,137.57000732421875,23967200
2023-11-30,131.6221923828125,132.52999877929688,135.5500030517578,131.27999877929688,135.0500030517578,38988300
2023-12-01,130.95677185058594,131.86000061035156,132.11000061035156,130.6699981689453,131.86000061035156,31442300
2023-12-04,128.384521484375,129.27000427246094,130.02999877929688,127.9000015258789,129.8800048828125,36669900
2023-12-05,130.09275817871094,130.99000549316406,132.13999938964844,128.25,128.9499969482422,27384800
2023-12-06,129.12939453125,130.02000427246094,131.83999633789062,129.8800048828125,131.44000244140625,23576200
2023-12-07,135.99205017089844,136.92999267578125,138.55999755859375,134.6999969482422,135.0399932861328,56767100
2023-12-08,134.06533813476562,134.99000549316406,136.39999389648438,134.02999877929688,134.1999969482422,32260100
2023-12-11,132.37698364257812,133.2899932861328,133.33999633789062,131.36000061035156,132.3800048828125,31138000
2023-12-12,131.6122589111328,132.52000427246094,133.0,131.25999450683594,131.80999755859375,29032800
2023-12-13,131.66192626953125,132.57000732421875,133.5,131.57000732421875,133.3800048828125,30104800
2023-12-14,131.03623962402344,131.94000244140625,133.72000122070312,129.69000244140625,133.3800048828125,38722400
2023-12-15,131.69171142578125,132.60000610351562,133.50999450683594,131.17999267578125,131.6199951171875,50847100
2023-12-18,134.8697967529297,135.8000030517578,137.14999389648438,132.42999267578125,132.6300048828125,32258000
2023-12-19,135.71395874023438,136.64999389648438,137.47000122070312,136.0800018310547,136.83999633789062,25476800
2023-12-20,137.3923797607422,138.33999633789062,141.6999969482422,138.07000732421875,138.97000122070312,49107200
2023-12-21,139.45814514160156,140.4199981689453,140.69000244140625,139.17999267578125,139.49000549316406,27488300
2023-12-22,140.52081298828125,141.49000549316406,141.99000549316406,140.7100067138672,140.77000427246094,26532200
2023-12-26,140.55062866210938,141.52000427246094,142.67999267578125,141.19000244140625,141.58999633789062,16780300
2023-12-27,139.4084930419922,140.3699951171875,142.0800018310547,139.88999938964844,141.58999633789062,19628600
2023-12-28,139.2694549560547,140.22999572753906,141.13999938964844,139.75,140.77999877929688,16045700
2023-12-29,138.733154296875,139.69000244140625,140.36000061035156,138.77999877929688,139.6300048828125,18733000
2024-01-02,137.2235565185547,138.1699981689453,139.4499969482422,136.47999572753906,138.5500030517578,23711200
2024-01-03,137.96841430664062,138.9199981689453,139.6300048828125,137.0800018310547,137.25,24212100
2024-01-04,135.4557342529297,136.38999938964844,139.16000366210938,136.35000610351562,138.4199981689453,27137700
2024-01-05,134.80027770996094,135.72999572753906,137.16000366210938,135.14999389648438,136.75,22513900
2024-01-08,137.88897705078125,138.83999633789062,139.00999450683594,136.25999450683594,136.2899932861328,21404000
2024-01-09,139.98452758789062,140.9499969482422,141.49000549316406,138.14999389648438,138.5,24759600
2024-01-10,141.30538940429688,142.27999877929688,143.0,140.91000366210938,141.0,21320200
2024-01-11,141.1067657470703,142.0800018310547,145.22000122070312,140.63999938964844,143.49000549316406,24008700
2024-01-12,141.67286682128906,142.64999389648438,143.1999969482422,141.82000732421875,142.6699981689453,18785500
2024-01-16,141.51397705078125,142.49000549316406,144.35000610351562,141.4499969482422,142.0,22670500
2024-01-17,140.5009765625,141.47000122070312,141.83999633789062,138.89999389648438,141.35000610351562,20968600
2024-01-18,142.49717712402344,143.47999572753906,144.2100067138672,141.99000549316406,142.0500030517578,25746400
2024-01-19,145.37733459472656,146.3800048828125,146.4499969482422,144.3800048828125,144.74000549316406,34271900
2024-01-22,144.99000549316406,145.99000549316406,148.38999938964844,145.83999633789062,147.10000610351562,32200400
2024-01-23,146.0327911376953,147.0399932861328,147.17999267578125,145.5,145.88999938964844,21636100
2024-01-24,147.68142700195312,148.6999969482422,149.85000610351562,148.10000610351562,148.5399932861328,25233500
2024-01-25,150.82969665527344,151.8699951171875,153.0500030517578,149.5399932861328,150.07000732421875,29149100
2024-01-26,151.14752197265625,152.19000244140625,152.5399932861328,151.00999450683594,151.10000610351562,26115500
2024-01-29,152.45848083496094,153.50999450683594,153.77999877929688,151.42999267578125,152.05999755859375,27784300
2024-01-30,150.4225311279297,151.4600067138672,153.6199951171875,151.19000244140625,152.8000030517578,36331800
2024-01-31,139.1403350830078,140.10000610351562,144.0,139.8699951171875,143.6199951171875,71910000
2024-02-01,140.19308471679688,141.16000366210938,143.05999755859375,140.7899932861328,142.1199951171875,40466500
2024-02-02,141.40472412109375,142.3800048828125,142.6199951171875,136.5,139.25999450683594,62499600
2024-02-05,142.69581604003906,143.67999267578125,145.47000122070312,142.77999877929688,142.82000732421875,38505400
2024-02-06,143.1129150390625,144.10000610351562,145.36000061035156,143.19000244140625,144.64999389648438,29128200
2024-02-07,144.54307556152344,145.5399932861328,145.6199951171875,143.92999267578125,144.75999450683594,25208900
2024-02-08,144.91055297851562,145.91000366210938,146.3300018310547,145.10000610351562,145.8300018310547,22563800
2024-02-09,147.9793701171875,149.0,149.44000244140625,146.17999267578125,146.67999267578125,26829500
2024-02-12,146.5194549560547,147.52999877929688,149.33999633789062,147.3699951171875,148.4199981689453,21564100
2024-02-13,144.14581298828125,145.13999938964844,146.6699981689453,143.69000244140625,144.9199981689453,27837700
2024-02-14,144.94032287597656,145.94000244140625,146.52000427246094,144.08999633789062,146.0800018310547,22704200
2024-02-15,141.7920379638672,142.77000427246094,143.52000427246094,140.4600067138672,143.13999938964844,37590700
2024-02-16,139.55747985839844,140.52000427246094,143.19000244140625,140.13999938964844,142.99000549316406,31468900
2024-02-20,140.15335083007812,141.1199951171875,142.0800018310547,139.49000549316406,139.66000366210938,25144700
2024-02-21,141.5735626220703,142.5500030517578,142.69000244140625,140.67999267578125,141.4499969482422,23223300
2024-02-22,143.10299682617188,144.08999633789062,145.0,142.8000030517578,144.92999267578125,27191900
2024-02-23,142.97389221191406,143.9600067138672,144.67999267578125,143.42999267578125,143.6699981689453,19493800
2024-02-26,136.627685546875,137.57000732421875,142.44000244140625,137.38999938964844,142.13999938964844,53641800
2024-02-27,137.9287109375,138.8800048828125,139.25,137.08999633789062,138.02000427246094,33099200
2024-02-28,135.44581604003906,136.3800048828125,138.00999450683594,135.41000366210938,137.89999389648438,37328600
2024-02-29,137.51158142089844,138.4600067138672,138.86000061035156,136.39999389648438,137.27999877929688,42133000
2024-03-01,136.2006072998047,137.13999938964844,138.8699951171875,136.9199981689453,138.42999267578125,31151100
2024-03-04,132.43658447265625,133.35000610351562,135.66000366210938,131.91000366210938,135.66000366210938,55999400
2024-03-05,131.76121520996094,132.6699981689453,133.24000549316406,130.6699981689453,131.8800048828125,40194800
2024-03-06,130.4999237060547,131.39999389648438,133.5800018310547,130.85000610351562,133.1199951171875,35318600
2024-03-07,133.45953369140625,134.3800048828125,134.94000244140625,131.61000061035156,132.7899932861328,37738200
2024-03-08,134.4824676513672,135.41000366210938,138.08999633789062,134.0,134.2100067138672,39370400
2024-03-11,136.7269744873047,137.6699981689453,139.10000610351562,136.1300048828125,136.1300048828125,32437800
2024-03-12,137.55128479003906,138.5,139.3800048828125,137.02999877929688,137.02999877929688,27563400
2024-03-13,138.83242797851562,139.7899932861328,141.08999633789062,138.99000549316406,139.0,23347200
2024-03-14,142.1197967529297,143.10000610351562,143.58999633789062,140.4600067138672,141.19000244140625,42753400
2024-03-15,140.21290588378906,141.17999267578125,143.17999267578125,140.02999877929688,142.5,49475400
2024-03-18,146.66839599609375,147.67999267578125,152.14999389648438,147.1699981689453,148.61000061035156,69273700
2024-03-19,146.02285766601562,147.02999877929688,148.7899932861328,146.0800018310547,148.16000366210938,24070400
2024-03-20,147.7211456298828,148.74000549316406,148.86000061035156,146.74000549316406,148.0,21311500
2024-03-21,146.58895874023438,147.60000610351562,150.3699951171875,146.89999389648438,149.47000122070312,24755600
2024-03-22,149.73724365234375,150.77000427246094,151.5800018310547,148.97999572753906,149.1199951171875,29211800
2024-03-25,149.04205322265625,150.07000732421875,150.3800048828125,147.82000732421875,149.94000244140625,19229300
2024-03-26,149.63792419433594,150.6699981689453,152.25999450683594,149.97999572753906,150.22000122070312,22149100
2024-03-27,149.8365478515625,150.8699951171875,151.63999938964844,148.89999389648438,151.17999267578125,22879200
2024-03-28,149.89614868164062,150.92999267578125,151.42999267578125,150.1699981689453,150.85000610351562,24485400
2024-04-01,154.4249267578125,155.49000549316406,155.74000549316406,150.61000061035156,150.69000244140625,31730800
2024-04-02,153.50128173828125,154.55999755859375,154.6999969482422,152.14999389648438,153.5,24586000
2024-04-03,153.8588104248047,154.9199981689453,155.0800018310547,152.72999572753906,153.60000610351562,24705000
2024-04-04,149.49888610839844,150.52999877929688,154.77000427246094,150.4499969482422,153.5,34724700
2024-04-05,151.45538330078125,152.5,153.4199981689453,149.60000610351562,150.02999877929688,23459200
2024-04-08,153.789306640625,154.85000610351562,155.27000427246094,152.61000061035156,152.77999877929688,20702000
2024-04-09,155.52732849121094,156.60000610351562,158.55999755859375,155.19000244140625,156.08999633789062,31079500
2024-04-10,155.0704803466797,156.13999938964844,156.61000061035156,154.67999267578125,156.2100067138672,22838600
2024-04-11,158.3180694580078,159.41000366210938,159.67999267578125,156.4600067138672,156.91000366210938,27166400
2024-04-12,156.6495819091797,157.72999572753906,160.22000122070312,157.13999938964844,157.9600067138672,25353700
2024-04-15,153.7992401123047,154.86000061035156,159.24000549316406,154.58999633789062,158.86000061035156,27136500
2024-04-16,153.34237670898438,154.39999389648438,155.64999389648438,153.42999267578125,154.19000244140625,20779500
2024-04-17,154.40504455566406,155.47000122070312,157.0800018310547,154.5800018310547,155.6199951171875,21763100
2024-04-18,154.9413604736328,156.00999450683594,156.94000244140625,154.6199951171875,155.33999633789062,19883000
2024-04-19,153.03451538085938,154.08999633789062,156.36000061035156,152.3000030517578,156.1999969482422,32615600
2024-04-22,155.20948791503906,156.27999877929688,157.63999938964844,154.05999755859375,154.30999755859375,26446200
2024-04-23,157.17593383789062,158.25999450683594,158.97000122070312,156.27999877929688,156.9600067138672,21151600
2024-04-24,158.0399932861328,159.1300048828125,159.57000732421875,157.1699981689453,157.49000549316406,22779100
2024-04-25,154.93142700195312,156.0,156.49000549316406,150.8699951171875,151.3300018310547,57109700
2024-04-26,170.7721710205078,171.9499969482422,174.7100067138672,169.64999389648438,174.3699951171875,64665300
2024-04-29,165.01190185546875,166.14999389648438,169.5500030517578,165.2100067138672,169.05999755859375,45610000
2024-04-30,161.66497802734375,162.77999877929688,168.10000610351562,162.60000610351562,165.61000061035156,33562900
2024-05-01,162.73756408691406,163.86000061035156,167.1199951171875,163.08999633789062,164.3000030517578,33493200
2024-05-02,165.47866821289062,166.6199951171875,166.72999572753906,163.88999938964844,164.7899932861328,24294500
2024-05-03,166.0944366455078,167.24000549316406,167.9600067138672,163.0500030517578,167.55999755859375,34662400
2024-05-06,166.9485626220703,168.10000610351562,168.13999938964844,166.02999877929688,167.4600067138672,21871300
2024-05-07,170.0769500732422,171.25,171.75999450683594,168.38999938964844,168.5,28039700
2024-05-08,168.2197723388672,169.3800048828125,170.14999389648438,168.74000549316406,169.0,19569100
2024-05-09,168.79580688476562,169.9600067138672,170.69000244140625,168.17999267578125,169.38999938964844,15346700
2024-05-10,167.4947509765625,168.64999389648438,169.85000610351562,166.19000244140625,168.02999877929688,29799900
2024-05-13,167.98141479492188,169.13999938964844,169.27999877929688,164.0,164.25999450683594,31327600
2024-05-14,169.17318725585938,170.33999633789062,171.25,168.8000030517578,169.77000427246094,25127100
2024-05-15,171.3283233642578,172.50999450683594,172.64999389648438,170.50999450683594,170.6300048828125,26948400
2024-05-16,172.9868621826172,174.17999267578125,175.1199951171875,172.69000244140625,173.2899932861328,27867900
2024-05-17,174.85403442382812,176.05999755859375,176.27000427246094,173.69000244140625,174.17999267578125,24479300
2024-05-20,175.7081298828125,176.9199981689453,178.77000427246094,176.0800018310547,176.19000244140625,22554400
2024-05-21,176.63177490234375,177.85000610351562,178.14999389648438,175.80999755859375,176.89999389648438,16989400
2024-05-22,175.1718292236328,176.3800048828125,177.14999389648438,175.2100067138672,176.63999938964844,17880000
2024-05-23,172.3612060546875,173.5500030517578,178.25,172.9499969482422,177.07000732421875,21024900
2024-05-24,173.7913360595703,174.99000549316406,175.77000427246094,173.64999389648438,174.97999572753906,16579400
2024-05-28,175.19168090820312,176.39999389648438,177.27000427246094,174.3699951171875,174.4499969482422,20572200
2024-05-29,174.69509887695312,175.89999389648438,176.83999633789062,174.72000122070312,175.42999267578125,23388700
2024-05-30,170.9310760498047,172.11000061035156,175.22000122070312,171.7899932861328,175.1999969482422,22931500
2024-05-31,171.31838989257812,172.5,173.05999755859375,169.44000244140625,171.86000061035156,37638900
2024-06-03,171.9838104248047,173.1699981689453,174.52999877929688,171.16000366210938,172.5399932861328,27459100
2024-06-04,172.59954833984375,173.7899932861328,173.85000610351562,171.88999938964844,173.27999877929688,26879600
2024-06-05,174.20848083496094,175.41000366210938,176.64999389648438,173.92999267578125,175.1999969482422,22068500
2024-06-06,175.51943969726562,176.72999572753906,177.14999389648438,175.75,175.89999389648438,23251000
2024-06-07,173.2649688720703,174.4600067138672,177.8699951171875,174.3000030517578,177.0500030517578,19661400
2024-06-10,174.01068115234375,175.00999450683594,177.05999755859375,172.75999450683594,174.97000122070312,23726700
2024-06-11,175.61151123046875,176.6199951171875,176.83999633789062,173.77000427246094,176.22000122070312,21540600
2024-06-12,176.77479553222656,177.7899932861328,180.41000366210938,176.11000061035156,178.25,27864700
2024-06-13,174.15985107421875,175.16000366210938,176.74000549316406,174.8800048828125,176.11000061035156,20913300
2024-06-14,175.78053283691406,176.7899932861328,177.05999755859375,174.14999389648438,174.22000122070312,18063600
2024-06-17,176.2279510498047,177.24000549316406,178.36000061035156,174.80999755859375,175.4600067138672,19618500
2024-06-18,174.09022521972656,175.08999633789062,177.38999938964844,174.10000610351562,177.13999938964844,21869900
2024-06-20,175.2933349609375,176.3000030517578,177.2899932861328,174.99000549316406,175.3699951171875,20160100
2024-06-21,178.60430908203125,179.6300048828125,180.85000610351562,176.61000061035156,177.0,57759000
2024-06-24,178.1966552734375,179.22000122070312,180.88999938964844,178.6699981689453,180.16000366210938,18298000
2024-06-25,182.97918701171875,184.02999877929688,184.2899932861328,179.4199981689453,179.6199951171875,23130200
2024-06-26,182.8300323486328,183.8800048828125,184.50999450683594,182.47999572753906,182.6300048828125,19839000
2024-06-27,184.351318359375,185.41000366210938,186.0500030517578,184.02000427246094,184.17999267578125,18848900
2024-06-28,181.10992431640625,182.14999389648438,185.1300048828125,181.9600067138672,184.32000732421875,29156600
2024-07-01,181.9451141357422,182.99000549316406,183.8800048828125,181.3000030517578,183.02999877929688,16006100
2024-07-02,184.18228149414062,185.24000549316406,185.57000732421875,181.55999755859375,182.0500030517578,17372500
2024-07-03,184.7589569091797,185.82000732421875,186.08999633789062,184.0,184.85000610351562,10242100
2024-07-05,189.51168823242188,190.60000610351562,190.86000061035156,185.8000030517578,185.86000061035156,20967500
2024-07-08,187.9506378173828,189.02999877929688,190.1699981689453,187.77999877929688,189.89999389648438,21035900
2024-07-09,187.9009246826172,188.97999572753906,191.36000061035156,188.72000122070312,190.30999755859375,15121400
2024-07-10,190.08836364746094,191.17999267578125,191.75,189.02999877929688,189.14999389648438,15952500
2024-07-11,184.51040649414062,185.57000732421875,190.86000061035156,185.0800018310547,189.85000610351562,25625800
2024-07-12,184.01324462890625,185.07000732421875,187.11000061035156,184.49000549316406,185.0800018310547,22898400
2024-07-15,185.46490478515625,186.52999877929688,188.24000549316406,184.9199981689453,184.9199981689453,16474000
2024-07-16,182.86981201171875,183.9199981689453,188.67999267578125,183.3699951171875,187.36000061035156,18290700
2024-07-17,179.9863739013672,181.02000427246094,183.5500030517578,179.89999389648438,182.97000122070312,20734100
2024-07-18,176.67539978027344,177.69000244140625,182.5,176.47000122070312,181.92999267578125,25315700
2024-07-19,176.64556884765625,177.66000366210938,180.2899932861328,177.1300048828125,178.8800048828125,18881900
2024-07-22,180.63267517089844,181.6699981689453,182.6999969482422,180.22999572753906,180.58999633789062,24100300
2024-07-23,180.75196838378906,181.7899932861328,183.61000061035156,181.5399932861328,182.0500030517578,36352700
2024-07-24,171.64427185058594,172.6300048828125,176.19000244140625,171.82000732421875,173.60000610351562,49585200
2024-07-25,166.32484436035156,167.27999877929688,173.4199981689453,167.19000244140625,172.52000427246094,44852000
2024-07-26,166.0464324951172,167.0,168.08999633789062,164.05999755859375,167.14999389648438,41336900
2024-07-29,168.56198120117188,169.52999877929688,170.42999267578125,167.99000549316406,168.8300018310547,20293800
2024-07-30,169.31761169433594,170.2899932861328,171.22999572753906,168.44000244140625,170.24000549316406,18959700
2024-07-31,170.56048583984375,171.5399932861328,174.25,170.00999450683594,173.24000549316406,25729100
2024-08-01,169.78494262695312,170.75999450683594,174.0500030517578,168.8800048828125,170.25,24531400
2024-08-02,165.7083740234375,166.66000366210938,168.50999450683594,164.6699981689453,166.44000244140625,29130100
2024-08-05,158.34068298339844,159.25,164.42999267578125,154.92999267578125,155.5,53630700
2024-08-06,157.3861541748047,158.2899932861328,160.57000732421875,156.41000366210938,159.3300018310547,49004600
2024-08-07,158.03245544433594,158.94000244140625,162.97999572753906,158.47000122070312,161.25,25138600
2024-08-08,161.10479736328125,162.02999877929688,163.69000244140625,160.2100067138672,160.50999450683594,25578800
2024-08-09,162.7354278564453,163.6699981689453,163.7899932861328,159.05999755859375,160.00999450683594,28602300
2024-08-12,161.3633270263672,162.2899932861328,164.89999389648438,161.83999633789062,164.35000610351562,15895300
2024-08-13,163.22265625,164.16000366210938,164.72999572753906,162.97000122070312,163.41000366210938,18551700
2024-08-14,159.4542999267578,160.3699951171875,163.22000122070312,157.7100067138672,162.39999389648438,40591100
2024-08-15,160.37896728515625,161.3000030517578,161.63999938964844,159.61000061035156,160.5,31524300
2024-08-16,162.02951049804688,162.9600067138672,165.05999755859375,161.1300048828125,161.47000122070312,24208600
2024-08-19,165.7183074951172,166.6699981689453,166.69000244140625,164.25999450683594,165.27999877929688,22416200
2024-08-20,166.22540283203125,167.17999267578125,168.63999938964844,166.82000732421875,166.89999389648438,18341500
2024-08-21,164.9029998779297,165.85000610351562,166.85000610351562,164.6699981689453,165.14999389648438,22902000
2024-08-22,162.8647003173828,163.8000030517578,167.58999633789062,163.30999755859375,167.25999450683594,22493300
2024-08-23,164.67431640625,165.6199951171875,166.17999267578125,163.8300018310547,164.72000122070312,13955700
2024-08-26,165.2112274169922,166.16000366210938,167.5500030517578,164.4600067138672,166.3800048828125,14190400
2024-08-27,163.73965454101562,164.67999267578125,166.44000244140625,164.4600067138672,165.83999633789062,11821900
2024-08-28,161.9201202392578,162.85000610351562,165.60000610351562,161.52999877929688,165.0399932861328,16407400
2024-08-29,160.85621643066406,161.77999877929688,165.97000122070312,160.25,164.30999755859375,19699800
2024-08-30,162.4470977783203,163.3800048828125,163.66000366210938,161.69000244140625,162.6199951171875,22123800
2024-09-03,156.4614715576172,157.36000061035156,161.85000610351562,156.47999572753906,161.72000122070312,38945300
2024-09-04,155.55665588378906,156.4499969482422,159.0,155.9600067138672,156.66000366210938,19353800
2024-09-05,156.3421630859375,157.24000549316406,159.4499969482422,155.97999572753906,156.3000030517578,18688700
2024-09-06,150.05824279785156,150.9199981689453,157.8300018310547,150.5500030517578,157.3000030517578,37912100
2024-09-09,148.0570831298828,148.7100067138672,153.39999389648438,147.22000122070312,152.50999450683594,39260500
2024-09-10,148.0072784423828,148.66000366210938,151.27000427246094,148.33999633789062,150.4499969482422,31118800
2024-09-11,150.49632263183594,151.16000366210938,151.5,147.52000427246094,149.9199981689453,29607700
2024-09-12,154.0108184814453,154.69000244140625,154.82000732421875,152.64999389648438,153.8000030517578,29621500
2024-09-13,156.76866149902344,157.4600067138672,158.3800048828125,155.2100067138672,155.42999267578125,29591200
2024-09-16,157.3660125732422,158.05999755859375,158.25,156.60000610351562,157.30999755859375,18379800
2024-09-17,158.6204833984375,159.32000732421875,160.5500030517578,158.3800048828125,159.02000427246094,20715600
2024-09-18,159.10833740234375,159.80999755859375,160.5,158.60000610351562,159.86000061035156,23677300
2024-09-19,161.42808532714844,162.13999938964844,163.7899932861328,161.33999633789062,163.7100067138672,26587700
2024-09-20,162.87173461914062,163.58999633789062,163.72999572753906,162.05999755859375,163.5,40896400
2024-09-23,161.13937377929688,161.85000610351562,165.49000549316406,161.6699981689453,164.35000610351562,24150900
2024-09-24,161.5774383544922,162.2899932861328,163.22000122070312,160.69000244140625,163.02999877929688,23332100
2024-09-25,160.7809600830078,161.49000549316406,162.80999755859375,161.3000030517578,161.47000122070312,18869200
2024-09-26,162.0155029296875,162.72999572753906,164.0800018310547,162.27999877929688,163.63999938964844,20319300
2024-09-27,163.2301483154297,163.9499969482422,165.6999969482422,162.6300048828125,162.80999755859375,21101300
2024-09-30,165.12181091308594,165.85000610351562,166.14999389648438,163.25999450683594,163.32000732421875,20413900
2024-10-01,166.25682067871094,166.99000549316406,169.16000366210938,164.5800018310547,167.69000244140625,28338100
2024-10-02,165.13177490234375,165.86000061035156,167.52000427246094,164.72999572753906,166.4199981689453,17760200
2024-10-03,165.13177490234375,165.86000061035156,166.63999938964844,163.9199981689453,164.41000366210938,15073100
2024-10-04,166.3264923095703,167.05999755859375,168.22999572753906,165.47999572753906,168.05999755859375,19047400
2024-10-07,162.26441955566406,162.97999572753906,168.47999572753906,162.75,167.72000122070312,22463100
2024-10-08,163.65826416015625,164.3800048828125,164.72999572753906,162.8699951171875,163.94000244140625,23072700
2024-10-09,161.14932250976562,161.86000061035156,164.83999633789062,159.74000549316406,163.4499969482422,31181800
2024-10-10,161.3683624267578,162.0800018310547,163.07000732421875,160.39999389648438,160.8699951171875,14144100
2024-10-11,162.5232696533203,163.24000549316406,163.89999389648438,161.24000549316406,162.1300048828125,15344300
2024-10-14,164.2357177734375,164.9600067138672,166.22999572753906,163.39999389648438,163.63999938964844,19016100
2024-10-15,164.73353576660156,165.4600067138672,167.67999267578125,164.6300048828125,165.7899932861328,20247200
2024-10-16,164.43482971191406,165.16000366210938,165.8000030517578,163.74000549316406,164.52999877929688,16406000
2024-10-17,162.21463012695312,162.92999267578125,166.3699951171875,162.75999450683594,165.72999572753906,21453400
2024-10-18,162.70248413085938,163.4199981689453,164.7100067138672,163.0800018310547,163.19000244140625,19757700
2024-10-21,163.34963989257812,164.07000732421875,164.5,162.6199951171875,162.9499969482422,20946500
2024-10-22,164.41493225097656,165.13999938964844,165.77000427246094,162.97999572753906,162.97999572753906,16568100
2024-10-23,162.06529235839844,162.77999877929688,165.82000732421875,161.92999267578125,164.75999450683594,18280500
2024-10-24,162.00555419921875,162.72000122070312,163.3300018310547,161.00999450683594,162.8300018310547,22412500
2024-10-25,164.5443572998047,165.27000427246094,165.58999633789062,163.4199981689453,163.6699981689453,19828900
2024-10-28,165.98800659179688,166.72000122070312,168.75,163.9499969482422,168.75,32138600
2024-10-29,168.93499755859375,169.67999267578125,170.3800048828125,167.08999633789062,167.72999572753906,42169000
2024-10-30,173.69400024414062,174.4600067138672,182.02000427246094,174.05999755859375,180.67999267578125,68890800
2024-10-31,170.35870361328125,171.11000061035156,176.82000732421875,171.0,173.1300048828125,44769000
2024-11-01,170.5379180908203,171.2899932861328,172.32000732421875,168.8800048828125,170.07000732421875,31796500
2024-11-04,168.49693298339844,169.24000549316406,170.72999572753906,168.00999450683594,169.92999267578125,21492700
2024-11-05,168.99473571777344,169.74000549316406,170.52999877929688,168.83999633789062,169.42999267578125,18242100
2024-11-06,175.73500061035156,176.50999450683594,176.94000244140625,173.5,173.8000030517578,33695500
2024-11-07,179.9563751220703,180.75,181.0800018310547,177.19000244140625,177.41000366210938,25352900
2024-11-08,177.56692504882812,178.35000610351562,180.89999389648438,178.0800018310547,180.64999389648438,22006200
2024-11-11,179.55813598632812,180.35000610351562,180.5500030517578,178.47000122070312,178.5800018310547,17450400
2024-11-12,180.82257080078125,181.6199951171875,182.49000549316406,179.38999938964844,179.82000732421875,25134900
2024-11-13,178.09458923339844,178.8800048828125,180.9600067138672,178.5399932861328,180.4600067138672,23184000
2024-11-14,174.80909729003906,175.5800018310547,178.82000732421875,174.32000732421875,178.27999877929688,31007500
2024-11-15,171.732666015625,172.49000549316406,174.13999938964844,171.22000122070312,173.72999572753906,32504600
2024-11-18,174.5303192138672,175.3000030517578,175.44000244140625,172.89999389648438,173.4199981689453,20135300
2024-11-19,177.33792114257812,178.1199951171875,178.8699951171875,173.55999755859375,173.72000122070312,23434900
2024-11-20,175.20733642578125,175.97999572753906,177.67999267578125,173.77999877929688,177.33999633789062,18997100
2024-11-21,166.8939971923828,167.6300048828125,174.1300048828125,163.6999969482422,173.89999389648438,59734400
2024-11-22,164.03659057617188,164.75999450683594,166.4600067138672,163.89999389648438,165.85000610351562,38604600
2024-11-25,166.9138946533203,167.64999389648438,168.6300048828125,165.61000061035156,166.08999633789062,33135300
2024-11-26,168.37745666503906,169.1199951171875,169.82000732421875,167.5800018310547,167.6300048828125,20486700
2024-11-27,168.48696899414062,169.22999572753906,169.47999572753906,168.02000427246094,169.0,19266500
2024-11-29,168.20819091796875,168.9499969482422,169.42999267578125,167.16000366210938,168.5,14257200
2024-12-02,170.73704528808594,171.49000549316406,172.0800018310547,168.57000732421875,168.77000427246094,23789100
2024-12-03,170.58770751953125,171.33999633789062,172.67999267578125,170.85000610351562,171.49000549316406,22248700
2024-12-04,173.60438537597656,174.3699951171875,174.91000366210938,171.05999755859375,171.14999389648438,31615100
2024-12-05,171.88198852539062,172.63999938964844,176.05999755859375,172.3300018310547,175.36000061035156,21356200
2024-12-06,173.94293212890625,174.7100067138672,175.0800018310547,171.86000061035156,172.02999877929688,21462400
2024-12-09,174.80010986328125,175.3699951171875,176.25999450683594,173.64999389648438,173.9600067138672,25389600
2024-12-10,184.5682830810547,185.1699981689453,186.36000061035156,181.0500030517578,182.85000610351562,54813000
2024-12-11,194.76502990722656,195.39999389648438,195.61000061035156,184.85000610351562,185.30999755859375,67894100
2024-12-12,191.33621215820312,191.9600067138672,195.17999267578125,191.7100067138672,195.0,34817500
2024-12-13,189.2031707763672,189.82000732421875,192.72999572753906,189.63999938964844,191.00999450683594,25143500
2024-12-16,196.02093505859375,196.66000366210938,199.0,192.6199951171875,192.8699951171875,44934900
2024-12-17,194.7849578857422,195.4199981689453,201.4199981689453,194.97999572753906,197.25,43504000
2024-12-18,187.7877655029297,188.39999389648438,197.0,187.74000549316406,195.22000122070312,34166100
2024-12-19,187.89739990234375,188.50999450683594,193.02999877929688,188.3800048828125,191.6300048828125,32265200
2024-12-20,190.78799438476562,191.41000366210938,192.88999938964844,185.22000122070312,185.77999877929688,63462900
2024-12-23,193.99754333496094,194.6300048828125,195.10000610351562,190.14999389648438,192.6199951171875,25675000
2024-12-24,195.47271728515625,196.11000061035156,196.11000061035156,193.77999877929688,194.83999633789062,10403300
2024-12-26,194.96438598632812,195.60000610351562,196.75,194.3800048828125,195.14999389648438,12046600
2024-12-27,192.13360595703125,192.75999450683594,195.32000732421875,190.64999389648438,194.9499969482422,18891400
2024-12-30,190.61854553222656,191.24000549316406,192.5500030517578,189.1199951171875,189.8000030517578,14264700
2024-12-31,188.6848602294922,189.3000030517578,191.9600067138672,188.50999450683594,191.0800018310547,17466900
2025-01-02,188.81442260742188,189.42999267578125,192.0,187.5,190.64999389648438,20370800
2025-01-03,191.16676330566406,191.7899932861328,193.2100067138672,189.97999572753906,191.3699951171875,18596200
2025-01-06,196.23025512695312,196.8699951171875,198.22000122070312,193.85000610351562,193.97999572753906,29563600
2025-01-07,194.85475158691406,195.49000549316406,201.0,194.60000610351562,197.11000061035156,26487200
2025-01-08,193.3197479248047,193.9499969482422,196.2899932861328,192.3800048828125,192.57000732421875,24864800
2025-01-10,191.4159393310547,192.0399932861328,196.52000427246094,190.30999755859375,194.3000030517578,26665200
2025-01-13,190.3892822265625,191.00999450683594,191.17999267578125,187.36000061035156,190.07000732421875,21823700
2025-01-14,189.04367065429688,189.66000366210938,191.97999572753906,188.30999755859375,191.24000549316406,17174900
2025-01-15,194.91453552246094,195.5500030517578,196.36000061035156,191.86000061035156,193.08999633789062,21776000
2025-01-16,192.28311157226562,192.91000366210938,195.47999572753906,192.80999755859375,194.13999938964844,17815400
2025-01-17,195.36306762695312,196.0,197.22999572753906,193.75,196.52999877929688,27735100
2025-01-21,197.4064178466797,198.0500030517578,202.2899932861328,197.8699951171875,199.07000732421875,29971300
2025-01-22,197.72537231445312,198.3699951171875,200.47999572753906,197.52999877929688,199.05999755859375,26200600
2025-01-23,197.33663940429688,197.97999572753906,200.3000030517578,195.1999969482422,198.13999938964844,26951400
2025-01-24,199.5594024658203,200.2100067138672,200.89999389648438,198.0,198.10000610351562,23877500
2025-01-27,191.1866912841797,191.80999755859375,196.8800048828125,190.72999572753906,192.41000366210938,41728900
2025-01-28,194.6653594970703,195.3000030517578,195.47999572753906,190.67999267578125,192.75,24157900
2025-01-29,194.77499389648438,195.41000366210938,196.7899932861328,193.42999267578125,195.55999755859375,18218300
2025-01-30,200.2172393798828,200.8699951171875,201.39999389648438,197.6699981689453,198.0,24354700
2025-01-31,203.35702514648438,204.02000427246094,205.47999572753906,201.8000030517578,202.0,32001100
2025-02-03,200.57606506347656,201.22999572753906,203.75,200.10000610351562,200.69000244140625,27838300
2025-02-04,205.7093505859375,206.3800048828125,207.0500030517578,202.80999755859375,203.38999938964844,43856400
2025-02-05,190.70826721191406,191.3300018310547,192.75,188.02999877929688,191.07000732421875,70373900
2025-02-06,190.97738647460938,191.60000610351562,192.10000610351562,188.72000122070312,189.5,29297400
2025-02-07,184.7377166748047,185.33999633789062,191.17999267578125,183.24000549316406,191.0500030517578,49315000
2025-02-10,185.8640594482422,186.47000122070312,188.1999969482422,185.86000061035156,187.35000610351562,23105600
2025-02-11,184.71780395507812,185.32000732421875,186.94000244140625,184.27999877929688,185.02999877929688,21239500
2025-02-12,183.0133514404297,183.61000061035156,185.11000061035156,181.8300018310547,183.22000122070312,22072600
2025-02-13,185.53512573242188,186.13999938964844,186.27999877929688,183.13999938964844,184.32000732421875,21402500
2025-02-14,184.62806701660156,185.22999572753906,186.39999389648438,184.32000732421875,185.05999755859375,20448400
2025-02-18,183.1728057861328,183.77000427246094,185.9600067138672,181.74000549316406,185.60000610351562,29916700
2025-02-19,184.66795349121094,185.27000427246094,185.4600067138672,183.58999633789062,184.07000732421875,19549400
2025-02-20,183.9602508544922,184.55999755859375,185.30999755859375,182.72000122070312,184.8000030517578,20441500
2025-02-21,179.076171875,179.66000366210938,185.33999633789062,179.0800018310547,185.14999389648438,35199200
2025-02-24,178.66749572753906,179.25,183.1199951171875,178.88999938964844,181.99000549316406,29854200
2025-02-25,174.84994506835938,175.4199981689453,178.74000549316406,174.69000244140625,178.0399932861328,41913400
2025-02-26,172.16868591308594,172.72999572753906,176.0800018310547,171.5800018310547,175.07000732421875,35431300
2025-02-27,167.9524383544922,168.5,174.55999755859375,167.94000244140625,173.99000549316406,39991000
2025-02-28,169.7266387939453,170.27999877929688,170.61000061035156,166.77000427246094,168.67999267578125,48130600
2025-03-03,166.46728515625,167.00999450683594,173.3699951171875,165.92999267578125,171.92999267578125,40770500
2025-03-04,170.3645782470703,170.9199981689453,173.2899932861328,165.8000030517578,166.24000549316406,45388000
2025-03-05,172.45774841308594,173.02000427246094,173.77999877929688,169.05999755859375,170.52000427246094,30954900
2025-03-06,171.78993225097656,172.35000610351562,174.80999755859375,170.5,170.52999877929688,28302000
2025-03-07,173.29502868652344,173.86000061035156,174.97000122070312,170.27000427246094,171.25999450683594,27385800
2025-03-10,165.52139282226562,165.8699951171875,168.4600067138672,163.69000244140625,168.25999450683594,43604000
2025-03-11,163.6952362060547,164.0399932861328,166.75,161.3699951171875,164.91000366210938,39587400
2025-03-12,166.7587890625,167.11000061035156,167.63999938964844,163.52999877929688,166.5800018310547,28372400
2025-03-13,162.41793823242188,162.75999450683594,166.1300048828125,162.11000061035156,166.0399932861328,31756200
2025-03-14,165.14219665527344,165.49000549316406,166.49000549316406,162.4499969482422,163.27000427246094,31995900
2025-03-17,163.9447021484375,164.2899932861328,166.3000030517578,163.6699981689453,165.02999877929688,31184300
2025-03-18,160.3323211669922,160.6699981689453,164.25,156.72000122070312,163.67999267578125,42074800
2025-03-19,163.54556274414062,163.88999938964844,165.8699951171875,161.0,161.75999450683594,34275600
2025-03-20,162.45785522460938,162.8000030517578,164.88999938964844,160.9600067138672,161.57000732421875,28138500
2025-03-21,163.64535522460938,163.99000549316406,164.24000549316406,160.88999938964844,161.2100067138672,36625800
2025-03-24,167.3275909423828,167.67999267578125,168.32000732421875,165.13999938964844,167.07000732421875,30879100
2025-03-25,170.2015380859375,170.55999755859375,170.6300048828125,168.32000732421875,168.97999572753906,24174400
2025-03-26,164.7130889892578,165.05999755859375,169.61000061035156,164.83999633789062,169.0,28901600
2025-03-27,161.89903259277344,162.24000549316406,165.4199981689453,162.0,164.6300048828125,24508300
2025-03-28,154.0056610107422,154.3300018310547,161.82000732421875,153.6300048828125,160.49000549316406,48669300
2025-03-31,154.31500244140625,154.63999938964844,155.5399932861328,150.66000366210938,153.11000061035156,54603500
2025-04-01,156.73989868164062,157.07000732421875,158.10000610351562,153.6199951171875,153.6199951171875,30672900
2025-04-02,156.70994567871094,157.0399932861328,158.41000366210938,154.6999969482422,155.14999389648438,25041700
2025-04-03,150.4032440185547,150.72000122070312,152.77999877929688,150.38999938964844,151.11000061035156,46883400
2025-04-04,145.29400634765625,145.60000610351562,151.07000732421875,145.3800048828125,148.00999450683594,62259500
2025-04-07,146.4415740966797,146.75,152.85000610351562,140.52999877929688,141.5500030517578,76794100
2025-04-08,144.39588928222656,144.6999969482422,152.24000549316406,143.02999877929688,151.22000122070312,52200200
2025-04-09,158.37644958496094,158.7100067138672,159.5500030517578,143.91000366210938,144.4199981689453,70406200
2025-04-10,152.4988250732422,152.82000732421875,157.72000122070312,149.92999267578125,156.5399932861328,48022000
2025-04-11,156.80975341796875,157.13999938964844,157.6699981689453,152.82000732421875,152.89999389648438,33636200
2025-04-14,158.73570251464844,159.07000732421875,161.72000122070312,157.55999755859375,160.0,30333000
2025-04-15,155.9814910888672,156.30999755859375,159.64999389648438,155.2100067138672,159.1300048828125,27551500
2025-04-16,153.00775146484375,153.3300018310547,155.88999938964844,151.50999450683594,153.10000610351562,28187400
2025-04-17,150.84231567382812,151.16000366210938,154.67999267578125,148.5,154.2899932861328,33046600
2025-04-21,147.35964965820312,147.6699981689453,148.9499969482422,146.10000610351562,148.8800048828125,26049100
2025-04-22,151.1516571044922,151.47000122070312,152.19000244140625,148.5399932861328,148.88999938964844,26971800
2025-04-23,155.0235137939453,155.35000610351562,157.52999877929688,153.80999755859375,155.61000061035156,31128800
2025-04-24,158.9452362060547,159.27999877929688,159.58999633789062,155.7899932861328,156.14999389648438,45894000
2025-04-25,161.61962890625,161.9600067138672,166.10000610351562,161.0399932861328,165.07000732421875,56034000
2025-04-28,160.2724609375,160.61000061035156,163.14999389648438,158.60000610351562,162.42999267578125,29745800
2025-04-29,159.8234100341797,160.16000366210938,160.74000549316406,157.52000427246094,160.32000732421875,26809000
2025-04-30,158.4662628173828,158.8000030517578,159.27000427246094,155.39999389648438,157.97999572753906,34981100
2025-05-01,160.96099853515625,161.3000030517578,161.9499969482422,158.91000366210938,160.4499969482422,30203200
2025-05-02,163.68527221679688,164.02999877929688,164.97000122070312,161.8699951171875,163.41000366210938,25715000
2025-05-05,163.86489868164062,164.2100067138672,165.38999938964844,162.72000122070312,163.0,21341800
2025-05-06,162.88693237304688,163.22999572753906,164.8000030517578,161.19000244140625,162.1699981689453,21277200
2025-05-07,151.06185913085938,151.3800048828125,165.0,147.83999633789062,164.0800018310547,127490100
2025-05-08,153.9557647705078,154.27999877929688,155.92999267578125,152.89999389648438,155.0,57498700
2025-05-09,152.42897033691406,152.75,155.0500030517578,152.1999969482422,154.1699981689453,32435300
2025-05-12,158.12696838378906,158.4600067138672,159.10000610351562,156.25,157.49000549316406,44138800
2025-05-13,159.19471740722656,159.52999877929688,160.57000732421875,156.16000366210938,158.7899932861328,42382100
2025-05-14,165.02244567871094,165.3699951171875,167.0,159.61000061035156,159.9600067138672,48755900
2025-05-15,163.61541748046875,163.9600067138672,166.2100067138672,162.3699951171875,165.83999633789062,33146700
2025-05-16,165.84072875976562,166.19000244140625,169.35000610351562,165.6199951171875,167.72999572753906,42846900
2025-05-19,166.1899871826172,166.5399932861328,166.63999938964844,164.22000122070312,164.50999450683594,30426100
2025-05-20,163.6353759765625,163.97999572753906,168.5,162.89999389648438,166.42999267578125,46607700
2025-05-21,168.20574951171875,168.55999755859375,173.13999938964844,163.55999755859375,163.69000244140625,73416000
2025-05-22,170.51089477539062,170.8699951171875,176.77000427246094,170.7100067138672,171.85000610351562,74864400
2025-05-23,168.11593627929688,168.47000122070312,169.9600067138672,167.88999938964844,169.05999755859375,35211400
2025-05-27,172.53662109375,172.89999389648438,173.1699981689453,170.0,170.16000366210938,37995700
2025-05-28,171.9977569580078,172.36000061035156,175.27000427246094,171.91000366210938,173.16000366210938,34784000
2025-05-29,171.49880981445312,171.86000061035156,174.4199981689453,170.6300048828125,174.0,29317300
2025-05-30,171.3790740966797,171.74000549316406,172.2100067138672,167.44000244140625,171.35000610351562,52639900
2025-06-02,168.6747589111328,169.02999877929688,169.8699951171875,167.38999938964844,167.83999633789062,38612300
2025-06-03,165.83074951171875,166.17999267578125,168.47999572753906,165.27999877929688,167.49000549316406,45084900
2025-06-04,167.69680786132812,168.0500030517578,168.22000122070312,166.36000061035156,166.74000549316406,26900800
2025-06-05,167.8564910888672,168.2100067138672,170.92999267578125,167.58999633789062,170.33999633789062,36379100
2025-06-06,173.31497192382812,173.67999267578125,174.5,170.8300018310547,170.8300018310547,35731800
2025-06-09,175.93264770507812,176.08999633789062,176.47000122070312,174.3699951171875,174.5399932861328,28935900
2025-06-10,178.44041442871094,178.60000610351562,181.11000061035156,174.91000366210938,176.1999969482422,61766100
2025-06-11,177.1915283203125,177.35000610351562,180.3699951171875,176.75,179.77000427246094,31646800
2025-06-12,175.54299926757812,175.6999969482422,176.72000122070312,174.75,176.17999267578125,20941900
2025-06-13,174.513916015625,174.6699981689453,177.1300048828125,172.38999938964844,172.44000244140625,27663100
2025-06-16,176.61204528808594,176.77000427246094,176.94000244140625,174.64999389648438,174.72999572753906,27389200
2025-06-17,175.7927703857422,175.9499969482422,177.36000061035156,174.5800018310547,175.6999969482422,24973000
2025-06-18,173.16513061523438,173.32000732421875,176.55999755859375,173.1999969482422,176.00999450683594,28707500
2025-06-20,166.4910888671875,166.63999938964844,174.33999633789062,165.4600067138672,173.9499969482422,75659900
2025-06-23,165.04238891601562,165.19000244140625,167.33999633789062,162.0,166.27000427246094,57671000
2025-06-24,166.62098693847656,166.77000427246094,168.22000122070312,166.1300048828125,166.9199981689453,40524300
2025-06-25,170.52748107910156,170.67999267578125,172.36000061035156,167.5500030517578,167.6300048828125,35479000
2025-06-26,173.38491821289062,173.5399932861328,173.69000244140625,169.94000244140625,172.42999267578125,31796700
2025-06-27,178.37046813964844,178.52999877929688,178.67999267578125,171.72999572753906,173.5399932861328,108140200
2025-06-30,176.07252502441406,176.22999572753906,181.22999572753906,174.5800018310547,180.77999877929688,63378900
2025-07-01,175.682861328125,175.83999633789062,176.08999633789062,173.52999877929688,175.74000549316406,35904500
2025-07-02,178.48036193847656,178.63999938964844,178.86000061035156,175.07000732421875,175.5399932861328,29128900
2025-07-03,179.36956787109375,179.52999877929688,179.6699981689453,177.0500030517578,178.5,21689700
2025-07-07,176.63201904296875,176.7899932861328,179.3000030517578,175.67999267578125,179.05999755859375,34175600
2025-07-08,174.20419311523438,174.36000061035156,177.9499969482422,172.80999755859375,177.85000610351562,40442500
2025-07-09,176.46217346191406,176.6199951171875,179.44000244140625,172.77000427246094,175.25,43025600
2025-07-10,177.46127319335938,177.6199951171875,178.42999267578125,174.3800048828125,175.6300048828125,29252400
2025-07-11,180.02899169921875,180.19000244140625,181.42999267578125,176.47999572753906,176.7899932861328,34282900
2025-07-14,181.3977508544922,181.55999755859375,183.6699981689453,179.67999267578125,181.00999450683594,32536600
2025-07-15,181.83737182617188,182.0,184.22000122070312,181.60000610351562,182.80999755859375,33448300
2025-07-16,182.80650329589844,182.97000122070312,184.3300018310547,182.02999877929688,183.24000549316406,33104200
2025-07-17,183.41595458984375,183.5800018310547,184.05999755859375,180.47999572753906,182.13999938964844,31992600
2025-07-18,184.89462280273438,185.05999755859375,186.4199981689453,183.7100067138672,185.39999389648438,34014500
2025-07-21,189.9301300048828,190.10000610351562,190.2899932861328,186.14999389648438,186.25,45803100
2025-07-22,191.1690216064453,191.33999633789062,191.64999389648438,187.4600067138672,191.5,44660200
2025-07-23,190.0600128173828,190.22999572753906,192.52999877929688,189.17999267578125,191.5,58681900
2025-07-24,191.99827575683594,192.1699981689453,197.9499969482422,191.0,197.02999877929688,74881700
2025-07-25,193.0073699951172,193.17999267578125,194.3300018310547,191.25999450683594,191.97999572753906,39785900
2025-07-28,192.4079132080078,192.5800018310547,194.0500030517578,190.83999633789062,193.64999389648438,38139500
2025-07-29,195.5750732421875,195.75,195.9199981689453,192.0800018310547,192.42999267578125,41389200
2025-07-30,196.35438537597656,196.52999877929688,197.60000610351562,194.69000244140625,195.60000610351562,32445400
2025-07-31,191.728515625,191.89999389648438,195.99000549316406,191.08999633789062,195.7100067138672,51329200
2025-08-01,188.96099853515625,189.1300048828125,190.8300018310547,187.82000732421875,189.02999877929688,34832200
2025-08-04,194.86570739746094,195.0399932861328,195.27000427246094,190.1199951171875,190.2899932861328,31547400
2025-08-05,194.4960479736328,194.6699981689453,197.86000061035156,193.88999938964844,194.7100067138672,31602300
2025-08-06,195.91476440429688,196.08999633789062,196.6300048828125,193.6699981689453,194.5,21562900
2025-08-07,196.34439086914062,196.52000427246094,197.5399932861328,194.3300018310547,197.05999755859375,26321800
2025-08-08,201.24000549316406,201.4199981689453,202.61000061035156,197.1699981689453,197.22000122070312,39161800
2025-08-11,200.8203887939453,201.0,201.47999572753906,199.07000732421875,200.94000244140625,25832400
2025-08-12,203.15829467773438,203.33999633789062,204.5,200.58999633789062,201.3699951171875,30397900
2025-08-13,201.779541015625,201.9600067138672,204.52999877929688,197.50999450683594,204.1300048828125,28342900
2025-08-14,202.75865173339844,202.94000244140625,204.44000244140625,201.22999572753906,201.5,25230400
2025-08-15,203.71778869628906,203.89999389648438,206.44000244140625,201.27999877929688,203.85000610351562,34931400
2025-08-18,203.3181610107422,203.5,205.27000427246094,202.49000549316406,204.1999969482422,18526600
2025-08-19,201.389892578125,201.57000732421875,203.44000244140625,199.9600067138672,203.02999877929688,24240200
2025-08-20,199.1418914794922,199.32000732421875,201.27999877929688,196.60000610351562,200.72999572753906,28955500
2025-08-21,199.57150268554688,199.75,202.47999572753906,199.42999267578125,199.75,19774600
2025-08-22,205.9058380126953,206.08999633789062,208.5399932861328,201.3000030517578,202.72999572753906,42827000
2025-08-25,208.30369567871094,208.49000549316406,210.52000427246094,205.27999877929688,206.42999267578125,29928900
2025-08-26,206.95489501953125,207.13999938964844,207.85000610351562,205.6999969482422,207.50999450683594,28464100
2025-08-27,207.29458618164062,207.47999572753906,208.91000366210938,205.64999389648438,205.6999969482422,23022900
2025-08-28,211.4508819580078,211.63999938964844,212.22000122070312,206.89999389648438,207.25,32339300
2025-08-29,212.71974182128906,212.91000366210938,214.64999389648438,210.1999969482422,210.50999450683594,39728400
2025-09-02,211.16114807128906,211.35000610351562,211.67999267578125,206.1999969482422,208.44000244140625,47523000
2025-09-03,230.45388793945312,230.66000366210938,231.30999755859375,224.7899932861328,226.2100067138672,103336100
2025-09-04,232.09242248535156,232.3000030517578,232.3699951171875,226.11000061035156,229.64999389648438,51684200
2025-09-05,234.79000854492188,235.0,235.75999450683594,231.89999389648438,232.1999969482422,46588900
2025-09-08,234.0399932861328,234.0399932861328,238.1300048828125,233.6699981689453,235.47000122070312,32474700
2025-09-09,239.6300048828125,239.6300048828125,240.47000122070312,233.22999572753906,234.1699981689453,38061000
2025-09-10,239.1699981689453,239.1699981689453,241.66000366210938,237.85000610351562,238.89999389648438,35141100
2025-09-11,240.3699951171875,240.3699951171875,242.25,236.25,239.8800048828125,30599300
2025-09-12,240.8000030517578,240.8000030517578,242.0800018310547,238.0,240.3699951171875,26771600
2025-09-15,251.61000061035156,251.61000061035156,252.41000366210938,244.66000366210938,244.66000366210938,58383800
2025-09-16,251.16000366210938,251.16000366210938,253.0399932861328,249.47000122070312,252.0800018310547,34109700
2025-09-17,249.52999877929688,249.52999877929688,251.60000610351562,246.27999877929688,251.22000122070312,34108000
2025-09-18,252.02999877929688,252.02999877929688,253.99000549316406,249.8000030517578,251.67999267578125,31239500
2025-09-19,254.72000122070312,254.72000122070312,256.0,251.80999755859375,253.25,55571400
2025-09-22,252.52999877929688,252.52999877929688,255.77999877929688,250.3000030517578,254.42999267578125,32290500
2025-09-23,251.66000366210938,251.66000366210938,254.36000061035156,250.47999572753906,253.0399932861328,26628000
2025-09-24,247.13999938964844,247.13999938964844,252.35000610351562,246.44000244140625,251.66000366210938,28201000
2025-09-25,245.7899932861328,245.7899932861328,246.49000549316406,240.74000549316406,244.39999389648438,31020400
2025-09-26,246.5399932861328,246.5399932861328,249.4199981689453,245.97000122070312,247.07000732421875,18503200
2025-09-29,244.0500030517578,244.0500030517578,251.14999389648438,242.77000427246094,247.85000610351562,32505800
2025-09-30,243.10000610351562,243.10000610351562,243.2899932861328,239.25,242.80999755859375,34724300
2025-10-01,244.89999389648438,244.89999389648438,246.3000030517578,238.61000061035156,240.75,31658200
2025-10-02,245.69000244140625,245.69000244140625,246.80999755859375,242.3000030517578,245.14999389648438,25483300
2025-10-03,245.35000610351562,245.35000610351562,246.3000030517578,241.66000366210938,244.49000549316406,30249600
2025-10-06,250.42999267578125,250.42999267578125,251.32000732421875,244.5800018310547,244.77999877929688,28894700
2025-10-07,245.75999450683594,245.75999450683594,250.44000244140625,245.52000427246094,248.27000427246094,23181300
2025-10-08,244.6199951171875,244.6199951171875,246.00999450683594,243.82000732421875,244.9600067138672,21307100
2025-10-09,241.52999877929688,241.52999877929688,244.75999450683594,239.14999389648438,244.47000122070312,27892100
2025-10-10,236.57000732421875,236.57000732421875,244.08999633789062,235.83999633789062,241.42999267578125,33180300
2025-10-13,244.14999389648438,244.14999389648438,244.5,239.7100067138672,240.2100067138672,24995000
2025-10-14,245.4499969482422,245.4499969482422,247.1199951171875,240.50999450683594,241.22999572753906,22111600
2025-10-15,251.02999877929688,251.02999877929688,252.11000061035156,245.99000549316406,247.25,27007700
2025-10-16,251.4600067138672,251.4600067138672,256.9599914550781,250.10000610351562,251.77000427246094,27997200
2025-10-17,253.3000030517578,253.3000030517578,254.22000122070312,247.80999755859375,250.75999450683594,29671600
2025-10-20,256.54998779296875,256.54998779296875,257.3299865722656,254.22999572753906,254.69000244140625,22350200
2025-10-21,250.4600067138672,250.4600067138672,254.8800048828125,244.14999389648438,254.74000549316406,47312100
2025-10-22,251.69000244140625,251.69000244140625,256.3599853515625,249.2899932861328,254.3699951171875,35029400
2025-10-23,253.0800018310547,253.0800018310547,255.0399932861328,251.85000610351562,252.97999572753906,19901400
2025-10-24,259.9200134277344,259.9200134277344,261.67999267578125,255.32000732421875,256.5799865722656,28655100
2025-10-27,269.2699890136719,269.2699890136719,270.1400146484375,264.2799987792969,264.82000732421875,35235200
2025-10-28,267.4700012207031,267.4700012207031,270.7300109863281,266.5,269.69000244140625,29664400
