Date,^VIX,^TNX
2005-10-28 00:00:00-05:00,14.25,4.566999912261963
2005-10-31 00:00:00-06:00,15.319999694824219,4.559000015258789
2005-11-01 00:00:00-06:00,14.850000381469727,4.577000141143799
2005-11-02 00:00:00-06:00,13.479999542236328,4.610000133514404
2005-11-03 00:00:00-06:00,13.0,4.644000053405762
2005-11-04 00:00:00-06:00,13.170000076293945,4.6570000648498535
2005-11-07 00:00:00-06:00,13.100000381469727,4.638999938964844
2005-11-08 00:00:00-06:00,13.079999923706055,4.565000057220459
2005-11-09 00:00:00-06:00,12.800000190734863,4.635000228881836
2005-11-10 00:00:00-06:00,11.899999618530273,4.564000129699707
2005-11-11 00:00:00-06:00,11.630000114440918,
2005-11-14 00:00:00-06:00,12.180000305175781,4.604000091552734
2005-11-15 00:00:00-06:00,12.229999542236328,4.557000160217285
2005-11-16 00:00:00-06:00,12.260000228881836,4.484000205993652
2005-11-17 00:00:00-06:00,11.25,4.459000110626221
2005-11-18 00:00:00-06:00,11.119999885559082,4.501999855041504
2005-11-21 00:00:00-06:00,10.819999694824219,4.460999965667725
2005-11-22 00:00:00-06:00,10.600000381469727,4.427999973297119
2005-11-23 00:00:00-06:00,10.960000038146973,4.473999977111816
2005-11-25 00:00:00-06:00,10.880000114440918,4.431000232696533
2005-11-28 00:00:00-06:00,11.84000015258789,4.406000137329102
2005-11-29 00:00:00-06:00,11.890000343322754,4.48199987411499
2005-11-30 00:00:00-06:00,12.0600004196167,4.5
2005-12-01 00:00:00-06:00,11.239999771118164,4.520999908447266
2005-12-02 00:00:00-06:00,11.010000228881836,4.519000053405762
2005-12-05 00:00:00-06:00,11.600000381469727,4.566999912261963
2005-12-06 00:00:00-06:00,11.520000457763672,4.49399995803833
2005-12-07 00:00:00-06:00,12.180000305175781,4.517000198364258
2005-12-08 00:00:00-06:00,12.210000038146973,4.464000225067139
2005-12-09 00:00:00-06:00,11.6899995803833,4.5370001792907715
2005-12-12 00:00:00-06:00,11.470000267028809,4.546999931335449
2005-12-13 00:00:00-06:00,11.109999656677246,4.534999847412109
2005-12-14 00:00:00-06:00,10.479999542236328,4.449999809265137
2005-12-15 00:00:00-06:00,10.729999542236328,4.4679999351501465
2005-12-16 00:00:00-06:00,10.680000305175781,4.447999954223633
2005-12-19 00:00:00-06:00,11.380000114440918,4.441999912261963
2005-12-20 00:00:00-06:00,11.1899995803833,4.466000080108643
2005-12-21 00:00:00-06:00,10.8100004196167,4.486000061035156
2005-12-22 00:00:00-06:00,10.289999961853027,4.433000087738037
2005-12-23 00:00:00-06:00,10.270000457763672,4.380000114440918
2005-12-27 00:00:00-06:00,11.569999694824219,4.341000080108643
2005-12-28 00:00:00-06:00,11.350000381469727,4.377999782562256
2005-12-29 00:00:00-06:00,11.609999656677246,4.375999927520752
2005-12-30 00:00:00-06:00,12.069999694824219,4.394999980926514
2006-01-03 00:00:00-06:00,11.140000343322754,4.369999885559082
2006-01-04 00:00:00-06:00,11.369999885559082,4.355999946594238
2006-01-05 00:00:00-06:00,11.3100004196167,4.355999946594238
2006-01-06 00:00:00-06:00,11.0,4.379000186920166
2006-01-09 00:00:00-06:00,11.130000114440918,4.379000186920166
2006-01-10 00:00:00-06:00,10.859999656677246,4.427999973297119
2006-01-11 00:00:00-06:00,10.9399995803833,4.458000183105469
2006-01-12 00:00:00-06:00,11.199999809265137,4.409999847412109
2006-01-13 00:00:00-06:00,11.229999542236328,4.349999904632568
2006-01-17 00:00:00-06:00,11.90999984741211,4.331999778747559
2006-01-18 00:00:00-06:00,12.25,4.340000152587891
2006-01-19 00:00:00-06:00,11.979999542236328,4.379000186920166
2006-01-20 00:00:00-06:00,14.5600004196167,4.361000061035156
2006-01-23 00:00:00-06:00,13.930000305175781,4.35699987411499
2006-01-24 00:00:00-06:00,13.3100004196167,4.389999866485596
2006-01-25 00:00:00-06:00,12.869999885559082,4.479000091552734
2006-01-26 00:00:00-06:00,12.420000076293945,4.5229997634887695
2006-01-27 00:00:00-06:00,11.970000267028809,4.502999782562256
2006-01-30 00:00:00-06:00,12.390000343322754,4.534999847412109
2006-01-31 00:00:00-06:00,12.949999809265137,4.5269999504089355
2006-02-01 00:00:00-06:00,12.359999656677246,4.560999870300293
2006-02-02 00:00:00-06:00,13.229999542236328,4.560999870300293
2006-02-03 00:00:00-06:00,12.960000038146973,4.5329999923706055
2006-02-06 00:00:00-06:00,13.039999961853027,4.545000076293945
2006-02-07 00:00:00-06:00,13.59000015258789,4.566999912261963
2006-02-08 00:00:00-06:00,12.829999923706055,4.59499979019165
2006-02-09 00:00:00-06:00,13.119999885559082,4.540999889373779
2006-02-10 00:00:00-06:00,12.869999885559082,4.580999851226807
2006-02-13 00:00:00-06:00,13.350000381469727,4.583000183105469
2006-02-14 00:00:00-06:00,12.25,4.613999843597412
2006-02-15 00:00:00-06:00,12.3100004196167,4.605999946594238
2006-02-16 00:00:00-06:00,11.479999542236328,4.5960001945495605
2006-02-17 00:00:00-06:00,12.010000228881836,4.540999889373779
2006-02-21 00:00:00-06:00,12.40999984741211,4.563000202178955
2006-02-22 00:00:00-06:00,11.880000114440918,4.531000137329102
2006-02-23 00:00:00-06:00,11.869999885559082,4.566999912261963
2006-02-24 00:00:00-06:00,11.460000038146973,4.566999912261963
2006-02-27 00:00:00-06:00,11.59000015258789,4.590000152587891
2006-02-28 00:00:00-06:00,12.34000015258789,4.546999931335449
2006-03-01 00:00:00-06:00,11.539999961853027,4.589000225067139
2006-03-02 00:00:00-06:00,11.720000267028809,4.638000011444092
2006-03-03 00:00:00-06:00,11.960000038146973,4.684000015258789
2006-03-06 00:00:00-06:00,12.739999771118164,4.73799991607666
2006-03-07 00:00:00-06:00,12.65999984741211,4.736000061035156
2006-03-08 00:00:00-06:00,12.319999694824219,4.734000205993652
2006-03-09 00:00:00-06:00,12.680000305175781,4.730000019073486
2006-03-10 00:00:00-06:00,11.850000381469727,4.755000114440918
2006-03-13 00:00:00-06:00,11.369999885559082,4.775000095367432
2006-03-14 00:00:00-06:00,10.739999771118164,4.696000099182129
2006-03-15 00:00:00-06:00,11.350000381469727,4.730999946594238
2006-03-16 00:00:00-06:00,11.979999542236328,4.645999908447266
2006-03-17 00:00:00-06:00,12.119999885559082,4.673999786376953
2006-03-20 00:00:00-06:00,11.789999961853027,4.656000137329102
2006-03-21 00:00:00-06:00,11.619999885559082,4.7170000076293945
2006-03-22 00:00:00-06:00,11.210000038146973,4.703000068664551
2006-03-23 00:00:00-06:00,11.170000076293945,4.738999843597412
2006-03-24 00:00:00-06:00,11.1899995803833,4.675000190734863
2006-03-27 00:00:00-06:00,11.460000038146973,4.701000213623047
2006-03-28 00:00:00-06:00,11.579999923706055,4.7779998779296875
2006-03-29 00:00:00-06:00,10.949999809265137,4.809999942779541
2006-03-30 00:00:00-06:00,11.569999694824219,4.855000019073486
2006-03-31 00:00:00-06:00,11.390000343322754,4.853000164031982
2006-04-03 00:00:00-05:00,11.569999694824219,4.874000072479248
2006-04-04 00:00:00-05:00,11.140000343322754,4.872000217437744
2006-04-05 00:00:00-05:00,11.130000114440918,4.839000225067139
2006-04-06 00:00:00-05:00,11.449999809265137,4.89300012588501
2006-04-07 00:00:00-05:00,12.260000228881836,4.9629998207092285
2006-04-10 00:00:00-05:00,12.1899995803833,4.9629998207092285
2006-04-11 00:00:00-05:00,13.0,4.932000160217285
2006-04-12 00:00:00-05:00,12.760000228881836,4.97599983215332
2006-04-13 00:00:00-05:00,12.380000114440918,5.035999774932861
2006-04-17 00:00:00-05:00,12.579999923706055,5.006999969482422
2006-04-18 00:00:00-05:00,11.399999618530273,4.973999977111816
2006-04-19 00:00:00-05:00,11.319999694824219,5.0279998779296875
2006-04-20 00:00:00-05:00,11.640000343322754,5.039000034332275
2006-04-21 00:00:00-05:00,11.59000015258789,5.01200008392334
2006-04-24 00:00:00-05:00,11.75,4.985000133514404
2006-04-25 00:00:00-05:00,11.75,5.071000099182129
2006-04-26 00:00:00-05:00,11.760000228881836,5.105000019073486
2006-04-27 00:00:00-05:00,11.84000015258789,5.084000110626221
2006-04-28 00:00:00-05:00,11.59000015258789,5.068999767303467
2006-05-01 00:00:00-05:00,12.539999961853027,5.13100004196167
2006-05-02 00:00:00-05:00,11.989999771118164,5.110000133514404
2006-05-03 00:00:00-05:00,11.989999771118164,5.144000053405762
2006-05-04 00:00:00-05:00,11.859999656677246,5.150000095367432
2006-05-05 00:00:00-05:00,11.619999885559082,5.107999801635742
2006-05-08 00:00:00-05:00,12.0,5.11899995803833
2006-05-09 00:00:00-05:00,11.989999771118164,5.125
2006-05-10 00:00:00-05:00,11.779999732971191,5.125
2006-05-11 00:00:00-05:00,12.489999771118164,5.15500020980835
2006-05-12 00:00:00-05:00,14.1899995803833,5.185999870300293
2006-05-15 00:00:00-05:00,13.569999694824219,5.1529998779296875
2006-05-16 00:00:00-05:00,13.350000381469727,5.105000019073486
2006-05-17 00:00:00-05:00,16.260000228881836,5.1529998779296875
2006-05-18 00:00:00-05:00,16.989999771118164,5.072999954223633
2006-05-19 00:00:00-05:00,17.18000030517578,5.053999900817871
2006-05-22 00:00:00-05:00,17.719999313354492,5.035999774932861
2006-05-23 00:00:00-05:00,18.260000228881836,5.065999984741211
2006-05-24 00:00:00-05:00,17.360000610351562,5.033999919891357
2006-05-25 00:00:00-05:00,15.5,5.073999881744385
2006-05-26 00:00:00-05:00,14.260000228881836,5.052000045776367
2006-05-30 00:00:00-05:00,18.65999984741211,5.085999965667725
2006-05-31 00:00:00-05:00,16.440000534057617,5.11299991607666
2006-06-01 00:00:00-05:00,14.520000457763672,5.107999801635742
2006-06-02 00:00:00-05:00,14.319999694824219,4.99399995803833
2006-06-05 00:00:00-05:00,16.649999618530273,5.026000022888184
2006-06-06 00:00:00-05:00,17.34000015258789,5.00600004196167
2006-06-07 00:00:00-05:00,17.799999237060547,5.026000022888184
2006-06-08 00:00:00-05:00,18.350000381469727,4.992000102996826
2006-06-09 00:00:00-05:00,18.1200008392334,4.980999946594238
2006-06-12 00:00:00-05:00,20.959999084472656,4.986999988555908
2006-06-13 00:00:00-05:00,23.809999465942383,4.960999965667725
2006-06-14 00:00:00-05:00,21.459999084472656,5.050000190734863
2006-06-15 00:00:00-05:00,15.899999618530273,5.0980000495910645
2006-06-16 00:00:00-05:00,17.25,5.127999782562256
2006-06-19 00:00:00-05:00,17.829999923706055,5.144999980926514
2006-06-20 00:00:00-05:00,16.690000534057617,5.1570000648498535
2006-06-21 00:00:00-05:00,15.520000457763672,5.15500020980835
2006-06-22 00:00:00-05:00,15.880000114440918,5.197999954223633
2006-06-23 00:00:00-05:00,15.890000343322754,5.228000164031982
2006-06-26 00:00:00-05:00,15.619999885559082,5.238999843597412
2006-06-27 00:00:00-05:00,16.399999618530273,5.210000038146973
2006-06-28 00:00:00-05:00,15.789999961853027,5.244999885559082
2006-06-29 00:00:00-05:00,13.029999732971191,5.199999809265137
2006-06-30 00:00:00-05:00,13.079999923706055,5.138000011444092
2006-07-03 00:00:00-05:00,13.050000190734863,5.151000022888184
2006-07-05 00:00:00-05:00,14.149999618530273,5.2270002365112305
2006-07-06 00:00:00-05:00,13.649999618530273,5.184999942779541
2006-07-07 00:00:00-05:00,13.970000267028809,5.131999969482422
2006-07-10 00:00:00-05:00,14.020000457763672,5.130000114440918
2006-07-11 00:00:00-05:00,13.140000343322754,5.099999904632568
2006-07-12 00:00:00-05:00,14.489999771118164,5.099999904632568
2006-07-13 00:00:00-05:00,17.790000915527344,5.071000099182129
2006-07-14 00:00:00-05:00,18.049999237060547,5.059000015258789
2006-07-17 00:00:00-05:00,18.639999389648438,5.068999767303467
2006-07-18 00:00:00-05:00,17.739999771118164,5.130000114440918
2006-07-19 00:00:00-05:00,15.550000190734863,5.059000015258789
2006-07-20 00:00:00-05:00,16.209999084472656,5.0279998779296875
2006-07-21 00:00:00-05:00,17.399999618530273,5.045000076293945
2006-07-24 00:00:00-05:00,14.979999542236328,5.044000148773193
2006-07-25 00:00:00-05:00,14.850000381469727,5.065000057220459
2006-07-26 00:00:00-05:00,14.619999885559082,5.035999774932861
2006-07-27 00:00:00-05:00,14.9399995803833,5.039999961853027
2006-07-28 00:00:00-05:00,14.329999923706055,4.989999771118164
2006-07-31 00:00:00-05:00,14.949999809265137,4.98799991607666
2006-08-01 00:00:00-05:00,15.050000190734863,4.982999801635742
2006-08-02 00:00:00-05:00,14.34000015258789,4.960999965667725
2006-08-03 00:00:00-05:00,14.460000038146973,4.951000213623047
2006-08-04 00:00:00-05:00,14.34000015258789,4.901000022888184
2006-08-07 00:00:00-05:00,15.229999542236328,4.921000003814697
2006-08-08 00:00:00-05:00,15.229999542236328,4.922999858856201
2006-08-09 00:00:00-05:00,15.199999809265137,4.936999797821045
2006-08-10 00:00:00-05:00,14.460000038146973,4.927000045776367
2006-08-11 00:00:00-05:00,14.300000190734863,4.9670000076293945
2006-08-14 00:00:00-05:00,14.260000228881836,5.000999927520752
2006-08-15 00:00:00-05:00,13.420000076293945,4.931000232696533
2006-08-16 00:00:00-05:00,12.40999984741211,4.870999813079834
2006-08-17 00:00:00-05:00,12.239999771118164,4.867000102996826
2006-08-18 00:00:00-05:00,11.640000343322754,4.835000038146973
2006-08-21 00:00:00-05:00,12.220000267028809,4.818999767303467
2006-08-22 00:00:00-05:00,12.1899995803833,4.810999870300293
2006-08-23 00:00:00-05:00,12.399999618530273,4.818999767303467
2006-08-24 00:00:00-05:00,12.399999618530273,4.802999973297119
2006-08-25 00:00:00-05:00,12.3100004196167,4.790999889373779
2006-08-28 00:00:00-05:00,12.180000305175781,4.796999931335449
2006-08-29 00:00:00-05:00,12.279999732971191,4.7829999923706055
2006-08-30 00:00:00-05:00,12.220000267028809,4.763000011444092
2006-08-31 00:00:00-05:00,12.3100004196167,4.73199987411499
2006-09-01 00:00:00-05:00,11.960000038146973,4.72599983215332
2006-09-05 00:00:00-05:00,12.630000114440918,4.781000137329102
2006-09-06 00:00:00-05:00,13.739999771118164,4.801000118255615
2006-09-07 00:00:00-05:00,13.880000114440918,4.795000076293945
2006-09-08 00:00:00-05:00,13.15999984741211,4.770999908447266
2006-09-11 00:00:00-05:00,12.989999771118164,4.798999786376953
2006-09-12 00:00:00-05:00,11.920000076293945,4.7729997634887695
2006-09-13 00:00:00-05:00,11.180000305175781,4.764999866485596
2006-09-14 00:00:00-05:00,11.550000190734863,4.793000221252441
2006-09-15 00:00:00-05:00,11.760000228881836,4.797999858856201
2006-09-18 00:00:00-05:00,11.779999732971191,4.809999942779541
2006-09-19 00:00:00-05:00,11.979999542236328,4.736999988555908
2006-09-20 00:00:00-05:00,11.390000343322754,4.729000091552734
2006-09-21 00:00:00-05:00,12.25,4.6479997634887695
2006-09-22 00:00:00-05:00,12.59000015258789,4.5970001220703125
2006-09-25 00:00:00-05:00,12.119999885559082,4.554999828338623
2006-09-26 00:00:00-05:00,11.529999732971191,4.585000038146973
2006-09-27 00:00:00-05:00,11.579999923706055,4.593999862670898
2006-09-28 00:00:00-05:00,11.720000267028809,4.625999927520752
2006-09-29 00:00:00-05:00,11.979999542236328,4.632999897003174
2006-10-02 00:00:00-05:00,12.569999694824219,4.618000030517578
2006-10-03 00:00:00-05:00,12.239999771118164,4.616000175476074
2006-10-04 00:00:00-05:00,11.859999656677246,4.565000057220459
2006-10-05 00:00:00-05:00,11.979999542236328,4.607999801635742
2006-10-06 00:00:00-05:00,11.5600004196167,4.696000099182129
2006-10-09 00:00:00-05:00,11.680000305175781,
2006-10-10 00:00:00-05:00,11.520000457763672,4.748000144958496
2006-10-11 00:00:00-05:00,11.619999885559082,4.783999919891357
2006-10-12 00:00:00-05:00,11.09000015258789,4.7779998779296875
2006-10-13 00:00:00-05:00,10.75,4.806000232696533
2006-10-16 00:00:00-05:00,11.09000015258789,4.788000106811523
2006-10-17 00:00:00-05:00,11.729999542236328,4.7779998779296875
2006-10-18 00:00:00-05:00,11.34000015258789,4.763999938964844
2006-10-19 00:00:00-05:00,10.899999618530273,4.785999774932861
2006-10-20 00:00:00-05:00,10.630000114440918,4.783999919891357
2006-10-23 00:00:00-05:00,11.079999923706055,4.826000213623047
2006-10-24 00:00:00-05:00,10.779999732971191,4.823999881744385
2006-10-25 00:00:00-05:00,10.65999984741211,4.7729997634887695
2006-10-26 00:00:00-05:00,10.5600004196167,4.7210001945495605
2006-10-27 00:00:00-05:00,10.800000190734863,4.675000190734863
2006-10-30 00:00:00-06:00,11.199999809265137,4.672999858856201
2006-10-31 00:00:00-06:00,11.100000381469727,4.605999946594238
2006-11-01 00:00:00-06:00,11.510000228881836,4.560999870300293
2006-11-02 00:00:00-06:00,11.420000076293945,4.5960001945495605
2006-11-03 00:00:00-06:00,11.15999984741211,4.715000152587891
2006-11-06 00:00:00-06:00,11.15999984741211,4.709000110626221
2006-11-07 00:00:00-06:00,11.09000015258789,4.658999919891357
2006-11-08 00:00:00-06:00,10.75,4.632999897003174
2006-11-09 00:00:00-06:00,11.010000228881836,4.632999897003174
2006-11-10 00:00:00-06:00,10.789999961853027,4.585999965667725
2006-11-13 00:00:00-06:00,10.859999656677246,4.605000019073486
2006-11-14 00:00:00-06:00,10.5,4.567999839782715
2006-11-15 00:00:00-06:00,10.3100004196167,4.614999771118164
2006-11-16 00:00:00-06:00,10.15999984741211,4.65500020980835
2006-11-17 00:00:00-06:00,10.050000190734863,4.60699987411499
2006-11-20 00:00:00-06:00,9.970000267028809,4.59499979019165
2006-11-21 00:00:00-06:00,9.899999618530273,4.578000068664551
2006-11-22 00:00:00-06:00,10.140000343322754,4.567999839782715
2006-11-24 00:00:00-06:00,10.729999542236328,4.547999858856201
2006-11-27 00:00:00-06:00,12.300000190734863,4.538000106811523
2006-11-28 00:00:00-06:00,11.619999885559082,4.508999824523926
2006-11-29 00:00:00-06:00,10.829999923706055,4.520999908447266
2006-11-30 00:00:00-06:00,10.90999984741211,4.458000183105469
2006-12-01 00:00:00-06:00,11.65999984741211,4.425000190734863
2006-12-04 00:00:00-06:00,11.229999542236328,4.433000087738037
2006-12-05 00:00:00-06:00,11.270000457763672,4.441999912261963
2006-12-06 00:00:00-06:00,11.329999923706055,4.480999946594238
2006-12-07 00:00:00-06:00,12.670000076293945,4.482999801635742
2006-12-08 00:00:00-06:00,12.069999694824219,4.552000045776367
2006-12-11 00:00:00-06:00,10.710000038146973,4.519999980926514
2006-12-12 00:00:00-06:00,10.649999618530273,4.491000175476074
2006-12-13 00:00:00-06:00,10.180000305175781,4.577000141143799
2006-12-14 00:00:00-06:00,9.970000267028809,4.59499979019165
2006-12-15 00:00:00-06:00,10.050000190734863,4.5970001220703125
2006-12-18 00:00:00-06:00,10.600000381469727,4.586999893188477
2006-12-19 00:00:00-06:00,10.300000190734863,4.598999977111816
2006-12-20 00:00:00-06:00,10.260000228881836,4.59499979019165
2006-12-21 00:00:00-06:00,10.529999732971191,4.548999786376953
2006-12-22 00:00:00-06:00,11.359999656677246,4.624000072479248
2006-12-26 00:00:00-06:00,11.260000228881836,4.603000164031982
2006-12-27 00:00:00-06:00,10.640000343322754,4.6539998054504395
2006-12-28 00:00:00-06:00,10.989999771118164,4.690000057220459
2006-12-29 00:00:00-06:00,11.5600004196167,4.710000038146973
2007-01-03 00:00:00-06:00,12.039999961853027,4.664000034332275
2007-01-04 00:00:00-06:00,11.510000228881836,4.618000030517578
2007-01-05 00:00:00-06:00,12.140000343322754,4.645999908447266
2007-01-08 00:00:00-06:00,12.0,4.659999847412109
2007-01-09 00:00:00-06:00,11.90999984741211,4.656000137329102
2007-01-10 00:00:00-06:00,11.470000267028809,4.682000160217285
2007-01-11 00:00:00-06:00,10.869999885559082,4.736999988555908
2007-01-12 00:00:00-06:00,10.149999618530273,4.770999908447266
2007-01-16 00:00:00-06:00,10.739999771118164,4.750999927520752
2007-01-17 00:00:00-06:00,10.59000015258789,4.7870001792907715
2007-01-18 00:00:00-06:00,10.850000381469727,4.750999927520752
2007-01-19 00:00:00-06:00,10.399999618530273,4.7729997634887695
2007-01-22 00:00:00-06:00,10.770000457763672,4.758999824523926
2007-01-23 00:00:00-06:00,10.34000015258789,4.803999900817871
2007-01-24 00:00:00-06:00,9.890000343322754,4.809999942779541
2007-01-25 00:00:00-06:00,11.220000267028809,4.867000102996826
2007-01-26 00:00:00-06:00,11.130000114440918,4.879000186920166
2007-01-29 00:00:00-06:00,11.449999809265137,4.892000198364258
2007-01-30 00:00:00-06:00,10.960000038146973,4.875
2007-01-31 00:00:00-06:00,10.420000076293945,4.826000213623047
2007-02-01 00:00:00-06:00,10.3100004196167,4.836999893188477
2007-02-02 00:00:00-06:00,10.079999923706055,4.827000141143799
2007-02-05 00:00:00-06:00,10.550000190734863,4.808000087738037
2007-02-06 00:00:00-06:00,10.649999618530273,4.764999866485596
2007-02-07 00:00:00-06:00,10.319999694824219,4.744999885559082
2007-02-08 00:00:00-06:00,10.4399995803833,4.730000019073486
2007-02-09 00:00:00-06:00,11.100000381469727,4.783999919891357
2007-02-12 00:00:00-06:00,11.609999656677246,4.803999900817871
2007-02-13 00:00:00-06:00,10.34000015258789,4.814000129699707
2007-02-14 00:00:00-06:00,10.229999542236328,4.730000019073486
2007-02-15 00:00:00-06:00,10.220000267028809,4.705999851226807
2007-02-16 00:00:00-06:00,10.020000457763672,4.690000057220459
2007-02-20 00:00:00-06:00,10.239999771118164,4.679999828338623
2007-02-21 00:00:00-06:00,10.199999809265137,4.691999912261963
2007-02-22 00:00:00-06:00,10.180000305175781,4.730000019073486
2007-02-23 00:00:00-06:00,10.579999923706055,4.677999973297119
2007-02-26 00:00:00-06:00,11.149999618530273,4.63100004196167
2007-02-27 00:00:00-06:00,18.309999465942383,4.513000011444092
2007-02-28 00:00:00-06:00,15.420000076293945,4.550000190734863
2007-03-01 00:00:00-06:00,15.819999694824219,4.556000232696533
2007-03-02 00:00:00-06:00,18.610000610351562,4.514999866485596
2007-03-05 00:00:00-06:00,19.6299991607666,4.51800012588501
2007-03-06 00:00:00-06:00,15.960000038146973,4.5279998779296875
2007-03-07 00:00:00-06:00,15.239999771118164,4.497000217437744
2007-03-08 00:00:00-06:00,14.289999961853027,4.508999824523926
2007-03-09 00:00:00-06:00,14.09000015258789,4.589000225067139
2007-03-12 00:00:00-05:00,13.989999771118164,4.552999973297119
2007-03-13 00:00:00-05:00,18.1299991607666,4.494999885559082
2007-03-14 00:00:00-05:00,17.270000457763672,4.521999835968018
2007-03-15 00:00:00-05:00,16.43000030517578,4.535999774932861
2007-03-16 00:00:00-05:00,16.790000915527344,4.545000076293945
2007-03-19 00:00:00-05:00,14.59000015258789,4.571000099182129
2007-03-20 00:00:00-05:00,13.270000457763672,4.546999931335449
2007-03-21 00:00:00-05:00,12.1899995803833,4.51800012588501
2007-03-22 00:00:00-05:00,12.930000305175781,4.589000225067139
2007-03-23 00:00:00-05:00,12.949999809265137,4.61299991607666
2007-03-26 00:00:00-05:00,13.15999984741211,4.586999893188477
2007-03-27 00:00:00-05:00,13.479999542236328,4.611999988555908
2007-03-28 00:00:00-05:00,14.979999542236328,4.619999885559082
2007-03-29 00:00:00-05:00,15.140000343322754,4.631999969482422
2007-03-30 00:00:00-05:00,14.640000343322754,4.6479997634887695
2007-04-02 00:00:00-05:00,14.529999732971191,4.642000198364258
2007-04-03 00:00:00-05:00,13.460000038146973,4.664000034332275
2007-04-04 00:00:00-05:00,13.239999771118164,4.6519999504089355
2007-04-05 00:00:00-05:00,13.229999542236328,4.673999786376953
2007-04-09 00:00:00-05:00,13.140000343322754,4.744999885559082
2007-04-10 00:00:00-05:00,12.680000305175781,4.723999977111816
2007-04-11 00:00:00-05:00,13.489999771118164,4.738999843597412
2007-04-12 00:00:00-05:00,12.710000038146973,4.736999988555908
2007-04-13 00:00:00-05:00,12.199999809265137,4.761000156402588
2007-04-16 00:00:00-05:00,11.979999542236328,4.735000133514404
2007-04-17 00:00:00-05:00,12.140000343322754,4.688000202178955
2007-04-18 00:00:00-05:00,12.420000076293945,4.6539998054504395
2007-04-19 00:00:00-05:00,12.539999961853027,4.670000076293945
2007-04-20 00:00:00-05:00,12.069999694824219,4.671999931335449
2007-04-23 00:00:00-05:00,13.039999961853027,4.650000095367432
2007-04-24 00:00:00-05:00,13.119999885559082,4.622000217437744
2007-04-25 00:00:00-05:00,13.210000038146973,4.645999908447266
2007-04-26 00:00:00-05:00,12.789999961853027,4.684000015258789
2007-04-27 00:00:00-05:00,12.449999809265137,4.697999954223633
2007-04-30 00:00:00-05:00,14.220000267028809,4.630000114440918
2007-05-01 00:00:00-05:00,13.510000228881836,4.642000198364258
2007-05-02 00:00:00-05:00,13.079999923706055,4.645999908447266
2007-05-03 00:00:00-05:00,13.09000015258789,4.673999786376953
2007-05-04 00:00:00-05:00,12.90999984741211,4.639999866485596
2007-05-07 00:00:00-05:00,13.149999618530273,4.636000156402588
2007-05-08 00:00:00-05:00,13.210000038146973,4.633999824523926
2007-05-09 00:00:00-05:00,12.880000114440918,4.668000221252441
2007-05-10 00:00:00-05:00,13.600000381469727,4.6479997634887695
2007-05-11 00:00:00-05:00,12.949999809265137,4.670000076293945
2007-05-14 00:00:00-05:00,13.960000038146973,4.690000057220459
2007-05-15 00:00:00-05:00,14.010000228881836,4.711999893188477
2007-05-16 00:00:00-05:00,13.5,4.708000183105469
2007-05-17 00:00:00-05:00,13.510000228881836,4.75600004196167
2007-05-18 00:00:00-05:00,12.760000228881836,4.803999900817871
2007-05-21 00:00:00-05:00,13.300000190734863,4.788000106811523
2007-05-22 00:00:00-05:00,13.0600004196167,4.830999851226807
2007-05-23 00:00:00-05:00,13.239999771118164,4.859000205993652
2007-05-24 00:00:00-05:00,14.079999923706055,4.85699987411499
2007-05-25 00:00:00-05:00,13.34000015258789,4.861000061035156
2007-05-29 00:00:00-05:00,13.529999732971191,4.881999969482422
2007-05-30 00:00:00-05:00,12.829999923706055,4.877999782562256
2007-05-31 00:00:00-05:00,13.050000190734863,4.889999866485596
2007-06-01 00:00:00-05:00,12.779999732971191,4.955999851226807
2007-06-04 00:00:00-05:00,13.289999961853027,4.928999900817871
2007-06-05 00:00:00-05:00,13.630000114440918,4.97599983215332
2007-06-06 00:00:00-05:00,14.869999885559082,4.96999979019165
2007-06-07 00:00:00-05:00,17.059999465942383,5.098999977111816
2007-06-08 00:00:00-05:00,14.84000015258789,5.118000030517578
2007-06-11 00:00:00-05:00,14.710000038146973,5.13700008392334
2007-06-12 00:00:00-05:00,16.670000076293945,5.248000144958496
2007-06-13 00:00:00-05:00,14.729999542236328,5.199999809265137
2007-06-14 00:00:00-05:00,13.640000343322754,5.2170000076293945
2007-06-15 00:00:00-05:00,13.9399995803833,5.171000003814697
2007-06-18 00:00:00-05:00,13.420000076293945,5.142000198364258
2007-06-19 00:00:00-05:00,12.850000381469727,5.085999965667725
2007-06-20 00:00:00-05:00,14.670000076293945,5.123000144958496
2007-06-21 00:00:00-05:00,14.210000038146973,5.163000106811523
2007-06-22 00:00:00-05:00,15.75,5.138000011444092
2007-06-25 00:00:00-05:00,16.649999618530273,5.078000068664551
2007-06-26 00:00:00-05:00,18.889999389648438,5.10099983215332
2007-06-27 00:00:00-05:00,15.529999732971191,5.070000171661377
2007-06-28 00:00:00-05:00,15.539999961853027,5.118000030517578
2007-06-29 00:00:00-05:00,16.229999542236328,5.0329999923706055
2007-07-02 00:00:00-05:00,15.399999618530273,4.998000144958496
2007-07-03 00:00:00-05:00,14.920000076293945,5.050000190734863
2007-07-05 00:00:00-05:00,15.479999542236328,5.144000053405762
2007-07-06 00:00:00-05:00,14.720000267028809,5.195000171661377
2007-07-09 00:00:00-05:00,15.15999984741211,5.158999919891357
2007-07-10 00:00:00-05:00,17.56999969482422,5.038000106811523
2007-07-11 00:00:00-05:00,16.639999389648438,5.079999923706055
2007-07-12 00:00:00-05:00,15.539999961853027,5.116000175476074
2007-07-13 00:00:00-05:00,15.149999618530273,5.10699987411499
2007-07-16 00:00:00-05:00,15.59000015258789,5.040999889373779
2007-07-17 00:00:00-05:00,15.630000114440918,5.078000068664551
2007-07-18 00:00:00-05:00,16.0,5.010000228881836
2007-07-19 00:00:00-05:00,15.229999542236328,5.0279998779296875
2007-07-20 00:00:00-05:00,16.950000762939453,4.955999851226807
2007-07-23 00:00:00-05:00,16.809999465942383,4.964000225067139
2007-07-24 00:00:00-05:00,18.549999237060547,4.943999767303467
2007-07-25 00:00:00-05:00,18.100000381469727,4.9039998054504395
2007-07-26 00:00:00-05:00,20.739999771118164,4.7769999504089355
2007-07-27 00:00:00-05:00,24.170000076293945,4.788000106811523
2007-07-30 00:00:00-05:00,20.8700008392334,4.803999900817871
2007-07-31 00:00:00-05:00,23.520000457763672,4.770999908447266
2007-08-01 00:00:00-05:00,23.670000076293945,4.758999824523926
2007-08-02 00:00:00-05:00,21.219999313354492,4.752999782562256
2007-08-03 00:00:00-05:00,25.15999984741211,4.699999809265137
2007-08-06 00:00:00-05:00,22.940000534057617,4.730999946594238
2007-08-07 00:00:00-05:00,21.559999465942383,4.743000030517578
2007-08-08 00:00:00-05:00,21.450000762939453,4.860000133514404
2007-08-09 00:00:00-05:00,26.479999542236328,4.789999961853027
2007-08-10 00:00:00-05:00,28.299999237060547,4.776000022888184
2007-08-13 00:00:00-05:00,26.56999969482422,4.7779998779296875
2007-08-14 00:00:00-05:00,27.68000030517578,4.73199987411499
2007-08-15 00:00:00-05:00,30.670000076293945,4.705999851226807
2007-08-16 00:00:00-05:00,30.829999923706055,4.599999904632568
2007-08-17 00:00:00-05:00,29.989999771118164,4.672999858856201
2007-08-20 00:00:00-05:00,26.329999923706055,4.633999824523926
2007-08-21 00:00:00-05:00,25.25,4.590000152587891
2007-08-22 00:00:00-05:00,22.889999389648438,4.619999885559082
2007-08-23 00:00:00-05:00,22.6200008392334,4.618000030517578
2007-08-24 00:00:00-05:00,20.719999313354492,4.632999897003174
2007-08-27 00:00:00-05:00,22.719999313354492,4.5960001945495605
2007-08-28 00:00:00-05:00,26.299999237060547,4.53000020980835
2007-08-29 00:00:00-05:00,23.809999465942383,4.552999973297119
2007-08-30 00:00:00-05:00,25.059999465942383,4.501999855041504
2007-08-31 00:00:00-05:00,23.3799991607666,4.5370001792907715
2007-09-04 00:00:00-05:00,22.780000686645508,4.558000087738037
2007-09-05 00:00:00-05:00,24.579999923706055,4.4730000495910645
2007-09-06 00:00:00-05:00,23.989999771118164,4.5
2007-09-07 00:00:00-05:00,26.229999542236328,4.368000030517578
2007-09-10 00:00:00-05:00,27.3799991607666,4.323999881744385
2007-09-11 00:00:00-05:00,25.270000457763672,4.363999843597412
2007-09-12 00:00:00-05:00,24.959999084472656,4.4079999923706055
2007-09-13 00:00:00-05:00,24.760000228881836,4.48199987411499
2007-09-14 00:00:00-05:00,24.920000076293945,4.461999893188477
2007-09-17 00:00:00-05:00,26.479999542236328,4.46999979019165
2007-09-18 00:00:00-05:00,20.350000381469727,4.480000019073486
2007-09-19 00:00:00-05:00,20.030000686645508,4.52400016784668
2007-09-20 00:00:00-05:00,20.450000762939453,4.671999931335449
2007-09-21 00:00:00-05:00,19.0,4.631999969482422
2007-09-24 00:00:00-05:00,19.3700008392334,4.624000072479248
2007-09-25 00:00:00-05:00,18.600000381469727,4.613999843597412
2007-09-26 00:00:00-05:00,17.6299991607666,4.619999885559082
2007-09-27 00:00:00-05:00,17.0,4.572999954223633
2007-09-28 00:00:00-05:00,18.0,4.578999996185303
2007-10-01 00:00:00-05:00,17.84000015258789,4.557000160217285
2007-10-02 00:00:00-05:00,18.489999771118164,4.5289998054504395
2007-10-03 00:00:00-05:00,18.799999237060547,4.543000221252441
2007-10-04 00:00:00-05:00,18.440000534057617,4.5229997634887695
2007-10-05 00:00:00-05:00,16.90999984741211,4.639999866485596
2007-10-08 00:00:00-05:00,17.459999084472656,4.638000011444092
2007-10-09 00:00:00-05:00,16.1200008392334,4.651000022888184
2007-10-10 00:00:00-05:00,16.670000076293945,4.646999835968018
2007-10-11 00:00:00-05:00,18.8799991607666,4.658999919891357
2007-10-12 00:00:00-05:00,17.729999542236328,4.686999797821045
2007-10-15 00:00:00-05:00,19.25,4.672999858856201
2007-10-16 00:00:00-05:00,20.020000457763672,4.65500020980835
2007-10-17 00:00:00-05:00,18.540000915527344,4.546000003814697
2007-10-18 00:00:00-05:00,18.5,4.502999782562256
2007-10-19 00:00:00-05:00,22.959999084472656,4.401000022888184
2007-10-22 00:00:00-05:00,21.639999389648438,4.39300012588501
2007-10-23 00:00:00-05:00,20.40999984741211,4.40500020980835
2007-10-24 00:00:00-05:00,20.799999237060547,4.330999851226807
2007-10-25 00:00:00-05:00,21.170000076293945,4.3520002365112305
2007-10-26 00:00:00-05:00,19.559999465942383,4.388999938964844
2007-10-29 00:00:00-05:00,19.8700008392334,4.382999897003174
2007-10-30 00:00:00-05:00,21.06999969482422,4.382999897003174
2007-10-31 00:00:00-05:00,18.530000686645508,4.474999904632568
2007-11-01 00:00:00-05:00,23.209999084472656,4.361000061035156
2007-11-02 00:00:00-05:00,23.010000228881836,4.290999889373779
2007-11-05 00:00:00-06:00,24.309999465942383,4.317999839782715
2007-11-06 00:00:00-06:00,21.389999389648438,4.35699987411499
2007-11-07 00:00:00-06:00,26.489999771118164,4.334000110626221
2007-11-08 00:00:00-06:00,26.15999984741211,4.2729997634887695
2007-11-09 00:00:00-06:00,28.5,4.224999904632568
2007-11-12 00:00:00-06:00,31.09000015258789,4.210999965667725
2007-11-13 00:00:00-06:00,24.100000381469727,4.25600004196167
2007-11-14 00:00:00-06:00,25.940000534057617,4.269000053405762
2007-11-15 00:00:00-06:00,28.059999465942383,4.158999919891357
2007-11-16 00:00:00-06:00,25.489999771118164,4.150000095367432
2007-11-19 00:00:00-06:00,26.010000228881836,4.078999996185303
2007-11-20 00:00:00-06:00,24.8799991607666,4.053999900817871
2007-11-21 00:00:00-06:00,26.84000015258789,4.02400016784668
2007-11-23 00:00:00-06:00,25.610000610351562,4.01200008392334
2007-11-26 00:00:00-06:00,28.90999984741211,3.8469998836517334
2007-11-27 00:00:00-06:00,26.280000686645508,3.944000005722046
2007-11-28 00:00:00-06:00,24.110000610351562,4.025000095367432
2007-11-29 00:00:00-06:00,23.969999313354492,3.940000057220459
2007-11-30 00:00:00-06:00,22.8700008392334,3.9719998836517334
2007-12-03 00:00:00-06:00,23.610000610351562,3.8949999809265137
2007-12-04 00:00:00-06:00,23.790000915527344,3.8889999389648438
2007-12-05 00:00:00-06:00,22.530000686645508,3.9110000133514404
2007-12-06 00:00:00-06:00,20.959999084472656,3.997999906539917
2007-12-07 00:00:00-06:00,20.850000381469727,4.119999885559082
2007-12-10 00:00:00-06:00,20.739999771118164,4.14900016784668
2007-12-11 00:00:00-06:00,23.59000015258789,3.990000009536743
2007-12-12 00:00:00-06:00,22.469999313354492,4.076000213623047
2007-12-13 00:00:00-06:00,22.559999465942383,4.170000076293945
2007-12-14 00:00:00-06:00,23.270000457763672,4.23199987411499
2007-12-17 00:00:00-06:00,24.520000457763672,4.192999839782715
2007-12-18 00:00:00-06:00,22.639999389648438,4.119999885559082
2007-12-19 00:00:00-06:00,21.68000030517578,4.070000171661377
2007-12-20 00:00:00-06:00,20.579999923706055,4.026000022888184
2007-12-21 00:00:00-06:00,18.469999313354492,4.168000221252441
2007-12-24 00:00:00-06:00,18.600000381469727,4.211999893188477
2007-12-26 00:00:00-06:00,18.65999984741211,4.281000137329102
2007-12-27 00:00:00-06:00,20.260000228881836,4.198999881744385
2007-12-28 00:00:00-06:00,20.739999771118164,4.0960001945495605
2007-12-31 00:00:00-06:00,22.5,4.034999847412109
2008-01-02 00:00:00-06:00,23.170000076293945,3.9010000228881836
2008-01-03 00:00:00-06:00,22.489999771118164,3.9010000228881836
2008-01-04 00:00:00-06:00,23.940000534057617,3.8540000915527344
2008-01-07 00:00:00-06:00,23.790000915527344,3.8389999866485596
2008-01-08 00:00:00-06:00,25.43000030517578,3.8399999141693115
2008-01-09 00:00:00-06:00,24.1200008392334,3.7909998893737793
2008-01-10 00:00:00-06:00,23.450000762939453,3.88700008392334
2008-01-11 00:00:00-06:00,23.68000030517578,3.809999942779541
2008-01-14 00:00:00-06:00,22.899999618530273,3.7929999828338623
2008-01-15 00:00:00-06:00,23.34000015258789,3.7009999752044678
2008-01-16 00:00:00-06:00,24.3799991607666,3.7119998931884766
2008-01-17 00:00:00-06:00,28.459999084472656,3.640000104904175
2008-01-18 00:00:00-06:00,27.18000030517578,3.6480000019073486
2008-01-22 00:00:00-06:00,31.010000228881836,3.4839999675750732
2008-01-23 00:00:00-06:00,29.020000457763672,3.4260001182556152
2008-01-24 00:00:00-06:00,27.780000686645508,3.640000104904175
2008-01-25 00:00:00-06:00,29.079999923706055,3.5840001106262207
2008-01-28 00:00:00-06:00,27.780000686645508,3.5859999656677246
2008-01-29 00:00:00-06:00,27.31999969482422,3.6579999923706055
2008-01-30 00:00:00-06:00,27.6200008392334,3.7330000400543213
2008-01-31 00:00:00-06:00,26.200000762939453,3.6389999389648438
2008-02-01 00:00:00-06:00,24.020000457763672,3.5999999046325684
2008-02-04 00:00:00-06:00,25.989999771118164,3.6429998874664307
2008-02-05 00:00:00-06:00,28.239999771118164,3.5869998931884766
2008-02-06 00:00:00-06:00,28.969999313354492,3.614000082015991
2008-02-07 00:00:00-06:00,27.65999984741211,3.7360000610351562
2008-02-08 00:00:00-06:00,28.010000228881836,3.6540000438690186
2008-02-11 00:00:00-06:00,27.600000381469727,3.618000030517578
2008-02-12 00:00:00-06:00,26.329999923706055,3.678999900817871
2008-02-13 00:00:00-06:00,24.8799991607666,3.694000005722046
2008-02-14 00:00:00-06:00,25.540000915527344,3.818000078201294
2008-02-15 00:00:00-06:00,25.020000457763672,3.7799999713897705
2008-02-19 00:00:00-06:00,25.59000015258789,3.875
2008-02-20 00:00:00-06:00,24.399999618530273,3.9170000553131104
2008-02-21 00:00:00-06:00,25.1200008392334,3.7839999198913574
2008-02-22 00:00:00-06:00,24.059999465942383,3.7899999618530273
2008-02-25 00:00:00-06:00,23.030000686645508,3.9019999504089355
2008-02-26 00:00:00-06:00,21.899999618530273,3.859999895095825
2008-02-27 00:00:00-06:00,22.690000534057617,3.8499999046325684
2008-02-28 00:00:00-06:00,23.530000686645508,3.7149999141693115
2008-02-29 00:00:00-06:00,26.540000915527344,3.5339999198913574
2008-03-03 00:00:00-06:00,26.280000686645508,3.5339999198913574
2008-03-04 00:00:00-06:00,25.520000457763672,3.5789999961853027
2008-03-05 00:00:00-06:00,24.600000381469727,3.693000078201294
2008-03-06 00:00:00-06:00,27.549999237060547,3.621999979019165
2008-03-07 00:00:00-06:00,27.489999771118164,3.5409998893737793
2008-03-10 00:00:00-05:00,29.3799991607666,3.437999963760376
2008-03-11 00:00:00-05:00,26.360000610351562,3.5959999561309814
2008-03-12 00:00:00-05:00,27.219999313354492,3.4830000400543213
2008-03-13 00:00:00-05:00,27.290000915527344,3.5339999198913574
2008-03-14 00:00:00-05:00,31.15999984741211,3.4210000038146973
2008-03-17 00:00:00-05:00,32.2400016784668,3.313999891281128
2008-03-18 00:00:00-05:00,25.790000915527344,3.4509999752044678
2008-03-19 00:00:00-05:00,29.84000015258789,3.361999988555908
2008-03-20 00:00:00-05:00,26.6200008392334,3.328000068664551
2008-03-24 00:00:00-05:00,25.729999542236328,3.5220000743865967
2008-03-25 00:00:00-05:00,25.719999313354492,3.492000102996826
2008-03-26 00:00:00-05:00,26.079999923706055,3.49399995803833
2008-03-27 00:00:00-05:00,25.8799991607666,3.5339999198913574
2008-03-28 00:00:00-05:00,25.709999084472656,3.4660000801086426
2008-03-31 00:00:00-05:00,25.610000610351562,3.431999921798706
2008-04-01 00:00:00-05:00,22.68000030517578,3.5450000762939453
2008-04-02 00:00:00-05:00,23.43000030517578,3.5829999446868896
2008-04-03 00:00:00-05:00,23.209999084472656,3.5910000801086426
2008-04-04 00:00:00-05:00,22.450000762939453,3.4809999465942383
2008-04-07 00:00:00-05:00,22.420000076293945,3.555999994277954
2008-04-08 00:00:00-05:00,22.360000610351562,3.558000087738037
2008-04-09 00:00:00-05:00,22.809999465942383,3.4660000801086426
2008-04-10 00:00:00-05:00,21.979999542236328,3.5320000648498535
2008-04-11 00:00:00-05:00,23.459999084472656,3.4709999561309814
2008-04-14 00:00:00-05:00,23.81999969482422,3.503000020980835
2008-04-15 00:00:00-05:00,22.780000686645508,3.569999933242798
2008-04-16 00:00:00-05:00,20.530000686645508,3.696000099182129
2008-04-17 00:00:00-05:00,20.3700008392334,3.7290000915527344
2008-04-18 00:00:00-05:00,20.1299991607666,3.743000030517578
2008-04-21 00:00:00-05:00,20.5,3.7119998931884766
2008-04-22 00:00:00-05:00,20.8700008392334,3.7200000286102295
2008-04-23 00:00:00-05:00,20.260000228881836,3.7300000190734863
2008-04-24 00:00:00-05:00,20.059999465942383,3.8269999027252197
2008-04-25 00:00:00-05:00,19.59000015258789,3.865999937057495
2008-04-28 00:00:00-05:00,19.639999389648438,3.8350000381469727
2008-04-29 00:00:00-05:00,20.239999771118164,3.825000047683716
2008-04-30 00:00:00-05:00,20.790000915527344,3.759000062942505
2008-05-01 00:00:00-05:00,18.8799991607666,3.749000072479248
2008-05-02 00:00:00-05:00,18.18000030517578,3.8450000286102295
2008-05-05 00:00:00-05:00,18.899999618530273,3.8450000286102295
2008-05-06 00:00:00-05:00,18.209999084472656,3.8929998874664307
2008-05-07 00:00:00-05:00,19.729999542236328,3.867000102996826
2008-05-08 00:00:00-05:00,19.399999618530273,3.805000066757202
2008-05-09 00:00:00-05:00,19.40999984741211,3.7669999599456787
2008-05-12 00:00:00-05:00,17.790000915527344,3.7750000953674316
2008-05-13 00:00:00-05:00,17.979999542236328,3.9089999198913574
2008-05-14 00:00:00-05:00,17.65999984741211,3.937999963760376
2008-05-15 00:00:00-05:00,16.299999237060547,3.8429999351501465
2008-05-16 00:00:00-05:00,16.469999313354492,3.8499999046325684
2008-05-19 00:00:00-05:00,17.010000228881836,3.8389999866485596
2008-05-20 00:00:00-05:00,17.579999923706055,3.7760000228881836
2008-05-21 00:00:00-05:00,18.59000015258789,3.822000026702881
2008-05-22 00:00:00-05:00,18.049999237060547,3.9210000038146973
2008-05-23 00:00:00-05:00,19.549999237060547,3.8310000896453857
2008-05-27 00:00:00-05:00,19.639999389648438,3.9210000038146973
2008-05-28 00:00:00-05:00,19.06999969482422,4.008999824523926
2008-05-29 00:00:00-05:00,18.139999389648438,4.078999996185303
2008-05-30 00:00:00-05:00,17.829999923706055,4.046000003814697
2008-06-02 00:00:00-05:00,19.829999923706055,3.9709999561309814
2008-06-03 00:00:00-05:00,20.239999771118164,3.8980000019073486
2008-06-04 00:00:00-05:00,20.799999237060547,3.940000057220459
2008-06-05 00:00:00-05:00,18.6299991607666,4.025000095367432
2008-06-06 00:00:00-05:00,23.559999465942383,3.937999963760376
2008-06-09 00:00:00-05:00,23.1200008392334,3.992000102996826
2008-06-10 00:00:00-05:00,23.18000030517578,4.098999977111816
2008-06-11 00:00:00-05:00,24.1200008392334,4.072999954223633
2008-06-12 00:00:00-05:00,23.329999923706055,4.204999923706055
2008-06-13 00:00:00-05:00,21.219999313354492,4.261000156402588
2008-06-16 00:00:00-05:00,20.950000762939453,4.244999885559082
2008-06-17 00:00:00-05:00,21.1299991607666,4.224999904632568
2008-06-18 00:00:00-05:00,22.239999771118164,4.1539998054504395
2008-06-19 00:00:00-05:00,21.579999923706055,4.198999881744385
2008-06-20 00:00:00-05:00,22.8700008392334,4.13700008392334
2008-06-23 00:00:00-05:00,22.639999389648438,4.168000221252441
2008-06-24 00:00:00-05:00,22.420000076293945,4.105000019073486
2008-06-25 00:00:00-05:00,21.139999389648438,4.114999771118164
2008-06-26 00:00:00-05:00,23.93000030517578,4.0329999923706055
2008-06-27 00:00:00-05:00,23.440000534057617,3.990000009536743
2008-06-30 00:00:00-05:00,23.950000762939453,3.9790000915527344
2008-07-01 00:00:00-05:00,23.649999618530273,3.992000102996826
2008-07-02 00:00:00-05:00,25.920000076293945,3.9590001106262207
2008-07-03 00:00:00-05:00,24.780000686645508,3.9730000495910645
2008-07-07 00:00:00-05:00,25.780000686645508,3.930000066757202
2008-07-08 00:00:00-05:00,23.149999618530273,3.880000114440918
2008-07-09 00:00:00-05:00,25.229999542236328,3.8340001106262207
2008-07-10 00:00:00-05:00,25.59000015258789,3.811000108718872
2008-07-11 00:00:00-05:00,27.489999771118164,3.940000057220459
2008-07-14 00:00:00-05:00,28.479999542236328,3.880000114440918
2008-07-15 00:00:00-05:00,28.540000915527344,3.8440001010894775
2008-07-16 00:00:00-05:00,25.100000381469727,3.934000015258789
2008-07-17 00:00:00-05:00,25.010000228881836,4.038000106811523
2008-07-18 00:00:00-05:00,24.049999237060547,4.080999851226807
2008-07-21 00:00:00-05:00,23.049999237060547,4.066999912261963
2008-07-22 00:00:00-05:00,21.18000030517578,4.0970001220703125
2008-07-23 00:00:00-05:00,21.309999465942383,4.1479997634887695
2008-07-24 00:00:00-05:00,23.440000534057617,4.015999794006348
2008-07-25 00:00:00-05:00,22.90999984741211,4.111000061035156
2008-07-28 00:00:00-05:00,24.229999542236328,4.01800012588501
2008-07-29 00:00:00-05:00,22.030000686645508,4.044000148773193
2008-07-30 00:00:00-05:00,21.209999084472656,4.047999858856201
2008-07-31 00:00:00-05:00,22.940000534057617,3.9790000915527344
2008-08-01 00:00:00-05:00,22.56999969482422,3.947999954223633
2008-08-04 00:00:00-05:00,23.489999771118164,3.9719998836517334
2008-08-05 00:00:00-05:00,21.139999389648438,4.006999969482422
2008-08-06 00:00:00-05:00,20.229999542236328,4.047999858856201
2008-08-07 00:00:00-05:00,21.149999618530273,3.934999942779541
2008-08-08 00:00:00-05:00,20.65999984741211,3.950000047683716
2008-08-11 00:00:00-05:00,20.1200008392334,4.001999855041504
2008-08-12 00:00:00-05:00,21.170000076293945,3.9179999828338623
2008-08-13 00:00:00-05:00,21.549999237060547,3.947000026702881
2008-08-14 00:00:00-05:00,20.34000015258789,3.8919999599456787
2008-08-15 00:00:00-05:00,19.579999923706055,3.8519999980926514
2008-08-18 00:00:00-05:00,20.979999542236328,3.815999984741211
2008-08-19 00:00:00-05:00,21.280000686645508,3.8420000076293945
2008-08-20 00:00:00-05:00,20.420000076293945,3.7990000247955322
2008-08-21 00:00:00-05:00,19.81999969482422,3.8380000591278076
2008-08-22 00:00:00-05:00,18.809999465942383,3.867000102996826
2008-08-25 00:00:00-05:00,20.969999313354492,3.7909998893737793
2008-08-26 00:00:00-05:00,20.489999771118164,3.7839999198913574
2008-08-27 00:00:00-05:00,19.760000228881836,3.7720000743865967
2008-08-28 00:00:00-05:00,19.43000030517578,3.7950000762939453
2008-08-29 00:00:00-05:00,20.649999618530273,3.812999963760376
2008-09-02 00:00:00-05:00,21.989999771118164,3.746000051498413
2008-09-03 00:00:00-05:00,21.43000030517578,3.697000026702881
2008-09-04 00:00:00-05:00,24.030000686645508,3.6429998874664307
2008-09-05 00:00:00-05:00,23.059999465942383,3.6600000858306885
2008-09-08 00:00:00-05:00,22.639999389648438,3.6649999618530273
2008-09-09 00:00:00-05:00,25.469999313354492,3.5959999561309814
2008-09-10 00:00:00-05:00,24.520000457763672,3.6410000324249268
2008-09-11 00:00:00-05:00,24.389999389648438,3.621999979019165
2008-09-12 00:00:00-05:00,25.65999984741211,3.7300000190734863
2008-09-15 00:00:00-05:00,31.700000762939453,3.4830000400543213
2008-09-16 00:00:00-05:00,30.299999237060547,3.490999937057495
2008-09-17 00:00:00-05:00,36.220001220703125,3.4100000858306885
2008-09-18 00:00:00-05:00,33.099998474121094,3.437000036239624
2008-09-19 00:00:00-05:00,32.06999969482422,3.7690000534057617
2008-09-22 00:00:00-05:00,33.849998474121094,3.8259999752044678
2008-09-23 00:00:00-05:00,35.720001220703125,3.8410000801086426
2008-09-24 00:00:00-05:00,35.189998626708984,3.7709999084472656
2008-09-25 00:00:00-05:00,32.81999969482422,3.861999988555908
2008-09-26 00:00:00-05:00,34.7400016784668,3.8269999027252197
2008-09-29 00:00:00-05:00,46.720001220703125,3.631999969482422
2008-09-30 00:00:00-05:00,39.38999938964844,3.8269999027252197
2008-10-01 00:00:00-05:00,39.810001373291016,3.7679998874664307
2008-10-02 00:00:00-05:00,45.2599983215332,3.6459999084472656
2008-10-03 00:00:00-05:00,45.13999938964844,3.6440000534057617
2008-10-06 00:00:00-05:00,52.04999923706055,3.4260001182556152
2008-10-07 00:00:00-05:00,53.68000030517578,3.50600004196167
2008-10-08 00:00:00-05:00,57.529998779296875,3.7149999141693115
2008-10-09 00:00:00-05:00,63.91999816894531,3.8340001106262207
2008-10-10 00:00:00-05:00,69.94999694824219,3.8610000610351562
2008-10-13 00:00:00-05:00,54.9900016784668,3.8610000610351562
2008-10-14 00:00:00-05:00,55.130001068115234,4.0229997634887695
2008-10-15 00:00:00-05:00,69.25,4.011000156402588
2008-10-16 00:00:00-05:00,67.61000061035156,3.936000108718872
2008-10-17 00:00:00-05:00,70.33000183105469,3.937999963760376
2008-10-20 00:00:00-05:00,52.970001220703125,3.885999917984009
2008-10-21 00:00:00-05:00,53.11000061035156,3.703000068664551
2008-10-22 00:00:00-05:00,69.6500015258789,3.618000030517578
2008-10-23 00:00:00-05:00,67.80000305175781,3.5339999198913574
2008-10-24 00:00:00-05:00,79.12999725341797,3.697000026702881
2008-10-27 00:00:00-05:00,80.05999755859375,3.7290000915527344
2008-10-28 00:00:00-05:00,66.95999908447266,3.819999933242798
2008-10-29 00:00:00-05:00,69.95999908447266,3.874000072479248
2008-10-30 00:00:00-05:00,62.900001525878906,3.938999891281128
2008-10-31 00:00:00-05:00,59.88999938964844,3.9700000286102295
2008-11-03 00:00:00-06:00,53.68000030517578,3.9040000438690186
2008-11-04 00:00:00-06:00,47.72999954223633,3.765000104904175
2008-11-05 00:00:00-06:00,54.560001373291016,3.694000005722046
2008-11-06 00:00:00-06:00,63.68000030517578,3.7070000171661377
2008-11-07 00:00:00-06:00,56.099998474121094,3.7799999713897705
2008-11-10 00:00:00-06:00,59.97999954223633,3.759999990463257
2008-11-11 00:00:00-06:00,61.439998626708984,3.755000114440918
2008-11-12 00:00:00-06:00,66.45999908447266,3.6649999618530273
2008-11-13 00:00:00-06:00,59.83000183105469,3.818000078201294
2008-11-14 00:00:00-06:00,66.30999755859375,3.75
2008-11-17 00:00:00-06:00,69.1500015258789,3.684000015258789
2008-11-18 00:00:00-06:00,67.63999938964844,3.5350000858306885
2008-11-19 00:00:00-06:00,74.26000213623047,3.3910000324249268
2008-11-20 00:00:00-06:00,80.86000061035156,3.1440000534057617
2008-11-21 00:00:00-06:00,72.66999816894531,3.1670000553131104
2008-11-24 00:00:00-06:00,64.69999694824219,3.3399999141693115
2008-11-25 00:00:00-06:00,60.900001525878906,3.0920000076293945
2008-11-26 00:00:00-06:00,54.91999816894531,3.000999927520752
2008-11-28 00:00:00-06:00,55.279998779296875,2.9570000171661377
2008-12-01 00:00:00-06:00,68.51000213623047,2.7190001010894775
2008-12-02 00:00:00-06:00,62.97999954223633,2.693000078201294
2008-12-03 00:00:00-06:00,60.720001220703125,2.6760001182556152
2008-12-04 00:00:00-06:00,63.63999938964844,2.569999933242798
2008-12-05 00:00:00-06:00,59.93000030517578,2.6570000648498535
2008-12-08 00:00:00-06:00,58.4900016784668,2.7339999675750732
2008-12-09 00:00:00-06:00,58.90999984741211,2.6689999103546143
2008-12-10 00:00:00-06:00,55.72999954223633,2.684000015258789
2008-12-11 00:00:00-06:00,55.779998779296875,2.6480000019073486
2008-12-12 00:00:00-06:00,54.279998779296875,2.5889999866485596
2008-12-15 00:00:00-06:00,56.7599983215332,2.5329999923706055
2008-12-16 00:00:00-06:00,52.369998931884766,2.36299991607666
2008-12-17 00:00:00-06:00,49.84000015258789,2.190000057220459
2008-12-18 00:00:00-06:00,47.34000015258789,2.0739998817443848
2008-12-19 00:00:00-06:00,44.93000030517578,2.13100004196167
2008-12-22 00:00:00-06:00,44.560001373291016,2.1410000324249268
2008-12-23 00:00:00-06:00,45.02000045776367,2.1630001068115234
2008-12-24 00:00:00-06:00,44.209999084472656,2.178999900817871
2008-12-26 00:00:00-06:00,43.380001068115234,2.13700008392334
2008-12-29 00:00:00-06:00,43.900001525878906,2.0959999561309814
2008-12-30 00:00:00-06:00,41.630001068115234,2.0869998931884766
2008-12-31 00:00:00-06:00,40.0,2.24399995803833
2009-01-02 00:00:00-06:00,39.189998626708984,2.4159998893737793
2009-01-05 00:00:00-06:00,39.08000183105469,2.48799991607666
2009-01-06 00:00:00-06:00,38.560001373291016,2.505000114440918
2009-01-07 00:00:00-06:00,43.38999938964844,2.49399995803833
2009-01-08 00:00:00-06:00,42.560001373291016,2.444999933242798
2009-01-09 00:00:00-06:00,42.81999969482422,2.4070000648498535
2009-01-12 00:00:00-06:00,45.84000015258789,2.309000015258789
2009-01-13 00:00:00-06:00,43.27000045776367,2.296999931335449
2009-01-14 00:00:00-06:00,49.13999938964844,2.2130000591278076
2009-01-15 00:00:00-06:00,51.0,2.2009999752044678
2009-01-16 00:00:00-06:00,46.11000061035156,2.303999900817871
2009-01-20 00:00:00-06:00,56.650001525878906,2.3450000286102295
2009-01-21 00:00:00-06:00,46.41999816894531,2.5260000228881836
2009-01-22 00:00:00-06:00,47.290000915527344,2.5940001010894775
2009-01-23 00:00:00-06:00,47.27000045776367,2.621999979019165
2009-01-26 00:00:00-06:00,45.689998626708984,2.6429998874664307
2009-01-27 00:00:00-06:00,42.25,2.5190000534057617
2009-01-28 00:00:00-06:00,39.65999984741211,2.6559998989105225
2009-01-29 00:00:00-06:00,42.630001068115234,2.815000057220459
2009-01-30 00:00:00-06:00,44.84000015258789,2.8440001010894775
2009-02-02 00:00:00-06:00,45.52000045776367,2.7190001010894775
2009-02-03 00:00:00-06:00,43.060001373291016,2.8420000076293945
2009-02-04 00:00:00-06:00,43.849998474121094,2.9140000343322754
2009-02-05 00:00:00-06:00,43.72999954223633,2.9000000953674316
2009-02-06 00:00:00-06:00,43.369998931884766,2.9790000915527344
2009-02-09 00:00:00-06:00,43.63999938964844,3.0269999504089355
2009-02-10 00:00:00-06:00,46.66999816894531,2.8469998836517334
2009-02-11 00:00:00-06:00,44.529998779296875,2.76200008392334
2009-02-12 00:00:00-06:00,41.25,2.7269999980926514
2009-02-13 00:00:00-06:00,42.93000030517578,2.881999969482422
2009-02-17 00:00:00-06:00,48.65999984741211,2.6619999408721924
2009-02-18 00:00:00-06:00,48.459999084472656,2.7279999256134033
2009-02-19 00:00:00-06:00,47.08000183105469,2.8570001125335693
2009-02-20 00:00:00-06:00,49.29999923706055,2.7720000743865967
2009-02-23 00:00:00-06:00,52.619998931884766,2.7769999504089355
2009-02-24 00:00:00-06:00,45.4900016784668,2.7990000247955322
2009-02-25 00:00:00-06:00,44.66999816894531,2.944999933242798
2009-02-26 00:00:00-06:00,44.65999984741211,2.9779999256134033
2009-02-27 00:00:00-06:00,46.349998474121094,3.0409998893737793
2009-03-02 00:00:00-06:00,52.650001525878906,2.9189999103546143
2009-03-03 00:00:00-06:00,50.93000030517578,2.937999963760376
2009-03-04 00:00:00-06:00,47.560001373291016,3.010999917984009
2009-03-05 00:00:00-06:00,50.16999816894531,2.819000005722046
2009-03-06 00:00:00-06:00,49.33000183105469,2.828000068664551
2009-03-09 00:00:00-05:00,49.68000030517578,2.885999917984009
2009-03-10 00:00:00-05:00,44.369998931884766,2.9820001125335693
2009-03-11 00:00:00-05:00,43.61000061035156,2.9159998893737793
2009-03-12 00:00:00-05:00,41.18000030517578,2.8919999599456787
2009-03-13 00:00:00-05:00,42.36000061035156,2.884999990463257
2009-03-16 00:00:00-05:00,43.7400016784668,2.9509999752044678
2009-03-17 00:00:00-05:00,40.79999923706055,3.003000020980835
2009-03-18 00:00:00-05:00,40.060001373291016,2.5329999923706055
2009-03-19 00:00:00-05:00,43.68000030517578,2.5969998836517334
2009-03-20 00:00:00-05:00,45.88999938964844,2.625
2009-03-23 00:00:00-05:00,43.22999954223633,2.6600000858306885
2009-03-24 00:00:00-05:00,42.93000030517578,2.6540000438690186
2009-03-25 00:00:00-05:00,42.25,2.7720000743865967
2009-03-26 00:00:00-05:00,40.36000061035156,2.7330000400543213
2009-03-27 00:00:00-05:00,41.040000915527344,2.760999917984009
2009-03-30 00:00:00-05:00,45.540000915527344,2.7139999866485596
2009-03-31 00:00:00-05:00,44.13999938964844,2.684999942779541
2009-04-01 00:00:00-05:00,42.279998779296875,2.6579999923706055
2009-04-02 00:00:00-05:00,42.040000915527344,2.752000093460083
2009-04-03 00:00:00-05:00,39.70000076293945,2.9070000648498535
2009-04-06 00:00:00-05:00,40.93000030517578,2.938999891281128
2009-04-07 00:00:00-05:00,40.38999938964844,2.9089999198913574
2009-04-08 00:00:00-05:00,38.849998474121094,2.8469998836517334
2009-04-09 00:00:00-05:00,36.529998779296875,2.9260001182556152
2009-04-13 00:00:00-05:00,37.810001373291016,2.8450000286102295
2009-04-14 00:00:00-05:00,37.66999816894531,2.7860000133514404
2009-04-15 00:00:00-05:00,36.16999816894531,2.759000062942505
2009-04-16 00:00:00-05:00,35.790000915527344,2.8299999237060547
2009-04-17 00:00:00-05:00,33.939998626708984,2.930000066757202
2009-04-20 00:00:00-05:00,39.18000030517578,2.8429999351501465
2009-04-21 00:00:00-05:00,37.13999938964844,2.9019999504089355
2009-04-22 00:00:00-05:00,38.099998474121094,2.9639999866485596
2009-04-23 00:00:00-05:00,37.150001525878906,2.927000045776367
2009-04-24 00:00:00-05:00,36.81999969482422,2.996000051498413
2009-04-27 00:00:00-05:00,38.31999969482422,2.9210000038146973
2009-04-28 00:00:00-05:00,37.95000076293945,3.002000093460083
2009-04-29 00:00:00-05:00,36.08000183105469,3.0959999561309814
2009-04-30 00:00:00-05:00,36.5,3.124000072479248
2009-05-01 00:00:00-05:00,35.29999923706055,3.1740000247955322
2009-05-04 00:00:00-05:00,34.529998779296875,3.1570000648498535
2009-05-05 00:00:00-05:00,33.36000061035156,3.1570000648498535
2009-05-06 00:00:00-05:00,32.45000076293945,3.1519999504089355
2009-05-07 00:00:00-05:00,33.439998626708984,3.2950000762939453
2009-05-08 00:00:00-05:00,32.04999923706055,3.2929999828338623
2009-05-11 00:00:00-05:00,32.869998931884766,3.180000066757202
2009-05-12 00:00:00-05:00,31.799999237060547,3.174999952316284
2009-05-13 00:00:00-05:00,33.650001525878906,3.1050000190734863
2009-05-14 00:00:00-05:00,31.3700008392334,3.1070001125335693
2009-05-15 00:00:00-05:00,33.119998931884766,3.122999906539917
2009-05-18 00:00:00-05:00,30.239999771118164,3.2109999656677246
2009-05-19 00:00:00-05:00,28.799999237060547,3.243000030517578
2009-05-20 00:00:00-05:00,29.030000686645508,3.2019999027252197
2009-05-21 00:00:00-05:00,31.350000381469727,3.3529999256134033
2009-05-22 00:00:00-05:00,32.630001068115234,3.447999954223633
2009-05-26 00:00:00-05:00,30.6200008392334,3.493000030517578
2009-05-27 00:00:00-05:00,32.36000061035156,3.694999933242798
2009-05-28 00:00:00-05:00,31.670000076293945,3.671999931335449
2009-05-29 00:00:00-05:00,28.920000076293945,3.4649999141693115
2009-06-01 00:00:00-05:00,30.040000915527344,3.7149999141693115
2009-06-02 00:00:00-05:00,29.6299991607666,3.6440000534057617
2009-06-03 00:00:00-05:00,31.020000457763672,3.5510001182556152
2009-06-04 00:00:00-05:00,30.18000030517578,3.7160000801086426
2009-06-05 00:00:00-05:00,29.6200008392334,3.861999988555908
2009-06-08 00:00:00-05:00,29.770000457763672,3.8889999389648438
2009-06-09 00:00:00-05:00,28.270000457763672,3.8580000400543213
2009-06-10 00:00:00-05:00,28.459999084472656,3.936000108718872
2009-06-11 00:00:00-05:00,28.110000610351562,3.861999988555908
2009-06-12 00:00:00-05:00,28.149999618530273,3.7880001068115234
2009-06-15 00:00:00-05:00,30.809999465942383,3.7130000591278076
2009-06-16 00:00:00-05:00,32.68000030517578,3.6740000247955322
2009-06-17 00:00:00-05:00,31.540000915527344,3.6470000743865967
2009-06-18 00:00:00-05:00,30.030000686645508,3.8340001106262207
2009-06-19 00:00:00-05:00,27.989999771118164,3.7890000343322754
2009-06-22 00:00:00-05:00,31.170000076293945,3.693000078201294
2009-06-23 00:00:00-05:00,30.579999923706055,3.640000104904175
2009-06-24 00:00:00-05:00,29.049999237060547,3.684999942779541
2009-06-25 00:00:00-05:00,26.360000610351562,3.5460000038146973
2009-06-26 00:00:00-05:00,25.93000030517578,3.50600004196167
2009-06-29 00:00:00-05:00,25.350000381469727,3.492000102996826
2009-06-30 00:00:00-05:00,26.350000381469727,3.5230000019073486
2009-07-01 00:00:00-05:00,26.219999313354492,3.5439999103546143
2009-07-02 00:00:00-05:00,27.950000762939453,3.494999885559082
2009-07-06 00:00:00-05:00,29.0,3.50600004196167
2009-07-07 00:00:00-05:00,30.850000381469727,3.4600000381469727
2009-07-08 00:00:00-05:00,31.299999237060547,3.2890000343322754
2009-07-09 00:00:00-05:00,29.780000686645508,3.4130001068115234
2009-07-10 00:00:00-05:00,29.020000457763672,3.2950000762939453
2009-07-13 00:00:00-05:00,26.309999465942383,3.3459999561309814
2009-07-14 00:00:00-05:00,25.020000457763672,3.447000026702881
2009-07-15 00:00:00-05:00,25.889999389648438,3.5959999561309814
2009-07-16 00:00:00-05:00,25.420000076293945,3.556999921798706
2009-07-17 00:00:00-05:00,24.34000015258789,3.6510000228881836
2009-07-20 00:00:00-05:00,24.399999618530273,3.5850000381469727
2009-07-21 00:00:00-05:00,23.8700008392334,3.4769999980926514
2009-07-22 00:00:00-05:00,23.469999313354492,3.553999900817871
2009-07-23 00:00:00-05:00,23.43000030517578,3.7090001106262207
2009-07-24 00:00:00-05:00,23.09000015258789,3.6700000762939453
2009-07-27 00:00:00-05:00,24.280000686645508,3.7130000591278076
2009-07-28 00:00:00-05:00,25.010000228881836,3.687999963760376
2009-07-29 00:00:00-05:00,25.610000610351562,3.6640000343322754
2009-07-30 00:00:00-05:00,25.399999618530273,3.6410000324249268
2009-07-31 00:00:00-05:00,25.920000076293945,3.500999927520752
2009-08-03 00:00:00-05:00,25.559999465942383,3.6389999389648438
2009-08-04 00:00:00-05:00,24.889999389648438,3.678999900817871
2009-08-05 00:00:00-05:00,24.899999618530273,3.7639999389648438
2009-08-06 00:00:00-05:00,25.670000076293945,3.746000051498413
2009-08-07 00:00:00-05:00,24.760000228881836,3.8540000915527344
2009-08-10 00:00:00-05:00,24.989999771118164,3.7709999084472656
2009-08-11 00:00:00-05:00,25.989999771118164,3.693000078201294
2009-08-12 00:00:00-05:00,25.450000762939453,3.7009999752044678
2009-08-13 00:00:00-05:00,24.709999084472656,3.5910000801086426
2009-08-14 00:00:00-05:00,24.270000457763672,3.558000087738037
2009-08-17 00:00:00-05:00,27.889999389648438,3.490999937057495
2009-08-18 00:00:00-05:00,26.18000030517578,3.5260000228881836
2009-08-19 00:00:00-05:00,26.260000228881836,3.4630000591278076
2009-08-20 00:00:00-05:00,25.09000015258789,3.434999942779541
2009-08-21 00:00:00-05:00,25.010000228881836,3.555999994277954
2009-08-24 00:00:00-05:00,25.139999389648438,3.49399995803833
2009-08-25 00:00:00-05:00,24.920000076293945,3.450000047683716
2009-08-26 00:00:00-05:00,24.950000762939453,3.437999963760376
2009-08-27 00:00:00-05:00,24.68000030517578,3.4619998931884766
2009-08-28 00:00:00-05:00,24.760000228881836,3.4509999752044678
2009-08-31 00:00:00-05:00,26.010000228881836,3.4010000228881836
2009-09-01 00:00:00-05:00,29.149999618530273,3.375
2009-09-02 00:00:00-05:00,28.899999618530273,3.2950000762939453
2009-09-03 00:00:00-05:00,27.100000381469727,3.328000068664551
2009-09-04 00:00:00-05:00,25.260000228881836,3.441999912261963
2009-09-08 00:00:00-05:00,25.6200008392334,3.4690001010894775
2009-09-09 00:00:00-05:00,24.31999969482422,3.4790000915527344
2009-09-10 00:00:00-05:00,23.549999237060547,3.3420000076293945
2009-09-11 00:00:00-05:00,24.149999618530273,3.3429999351501465
2009-09-14 00:00:00-05:00,23.860000610351562,3.4059998989105225
2009-09-15 00:00:00-05:00,23.420000076293945,3.4519999027252197
2009-09-16 00:00:00-05:00,23.690000534057617,3.4709999561309814
2009-09-17 00:00:00-05:00,23.649999618530273,3.3980000019073486
2009-09-18 00:00:00-05:00,23.920000076293945,3.4739999771118164
2009-09-21 00:00:00-05:00,24.059999465942383,3.486999988555908
2009-09-22 00:00:00-05:00,23.079999923706055,3.4560000896453857
2009-09-23 00:00:00-05:00,23.489999771118164,3.4179999828338623
2009-09-24 00:00:00-05:00,24.950000762939453,3.38100004196167
2009-09-25 00:00:00-05:00,25.610000610351562,3.3289999961853027
2009-09-28 00:00:00-05:00,24.8799991607666,3.302000045776367
2009-09-29 00:00:00-05:00,25.190000534057617,3.2920000553131104
2009-09-30 00:00:00-05:00,25.610000610351562,3.306999921798706
2009-10-01 00:00:00-05:00,28.270000457763672,3.194000005722046
2009-10-02 00:00:00-05:00,28.68000030517578,3.2209999561309814
2009-10-05 00:00:00-05:00,26.84000015258789,3.2239999771118164
2009-10-06 00:00:00-05:00,25.700000762939453,3.247999906539917
2009-10-07 00:00:00-05:00,24.68000030517578,3.174999952316284
2009-10-08 00:00:00-05:00,24.18000030517578,3.255000114440918
2009-10-09 00:00:00-05:00,23.1200008392334,3.384000062942505
2009-10-12 00:00:00-05:00,23.010000228881836,3.380000114440918
2009-10-13 00:00:00-05:00,22.989999771118164,3.312000036239624
2009-10-14 00:00:00-05:00,22.860000610351562,3.4230000972747803
2009-10-15 00:00:00-05:00,21.719999313354492,3.4700000286102295
2009-10-16 00:00:00-05:00,21.43000030517578,3.4170000553131104
2009-10-19 00:00:00-05:00,21.489999771118164,3.3949999809265137
2009-10-20 00:00:00-05:00,20.899999618530273,3.3369998931884766
2009-10-21 00:00:00-05:00,22.219999313354492,3.4110000133514404
2009-10-22 00:00:00-05:00,20.690000534057617,3.4210000038146973
2009-10-23 00:00:00-05:00,22.270000457763672,3.4749999046325684
2009-10-26 00:00:00-05:00,24.309999465942383,3.553999900817871
2009-10-27 00:00:00-05:00,24.829999923706055,3.4619998931884766
2009-10-28 00:00:00-05:00,27.90999984741211,3.4110000133514404
2009-10-29 00:00:00-05:00,24.760000228881836,3.500999927520752
2009-10-30 00:00:00-05:00,30.690000534057617,3.3919999599456787
2009-11-02 00:00:00-06:00,29.780000686645508,3.421999931335449
2009-11-03 00:00:00-06:00,28.809999465942383,3.4730000495910645
2009-11-04 00:00:00-06:00,27.719999313354492,3.5460000038146973
2009-11-05 00:00:00-06:00,25.43000030517578,3.5329999923706055
2009-11-06 00:00:00-06:00,24.190000534057617,3.503000020980835
2009-11-09 00:00:00-06:00,23.149999618530273,3.4860000610351562
2009-11-10 00:00:00-06:00,22.84000015258789,3.4820001125335693
2009-11-11 00:00:00-06:00,23.040000915527344,3.4739999771118164
2009-11-12 00:00:00-06:00,24.239999771118164,3.446000099182129
2009-11-13 00:00:00-06:00,23.360000610351562,3.428999900817871
2009-11-16 00:00:00-06:00,22.889999389648438,3.3310000896453857
2009-11-17 00:00:00-06:00,22.40999984741211,3.319000005722046
2009-11-18 00:00:00-06:00,21.6299991607666,3.365999937057495
2009-11-19 00:00:00-06:00,22.6299991607666,3.3489999771118164
2009-11-20 00:00:00-06:00,22.190000534057617,3.3559999465942383
2009-11-23 00:00:00-06:00,21.15999984741211,3.364000082015991
2009-11-24 00:00:00-06:00,20.469999313354492,3.316999912261963
2009-11-25 00:00:00-06:00,20.479999542236328,3.2790000438690186
2009-11-27 00:00:00-06:00,24.739999771118164,3.2309999465942383
2009-11-30 00:00:00-06:00,24.510000228881836,3.2009999752044678
2009-12-01 00:00:00-06:00,21.920000076293945,3.2750000953674316
2009-12-02 00:00:00-06:00,21.1200008392334,3.322999954223633
2009-12-03 00:00:00-06:00,22.459999084472656,3.380000114440918
2009-12-04 00:00:00-06:00,21.25,3.4830000400543213
2009-12-07 00:00:00-06:00,22.100000381469727,3.447999954223633
2009-12-08 00:00:00-06:00,23.690000534057617,3.3919999599456787
2009-12-09 00:00:00-06:00,22.65999984741211,3.4230000972747803
2009-12-10 00:00:00-06:00,22.31999969482422,3.4820001125335693
2009-12-11 00:00:00-06:00,21.59000015258789,3.5399999618530273
2009-12-14 00:00:00-06:00,21.149999618530273,3.5460000038146973
2009-12-15 00:00:00-06:00,21.489999771118164,3.6029999256134033
2009-12-16 00:00:00-06:00,20.540000915527344,3.5959999561309814
2009-12-17 00:00:00-06:00,22.510000228881836,3.486999988555908
2009-12-18 00:00:00-06:00,21.68000030517578,3.5460000038146973
2009-12-21 00:00:00-06:00,20.489999771118164,3.681999921798706
2009-12-22 00:00:00-06:00,19.540000915527344,3.74399995803833
2009-12-23 00:00:00-06:00,19.709999084472656,3.747999906539917
2009-12-24 00:00:00-06:00,19.469999313354492,3.806999921798706
2009-12-28 00:00:00-06:00,19.93000030517578,3.8420000076293945
2009-12-29 00:00:00-06:00,20.010000228881836,3.809000015258789
2009-12-30 00:00:00-06:00,19.959999084472656,3.7839999198913574
2009-12-31 00:00:00-06:00,21.68000030517578,3.8429999351501465
2010-01-04 00:00:00-06:00,20.040000915527344,3.8410000801086426
2010-01-05 00:00:00-06:00,19.350000381469727,3.755000114440918
2010-01-06 00:00:00-06:00,19.15999984741211,3.808000087738037
2010-01-07 00:00:00-06:00,19.059999465942383,3.822000026702881
2010-01-08 00:00:00-06:00,18.1299991607666,3.808000087738037
2010-01-11 00:00:00-06:00,17.549999237060547,3.818000078201294
2010-01-12 00:00:00-06:00,18.25,3.7190001010894775
2010-01-13 00:00:00-06:00,17.850000381469727,3.7829999923706055
2010-01-14 00:00:00-06:00,17.6299991607666,3.7339999675750732
2010-01-15 00:00:00-06:00,17.90999984741211,3.6760001182556152
2010-01-19 00:00:00-06:00,17.579999923706055,3.7070000171661377
2010-01-20 00:00:00-06:00,18.68000030517578,3.6589999198913574
2010-01-21 00:00:00-06:00,22.270000457763672,3.6110000610351562
2010-01-22 00:00:00-06:00,27.309999465942383,3.5980000495910645
2010-01-25 00:00:00-06:00,25.40999984741211,3.630000114440918
2010-01-26 00:00:00-06:00,24.549999237060547,3.630000114440918
2010-01-27 00:00:00-06:00,23.139999389648438,3.6440000534057617
2010-01-28 00:00:00-06:00,23.729999542236328,3.6579999923706055
2010-01-29 00:00:00-06:00,24.6200008392334,3.6089999675750732
2010-02-01 00:00:00-06:00,22.59000015258789,3.6540000438690186
2010-02-02 00:00:00-06:00,21.479999542236328,3.634999990463257
2010-02-03 00:00:00-06:00,21.600000381469727,3.703000068664551
2010-02-04 00:00:00-06:00,26.079999923706055,3.609999895095825
2010-02-05 00:00:00-06:00,26.110000610351562,3.5460000038146973
2010-02-08 00:00:00-06:00,26.510000228881836,3.5920000076293945
2010-02-09 00:00:00-06:00,26.0,3.632999897003174
2010-02-10 00:00:00-06:00,25.399999618530273,3.694000005722046
2010-02-11 00:00:00-06:00,23.959999084472656,3.7330000400543213
2010-02-12 00:00:00-06:00,22.729999542236328,3.693000078201294
2010-02-16 00:00:00-06:00,22.25,3.6640000343322754
2010-02-17 00:00:00-06:00,21.719999313354492,3.742000102996826
2010-02-18 00:00:00-06:00,20.6299991607666,3.802999973297119
2010-02-19 00:00:00-06:00,20.020000457763672,3.7820000648498535
2010-02-22 00:00:00-06:00,19.940000534057617,3.7990000247955322
2010-02-23 00:00:00-06:00,21.3700008392334,3.690999984741211
2010-02-24 00:00:00-06:00,20.270000457763672,3.694999933242798
2010-02-25 00:00:00-06:00,20.100000381469727,3.6419999599456787
2010-02-26 00:00:00-06:00,19.5,3.5950000286102295
2010-03-01 00:00:00-06:00,19.260000228881836,3.6059999465942383
2010-03-02 00:00:00-06:00,19.059999465942383,3.614000082015991
2010-03-03 00:00:00-06:00,18.829999923706055,3.625
2010-03-04 00:00:00-06:00,18.719999313354492,3.6059999465942383
2010-03-05 00:00:00-06:00,17.420000076293945,3.681999921798706
2010-03-08 00:00:00-06:00,17.790000915527344,3.7079999446868896
2010-03-09 00:00:00-06:00,17.920000076293945,3.7009999752044678
2010-03-10 00:00:00-06:00,18.56999969482422,3.7200000286102295
2010-03-11 00:00:00-06:00,18.059999465942383,3.7200000286102295
2010-03-12 00:00:00-06:00,17.579999923706055,3.7100000381469727
2010-03-15 00:00:00-05:00,18.0,3.7039999961853027
2010-03-16 00:00:00-05:00,17.690000534057617,3.6530001163482666
2010-03-17 00:00:00-05:00,16.90999984741211,3.6419999599456787
2010-03-18 00:00:00-05:00,16.6200008392334,3.671999931335449
2010-03-19 00:00:00-05:00,16.969999313354492,3.687000036239624
2010-03-22 00:00:00-05:00,16.8700008392334,3.6630001068115234
2010-03-23 00:00:00-05:00,16.350000381469727,3.680000066757202
2010-03-24 00:00:00-05:00,17.549999237060547,3.8289999961853027
2010-03-25 00:00:00-05:00,18.399999618530273,3.9010000228881836
2010-03-26 00:00:00-05:00,17.770000457763672,3.8550000190734863
2010-03-29 00:00:00-05:00,17.59000015258789,3.864000082015991
2010-03-30 00:00:00-05:00,17.1299991607666,3.868000030517578
2010-03-31 00:00:00-05:00,17.59000015258789,3.8329999446868896
2010-04-01 00:00:00-05:00,17.469999313354492,3.8589999675750732
2010-04-05 00:00:00-05:00,17.020000457763672,3.99399995803833
2010-04-06 00:00:00-05:00,16.229999542236328,3.9679999351501465
2010-04-07 00:00:00-05:00,16.6200008392334,3.86299991607666
2010-04-08 00:00:00-05:00,16.479999542236328,3.8959999084472656
2010-04-09 00:00:00-05:00,16.139999389648438,3.888000011444092
2010-04-12 00:00:00-05:00,15.579999923706055,3.8459999561309814
2010-04-13 00:00:00-05:00,16.200000762939453,3.811000108718872
2010-04-14 00:00:00-05:00,15.59000015258789,3.8550000190734863
2010-04-15 00:00:00-05:00,15.890000343322754,3.8480000495910645
2010-04-16 00:00:00-05:00,18.360000610351562,3.7699999809265137
2010-04-19 00:00:00-05:00,17.34000015258789,3.806999921798706
2010-04-20 00:00:00-05:00,15.729999542236328,3.805000066757202
2010-04-21 00:00:00-05:00,16.31999969482422,3.73799991607666
2010-04-22 00:00:00-05:00,16.469999313354492,3.7720000743865967
2010-04-23 00:00:00-05:00,16.6200008392334,3.816999912261963
2010-04-26 00:00:00-05:00,17.469999313354492,3.815000057220459
2010-04-27 00:00:00-05:00,22.809999465942383,3.690000057220459
2010-04-28 00:00:00-05:00,21.079999923706055,3.7730000019073486
2010-04-29 00:00:00-05:00,18.440000534057617,3.7279999256134033
2010-04-30 00:00:00-05:00,22.049999237060547,3.6630001068115234
2010-05-03 00:00:00-05:00,20.190000534057617,3.7049999237060547
2010-05-04 00:00:00-05:00,23.84000015258789,3.61299991607666
2010-05-05 00:00:00-05:00,24.90999984741211,3.549999952316284
2010-05-06 00:00:00-05:00,32.79999923706055,3.3980000019073486
2010-05-07 00:00:00-05:00,40.95000076293945,3.428999900817871
2010-05-10 00:00:00-05:00,28.84000015258789,3.5390000343322754
2010-05-11 00:00:00-05:00,28.31999969482422,3.5350000858306885
2010-05-12 00:00:00-05:00,25.520000457763672,3.566999912261963
2010-05-13 00:00:00-05:00,26.68000030517578,3.563999891281128
2010-05-14 00:00:00-05:00,31.239999771118164,3.441999912261963
2010-05-17 00:00:00-05:00,30.84000015258789,3.4719998836517334
2010-05-18 00:00:00-05:00,33.54999923706055,3.375999927520752
2010-05-19 00:00:00-05:00,35.31999969482422,3.3589999675750732
2010-05-20 00:00:00-05:00,45.790000915527344,3.2639999389648438
2010-05-21 00:00:00-05:00,40.099998474121094,3.200000047683716
2010-05-24 00:00:00-05:00,38.31999969482422,3.2269999980926514
2010-05-25 00:00:00-05:00,34.61000061035156,3.1579999923706055
2010-05-26 00:00:00-05:00,35.02000045776367,3.2179999351501465
2010-05-27 00:00:00-05:00,29.68000030517578,3.3380000591278076
2010-05-28 00:00:00-05:00,32.06999969482422,3.3010001182556152
2010-06-01 00:00:00-05:00,35.540000915527344,3.2960000038146973
2010-06-02 00:00:00-05:00,30.170000076293945,3.3340001106262207
2010-06-03 00:00:00-05:00,29.459999084472656,3.378999948501587
2010-06-04 00:00:00-05:00,35.47999954223633,3.194999933242798
2010-06-07 00:00:00-05:00,36.56999969482422,3.184000015258789
2010-06-08 00:00:00-05:00,33.70000076293945,3.1679999828338623
2010-06-09 00:00:00-05:00,33.72999954223633,3.187000036239624
2010-06-10 00:00:00-05:00,30.56999969482422,3.319000005722046
2010-06-11 00:00:00-05:00,28.790000915527344,3.2160000801086426
2010-06-14 00:00:00-05:00,28.579999923706055,3.2750000953674316
2010-06-15 00:00:00-05:00,25.8700008392334,3.309999942779541
2010-06-16 00:00:00-05:00,25.920000076293945,3.2820000648498535
2010-06-17 00:00:00-05:00,25.049999237060547,3.190000057220459
2010-06-18 00:00:00-05:00,23.950000762939453,3.2230000495910645
2010-06-21 00:00:00-05:00,24.8799991607666,3.243000030517578
2010-06-22 00:00:00-05:00,27.049999237060547,3.1659998893737793
2010-06-23 00:00:00-05:00,26.90999984741211,3.115000009536743
2010-06-24 00:00:00-05:00,29.739999771118164,3.122999906539917
2010-06-25 00:00:00-05:00,28.530000686645508,3.11299991607666
2010-06-28 00:00:00-05:00,29.0,3.0320000648498535
2010-06-29 00:00:00-05:00,34.130001068115234,2.9670000076293945
2010-06-30 00:00:00-05:00,34.540000915527344,2.9509999752044678
2010-07-01 00:00:00-05:00,32.86000061035156,2.927000045776367
2010-07-02 00:00:00-05:00,30.1200008392334,2.9790000915527344
2010-07-06 00:00:00-05:00,29.649999618530273,2.931999921798706
2010-07-07 00:00:00-05:00,26.84000015258789,2.9800000190734863
2010-07-08 00:00:00-05:00,25.709999084472656,3.0199999809265137
2010-07-09 00:00:00-05:00,24.979999542236328,3.055999994277954
2010-07-12 00:00:00-05:00,24.43000030517578,3.0460000038146973
2010-07-13 00:00:00-05:00,24.559999465942383,3.114000082015991
2010-07-14 00:00:00-05:00,24.889999389648438,3.049999952316284
2010-07-15 00:00:00-05:00,25.139999389648438,2.9779999256134033
2010-07-16 00:00:00-05:00,26.25,2.938999891281128
2010-07-19 00:00:00-05:00,25.969999313354492,2.9639999866485596
2010-07-20 00:00:00-05:00,23.93000030517578,2.931999921798706
2010-07-21 00:00:00-05:00,25.639999389648438,2.8919999599456787
2010-07-22 00:00:00-05:00,24.6299991607666,2.931999921798706
2010-07-23 00:00:00-05:00,23.469999313354492,2.99399995803833
2010-07-26 00:00:00-05:00,22.729999542236328,2.99399995803833
2010-07-27 00:00:00-05:00,23.190000534057617,3.046999931335449
2010-07-28 00:00:00-05:00,24.25,3.000999927520752
2010-07-29 00:00:00-05:00,24.1299991607666,2.999000072479248
2010-07-30 00:00:00-05:00,23.5,2.9070000648498535
2010-08-02 00:00:00-05:00,22.010000228881836,2.9630000591278076
2010-08-03 00:00:00-05:00,22.6299991607666,2.9140000343322754
2010-08-04 00:00:00-05:00,22.209999084472656,2.9519999027252197
2010-08-05 00:00:00-05:00,22.100000381469727,2.9149999618530273
2010-08-06 00:00:00-05:00,21.739999771118164,2.8239998817443848
2010-08-09 00:00:00-05:00,22.139999389648438,2.822000026702881
2010-08-10 00:00:00-05:00,22.3700008392334,2.7809998989105225
2010-08-11 00:00:00-05:00,25.389999389648438,2.684999942779541
2010-08-12 00:00:00-05:00,25.729999542236328,2.734999895095825
2010-08-13 00:00:00-05:00,26.239999771118164,2.687999963760376
2010-08-16 00:00:00-05:00,26.100000381469727,2.575000047683716
2010-08-17 00:00:00-05:00,24.329999923706055,2.6449999809265137
2010-08-18 00:00:00-05:00,24.59000015258789,2.6410000324249268
2010-08-19 00:00:00-05:00,26.440000534057617,2.5789999961853027
2010-08-20 00:00:00-05:00,25.489999771118164,2.611999988555908
2010-08-23 00:00:00-05:00,25.65999984741211,2.6070001125335693
2010-08-24 00:00:00-05:00,27.459999084472656,2.499000072479248
2010-08-25 00:00:00-05:00,26.700000762939453,2.5380001068115234
2010-08-26 00:00:00-05:00,27.3700008392334,2.499000072479248
2010-08-27 00:00:00-05:00,24.450000762939453,2.6519999504089355
2010-08-30 00:00:00-05:00,27.209999084472656,2.5450000762939453
2010-08-31 00:00:00-05:00,26.049999237060547,2.4769999980926514
2010-09-01 00:00:00-05:00,23.889999389648438,2.5820000171661377
2010-09-02 00:00:00-05:00,23.190000534057617,2.628000020980835
2010-09-03 00:00:00-05:00,21.309999465942383,2.7060000896453857
2010-09-07 00:00:00-05:00,23.799999237060547,2.6089999675750732
2010-09-08 00:00:00-05:00,23.25,2.6540000438690186
2010-09-09 00:00:00-05:00,22.809999465942383,2.760999917984009
2010-09-10 00:00:00-05:00,21.989999771118164,2.7950000762939453
2010-09-13 00:00:00-05:00,21.209999084472656,2.740999937057495
2010-09-14 00:00:00-05:00,21.559999465942383,2.6659998893737793
2010-09-15 00:00:00-05:00,22.100000381469727,2.7230000495910645
2010-09-16 00:00:00-05:00,21.719999313354492,2.759000062942505
2010-09-17 00:00:00-05:00,22.010000228881836,2.746000051498413
2010-09-20 00:00:00-05:00,21.5,2.7060000896453857
2010-09-21 00:00:00-05:00,22.350000381469727,2.5940001010894775
2010-09-22 00:00:00-05:00,22.510000228881836,2.5480000972747803
2010-09-23 00:00:00-05:00,23.8700008392334,2.555000066757202
2010-09-24 00:00:00-05:00,21.709999084472656,2.611999988555908
2010-09-27 00:00:00-05:00,22.540000915527344,2.5169999599456787
2010-09-28 00:00:00-05:00,22.600000381469727,2.4560000896453857
2010-09-29 00:00:00-05:00,23.25,2.50600004196167
2010-09-30 00:00:00-05:00,23.700000762939453,2.5169999599456787
2010-10-01 00:00:00-05:00,22.5,2.5260000228881836
2010-10-04 00:00:00-05:00,23.530000686645508,2.4790000915527344
2010-10-05 00:00:00-05:00,21.760000228881836,2.4739999771118164
2010-10-06 00:00:00-05:00,21.489999771118164,2.3989999294281006
2010-10-07 00:00:00-05:00,21.559999465942383,2.3959999084472656
2010-10-08 00:00:00-05:00,20.709999084472656,2.38100004196167
2010-10-11 00:00:00-05:00,18.959999084472656,
2010-10-12 00:00:00-05:00,18.93000030517578,2.421999931335449
2010-10-13 00:00:00-05:00,19.06999969482422,2.430999994277954
2010-10-14 00:00:00-05:00,19.8799991607666,2.494999885559082
2010-10-15 00:00:00-05:00,19.030000686645508,2.5759999752044678
2010-10-18 00:00:00-05:00,19.09000015258789,2.490999937057495
2010-10-19 00:00:00-05:00,20.6299991607666,2.4749999046325684
2010-10-20 00:00:00-05:00,19.790000915527344,2.4700000286102295
2010-10-21 00:00:00-05:00,19.270000457763672,2.5309998989105225
2010-10-22 00:00:00-05:00,18.780000686645508,2.562999963760376
2010-10-25 00:00:00-05:00,19.850000381469727,2.553999900817871
2010-10-26 00:00:00-05:00,20.219999313354492,2.635999917984009
2010-10-27 00:00:00-05:00,20.709999084472656,2.7119998931884766
2010-10-28 00:00:00-05:00,20.8799991607666,2.6610000133514404
2010-10-29 00:00:00-05:00,21.200000762939453,2.611999988555908
2010-11-01 00:00:00-05:00,21.829999923706055,2.628000020980835
2010-11-02 00:00:00-05:00,21.56999969482422,2.5940001010894775
2010-11-03 00:00:00-05:00,19.559999465942383,2.61899995803833
2010-11-04 00:00:00-05:00,18.520000457763672,2.4839999675750732
2010-11-05 00:00:00-05:00,18.260000228881836,2.5360000133514404
2010-11-08 00:00:00-06:00,18.290000915527344,2.562999963760376
2010-11-09 00:00:00-06:00,19.079999923706055,2.6589999198913574
2010-11-10 00:00:00-06:00,18.469999313354492,2.6480000019073486
2010-11-11 00:00:00-06:00,18.639999389648438,2.6480000019073486
2010-11-12 00:00:00-06:00,20.610000610351562,2.75600004196167
2010-11-15 00:00:00-06:00,20.200000762939453,2.9110000133514404
2010-11-16 00:00:00-06:00,22.579999923706055,2.8469998836517334
2010-11-17 00:00:00-06:00,21.760000228881836,2.864000082015991
2010-11-18 00:00:00-06:00,18.75,2.9019999504089355
2010-11-19 00:00:00-06:00,18.040000915527344,2.875
2010-11-22 00:00:00-06:00,18.3700008392334,2.812999963760376
2010-11-23 00:00:00-06:00,20.6299991607666,2.76200008392334
2010-11-24 00:00:00-06:00,19.559999465942383,2.9140000343322754
2010-11-26 00:00:00-06:00,22.219999313354492,2.864000082015991
2010-11-29 00:00:00-06:00,21.530000686645508,2.822000026702881
2010-11-30 00:00:00-06:00,23.540000915527344,2.796999931335449
2010-12-01 00:00:00-06:00,21.360000610351562,2.9639999866485596
2010-12-02 00:00:00-06:00,19.389999389648438,3.0
2010-12-03 00:00:00-06:00,18.010000228881836,3.0169999599456787
2010-12-06 00:00:00-06:00,18.020000457763672,2.940999984741211
2010-12-07 00:00:00-06:00,17.989999771118164,3.1649999618530273
2010-12-08 00:00:00-06:00,17.739999771118164,3.2360000610351562
2010-12-09 00:00:00-06:00,17.25,3.2230000495910645
2010-12-10 00:00:00-06:00,17.610000610351562,3.2960000038146973
2010-12-13 00:00:00-06:00,17.549999237060547,3.2829999923706055
2010-12-14 00:00:00-06:00,17.610000610351562,3.4549999237060547
2010-12-15 00:00:00-06:00,17.940000534057617,3.5199999809265137
2010-12-16 00:00:00-06:00,17.389999389648438,3.4769999980926514
2010-12-17 00:00:00-06:00,16.110000610351562,3.3299999237060547
2010-12-20 00:00:00-06:00,16.40999984741211,3.3489999771118164
2010-12-21 00:00:00-06:00,16.489999771118164,3.3259999752044678
2010-12-22 00:00:00-06:00,15.449999809265137,3.3459999561309814
2010-12-23 00:00:00-06:00,16.469999313354492,3.3929998874664307
2010-12-27 00:00:00-06:00,17.670000076293945,3.3510000705718994
2010-12-28 00:00:00-06:00,17.520000457763672,3.4809999465942383
2010-12-29 00:00:00-06:00,17.280000686645508,3.3410000801086426
2010-12-30 00:00:00-06:00,17.520000457763672,3.36899995803833
2010-12-31 00:00:00-06:00,17.75,3.305000066757202
2011-01-03 00:00:00-06:00,17.610000610351562,3.3420000076293945
2011-01-04 00:00:00-06:00,17.3799991607666,3.3459999561309814
2011-01-05 00:00:00-06:00,17.020000457763672,3.4830000400543213
2011-01-06 00:00:00-06:00,17.399999618530273,3.4189999103546143
2011-01-07 00:00:00-06:00,17.139999389648438,3.328000068664551
2011-01-10 00:00:00-06:00,17.540000915527344,3.303999900817871
2011-01-11 00:00:00-06:00,16.889999389648438,3.3410000801086426
2011-01-12 00:00:00-06:00,16.239999771118164,3.3550000190734863
2011-01-13 00:00:00-06:00,16.389999389648438,3.3010001182556152
2011-01-14 00:00:00-06:00,15.460000038146973,3.3329999446868896
2011-01-18 00:00:00-06:00,15.869999885559082,3.364000082015991
2011-01-19 00:00:00-06:00,17.309999465942383,3.3369998931884766
2011-01-20 00:00:00-06:00,17.989999771118164,3.4590001106262207
2011-01-21 00:00:00-06:00,18.469999313354492,3.4159998893737793
2011-01-24 00:00:00-06:00,17.649999618530273,3.4079999923706055
2011-01-25 00:00:00-06:00,17.59000015258789,3.319000005722046
2011-01-26 00:00:00-06:00,16.639999389648438,3.427999973297119
2011-01-27 00:00:00-06:00,16.149999618530273,3.384999990463257
2011-01-28 00:00:00-06:00,20.040000915527344,3.3289999961853027
2011-01-31 00:00:00-06:00,19.530000686645508,3.378000020980835
2011-02-01 00:00:00-06:00,17.6299991607666,3.443000078201294
2011-02-02 00:00:00-06:00,17.299999237060547,3.489000082015991
2011-02-03 00:00:00-06:00,16.690000534057617,3.5409998893737793
2011-02-04 00:00:00-06:00,15.930000305175781,3.6519999504089355
2011-02-07 00:00:00-06:00,16.280000686645508,3.6440000534057617
2011-02-08 00:00:00-06:00,15.8100004196167,3.7249999046325684
2011-02-09 00:00:00-06:00,15.869999885559082,3.6419999599456787
2011-02-10 00:00:00-06:00,16.09000015258789,3.7079999446868896
2011-02-11 00:00:00-06:00,15.6899995803833,3.6459999084472656
2011-02-14 00:00:00-06:00,15.949999809265137,3.614000082015991
2011-02-15 00:00:00-06:00,16.3700008392334,3.615999937057495
2011-02-16 00:00:00-06:00,16.719999313354492,3.621000051498413
2011-02-17 00:00:00-06:00,16.59000015258789,3.5739998817443848
2011-02-18 00:00:00-06:00,16.43000030517578,3.5889999866485596
2011-02-22 00:00:00-06:00,20.799999237060547,3.4609999656677246
2011-02-23 00:00:00-06:00,22.1299991607666,3.486999988555908
2011-02-24 00:00:00-06:00,21.31999969482422,3.437999963760376
2011-02-25 00:00:00-06:00,19.219999313354492,3.424999952316284
2011-02-28 00:00:00-06:00,18.350000381469727,3.4140000343322754
2011-03-01 00:00:00-06:00,21.010000228881836,3.4140000343322754
2011-03-02 00:00:00-06:00,20.700000762939453,3.4639999866485596
2011-03-03 00:00:00-06:00,18.600000381469727,3.572000026702881
2011-03-04 00:00:00-06:00,19.059999465942383,3.492000102996826
2011-03-07 00:00:00-06:00,20.65999984741211,3.496999979019165
2011-03-08 00:00:00-06:00,19.81999969482422,3.5439999103546143
2011-03-09 00:00:00-06:00,20.219999313354492,3.4690001010894775
2011-03-10 00:00:00-06:00,21.8799991607666,3.3929998874664307
2011-03-11 00:00:00-06:00,20.079999923706055,3.3929998874664307
2011-03-14 00:00:00-05:00,21.1299991607666,3.3469998836517334
2011-03-15 00:00:00-05:00,24.31999969482422,3.322999954223633
2011-03-16 00:00:00-05:00,29.399999618530273,3.2119998931884766
2011-03-17 00:00:00-05:00,26.3700008392334,3.247999906539917
2011-03-18 00:00:00-05:00,24.440000534057617,3.2769999504089355
2011-03-21 00:00:00-05:00,20.610000610351562,3.322999954223633
2011-03-22 00:00:00-05:00,20.209999084472656,3.3320000171661377
2011-03-23 00:00:00-05:00,19.170000076293945,3.3480000495910645
2011-03-24 00:00:00-05:00,18.0,3.4040000438690186
2011-03-25 00:00:00-05:00,17.90999984741211,3.444000005722046
2011-03-28 00:00:00-05:00,19.440000534057617,3.447999954223633
2011-03-29 00:00:00-05:00,18.15999984741211,3.490999937057495
2011-03-30 00:00:00-05:00,17.709999084472656,3.4549999237060547
2011-03-31 00:00:00-05:00,17.739999771118164,3.4539999961853027
2011-04-01 00:00:00-05:00,17.399999618530273,3.4509999752044678
2011-04-04 00:00:00-05:00,17.5,3.430999994277954
2011-04-05 00:00:00-05:00,17.25,3.486999988555908
2011-04-06 00:00:00-05:00,16.899999618530273,3.5450000762939453
2011-04-07 00:00:00-05:00,17.110000610351562,3.555000066757202
2011-04-08 00:00:00-05:00,17.8700008392334,3.569999933242798
2011-04-11 00:00:00-05:00,16.59000015258789,3.569999933242798
2011-04-12 00:00:00-05:00,17.09000015258789,3.5
2011-04-13 00:00:00-05:00,16.920000076293945,3.4660000801086426
2011-04-14 00:00:00-05:00,16.270000457763672,3.484999895095825
2011-04-15 00:00:00-05:00,15.319999694824219,3.4100000858306885
2011-04-18 00:00:00-05:00,16.959999084472656,3.371000051498413
2011-04-19 00:00:00-05:00,15.829999923706055,3.3559999465942383
2011-04-20 00:00:00-05:00,15.069999694824219,3.4000000953674316
2011-04-21 00:00:00-05:00,14.6899995803833,3.4000000953674316
2011-04-25 00:00:00-05:00,15.770000457763672,3.36299991607666
2011-04-26 00:00:00-05:00,15.619999885559082,3.319999933242798
2011-04-27 00:00:00-05:00,15.350000381469727,3.368000030517578
2011-04-28 00:00:00-05:00,14.619999885559082,3.312000036239624
2011-04-29 00:00:00-05:00,14.75,3.2960000038146973
2011-05-02 00:00:00-05:00,15.989999771118164,3.2860000133514404
2011-05-03 00:00:00-05:00,16.700000762939453,3.255000114440918
2011-05-04 00:00:00-05:00,17.079999923706055,3.2230000495910645
2011-05-05 00:00:00-05:00,18.200000762939453,3.1679999828338623
2011-05-06 00:00:00-05:00,18.399999618530273,3.1570000648498535
2011-05-09 00:00:00-05:00,17.15999984741211,3.1419999599456787
2011-05-10 00:00:00-05:00,15.90999984741211,3.194999933242798
2011-05-11 00:00:00-05:00,16.950000762939453,3.1570000648498535
2011-05-12 00:00:00-05:00,16.030000686645508,3.2300000190734863
2011-05-13 00:00:00-05:00,17.06999969482422,3.187000036239624
2011-05-16 00:00:00-05:00,18.239999771118164,3.1489999294281006
2011-05-17 00:00:00-05:00,17.549999237060547,3.121000051498413
2011-05-18 00:00:00-05:00,16.229999542236328,3.1710000038146973
2011-05-19 00:00:00-05:00,15.520000457763672,3.1710000038146973
2011-05-20 00:00:00-05:00,17.43000030517578,3.1519999504089355
2011-05-23 00:00:00-05:00,18.270000457763672,3.134000062942505
2011-05-24 00:00:00-05:00,17.81999969482422,3.122999906539917
2011-05-25 00:00:00-05:00,17.06999969482422,3.128999948501587
2011-05-26 00:00:00-05:00,16.09000015258789,3.061000108718872
2011-05-27 00:00:00-05:00,15.979999542236328,3.063999891281128
2011-05-31 00:00:00-05:00,15.449999809265137,3.049999952316284
2011-06-01 00:00:00-05:00,18.299999237060547,2.9660000801086426
2011-06-02 00:00:00-05:00,18.09000015258789,3.0299999713897705
2011-06-03 00:00:00-05:00,17.950000762939453,2.996999979019165
2011-06-06 00:00:00-05:00,18.489999771118164,3.002000093460083
2011-06-07 00:00:00-05:00,18.06999969482422,3.010999917984009
2011-06-08 00:00:00-05:00,18.790000915527344,2.9619998931884766
2011-06-09 00:00:00-05:00,17.770000457763672,2.997999906539917
2011-06-10 00:00:00-05:00,18.860000610351562,2.9709999561309814
2011-06-13 00:00:00-05:00,19.610000610351562,2.990999937057495
2011-06-14 00:00:00-05:00,18.260000228881836,3.0989999771118164
2011-06-15 00:00:00-05:00,21.31999969482422,2.9730000495910645
2011-06-16 00:00:00-05:00,22.729999542236328,2.9089999198913574
2011-06-17 00:00:00-05:00,21.850000381469727,2.944000005722046
2011-06-20 00:00:00-05:00,19.989999771118164,2.9630000591278076
2011-06-21 00:00:00-05:00,18.860000610351562,2.984999895095825
2011-06-22 00:00:00-05:00,18.520000457763672,2.993000030517578
2011-06-23 00:00:00-05:00,19.290000915527344,2.9089999198913574
2011-06-24 00:00:00-05:00,21.100000381469727,2.871000051498413
2011-06-27 00:00:00-05:00,20.559999465942383,2.927000045776367
2011-06-28 00:00:00-05:00,19.170000076293945,3.0450000762939453
2011-06-29 00:00:00-05:00,17.270000457763672,3.1080000400543213
2011-06-30 00:00:00-05:00,16.520000457763672,3.1579999923706055
2011-07-01 00:00:00-05:00,15.869999885559082,3.197000026702881
2011-07-05 00:00:00-05:00,16.059999465942383,3.135999917984009
2011-07-06 00:00:00-05:00,16.34000015258789,3.0950000286102295
2011-07-07 00:00:00-05:00,15.949999809265137,3.1489999294281006
2011-07-08 00:00:00-05:00,15.949999809265137,3.0160000324249268
2011-07-11 00:00:00-05:00,18.389999389648438,2.9170000553131104
2011-07-12 00:00:00-05:00,19.8700008392334,2.9079999923706055
2011-07-13 00:00:00-05:00,19.90999984741211,2.8910000324249268
2011-07-14 00:00:00-05:00,20.799999237060547,2.944000005722046
2011-07-15 00:00:00-05:00,19.530000686645508,2.9079999923706055
2011-07-18 00:00:00-05:00,20.950000762939453,2.9089999198913574
2011-07-19 00:00:00-05:00,19.209999084472656,2.8910000324249268
2011-07-20 00:00:00-05:00,19.09000015258789,2.933000087738037
2011-07-21 00:00:00-05:00,17.559999465942383,3.009999990463257
2011-07-22 00:00:00-05:00,17.520000457763672,2.9639999866485596
2011-07-25 00:00:00-05:00,19.350000381469727,3.003999948501587
2011-07-26 00:00:00-05:00,20.229999542236328,2.9509999752044678
2011-07-27 00:00:00-05:00,22.979999542236328,2.9800000190734863
2011-07-28 00:00:00-05:00,23.739999771118164,2.9509999752044678
2011-07-29 00:00:00-05:00,25.25,2.805000066757202
2011-08-01 00:00:00-05:00,23.65999984741211,2.740000009536743
2011-08-02 00:00:00-05:00,24.790000915527344,2.624000072479248
2011-08-03 00:00:00-05:00,23.3799991607666,2.5989999771118164
2011-08-04 00:00:00-05:00,31.65999984741211,2.4579999446868896
2011-08-05 00:00:00-05:00,32.0,2.558000087738037
2011-08-08 00:00:00-05:00,48.0,2.3389999866485596
2011-08-09 00:00:00-05:00,35.060001373291016,2.181999921798706
2011-08-10 00:00:00-05:00,42.9900016784668,2.13700008392334
2011-08-11 00:00:00-05:00,39.0,2.3359999656677246
2011-08-12 00:00:00-05:00,36.36000061035156,2.236999988555908
2011-08-15 00:00:00-05:00,31.8700008392334,2.2850000858306885
2011-08-16 00:00:00-05:00,32.849998474121094,2.2139999866485596
2011-08-17 00:00:00-05:00,31.579999923706055,2.1649999618530273
2011-08-18 00:00:00-05:00,42.66999816894531,2.0829999446868896
2011-08-19 00:00:00-05:00,43.04999923706055,2.071000099182129
2011-08-22 00:00:00-05:00,42.439998626708984,2.0880000591278076
2011-08-23 00:00:00-05:00,36.27000045776367,2.13700008392334
2011-08-24 00:00:00-05:00,35.900001525878906,2.259999990463257
2011-08-25 00:00:00-05:00,39.7599983215332,2.2219998836517334
2011-08-26 00:00:00-05:00,35.59000015258789,2.187999963760376
2011-08-29 00:00:00-05:00,32.279998779296875,2.2709999084472656
2011-08-30 00:00:00-05:00,32.88999938964844,2.1760001182556152
2011-08-31 00:00:00-05:00,31.6200008392334,2.2179999351501465
2011-09-01 00:00:00-05:00,31.81999969482422,2.1459999084472656
2011-09-02 00:00:00-05:00,33.91999816894531,1.996000051498413
2011-09-06 00:00:00-05:00,37.0,1.9789999723434448
2011-09-07 00:00:00-05:00,33.380001068115234,2.0360000133514404
2011-09-08 00:00:00-05:00,34.31999969482422,1.9859999418258667
2011-09-09 00:00:00-05:00,38.52000045776367,1.9149999618530273
2011-09-12 00:00:00-05:00,38.59000015258789,1.9299999475479126
2011-09-13 00:00:00-05:00,36.90999984741211,1.99399995803833
2011-09-14 00:00:00-05:00,34.599998474121094,2.010999917984009
2011-09-15 00:00:00-05:00,31.969999313354492,2.0850000381469727
2011-09-16 00:00:00-05:00,30.979999542236328,2.0759999752044678
2011-09-19 00:00:00-05:00,32.72999954223633,1.940000057220459
2011-09-20 00:00:00-05:00,32.86000061035156,1.9470000267028809
2011-09-21 00:00:00-05:00,37.31999969482422,1.875
2011-09-22 00:00:00-05:00,41.349998474121094,1.715000033378601
2011-09-23 00:00:00-05:00,41.25,1.8079999685287476
2011-09-26 00:00:00-05:00,39.02000045776367,1.9040000438690186
2011-09-27 00:00:00-05:00,37.709999084472656,2.0160000324249268
2011-09-28 00:00:00-05:00,41.08000183105469,2.002000093460083
2011-09-29 00:00:00-05:00,38.84000015258789,1.9570000171661377
2011-09-30 00:00:00-05:00,42.959999084472656,1.9240000247955322
2011-10-03 00:00:00-05:00,45.45000076293945,1.784999966621399
2011-10-04 00:00:00-05:00,40.81999969482422,1.781000018119812
2011-10-05 00:00:00-05:00,37.810001373291016,1.9049999713897705
2011-10-06 00:00:00-05:00,36.27000045776367,1.9859999418258667
2011-10-07 00:00:00-05:00,36.20000076293945,2.068000078201294
2011-10-10 00:00:00-05:00,33.02000045776367,2.0759999752044678
2011-10-11 00:00:00-05:00,32.86000061035156,2.1600000858306885
2011-10-12 00:00:00-05:00,31.260000228881836,2.2260000705718994
2011-10-13 00:00:00-05:00,30.700000762939453,2.1689999103546143
2011-10-14 00:00:00-05:00,28.239999771118164,2.2320001125335693
2011-10-17 00:00:00-05:00,33.38999938964844,2.1549999713897705
2011-10-18 00:00:00-05:00,31.559999465942383,2.1510000228881836
2011-10-19 00:00:00-05:00,34.439998626708984,2.1589999198913574
2011-10-20 00:00:00-05:00,34.779998779296875,2.180000066757202
2011-10-21 00:00:00-05:00,31.31999969482422,2.203000068664551
2011-10-24 00:00:00-05:00,29.260000228881836,2.2339999675750732
2011-10-25 00:00:00-05:00,32.220001220703125,2.128000020980835
2011-10-26 00:00:00-05:00,29.860000610351562,2.203000068664551
2011-10-27 00:00:00-05:00,25.459999084472656,2.3949999809265137
2011-10-28 00:00:00-05:00,24.530000686645508,2.305999994277954
2011-10-31 00:00:00-05:00,29.959999084472656,2.174999952316284
2011-11-01 00:00:00-05:00,34.77000045776367,2.000999927520752
2011-11-02 00:00:00-05:00,32.7400016784668,2.00600004196167
2011-11-03 00:00:00-05:00,30.5,2.065999984741211
2011-11-04 00:00:00-05:00,30.15999984741211,2.049999952316284
2011-11-07 00:00:00-06:00,29.850000381469727,1.99399995803833
2011-11-08 00:00:00-06:00,27.479999542236328,2.065000057220459
2011-11-09 00:00:00-06:00,36.15999984741211,1.9550000429153442
2011-11-10 00:00:00-06:00,32.810001373291016,2.055999994277954
2011-11-11 00:00:00-06:00,30.040000915527344,2.055999994277954
2011-11-14 00:00:00-06:00,31.1299991607666,2.0429999828338623
2011-11-15 00:00:00-06:00,31.219999313354492,2.056999921798706
2011-11-16 00:00:00-06:00,33.5099983215332,2.0239999294281006
2011-11-17 00:00:00-06:00,34.5099983215332,1.9579999446868896
2011-11-18 00:00:00-06:00,32.0,2.01200008392334
2011-11-21 00:00:00-06:00,32.90999984741211,1.9620000123977661
2011-11-22 00:00:00-06:00,31.969999313354492,1.9390000104904175
2011-11-23 00:00:00-06:00,33.97999954223633,1.878999948501587
2011-11-25 00:00:00-06:00,34.470001220703125,1.9670000076293945
2011-11-28 00:00:00-06:00,32.130001068115234,1.9579999446868896
2011-11-29 00:00:00-06:00,30.639999389648438,1.996000051498413
2011-11-30 00:00:00-06:00,27.799999237060547,2.068000078201294
2011-12-01 00:00:00-06:00,27.40999984741211,2.117000102996826
2011-12-02 00:00:00-06:00,27.520000457763672,2.0420000553131104
2011-12-05 00:00:00-06:00,27.84000015258789,2.053999900817871
2011-12-06 00:00:00-06:00,28.1299991607666,2.0929999351501465
2011-12-07 00:00:00-06:00,28.670000076293945,2.0169999599456787
2011-12-08 00:00:00-06:00,30.59000015258789,1.972000002861023
2011-12-09 00:00:00-06:00,26.3799991607666,2.052000045776367
2011-12-12 00:00:00-06:00,25.670000076293945,2.009000062942505
2011-12-13 00:00:00-06:00,25.40999984741211,1.9620000123977661
2011-12-14 00:00:00-06:00,26.040000915527344,1.9010000228881836
2011-12-15 00:00:00-06:00,25.110000610351562,1.9129999876022339
2011-12-16 00:00:00-06:00,24.290000915527344,1.8539999723434448
2011-12-19 00:00:00-06:00,24.920000076293945,1.812999963760376
2011-12-20 00:00:00-06:00,23.219999313354492,1.9249999523162842
2011-12-21 00:00:00-06:00,21.43000030517578,1.9670000076293945
2011-12-22 00:00:00-06:00,21.15999984741211,1.9509999752044678
2011-12-23 00:00:00-06:00,20.729999542236328,2.0299999713897705
2011-12-27 00:00:00-06:00,21.90999984741211,2.009000062942505
2011-12-28 00:00:00-06:00,23.520000457763672,1.9079999923706055
2011-12-29 00:00:00-06:00,22.649999618530273,1.8969999551773071
2011-12-30 00:00:00-06:00,23.399999618530273,1.871000051498413
2012-01-03 00:00:00-06:00,22.969999313354492,1.9600000381469727
2012-01-04 00:00:00-06:00,22.219999313354492,1.9950000047683716
2012-01-05 00:00:00-06:00,21.479999542236328,1.9930000305175781
2012-01-06 00:00:00-06:00,20.6299991607666,1.9609999656677246
2012-01-09 00:00:00-06:00,21.06999969482422,1.9600000381469727
2012-01-10 00:00:00-06:00,20.690000534057617,1.972000002861023
2012-01-11 00:00:00-06:00,21.049999237060547,1.9040000438690186
2012-01-12 00:00:00-06:00,20.469999313354492,1.9329999685287476
2012-01-13 00:00:00-06:00,20.90999984741211,1.8530000448226929
2012-01-17 00:00:00-06:00,22.200000762939453,1.850000023841858
2012-01-18 00:00:00-06:00,20.889999389648438,1.8969999551773071
2012-01-19 00:00:00-06:00,19.8700008392334,1.972000002861023
2012-01-20 00:00:00-06:00,18.280000686645508,2.0280001163482666
2012-01-23 00:00:00-06:00,18.670000076293945,2.066999912261963
2012-01-24 00:00:00-06:00,18.90999984741211,2.063999891281128
2012-01-25 00:00:00-06:00,18.309999465942383,2.006999969482422
2012-01-26 00:00:00-06:00,18.56999969482422,1.930999994277954
2012-01-27 00:00:00-06:00,18.530000686645508,1.8980000019073486
2012-01-30 00:00:00-06:00,19.399999618530273,1.8370000123977661
2012-01-31 00:00:00-06:00,19.440000534057617,1.7990000247955322
2012-02-01 00:00:00-06:00,18.549999237060547,1.8459999561309814
2012-02-02 00:00:00-06:00,17.979999542236328,1.8250000476837158
2012-02-03 00:00:00-06:00,17.100000381469727,1.9490000009536743
2012-02-06 00:00:00-06:00,17.760000228881836,1.9010000228881836
2012-02-07 00:00:00-06:00,17.649999618530273,1.965999960899353
2012-02-08 00:00:00-06:00,18.15999984741211,1.975000023841858
2012-02-09 00:00:00-06:00,18.6299991607666,2.046999931335449
2012-02-10 00:00:00-06:00,20.790000915527344,1.968999981880188
2012-02-13 00:00:00-06:00,19.040000915527344,1.9900000095367432
2012-02-14 00:00:00-06:00,19.540000915527344,1.9240000247955322
2012-02-15 00:00:00-06:00,21.139999389648438,1.930999994277954
2012-02-16 00:00:00-06:00,19.219999313354492,1.9930000305175781
2012-02-17 00:00:00-06:00,17.780000686645508,2.009999990463257
2012-02-21 00:00:00-06:00,18.190000534057617,2.0450000762939453
2012-02-22 00:00:00-06:00,18.190000534057617,2.005000114440918
2012-02-23 00:00:00-06:00,16.799999237060547,1.9839999675750732
2012-02-24 00:00:00-06:00,17.309999465942383,1.9769999980926514
2012-02-27 00:00:00-06:00,18.190000534057617,1.9220000505447388
2012-02-28 00:00:00-06:00,17.959999084472656,1.9290000200271606
2012-02-29 00:00:00-06:00,18.43000030517578,1.9769999980926514
2012-03-01 00:00:00-06:00,17.260000228881836,2.0369999408721924
2012-03-02 00:00:00-06:00,17.290000915527344,1.9859999418258667
2012-03-05 00:00:00-06:00,18.049999237060547,2.005000114440918
2012-03-06 00:00:00-06:00,20.8700008392334,1.944000005722046
2012-03-07 00:00:00-06:00,19.06999969482422,1.972000002861023
2012-03-08 00:00:00-06:00,17.950000762939453,2.0139999389648438
2012-03-09 00:00:00-06:00,17.110000610351562,2.0380001068115234
2012-03-12 00:00:00-05:00,15.640000343322754,2.0309998989105225
2012-03-13 00:00:00-05:00,14.800000190734863,2.1070001125335693
2012-03-14 00:00:00-05:00,15.3100004196167,2.2739999294281006
2012-03-15 00:00:00-05:00,15.420000076293945,2.2809998989105225
2012-03-16 00:00:00-05:00,14.470000267028809,2.2980000972747803
2012-03-19 00:00:00-05:00,15.039999961853027,2.378999948501587
2012-03-20 00:00:00-05:00,15.579999923706055,2.371999979019165
2012-03-21 00:00:00-05:00,15.130000114440918,2.2939999103546143
2012-03-22 00:00:00-05:00,15.569999694824219,2.2750000953674316
2012-03-23 00:00:00-05:00,14.819999694824219,2.236999988555908
2012-03-26 00:00:00-05:00,14.260000228881836,2.24399995803833
2012-03-27 00:00:00-05:00,15.59000015258789,2.187000036239624
2012-03-28 00:00:00-05:00,15.470000267028809,2.196000099182129
2012-03-29 00:00:00-05:00,15.479999542236328,2.1589999198913574
2012-03-30 00:00:00-05:00,15.5,2.2160000801086426
2012-04-02 00:00:00-05:00,15.640000343322754,2.193000078201294
2012-04-03 00:00:00-05:00,15.65999984741211,2.2839999198913574
2012-04-04 00:00:00-05:00,16.440000534057617,2.243000030517578
2012-04-05 00:00:00-05:00,16.700000762939453,2.174999952316284
2012-04-09 00:00:00-05:00,18.809999465942383,2.0369999408721924
2012-04-10 00:00:00-05:00,20.389999389648438,1.9880000352859497
2012-04-11 00:00:00-05:00,20.020000457763672,2.0280001163482666
2012-04-12 00:00:00-05:00,17.200000762939453,2.0490000247955322
2012-04-13 00:00:00-05:00,19.549999237060547,1.9980000257492065
2012-04-16 00:00:00-05:00,19.549999237060547,1.9739999771118164
2012-04-17 00:00:00-05:00,18.459999084472656,2.009000062942505
2012-04-18 00:00:00-05:00,18.639999389648438,1.9819999933242798
2012-04-19 00:00:00-05:00,18.360000610351562,1.9520000219345093
2012-04-20 00:00:00-05:00,17.440000534057617,1.9700000286102295
2012-04-23 00:00:00-05:00,18.969999313354492,1.9329999685287476
2012-04-24 00:00:00-05:00,18.100000381469727,1.9609999656677246
2012-04-25 00:00:00-05:00,16.81999969482422,1.9839999675750732
2012-04-26 00:00:00-05:00,16.239999771118164,1.9589999914169312
2012-04-27 00:00:00-05:00,16.31999969482422,1.9329999685287476
2012-04-30 00:00:00-05:00,17.149999618530273,1.9149999618530273
2012-05-01 00:00:00-05:00,16.600000381469727,1.9559999704360962
2012-05-02 00:00:00-05:00,16.8799991607666,1.9220000505447388
2012-05-03 00:00:00-05:00,17.559999465942383,1.9240000247955322
2012-05-04 00:00:00-05:00,19.15999984741211,1.8799999952316284
2012-05-07 00:00:00-05:00,18.940000534057617,1.8769999742507935
2012-05-08 00:00:00-05:00,19.049999237060547,1.8370000123977661
2012-05-09 00:00:00-05:00,20.079999923706055,1.8350000381469727
2012-05-10 00:00:00-05:00,18.829999923706055,1.8839999437332153
2012-05-11 00:00:00-05:00,19.889999389648438,1.840999960899353
2012-05-14 00:00:00-05:00,21.8700008392334,1.7879999876022339
2012-05-15 00:00:00-05:00,21.969999313354492,1.7769999504089355
2012-05-16 00:00:00-05:00,22.270000457763672,1.7649999856948853
2012-05-17 00:00:00-05:00,24.489999771118164,1.7020000219345093
2012-05-18 00:00:00-05:00,25.100000381469727,1.7020000219345093
2012-05-21 00:00:00-05:00,22.010000228881836,1.7350000143051147
2012-05-22 00:00:00-05:00,22.479999542236328,1.7929999828338623
2012-05-23 00:00:00-05:00,22.329999923706055,1.7209999561309814
2012-05-24 00:00:00-05:00,21.540000915527344,1.7589999437332153
2012-05-25 00:00:00-05:00,21.760000228881836,1.7450000047683716
2012-05-29 00:00:00-05:00,21.030000686645508,1.7309999465942383
2012-05-30 00:00:00-05:00,24.139999389648438,1.625
2012-05-31 00:00:00-05:00,24.059999465942383,1.5809999704360962
2012-06-01 00:00:00-05:00,26.65999984741211,1.4670000076293945
2012-06-04 00:00:00-05:00,26.1200008392334,1.5269999504089355
2012-06-05 00:00:00-05:00,24.68000030517578,1.555999994277954
2012-06-06 00:00:00-05:00,22.15999984741211,1.6510000228881836
2012-06-07 00:00:00-05:00,21.719999313354492,1.6540000438690186
2012-06-08 00:00:00-05:00,21.229999542236328,1.6369999647140503
2012-06-11 00:00:00-05:00,23.559999465942383,1.600000023841858
2012-06-12 00:00:00-05:00,22.09000015258789,1.6610000133514404
2012-06-13 00:00:00-05:00,24.270000457763672,1.5989999771118164
2012-06-14 00:00:00-05:00,21.68000030517578,1.6109999418258667
2012-06-15 00:00:00-05:00,21.110000610351562,1.5870000123977661
2012-06-18 00:00:00-05:00,18.31999969482422,1.5839999914169312
2012-06-19 00:00:00-05:00,18.3799991607666,1.6200000047683716
2012-06-20 00:00:00-05:00,17.239999771118164,1.6419999599456787
2012-06-21 00:00:00-05:00,20.079999923706055,1.6180000305175781
2012-06-22 00:00:00-05:00,18.110000610351562,1.6720000505447388
2012-06-25 00:00:00-05:00,20.3799991607666,1.6080000400543213
2012-06-26 00:00:00-05:00,19.719999313354492,1.628000020980835
2012-06-27 00:00:00-05:00,19.450000762939453,1.621000051498413
2012-06-28 00:00:00-05:00,19.709999084472656,1.5770000219345093
2012-06-29 00:00:00-05:00,17.079999923706055,1.659000039100647
2012-07-02 00:00:00-05:00,16.799999237060547,1.5800000429153442
2012-07-03 00:00:00-05:00,16.65999984741211,1.63100004196167
2012-07-05 00:00:00-05:00,17.5,1.597000002861023
2012-07-06 00:00:00-05:00,17.100000381469727,1.5440000295639038
2012-07-09 00:00:00-05:00,17.979999542236328,1.5130000114440918
2012-07-10 00:00:00-05:00,18.719999313354492,1.4980000257492065
2012-07-11 00:00:00-05:00,17.950000762939453,1.4980000257492065
2012-07-12 00:00:00-05:00,18.329999923706055,1.4789999723434448
2012-07-13 00:00:00-05:00,16.739999771118164,1.4989999532699585
2012-07-16 00:00:00-05:00,17.110000610351562,1.4639999866485596
2012-07-17 00:00:00-05:00,16.479999542236328,1.5010000467300415
2012-07-18 00:00:00-05:00,16.15999984741211,1.4789999723434448
2012-07-19 00:00:00-05:00,15.449999809265137,1.5149999856948853
2012-07-20 00:00:00-05:00,16.270000457763672,1.4600000381469727
2012-07-23 00:00:00-05:00,18.6200008392334,1.434999942779541
2012-07-24 00:00:00-05:00,20.469999313354492,1.4040000438690186
2012-07-25 00:00:00-05:00,19.34000015258789,1.406000018119812
2012-07-26 00:00:00-05:00,17.530000686645508,1.4279999732971191
2012-07-27 00:00:00-05:00,16.700000762939453,1.5549999475479126
2012-07-30 00:00:00-05:00,18.030000686645508,1.503999948501587
2012-07-31 00:00:00-05:00,18.93000030517578,1.4919999837875366
2012-08-01 00:00:00-05:00,18.959999084472656,1.5390000343322754
2012-08-02 00:00:00-05:00,17.56999969482422,1.4780000448226929
2012-08-03 00:00:00-05:00,15.640000343322754,1.5770000219345093
2012-08-06 00:00:00-05:00,15.949999809265137,1.5579999685287476
2012-08-07 00:00:00-05:00,15.989999771118164,1.628000020980835
2012-08-08 00:00:00-05:00,15.319999694824219,1.6399999856948853
2012-08-09 00:00:00-05:00,15.279999732971191,1.687999963760376
2012-08-10 00:00:00-05:00,14.739999771118164,1.6490000486373901
2012-08-13 00:00:00-05:00,13.699999809265137,1.6540000438690186
2012-08-14 00:00:00-05:00,14.850000381469727,1.7259999513626099
2012-08-15 00:00:00-05:00,14.630000114440918,1.8049999475479126
2012-08-16 00:00:00-05:00,14.289999961853027,1.8359999656677246
2012-08-17 00:00:00-05:00,13.449999809265137,1.815999984741211
2012-08-20 00:00:00-05:00,14.020000457763672,1.8140000104904175
2012-08-21 00:00:00-05:00,15.020000457763672,1.8049999475479126
2012-08-22 00:00:00-05:00,15.109999656677246,1.718999981880188
2012-08-23 00:00:00-05:00,15.960000038146973,1.6660000085830688
2012-08-24 00:00:00-05:00,15.180000305175781,1.6779999732971191
2012-08-27 00:00:00-05:00,16.350000381469727,1.6490000486373901
2012-08-28 00:00:00-05:00,16.489999771118164,1.6299999952316284
2012-08-29 00:00:00-05:00,17.059999465942383,1.6540000438690186
2012-08-30 00:00:00-05:00,17.829999923706055,1.6200000047683716
2012-08-31 00:00:00-05:00,17.469999313354492,1.562000036239624
2012-09-04 00:00:00-05:00,17.979999542236328,1.5809999704360962
2012-09-05 00:00:00-05:00,17.739999771118164,1.593999981880188
2012-09-06 00:00:00-05:00,15.600000381469727,1.6729999780654907
2012-09-07 00:00:00-05:00,14.380000114440918,1.6610000133514404
2012-09-10 00:00:00-05:00,16.280000686645508,1.6829999685287476
2012-09-11 00:00:00-05:00,16.40999984741211,1.6950000524520874
2012-09-12 00:00:00-05:00,15.800000190734863,1.7649999856948853
2012-09-13 00:00:00-05:00,14.050000190734863,1.75600004196167
2012-09-14 00:00:00-05:00,14.510000228881836,1.8700000047683716
2012-09-17 00:00:00-05:00,14.59000015258789,1.8380000591278076
2012-09-18 00:00:00-05:00,14.180000305175781,1.812000036239624
2012-09-19 00:00:00-05:00,13.880000114440918,1.781999945640564
2012-09-20 00:00:00-05:00,14.069999694824219,1.7769999504089355
2012-09-21 00:00:00-05:00,13.979999542236328,1.7599999904632568
2012-09-24 00:00:00-05:00,14.149999618530273,1.718000054359436
2012-09-25 00:00:00-05:00,15.430000305175781,1.6820000410079956
2012-09-26 00:00:00-05:00,16.809999465942383,1.6180000305175781
2012-09-27 00:00:00-05:00,14.84000015258789,1.6399999856948853
2012-09-28 00:00:00-05:00,15.729999542236328,1.6369999647140503
2012-10-01 00:00:00-05:00,16.31999969482422,1.625
2012-10-02 00:00:00-05:00,15.710000038146973,1.6150000095367432
2012-10-03 00:00:00-05:00,15.430000305175781,1.6230000257492065
2012-10-04 00:00:00-05:00,14.550000190734863,1.6649999618530273
2012-10-05 00:00:00-05:00,14.329999923706055,1.7319999933242798
2012-10-08 00:00:00-05:00,15.109999656677246,1.746000051498413
2012-10-09 00:00:00-05:00,16.3700008392334,1.7200000286102295
2012-10-10 00:00:00-05:00,16.290000915527344,1.690999984741211
2012-10-11 00:00:00-05:00,15.59000015258789,1.6749999523162842
2012-10-12 00:00:00-05:00,16.139999389648438,1.6629999876022339
2012-10-15 00:00:00-05:00,15.270000457763672,1.6629999876022339
2012-10-16 00:00:00-05:00,15.220000267028809,1.7200000286102295
2012-10-17 00:00:00-05:00,15.069999694824219,1.8109999895095825
2012-10-18 00:00:00-05:00,15.029999732971191,1.8259999752044678
2012-10-19 00:00:00-05:00,17.059999465942383,1.7680000066757202
2012-10-22 00:00:00-05:00,16.6200008392334,1.7979999780654907
2012-10-23 00:00:00-05:00,18.829999923706055,1.7640000581741333
2012-10-24 00:00:00-05:00,18.329999923706055,1.774999976158142
2012-10-25 00:00:00-05:00,18.1200008392334,1.8279999494552612
2012-10-26 00:00:00-05:00,17.809999465942383,1.75
2012-10-31 00:00:00-05:00,18.600000381469727,1.6859999895095825
2012-11-01 00:00:00-05:00,16.690000534057617,1.715000033378601
2012-11-02 00:00:00-05:00,17.59000015258789,1.7259999513626099
2012-11-05 00:00:00-06:00,18.420000076293945,1.684000015258789
2012-11-06 00:00:00-06:00,17.579999923706055,1.7419999837875366
2012-11-07 00:00:00-06:00,19.079999923706055,1.6319999694824219
2012-11-08 00:00:00-06:00,18.489999771118164,1.6319999694824219
2012-11-09 00:00:00-06:00,18.610000610351562,1.6130000352859497
2012-11-12 00:00:00-06:00,16.68000030517578,1.6109999418258667
2012-11-13 00:00:00-06:00,16.649999618530273,1.5889999866485596
2012-11-14 00:00:00-06:00,17.920000076293945,1.5889999866485596
2012-11-15 00:00:00-06:00,17.989999771118164,1.5889999866485596
2012-11-16 00:00:00-06:00,16.40999984741211,1.5740000009536743
2012-11-19 00:00:00-06:00,15.239999771118164,1.6109999418258667
2012-11-20 00:00:00-06:00,15.079999923706055,1.656000018119812
2012-11-21 00:00:00-06:00,15.3100004196167,1.687000036239624
2012-11-23 00:00:00-06:00,15.140000343322754,1.6929999589920044
2012-11-26 00:00:00-06:00,15.5,1.6640000343322754
2012-11-27 00:00:00-06:00,15.920000076293945,1.6449999809265137
2012-11-28 00:00:00-06:00,15.510000228881836,1.6169999837875366
2012-11-29 00:00:00-06:00,15.0600004196167,1.6200000047683716
2012-11-30 00:00:00-06:00,15.869999885559082,1.6059999465942383
2012-12-03 00:00:00-06:00,16.639999389648438,1.628000020980835
2012-12-04 00:00:00-06:00,17.1200008392334,1.6080000400543213
2012-12-05 00:00:00-06:00,16.459999084472656,1.590999960899353
2012-12-06 00:00:00-06:00,16.579999923706055,1.5809999704360962
2012-12-07 00:00:00-06:00,15.899999618530273,1.6269999742507935
2012-12-10 00:00:00-06:00,16.049999237060547,1.6160000562667847
2012-12-11 00:00:00-06:00,15.569999694824219,1.6490000486373901
2012-12-12 00:00:00-06:00,15.949999809265137,1.6970000267028809
2012-12-13 00:00:00-06:00,16.559999465942383,1.7280000448226929
2012-12-14 00:00:00-06:00,17.0,1.7079999446868896
2012-12-17 00:00:00-06:00,16.34000015258789,1.7630000114440918
2012-12-18 00:00:00-06:00,15.569999694824219,1.8270000219345093
2012-12-19 00:00:00-06:00,17.360000610351562,1.7999999523162842
2012-12-20 00:00:00-06:00,17.670000076293945,1.7999999523162842
2012-12-21 00:00:00-06:00,17.84000015258789,1.753999948501587
2012-12-24 00:00:00-06:00,17.84000015258789,1.7740000486373901
2012-12-26 00:00:00-06:00,19.479999542236328,1.7580000162124634
2012-12-27 00:00:00-06:00,19.469999313354492,1.715000033378601
2012-12-28 00:00:00-06:00,22.719999313354492,1.7109999656677246
2012-12-31 00:00:00-06:00,18.020000457763672,1.75600004196167
2013-01-02 00:00:00-06:00,14.680000305175781,1.8389999866485596
2013-01-03 00:00:00-06:00,14.5600004196167,1.8990000486373901
2013-01-04 00:00:00-06:00,13.829999923706055,1.9149999618530273
2013-01-07 00:00:00-06:00,13.789999961853027,1.902999997138977
2013-01-08 00:00:00-06:00,13.619999885559082,1.871000051498413
2013-01-09 00:00:00-06:00,13.8100004196167,1.8519999980926514
2013-01-10 00:00:00-06:00,13.489999771118164,1.8940000534057617
2013-01-11 00:00:00-06:00,13.359999656677246,1.875
2013-01-14 00:00:00-06:00,13.520000457763672,1.8569999933242798
2013-01-15 00:00:00-06:00,13.550000190734863,1.8309999704360962
2013-01-16 00:00:00-06:00,13.420000076293945,1.8240000009536743
2013-01-17 00:00:00-06:00,13.569999694824219,1.875
2013-01-18 00:00:00-06:00,12.460000038146973,1.843000054359436
2013-01-22 00:00:00-06:00,12.430000305175781,1.8350000381469727
2013-01-23 00:00:00-06:00,12.460000038146973,1.8329999446868896
2013-01-24 00:00:00-06:00,12.6899995803833,1.843999981880188
2013-01-25 00:00:00-06:00,12.890000343322754,1.9470000267028809
2013-01-28 00:00:00-06:00,13.569999694824219,1.9739999771118164
2013-01-29 00:00:00-06:00,13.3100004196167,1.9880000352859497
2013-01-30 00:00:00-06:00,14.319999694824219,2.00600004196167
2013-01-31 00:00:00-06:00,14.279999732971191,1.9850000143051147
2013-02-01 00:00:00-06:00,12.899999618530273,2.009999990463257
2013-02-04 00:00:00-06:00,14.670000076293945,1.9730000495910645
2013-02-05 00:00:00-06:00,13.720000267028809,2.0160000324249268
2013-02-06 00:00:00-06:00,13.40999984741211,1.968000054359436
2013-02-07 00:00:00-06:00,13.5,1.9509999752044678
2013-02-08 00:00:00-06:00,13.020000457763672,1.9539999961853027
2013-02-11 00:00:00-06:00,12.9399995803833,1.9459999799728394
2013-02-12 00:00:00-06:00,12.640000343322754,1.9819999933242798
2013-02-13 00:00:00-06:00,12.979999542236328,2.0190000534057617
2013-02-14 00:00:00-06:00,12.65999984741211,2.0
2013-02-15 00:00:00-06:00,12.460000038146973,2.006999969482422
2013-02-19 00:00:00-06:00,12.3100004196167,2.0260000228881836
2013-02-20 00:00:00-06:00,14.680000305175781,2.0209999084472656
2013-02-21 00:00:00-06:00,15.220000267028809,1.9759999513626099
2013-02-22 00:00:00-06:00,14.170000076293945,1.9670000076293945
2013-02-25 00:00:00-06:00,18.989999771118164,1.8949999809265137
2013-02-26 00:00:00-06:00,16.8700008392334,1.878999948501587
2013-02-27 00:00:00-06:00,14.729999542236328,1.902999997138977
2013-02-28 00:00:00-06:00,15.510000228881836,1.8880000114440918
2013-03-01 00:00:00-06:00,15.359999656677246,1.8530000448226929
2013-03-04 00:00:00-06:00,14.010000228881836,1.8769999742507935
2013-03-05 00:00:00-06:00,13.479999542236328,1.8940000534057617
2013-03-06 00:00:00-06:00,13.529999732971191,1.937999963760376
2013-03-07 00:00:00-06:00,13.0600004196167,1.9910000562667847
2013-03-08 00:00:00-06:00,12.59000015258789,2.055999994277954
2013-03-11 00:00:00-05:00,11.5600004196167,2.055999994277954
2013-03-12 00:00:00-05:00,12.270000457763672,2.0230000019073486
2013-03-13 00:00:00-05:00,11.829999923706055,2.0209999084472656
2013-03-14 00:00:00-05:00,11.300000190734863,2.0329999923706055
2013-03-15 00:00:00-05:00,11.300000190734863,1.996000051498413
2013-03-18 00:00:00-05:00,13.359999656677246,1.9559999704360962
2013-03-19 00:00:00-05:00,14.390000343322754,1.9079999923706055
2013-03-20 00:00:00-05:00,12.670000076293945,1.937000036239624
2013-03-21 00:00:00-05:00,13.989999771118164,1.9320000410079956
2013-03-22 00:00:00-05:00,13.569999694824219,1.9149999618530273
2013-03-25 00:00:00-05:00,13.739999771118164,1.9149999618530273
2013-03-26 00:00:00-05:00,12.770000457763672,1.906000018119812
2013-03-27 00:00:00-05:00,13.149999618530273,1.8509999513626099
2013-03-28 00:00:00-05:00,12.699999809265137,1.8519999980926514
2013-04-01 00:00:00-05:00,13.579999923706055,1.840000033378601
2013-04-02 00:00:00-05:00,12.779999732971191,1.8609999418258667
2013-04-03 00:00:00-05:00,14.210000038146973,1.812000036239624
2013-04-04 00:00:00-05:00,13.890000343322754,1.7589999437332153
2013-04-05 00:00:00-05:00,13.920000076293945,1.694000005722046
2013-04-08 00:00:00-05:00,13.1899995803833,1.7319999933242798
2013-04-09 00:00:00-05:00,12.84000015258789,1.746999979019165
2013-04-10 00:00:00-05:00,12.359999656677246,1.8049999475479126
2013-04-11 00:00:00-05:00,12.239999771118164,1.7910000085830688
2013-04-12 00:00:00-05:00,12.0600004196167,1.7209999561309814
2013-04-15 00:00:00-05:00,17.270000457763672,1.7020000219345093
2013-04-16 00:00:00-05:00,13.960000038146973,1.718999981880188
2013-04-17 00:00:00-05:00,16.510000228881836,1.7039999961853027
2013-04-18 00:00:00-05:00,17.559999465942383,1.684999942779541
2013-04-19 00:00:00-05:00,14.970000267028809,1.7029999494552612
2013-04-22 00:00:00-05:00,14.390000343322754,1.6979999542236328
2013-04-23 00:00:00-05:00,13.479999542236328,1.6979999542236328
2013-04-24 00:00:00-05:00,13.609999656677246,1.6979999542236328
2013-04-25 00:00:00-05:00,13.619999885559082,1.7109999656677246
2013-04-26 00:00:00-05:00,13.609999656677246,1.6629999876022339
2013-04-29 00:00:00-05:00,13.710000038146973,1.6679999828338623
2013-04-30 00:00:00-05:00,13.520000457763672,1.6749999523162842
2013-05-01 00:00:00-05:00,14.489999771118164,1.6390000581741333
2013-05-02 00:00:00-05:00,13.59000015258789,1.63100004196167
2013-05-03 00:00:00-05:00,12.850000381469727,1.7519999742507935
2013-05-06 00:00:00-05:00,12.65999984741211,1.7710000276565552
2013-05-07 00:00:00-05:00,12.829999923706055,1.7829999923706055
2013-05-08 00:00:00-05:00,12.65999984741211,1.7599999904632568
2013-05-09 00:00:00-05:00,13.130000114440918,1.812999963760376
2013-05-10 00:00:00-05:00,12.59000015258789,1.899999976158142
2013-05-13 00:00:00-05:00,12.550000190734863,1.9229999780654907
2013-05-14 00:00:00-05:00,12.770000457763672,1.9520000219345093
2013-05-15 00:00:00-05:00,12.8100004196167,1.9429999589920044
2013-05-16 00:00:00-05:00,13.069999694824219,1.8650000095367432
2013-05-17 00:00:00-05:00,12.449999809265137,1.9490000009536743
2013-05-20 00:00:00-05:00,13.020000457763672,1.965000033378601
2013-05-21 00:00:00-05:00,13.369999885559082,1.944000005722046
2013-05-22 00:00:00-05:00,13.819999694824219,2.0260000228881836
2013-05-23 00:00:00-05:00,14.069999694824219,2.0230000019073486
2013-05-24 00:00:00-05:00,13.989999771118164,2.010999917984009
2013-05-28 00:00:00-05:00,14.479999542236328,2.134999990463257
2013-05-29 00:00:00-05:00,14.829999923706055,2.124000072479248
2013-05-30 00:00:00-05:00,14.529999732971191,2.124000072479248
2013-05-31 00:00:00-05:00,16.299999237060547,2.1640000343322754
2013-06-03 00:00:00-05:00,16.280000686645508,2.134000062942505
2013-06-04 00:00:00-05:00,16.270000457763672,2.13700008392334
2013-06-05 00:00:00-05:00,17.5,2.0999999046325684
2013-06-06 00:00:00-05:00,16.6299991607666,2.075000047683716
2013-06-07 00:00:00-05:00,15.140000343322754,2.1610000133514404
2013-06-10 00:00:00-05:00,15.4399995803833,2.2149999141693115
2013-06-11 00:00:00-05:00,17.06999969482422,2.194999933242798
2013-06-12 00:00:00-05:00,18.59000015258789,2.2300000190734863
2013-06-13 00:00:00-05:00,16.40999984741211,2.1740000247955322
2013-06-14 00:00:00-05:00,17.149999618530273,2.125999927520752
2013-06-17 00:00:00-05:00,16.799999237060547,2.1710000038146973
2013-06-18 00:00:00-05:00,16.610000610351562,2.181999921798706
2013-06-19 00:00:00-05:00,16.639999389648438,2.311000108718872
2013-06-20 00:00:00-05:00,20.489999771118164,2.4189999103546143
2013-06-21 00:00:00-05:00,18.899999618530273,2.5139999389648438
2013-06-24 00:00:00-05:00,20.110000610351562,2.5480000972747803
2013-06-25 00:00:00-05:00,18.469999313354492,2.5889999866485596
2013-06-26 00:00:00-05:00,17.209999084472656,2.5390000343322754
2013-06-27 00:00:00-05:00,16.860000610351562,2.4830000400543213
2013-06-28 00:00:00-05:00,16.860000610351562,2.4779999256134033
2013-07-01 00:00:00-05:00,16.3700008392334,2.490000009536743
2013-07-02 00:00:00-05:00,16.440000534057617,2.4690001010894775
2013-07-03 00:00:00-05:00,16.200000762939453,2.500999927520752
2013-07-05 00:00:00-05:00,14.890000343322754,2.7149999141693115
2013-07-08 00:00:00-05:00,14.779999732971191,2.6449999809265137
2013-07-09 00:00:00-05:00,14.350000381469727,2.630000114440918
2013-07-10 00:00:00-05:00,14.210000038146973,2.680000066757202
2013-07-11 00:00:00-05:00,14.010000228881836,2.5739998817443848
2013-07-12 00:00:00-05:00,13.84000015258789,2.6010000705718994
2013-07-15 00:00:00-05:00,13.789999961853027,2.555999994277954
2013-07-16 00:00:00-05:00,14.420000076293945,2.5320000648498535
2013-07-17 00:00:00-05:00,13.779999732971191,2.490999937057495
2013-07-18 00:00:00-05:00,13.770000457763672,2.5339999198913574
2013-07-19 00:00:00-05:00,12.539999961853027,2.490999937057495
2013-07-22 00:00:00-05:00,12.289999961853027,2.48799991607666
2013-07-23 00:00:00-05:00,12.65999984741211,2.5160000324249268
2013-07-24 00:00:00-05:00,13.180000305175781,2.5880000591278076
2013-07-25 00:00:00-05:00,12.970000267028809,2.6070001125335693
2013-07-26 00:00:00-05:00,12.720000267028809,2.561000108718872
2013-07-29 00:00:00-05:00,13.390000343322754,2.5850000381469727
2013-07-30 00:00:00-05:00,13.390000343322754,2.6029999256134033
2013-07-31 00:00:00-05:00,13.449999809265137,2.5929999351501465
2013-08-01 00:00:00-05:00,12.9399995803833,2.7230000495910645
2013-08-02 00:00:00-05:00,11.979999542236328,2.6019999980926514
2013-08-05 00:00:00-05:00,11.84000015258789,2.640000104904175
2013-08-06 00:00:00-05:00,12.720000267028809,2.6419999599456787
2013-08-07 00:00:00-05:00,12.979999542236328,2.5999999046325684
2013-08-08 00:00:00-05:00,12.729999542236328,2.5869998931884766
2013-08-09 00:00:00-05:00,13.40999984741211,2.5799999237060547
2013-08-12 00:00:00-05:00,12.8100004196167,2.6050000190734863
2013-08-13 00:00:00-05:00,12.3100004196167,2.7149999141693115
2013-08-14 00:00:00-05:00,13.039999961853027,2.7119998931884766
2013-08-15 00:00:00-05:00,14.729999542236328,2.755000114440918
2013-08-16 00:00:00-05:00,14.369999885559082,2.8289999961853027
2013-08-19 00:00:00-05:00,15.100000381469727,2.884000062942505
2013-08-20 00:00:00-05:00,14.90999984741211,2.813999891281128
2013-08-21 00:00:00-05:00,15.9399995803833,2.8550000190734863
2013-08-22 00:00:00-05:00,14.760000228881836,2.9010000228881836
2013-08-23 00:00:00-05:00,13.979999542236328,2.818000078201294
2013-08-26 00:00:00-05:00,14.989999771118164,2.805000066757202
2013-08-27 00:00:00-05:00,16.770000457763672,2.7209999561309814
2013-08-28 00:00:00-05:00,16.489999771118164,2.7820000648498535
2013-08-29 00:00:00-05:00,16.809999465942383,2.750999927520752
2013-08-30 00:00:00-05:00,17.010000228881836,2.749000072479248
2013-09-03 00:00:00-05:00,16.610000610351562,2.8480000495910645
2013-09-04 00:00:00-05:00,15.880000114440918,2.8970000743865967
2013-09-05 00:00:00-05:00,15.770000457763672,2.9790000915527344
2013-09-06 00:00:00-05:00,15.850000381469727,2.937999963760376
2013-09-09 00:00:00-05:00,15.630000114440918,2.8970000743865967
2013-09-10 00:00:00-05:00,14.529999732971191,2.9590001106262207
2013-09-11 00:00:00-05:00,13.819999694824219,2.9200000762939453
2013-09-12 00:00:00-05:00,14.289999961853027,2.9070000648498535
2013-09-13 00:00:00-05:00,14.15999984741211,2.8980000019073486
2013-09-16 00:00:00-05:00,14.380000114440918,2.874000072479248
2013-09-17 00:00:00-05:00,14.529999732971191,2.8529999256134033
2013-09-18 00:00:00-05:00,13.59000015258789,2.7079999446868896
2013-09-19 00:00:00-05:00,13.15999984741211,2.747999906539917
2013-09-20 00:00:00-05:00,13.119999885559082,2.7320001125335693
2013-09-23 00:00:00-05:00,14.3100004196167,2.7139999866485596
2013-09-24 00:00:00-05:00,14.079999923706055,2.6530001163482666
2013-09-25 00:00:00-05:00,14.010000228881836,2.614000082015991
2013-09-26 00:00:00-05:00,14.0600004196167,2.6429998874664307
2013-09-27 00:00:00-05:00,15.460000038146973,2.61899995803833
2013-09-30 00:00:00-05:00,16.600000381469727,2.615000009536743
2013-10-01 00:00:00-05:00,15.539999961853027,2.6459999084472656
2013-10-02 00:00:00-05:00,16.600000381469727,2.625999927520752
2013-10-03 00:00:00-05:00,17.670000076293945,2.6059999465942383
2013-10-04 00:00:00-05:00,16.739999771118164,2.6519999504089355
2013-10-07 00:00:00-05:00,19.40999984741211,2.634000062942505
2013-10-08 00:00:00-05:00,20.34000015258789,2.635999917984009
2013-10-09 00:00:00-05:00,19.600000381469727,2.6500000953674316
2013-10-10 00:00:00-05:00,16.479999542236328,2.684999942779541
2013-10-11 00:00:00-05:00,15.720000267028809,2.681999921798706
2013-10-14 00:00:00-05:00,16.06999969482422,2.690999984741211
2013-10-15 00:00:00-05:00,18.65999984741211,2.7200000286102295
2013-10-16 00:00:00-05:00,14.710000038146973,2.6710000038146973
2013-10-17 00:00:00-05:00,13.479999542236328,2.5869998931884766
2013-10-18 00:00:00-05:00,13.039999961853027,2.5889999866485596
2013-10-21 00:00:00-05:00,13.15999984741211,2.6089999675750732
2013-10-22 00:00:00-05:00,13.329999923706055,2.51200008392334
2013-10-23 00:00:00-05:00,13.420000076293945,2.484999895095825
2013-10-24 00:00:00-05:00,13.199999809265137,2.5220000743865967
2013-10-25 00:00:00-05:00,13.09000015258789,2.503000020980835
2013-10-28 00:00:00-05:00,13.3100004196167,2.51200008392334
2013-10-29 00:00:00-05:00,13.40999984741211,2.506999969482422
2013-10-30 00:00:00-05:00,13.649999618530273,2.5269999504089355
2013-10-31 00:00:00-05:00,13.75,2.5420000553131104
2013-11-01 00:00:00-05:00,13.279999732971191,2.619999885559082
2013-11-04 00:00:00-06:00,12.930000305175781,2.6019999980926514
2013-11-05 00:00:00-06:00,13.270000457763672,2.6619999408721924
2013-11-06 00:00:00-06:00,12.670000076293945,2.640000104904175
2013-11-07 00:00:00-06:00,13.90999984741211,2.61299991607666
2013-11-08 00:00:00-06:00,12.899999618530273,2.746000051498413
2013-11-11 00:00:00-06:00,12.529999732971191,2.750999927520752
2013-11-12 00:00:00-06:00,12.819999694824219,2.7679998874664307
2013-11-13 00:00:00-06:00,12.520000457763672,2.7249999046325684
2013-11-14 00:00:00-06:00,12.369999885559082,2.7019999027252197
2013-11-15 00:00:00-06:00,12.1899995803833,2.7090001106262207
2013-11-18 00:00:00-06:00,13.100000381469727,2.677999973297119
2013-11-19 00:00:00-06:00,13.390000343322754,2.7119998931884766
2013-11-20 00:00:00-06:00,13.399999618530273,2.7920000553131104
2013-11-21 00:00:00-06:00,12.65999984741211,2.7839999198913574
2013-11-22 00:00:00-06:00,12.260000228881836,2.752000093460083
2013-11-25 00:00:00-06:00,12.789999961853027,2.740999937057495
2013-11-26 00:00:00-06:00,12.8100004196167,2.696000099182129
2013-11-27 00:00:00-06:00,12.979999542236328,2.7360000610351562
2013-11-29 00:00:00-06:00,13.699999809265137,2.740999937057495
2013-12-02 00:00:00-06:00,14.229999542236328,2.8010001182556152
2013-12-03 00:00:00-06:00,14.550000190734863,2.7750000953674316
2013-12-04 00:00:00-06:00,14.699999809265137,2.8410000801086426
2013-12-05 00:00:00-06:00,15.079999923706055,2.861999988555908
2013-12-06 00:00:00-06:00,13.789999961853027,2.882999897003174
2013-12-09 00:00:00-06:00,13.489999771118164,2.8570001125335693
2013-12-10 00:00:00-06:00,13.90999984741211,2.796999931335449
2013-12-11 00:00:00-06:00,15.420000076293945,2.8440001010894775
2013-12-12 00:00:00-06:00,15.539999961853027,2.877000093460083
2013-12-13 00:00:00-06:00,15.760000228881836,2.868000030517578
2013-12-16 00:00:00-06:00,16.030000686645508,2.877000093460083
2013-12-17 00:00:00-06:00,16.209999084472656,2.8429999351501465
2013-12-18 00:00:00-06:00,13.800000190734863,2.884999990463257
2013-12-19 00:00:00-06:00,14.149999618530273,2.924999952316284
2013-12-20 00:00:00-06:00,13.789999961853027,2.88700008392334
2013-12-23 00:00:00-06:00,13.039999961853027,2.928999900817871
2013-12-24 00:00:00-06:00,12.479999542236328,2.9830000400543213
2013-12-26 00:00:00-06:00,12.329999923706055,2.990000009536743
2013-12-27 00:00:00-06:00,12.460000038146973,3.00600004196167
2013-12-30 00:00:00-06:00,13.5600004196167,2.9760000705718994
2013-12-31 00:00:00-06:00,13.720000267028809,3.0260000228881836
2014-01-02 00:00:00-06:00,14.229999542236328,2.984999895095825
2014-01-03 00:00:00-06:00,13.760000228881836,2.994999885559082
2014-01-06 00:00:00-06:00,13.550000190734863,2.9609999656677246
2014-01-07 00:00:00-06:00,12.920000076293945,2.937000036239624
2014-01-08 00:00:00-06:00,12.869999885559082,2.993000030517578
2014-01-09 00:00:00-06:00,12.890000343322754,2.9630000591278076
2014-01-10 00:00:00-06:00,12.140000343322754,2.859999895095825
2014-01-13 00:00:00-06:00,13.279999732971191,2.8269999027252197
2014-01-14 00:00:00-06:00,12.279999732971191,2.86899995803833
2014-01-15 00:00:00-06:00,12.279999732971191,2.884000062942505
2014-01-16 00:00:00-06:00,12.529999732971191,2.8429999351501465
2014-01-17 00:00:00-06:00,12.4399995803833,2.8269999027252197
2014-01-21 00:00:00-06:00,12.869999885559082,2.825000047683716
2014-01-22 00:00:00-06:00,12.84000015258789,2.859999895095825
2014-01-23 00:00:00-06:00,13.770000457763672,2.7730000019073486
2014-01-24 00:00:00-06:00,18.139999389648438,2.734999895095825
2014-01-27 00:00:00-06:00,17.420000076293945,2.7660000324249268
2014-01-28 00:00:00-06:00,15.800000190734863,2.746000051498413
2014-01-29 00:00:00-06:00,17.350000381469727,2.674999952316284
2014-01-30 00:00:00-06:00,17.290000915527344,2.693000078201294
2014-01-31 00:00:00-06:00,18.40999984741211,2.6679999828338623
2014-02-03 00:00:00-06:00,21.440000534057617,2.5810000896453857
2014-02-04 00:00:00-06:00,19.110000610351562,2.624000072479248
2014-02-05 00:00:00-06:00,19.950000762939453,2.6670000553131104
2014-02-06 00:00:00-06:00,17.229999542236328,2.7019999027252197
2014-02-07 00:00:00-06:00,15.289999961853027,2.674999952316284
2014-02-10 00:00:00-06:00,15.260000228881836,2.677999973297119
2014-02-11 00:00:00-06:00,14.510000228881836,2.7190001010894775
2014-02-12 00:00:00-06:00,14.300000190734863,2.763000011444092
2014-02-13 00:00:00-06:00,14.140000343322754,2.7360000610351562
2014-02-14 00:00:00-06:00,13.569999694824219,2.746000051498413
2014-02-18 00:00:00-06:00,13.869999885559082,2.7109999656677246
2014-02-19 00:00:00-06:00,15.5,2.7339999675750732
2014-02-20 00:00:00-06:00,14.789999961853027,2.753999948501587
2014-02-21 00:00:00-06:00,14.680000305175781,2.7339999675750732
2014-02-24 00:00:00-06:00,14.229999542236328,2.75
2014-02-25 00:00:00-06:00,13.670000076293945,2.7009999752044678
2014-02-26 00:00:00-06:00,14.350000381469727,2.6730000972747803
2014-02-27 00:00:00-06:00,14.039999961853027,2.6419999599456787
2014-02-28 00:00:00-06:00,14.0,2.6579999923706055
2014-03-03 00:00:00-06:00,16.0,2.6070001125335693
2014-03-04 00:00:00-06:00,14.100000381469727,2.690999984741211
2014-03-05 00:00:00-06:00,13.890000343322754,2.697999954223633
2014-03-06 00:00:00-06:00,14.210000038146973,2.736999988555908
2014-03-07 00:00:00-06:00,14.109999656677246,2.7899999618530273
2014-03-10 00:00:00-05:00,14.199999809265137,2.7839999198913574
2014-03-11 00:00:00-05:00,14.800000190734863,2.7660000324249268
2014-03-12 00:00:00-05:00,14.470000267028809,2.7260000705718994
2014-03-13 00:00:00-05:00,16.219999313354492,2.6530001163482666
2014-03-14 00:00:00-05:00,17.81999969482422,2.6449999809265137
2014-03-17 00:00:00-05:00,15.640000343322754,2.6989998817443848
2014-03-18 00:00:00-05:00,14.520000457763672,2.680999994277954
2014-03-19 00:00:00-05:00,15.119999885559082,2.7720000743865967
2014-03-20 00:00:00-05:00,14.520000457763672,2.7750000953674316
2014-03-21 00:00:00-05:00,15.0,2.75
2014-03-24 00:00:00-05:00,15.09000015258789,2.7330000400543213
2014-03-25 00:00:00-05:00,14.020000457763672,2.734999895095825
2014-03-26 00:00:00-05:00,14.930000305175781,2.7009999752044678
2014-03-27 00:00:00-05:00,14.619999885559082,2.671999931335449
2014-03-28 00:00:00-05:00,14.40999984741211,2.7119998931884766
2014-03-31 00:00:00-05:00,13.880000114440918,2.7230000495910645
2014-04-01 00:00:00-05:00,13.100000381469727,2.759000062942505
2014-04-02 00:00:00-05:00,13.09000015258789,2.802999973297119
2014-04-03 00:00:00-05:00,13.369999885559082,2.7899999618530273
2014-04-04 00:00:00-05:00,13.960000038146973,2.7260000705718994
2014-04-07 00:00:00-05:00,15.569999694824219,2.694999933242798
2014-04-08 00:00:00-05:00,14.890000343322754,2.680999994277954
2014-04-09 00:00:00-05:00,13.819999694824219,2.684000015258789
2014-04-10 00:00:00-05:00,15.890000343322754,2.628000020980835
2014-04-11 00:00:00-05:00,17.030000686645508,2.61899995803833
2014-04-14 00:00:00-05:00,16.110000610351562,2.6389999389648438
2014-04-15 00:00:00-05:00,15.609999656677246,2.628000020980835
2014-04-16 00:00:00-05:00,14.180000305175781,2.63700008392334
2014-04-17 00:00:00-05:00,13.359999656677246,2.7209999561309814
2014-04-21 00:00:00-05:00,13.25,2.7209999561309814
2014-04-22 00:00:00-05:00,13.1899995803833,2.7260000705718994
2014-04-23 00:00:00-05:00,13.270000457763672,2.686000108718872
2014-04-24 00:00:00-05:00,13.319999694824219,2.687999963760376
2014-04-25 00:00:00-05:00,14.0600004196167,2.6659998893737793
2014-04-28 00:00:00-05:00,13.970000267028809,2.677000045776367
2014-04-29 00:00:00-05:00,13.710000038146973,2.694999933242798
2014-04-30 00:00:00-05:00,13.40999984741211,2.6480000019073486
2014-05-01 00:00:00-05:00,13.25,2.6059999465942383
2014-05-02 00:00:00-05:00,12.90999984741211,2.5910000801086426
2014-05-05 00:00:00-05:00,13.289999961853027,2.6110000610351562
2014-05-06 00:00:00-05:00,13.800000190734863,2.5950000286102295
2014-05-07 00:00:00-05:00,13.399999618530273,2.5899999141693115
2014-05-08 00:00:00-05:00,13.430000305175781,2.6019999980926514
2014-05-09 00:00:00-05:00,12.920000076293945,2.622999906539917
2014-05-12 00:00:00-05:00,12.229999542236328,2.6559998989105225
2014-05-13 00:00:00-05:00,12.130000114440918,2.618000030517578
2014-05-14 00:00:00-05:00,12.170000076293945,2.5429999828338623
2014-05-15 00:00:00-05:00,13.170000076293945,2.502000093460083
2014-05-16 00:00:00-05:00,12.4399995803833,2.5179998874664307
2014-05-19 00:00:00-05:00,12.420000076293945,2.5360000133514404
2014-05-20 00:00:00-05:00,12.960000038146973,2.509000062942505
2014-05-21 00:00:00-05:00,11.90999984741211,2.5369999408721924
2014-05-22 00:00:00-05:00,12.029999732971191,2.555000066757202
2014-05-23 00:00:00-05:00,11.359999656677246,2.5360000133514404
2014-05-27 00:00:00-05:00,11.510000228881836,2.5179998874664307
2014-05-28 00:00:00-05:00,11.680000305175781,2.437999963760376
2014-05-29 00:00:00-05:00,11.569999694824219,2.447000026702881
2014-05-30 00:00:00-05:00,11.399999618530273,2.4570000171661377
2014-06-02 00:00:00-05:00,11.579999923706055,2.5339999198913574
2014-06-03 00:00:00-05:00,11.869999885559082,2.5929999351501465
2014-06-04 00:00:00-05:00,12.079999923706055,2.6059999465942383
2014-06-05 00:00:00-05:00,11.680000305175781,2.5840001106262207
2014-06-06 00:00:00-05:00,10.729999542236328,2.5969998836517334
2014-06-09 00:00:00-05:00,11.149999618530273,2.61299991607666
2014-06-10 00:00:00-05:00,10.989999771118164,2.634999990463257
2014-06-11 00:00:00-05:00,11.600000381469727,2.640000104904175
2014-06-12 00:00:00-05:00,12.5600004196167,2.5859999656677246
2014-06-13 00:00:00-05:00,12.180000305175781,2.6040000915527344
2014-06-16 00:00:00-05:00,12.649999618530273,2.5969998836517334
2014-06-17 00:00:00-05:00,12.0600004196167,2.6549999713897705
2014-06-18 00:00:00-05:00,10.609999656677246,2.61299991607666
2014-06-19 00:00:00-05:00,10.619999885559082,2.621999979019165
2014-06-20 00:00:00-05:00,10.850000381469727,2.624000072479248
2014-06-23 00:00:00-05:00,10.979999542236328,2.622999906539917
2014-06-24 00:00:00-05:00,12.130000114440918,2.5859999656677246
2014-06-25 00:00:00-05:00,11.59000015258789,2.559000015258789
2014-06-26 00:00:00-05:00,11.630000114440918,2.5250000953674316
2014-06-27 00:00:00-05:00,11.260000228881836,2.5320000648498535
2014-06-30 00:00:00-05:00,11.569999694824219,2.5160000324249268
2014-07-01 00:00:00-05:00,11.149999618530273,2.562999963760376
2014-07-02 00:00:00-05:00,10.819999694824219,2.628000020980835
2014-07-03 00:00:00-05:00,10.319999694824219,2.6480000019073486
2014-07-07 00:00:00-05:00,11.329999923706055,2.617000102996826
2014-07-08 00:00:00-05:00,11.979999542236328,2.565000057220459
2014-07-09 00:00:00-05:00,11.649999618530273,2.546999931335449
2014-07-10 00:00:00-05:00,12.59000015258789,2.5320000648498535
2014-07-11 00:00:00-05:00,12.079999923706055,2.5199999809265137
2014-07-14 00:00:00-05:00,11.819999694824219,2.5490000247955322
2014-07-15 00:00:00-05:00,11.960000038146973,2.5490000247955322
2014-07-16 00:00:00-05:00,11.0,2.5380001068115234
2014-07-17 00:00:00-05:00,14.539999961853027,2.4749999046325684
2014-07-18 00:00:00-05:00,12.0600004196167,2.4839999675750732
2014-07-21 00:00:00-05:00,12.8100004196167,2.4739999771118164
2014-07-22 00:00:00-05:00,12.239999771118164,2.4660000801086426
2014-07-23 00:00:00-05:00,11.520000457763672,2.4639999866485596
2014-07-24 00:00:00-05:00,11.84000015258789,2.509000062942505
2014-07-25 00:00:00-05:00,12.6899995803833,2.4690001010894775
2014-07-28 00:00:00-05:00,12.5600004196167,2.490999937057495
2014-07-29 00:00:00-05:00,13.279999732971191,2.4619998931884766
2014-07-30 00:00:00-05:00,13.329999923706055,2.553999900817871
2014-07-31 00:00:00-05:00,16.950000762939453,2.555999994277954
2014-08-01 00:00:00-05:00,17.030000686645508,2.505000114440918
2014-08-04 00:00:00-05:00,15.119999885559082,2.490999937057495
2014-08-05 00:00:00-05:00,16.8700008392334,2.4830000400543213
2014-08-06 00:00:00-05:00,16.3700008392334,2.4739999771118164
2014-08-07 00:00:00-05:00,16.65999984741211,2.4240000247955322
2014-08-08 00:00:00-05:00,15.770000457763672,2.4149999618530273
2014-08-11 00:00:00-05:00,14.229999542236328,2.4200000762939453
2014-08-12 00:00:00-05:00,14.130000114440918,2.441999912261963
2014-08-13 00:00:00-05:00,12.899999618530273,2.4130001068115234
2014-08-14 00:00:00-05:00,12.420000076293945,2.4000000953674316
2014-08-15 00:00:00-05:00,13.149999618530273,2.3450000286102295
2014-08-18 00:00:00-05:00,12.319999694824219,2.38700008392334
2014-08-19 00:00:00-05:00,12.210000038146973,2.4049999713897705
2014-08-20 00:00:00-05:00,11.779999732971191,2.4260001182556152
2014-08-21 00:00:00-05:00,11.760000228881836,2.4070000648498535
2014-08-22 00:00:00-05:00,11.470000267028809,2.4030001163482666
2014-08-25 00:00:00-05:00,11.699999809265137,2.38700008392334
2014-08-26 00:00:00-05:00,11.630000114440918,2.3910000324249268
2014-08-27 00:00:00-05:00,11.779999732971191,2.3610000610351562
2014-08-28 00:00:00-05:00,12.050000190734863,2.3340001106262207
2014-08-29 00:00:00-05:00,12.09000015258789,2.3429999351501465
2014-09-02 00:00:00-05:00,12.25,2.4189999103546143
2014-09-03 00:00:00-05:00,12.359999656677246,2.4100000858306885
2014-09-04 00:00:00-05:00,12.640000343322754,2.447999954223633
2014-09-05 00:00:00-05:00,12.09000015258789,2.4609999656677246
2014-09-08 00:00:00-05:00,12.65999984741211,2.4690001010894775
2014-09-09 00:00:00-05:00,13.5,2.5
2014-09-10 00:00:00-05:00,12.880000114440918,2.5339999198913574
2014-09-11 00:00:00-05:00,12.800000190734863,2.5309998989105225
2014-09-12 00:00:00-05:00,13.3100004196167,2.614000082015991
2014-09-15 00:00:00-05:00,14.119999885559082,2.5910000801086426
2014-09-16 00:00:00-05:00,12.729999542236328,2.5889999866485596
2014-09-17 00:00:00-05:00,12.649999618530273,2.5999999046325684
2014-09-18 00:00:00-05:00,12.029999732971191,2.628999948501587
2014-09-19 00:00:00-05:00,12.109999656677246,2.5869998931884766
2014-09-22 00:00:00-05:00,13.6899995803833,2.565999984741211
2014-09-23 00:00:00-05:00,14.930000305175781,2.5350000858306885
2014-09-24 00:00:00-05:00,13.270000457763672,2.569000005722046
2014-09-25 00:00:00-05:00,15.640000343322754,2.510999917984009
2014-09-26 00:00:00-05:00,14.850000381469727,2.5350000858306885
2014-09-29 00:00:00-05:00,15.979999542236328,2.490999937057495
2014-09-30 00:00:00-05:00,16.309999465942383,2.507999897003174
2014-10-01 00:00:00-05:00,16.709999084472656,2.4030001163482666
2014-10-02 00:00:00-05:00,16.15999984741211,2.437999963760376
2014-10-03 00:00:00-05:00,14.550000190734863,2.447000026702881
2014-10-06 00:00:00-05:00,15.460000038146973,2.424999952316284
2014-10-07 00:00:00-05:00,17.200000762939453,2.3499999046325684
2014-10-08 00:00:00-05:00,15.109999656677246,2.3299999237060547
2014-10-09 00:00:00-05:00,18.760000228881836,2.3269999027252197
2014-10-10 00:00:00-05:00,21.239999771118164,2.306999921798706
2014-10-13 00:00:00-05:00,24.639999389648438,2.2860000133514404
2014-10-14 00:00:00-05:00,22.790000915527344,2.2060000896453857
2014-10-15 00:00:00-05:00,25.270000457763672,2.0899999141693115
2014-10-16 00:00:00-05:00,25.200000762939453,2.1530001163482666
2014-10-17 00:00:00-05:00,21.989999771118164,2.1989998817443848
2014-10-20 00:00:00-05:00,18.56999969482422,2.180999994277954
2014-10-21 00:00:00-05:00,16.079999923706055,2.2079999446868896
2014-10-22 00:00:00-05:00,17.8700008392334,2.2290000915527344
2014-10-23 00:00:00-05:00,16.530000686645508,2.2750000953674316
2014-10-24 00:00:00-05:00,16.110000610351562,2.2730000019073486
2014-10-27 00:00:00-05:00,16.040000915527344,2.256999969482422
2014-10-28 00:00:00-05:00,14.390000343322754,2.2839999198913574
2014-10-29 00:00:00-05:00,15.149999618530273,2.322999954223633
2014-10-30 00:00:00-05:00,14.520000457763672,2.305000066757202
2014-10-31 00:00:00-05:00,14.029999732971191,2.3350000381469727
2014-11-03 00:00:00-06:00,14.729999542236328,2.3480000495910645
2014-11-04 00:00:00-06:00,14.890000343322754,2.3420000076293945
2014-11-05 00:00:00-06:00,14.170000076293945,2.3499999046325684
2014-11-06 00:00:00-06:00,13.670000076293945,2.375
2014-11-07 00:00:00-06:00,13.119999885559082,2.312000036239624
2014-11-10 00:00:00-06:00,12.670000076293945,2.3589999675750732
2014-11-11 00:00:00-06:00,12.920000076293945,2.359999895095825
2014-11-12 00:00:00-06:00,13.020000457763672,2.3589999675750732
2014-11-13 00:00:00-06:00,13.789999961853027,2.3469998836517334
2014-11-14 00:00:00-06:00,13.3100004196167,2.319999933242798
2014-11-17 00:00:00-06:00,13.989999771118164,2.3399999141693115
2014-11-18 00:00:00-06:00,13.859999656677246,2.322000026702881
2014-11-19 00:00:00-06:00,13.960000038146973,2.3510000705718994
2014-11-20 00:00:00-06:00,13.579999923706055,2.3350000381469727
2014-11-21 00:00:00-06:00,12.899999618530273,2.315000057220459
2014-11-24 00:00:00-06:00,12.619999885559082,2.309999942779541
2014-11-25 00:00:00-06:00,12.25,2.259999990463257
2014-11-26 00:00:00-06:00,12.069999694824219,2.2339999675750732
2014-11-28 00:00:00-06:00,13.329999923706055,2.194000005722046
2014-12-01 00:00:00-06:00,14.15999984741211,2.2179999351501465
2014-12-02 00:00:00-06:00,12.850000381469727,2.2850000858306885
2014-12-03 00:00:00-06:00,12.5,2.2869999408721924
2014-12-04 00:00:00-06:00,12.380000114440918,2.256999969482422
2014-12-05 00:00:00-06:00,11.890000343322754,2.306999921798706
2014-12-08 00:00:00-06:00,14.210000038146973,2.256999969482422
2014-12-09 00:00:00-06:00,15.350000381469727,2.2200000286102295
2014-12-10 00:00:00-06:00,18.530000686645508,2.1689999103546143
2014-12-11 00:00:00-06:00,20.079999923706055,2.177999973297119
2014-12-12 00:00:00-06:00,21.079999923706055,2.1029999256134033
2014-12-15 00:00:00-06:00,20.420000076293945,2.115999937057495
2014-12-16 00:00:00-06:00,23.56999969482422,2.071000099182129
2014-12-17 00:00:00-06:00,19.440000534057617,2.1480000019073486
2014-12-18 00:00:00-06:00,16.809999465942383,2.2039999961853027
2014-12-19 00:00:00-06:00,16.489999771118164,2.1760001182556152
2014-12-22 00:00:00-06:00,15.25,2.1619999408721924
2014-12-23 00:00:00-06:00,14.800000190734863,2.256999969482422
2014-12-24 00:00:00-06:00,14.369999885559082,2.2639999389648438
2014-12-26 00:00:00-06:00,14.5,2.25
2014-12-29 00:00:00-06:00,15.0600004196167,2.2070000171661377
2014-12-30 00:00:00-06:00,15.920000076293945,2.190000057220459
2014-12-31 00:00:00-06:00,19.200000762939453,2.1700000762939453
2015-01-02 00:00:00-06:00,17.790000915527344,2.122999906539917
2015-01-05 00:00:00-06:00,19.920000076293945,2.0390000343322754
2015-01-06 00:00:00-06:00,21.1200008392334,1.9630000591278076
2015-01-07 00:00:00-06:00,19.309999465942383,1.9539999961853027
2015-01-08 00:00:00-06:00,17.010000228881836,2.0160000324249268
2015-01-09 00:00:00-06:00,17.549999237060547,1.9709999561309814
2015-01-12 00:00:00-06:00,19.600000381469727,1.9119999408721924
2015-01-13 00:00:00-06:00,20.559999465942383,1.8899999856948853
2015-01-14 00:00:00-06:00,21.479999542236328,1.8370000123977661
2015-01-15 00:00:00-06:00,22.389999389648438,1.774999976158142
2015-01-16 00:00:00-06:00,20.950000762939453,1.815000057220459
2015-01-20 00:00:00-06:00,19.889999389648438,1.8070000410079956
2015-01-21 00:00:00-06:00,18.850000381469727,1.8530000448226929
2015-01-22 00:00:00-06:00,16.399999618530273,1.8960000276565552
2015-01-23 00:00:00-06:00,16.65999984741211,1.8170000314712524
2015-01-26 00:00:00-06:00,15.520000457763672,1.8279999494552612
2015-01-27 00:00:00-06:00,17.219999313354492,1.8250000476837158
2015-01-28 00:00:00-06:00,20.440000534057617,1.7239999771118164
2015-01-29 00:00:00-06:00,18.760000228881836,1.7510000467300415
2015-01-30 00:00:00-06:00,20.969999313354492,1.6749999523162842
2015-02-02 00:00:00-06:00,19.43000030517578,1.6729999780654907
2015-02-03 00:00:00-06:00,17.329999923706055,1.7799999713897705
2015-02-04 00:00:00-06:00,18.329999923706055,1.7970000505447388
2015-02-05 00:00:00-06:00,16.850000381469727,1.815000057220459
2015-02-06 00:00:00-06:00,17.290000915527344,1.937999963760376
2015-02-09 00:00:00-06:00,18.549999237060547,1.9479999542236328
2015-02-10 00:00:00-06:00,17.229999542236328,1.9910000562667847
2015-02-11 00:00:00-06:00,16.959999084472656,1.9880000352859497
2015-02-12 00:00:00-06:00,15.34000015258789,1.9859999418258667
2015-02-13 00:00:00-06:00,14.6899995803833,2.0209999084472656
2015-02-17 00:00:00-06:00,15.800000190734863,2.1449999809265137
2015-02-18 00:00:00-06:00,15.449999809265137,2.065999984741211
2015-02-19 00:00:00-06:00,15.289999961853027,2.11299991607666
2015-02-20 00:00:00-06:00,14.300000190734863,2.132999897003174
2015-02-23 00:00:00-06:00,14.5600004196167,2.059000015258789
2015-02-24 00:00:00-06:00,13.6899995803833,1.9880000352859497
2015-02-25 00:00:00-06:00,13.84000015258789,1.968999981880188
2015-02-26 00:00:00-06:00,13.90999984741211,2.0160000324249268
2015-02-27 00:00:00-06:00,13.34000015258789,2.002000093460083
2015-03-02 00:00:00-06:00,13.039999961853027,2.0840001106262207
2015-03-03 00:00:00-06:00,13.859999656677246,2.121999979019165
2015-03-04 00:00:00-06:00,14.229999542236328,2.122999906539917
2015-03-05 00:00:00-06:00,14.039999961853027,2.111999988555908
2015-03-06 00:00:00-06:00,15.199999809265137,2.240000009536743
2015-03-09 00:00:00-05:00,15.0600004196167,2.194999933242798
2015-03-10 00:00:00-05:00,16.690000534057617,2.125999927520752
2015-03-11 00:00:00-05:00,16.8700008392334,2.1089999675750732
2015-03-12 00:00:00-05:00,15.420000076293945,2.0959999561309814
2015-03-13 00:00:00-05:00,16.0,2.111999988555908
2015-03-16 00:00:00-05:00,15.609999656677246,2.0980000495910645
2015-03-17 00:00:00-05:00,15.65999984741211,2.058000087738037
2015-03-18 00:00:00-05:00,13.970000267028809,1.9509999752044678
2015-03-19 00:00:00-05:00,14.069999694824219,1.9769999980926514
2015-03-20 00:00:00-05:00,13.020000457763672,1.9299999475479126
2015-03-23 00:00:00-05:00,13.40999984741211,1.9149999618530273
2015-03-24 00:00:00-05:00,13.619999885559082,1.878000020980835
2015-03-25 00:00:00-05:00,15.4399995803833,1.9199999570846558
2015-03-26 00:00:00-05:00,15.800000190734863,2.006999969482422
2015-03-27 00:00:00-05:00,15.069999694824219,1.9479999542236328
2015-03-30 00:00:00-05:00,14.510000228881836,1.9630000591278076
2015-03-31 00:00:00-05:00,15.289999961853027,1.934000015258789
2015-04-01 00:00:00-05:00,15.109999656677246,1.8680000305175781
2015-04-02 00:00:00-05:00,14.670000076293945,1.9040000438690186
2015-04-06 00:00:00-05:00,14.739999771118164,1.9040000438690186
2015-04-07 00:00:00-05:00,14.779999732971191,1.8930000066757202
2015-04-08 00:00:00-05:00,13.979999542236328,1.8949999809265137
2015-04-09 00:00:00-05:00,13.09000015258789,1.9579999446868896
2015-04-10 00:00:00-05:00,12.579999923706055,1.9509999752044678
2015-04-13 00:00:00-05:00,13.9399995803833,1.9390000104904175
2015-04-14 00:00:00-05:00,13.670000076293945,1.9040000438690186
2015-04-15 00:00:00-05:00,12.84000015258789,1.899999976158142
2015-04-16 00:00:00-05:00,12.600000381469727,1.878000020980835
2015-04-17 00:00:00-05:00,13.890000343322754,1.850000023841858
2015-04-20 00:00:00-05:00,13.300000190734863,1.8949999809265137
2015-04-21 00:00:00-05:00,13.25,1.9160000085830688
2015-04-22 00:00:00-05:00,12.710000038146973,1.972000002861023
2015-04-23 00:00:00-05:00,12.479999542236328,1.9470000267028809
2015-04-24 00:00:00-05:00,12.289999961853027,1.9170000553131104
2015-04-27 00:00:00-05:00,13.119999885559082,1.9240000247955322
2015-04-28 00:00:00-05:00,12.40999984741211,1.9730000495910645
2015-04-29 00:00:00-05:00,13.390000343322754,2.0350000858306885
2015-04-30 00:00:00-05:00,14.550000190734863,2.0460000038146973
2015-05-01 00:00:00-05:00,12.699999809265137,2.117000102996826
2015-05-04 00:00:00-05:00,12.850000381469727,2.134999990463257
2015-05-05 00:00:00-05:00,14.3100004196167,2.1760001182556152
2015-05-06 00:00:00-05:00,15.149999618530273,2.240000009536743
2015-05-07 00:00:00-05:00,15.130000114440918,2.184000015258789
2015-05-08 00:00:00-05:00,12.859999656677246,2.1500000953674316
2015-05-11 00:00:00-05:00,13.850000381469727,2.2739999294281006
2015-05-12 00:00:00-05:00,13.859999656677246,2.259999990463257
2015-05-13 00:00:00-05:00,13.760000228881836,2.2820000648498535
2015-05-14 00:00:00-05:00,12.739999771118164,2.239000082015991
2015-05-15 00:00:00-05:00,12.380000114440918,2.1410000324249268
2015-05-18 00:00:00-05:00,12.729999542236328,2.2279999256134033
2015-05-19 00:00:00-05:00,12.850000381469727,2.26200008392334
2015-05-20 00:00:00-05:00,12.880000114440918,2.250999927520752
2015-05-21 00:00:00-05:00,12.109999656677246,2.184999942779541
2015-05-22 00:00:00-05:00,12.130000114440918,2.2149999141693115
2015-05-26 00:00:00-05:00,14.0600004196167,2.13700008392334
2015-05-27 00:00:00-05:00,13.270000457763672,2.134999990463257
2015-05-28 00:00:00-05:00,13.3100004196167,2.130000114440918
2015-05-29 00:00:00-05:00,13.84000015258789,2.0950000286102295
2015-06-01 00:00:00-05:00,13.970000267028809,2.191999912261963
2015-06-02 00:00:00-05:00,14.239999771118164,2.2660000324249268
2015-06-03 00:00:00-05:00,13.65999984741211,2.365999937057495
2015-06-04 00:00:00-05:00,14.710000038146973,2.306999921798706
2015-06-05 00:00:00-05:00,14.210000038146973,2.4019999504089355
2015-06-08 00:00:00-05:00,15.289999961853027,2.38100004196167
2015-06-09 00:00:00-05:00,14.470000267028809,2.4170000553131104
2015-06-10 00:00:00-05:00,13.220000267028809,2.4779999256134033
2015-06-11 00:00:00-05:00,12.850000381469727,2.382999897003174
2015-06-12 00:00:00-05:00,13.779999732971191,2.384999990463257
2015-06-15 00:00:00-05:00,15.390000343322754,2.3580000400543213
2015-06-16 00:00:00-05:00,14.8100004196167,2.318000078201294
2015-06-17 00:00:00-05:00,14.5,2.305999994277954
2015-06-18 00:00:00-05:00,13.1899995803833,2.3510000705718994
2015-06-19 00:00:00-05:00,13.960000038146973,2.2669999599456787
2015-06-22 00:00:00-05:00,12.739999771118164,2.359999895095825
2015-06-23 00:00:00-05:00,12.109999656677246,2.4089999198913574
2015-06-24 00:00:00-05:00,13.260000228881836,2.371000051498413
2015-06-25 00:00:00-05:00,14.010000228881836,2.3929998874664307
2015-06-26 00:00:00-05:00,14.020000457763672,2.4760000705718994
2015-06-29 00:00:00-05:00,18.850000381469727,2.3310000896453857
2015-06-30 00:00:00-05:00,18.229999542236328,2.3350000381469727
2015-07-01 00:00:00-05:00,16.09000015258789,2.4179999828338623
2015-07-02 00:00:00-05:00,16.790000915527344,2.3929998874664307
2015-07-06 00:00:00-05:00,17.010000228881836,2.2780001163482666
2015-07-07 00:00:00-05:00,16.09000015258789,2.2309999465942383
2015-07-08 00:00:00-05:00,19.65999984741211,2.2060000896453857
2015-07-09 00:00:00-05:00,19.969999313354492,2.3010001182556152
2015-07-10 00:00:00-05:00,16.829999923706055,2.4170000553131104
2015-07-13 00:00:00-05:00,13.899999618530273,2.430000066757202
2015-07-14 00:00:00-05:00,13.369999885559082,2.3989999294281006
2015-07-15 00:00:00-05:00,13.229999542236328,2.3499999046325684
2015-07-16 00:00:00-05:00,12.109999656677246,2.3519999980926514
2015-07-17 00:00:00-05:00,11.949999809265137,2.3489999771118164
2015-07-20 00:00:00-05:00,12.25,2.371999979019165
2015-07-21 00:00:00-05:00,12.220000267028809,2.3399999141693115
2015-07-22 00:00:00-05:00,12.119999885559082,2.322000026702881
2015-07-23 00:00:00-05:00,12.640000343322754,2.2769999504089355
2015-07-24 00:00:00-05:00,13.739999771118164,2.2709999084472656
2015-07-27 00:00:00-05:00,15.600000381469727,2.2279999256134033
2015-07-28 00:00:00-05:00,13.4399995803833,2.25
2015-07-29 00:00:00-05:00,12.5,2.2790000438690186
2015-07-30 00:00:00-05:00,12.130000114440918,2.2679998874664307
2015-07-31 00:00:00-05:00,12.119999885559082,2.2049999237060547
2015-08-03 00:00:00-05:00,12.5600004196167,2.1500000953674316
2015-08-04 00:00:00-05:00,13.0,2.2109999656677246
2015-08-05 00:00:00-05:00,12.510000228881836,2.2679998874664307
2015-08-06 00:00:00-05:00,13.770000457763672,2.2339999675750732
2015-08-07 00:00:00-05:00,13.390000343322754,2.174999952316284
2015-08-10 00:00:00-05:00,12.229999542236328,2.23799991607666
2015-08-11 00:00:00-05:00,13.710000038146973,2.13700008392334
2015-08-12 00:00:00-05:00,13.609999656677246,2.130000114440918
2015-08-13 00:00:00-05:00,13.489999771118164,2.188999891281128
2015-08-14 00:00:00-05:00,12.829999923706055,2.196000099182129
2015-08-17 00:00:00-05:00,13.020000457763672,2.1500000953674316
2015-08-18 00:00:00-05:00,13.789999961853027,2.196000099182129
2015-08-19 00:00:00-05:00,15.25,2.128999948501587
2015-08-20 00:00:00-05:00,19.139999389648438,2.0840001106262207
2015-08-21 00:00:00-05:00,28.030000686645508,2.053999900817871
2015-08-24 00:00:00-05:00,40.7400016784668,1.996999979019165
2015-08-25 00:00:00-05:00,36.02000045776367,2.132999897003174
2015-08-26 00:00:00-05:00,30.31999969482422,2.171999931335449
2015-08-27 00:00:00-05:00,26.100000381469727,2.1679999828338623
2015-08-28 00:00:00-05:00,26.049999237060547,2.186000108718872
2015-08-31 00:00:00-05:00,28.43000030517578,2.200000047683716
2015-09-01 00:00:00-05:00,31.399999618530273,2.171999931335449
2015-09-02 00:00:00-05:00,26.09000015258789,2.193000078201294
2015-09-03 00:00:00-05:00,25.610000610351562,2.1679999828338623
2015-09-04 00:00:00-05:00,27.799999237060547,2.128000020980835
2015-09-08 00:00:00-05:00,24.899999618530273,2.194000005722046
2015-09-09 00:00:00-05:00,26.229999542236328,2.180999994277954
2015-09-10 00:00:00-05:00,24.3700008392334,2.2219998836517334
2015-09-11 00:00:00-05:00,23.200000762939453,2.183000087738037
2015-09-14 00:00:00-05:00,24.25,2.180000066757202
2015-09-15 00:00:00-05:00,22.540000915527344,2.2809998989105225
2015-09-16 00:00:00-05:00,21.350000381469727,2.302999973297119
2015-09-17 00:00:00-05:00,21.139999389648438,2.2170000076293945
2015-09-18 00:00:00-05:00,22.280000686645508,2.130000114440918
2015-09-21 00:00:00-05:00,20.139999389648438,2.2139999866485596
2015-09-22 00:00:00-05:00,22.440000534057617,2.125
2015-09-23 00:00:00-05:00,22.1299991607666,2.1440000534057617
2015-09-24 00:00:00-05:00,23.469999313354492,2.119999885559082
2015-09-25 00:00:00-05:00,23.6200008392334,2.1679999828338623
2015-09-28 00:00:00-05:00,27.6299991607666,2.0950000286102295
2015-09-29 00:00:00-05:00,26.829999923706055,2.053999900817871
2015-09-30 00:00:00-05:00,24.5,2.059999942779541
2015-10-01 00:00:00-05:00,22.549999237060547,2.0420000553131104
2015-10-02 00:00:00-05:00,20.940000534057617,1.9889999628067017
2015-10-05 00:00:00-05:00,19.540000915527344,2.055999994277954
2015-10-06 00:00:00-05:00,19.399999618530273,2.0350000858306885
2015-10-07 00:00:00-05:00,18.399999618530273,2.062000036239624
2015-10-08 00:00:00-05:00,17.420000076293945,2.1080000400543213
2015-10-09 00:00:00-05:00,17.079999923706055,2.0989999771118164
2015-10-12 00:00:00-05:00,16.170000076293945,2.0899999141693115
2015-10-13 00:00:00-05:00,17.670000076293945,2.055000066757202
2015-10-14 00:00:00-05:00,18.030000686645508,1.9809999465942383
2015-10-15 00:00:00-05:00,16.049999237060547,2.0230000019073486
2015-10-16 00:00:00-05:00,15.050000190734863,2.0230000019073486
2015-10-19 00:00:00-05:00,14.979999542236328,2.0280001163482666
2015-10-20 00:00:00-05:00,15.75,2.071000099182129
2015-10-21 00:00:00-05:00,16.700000762939453,2.0299999713897705
2015-10-22 00:00:00-05:00,14.449999809265137,2.0250000953674316
2015-10-23 00:00:00-05:00,14.460000038146973,2.0829999446868896
2015-10-26 00:00:00-05:00,15.289999961853027,2.058000087738037
2015-10-27 00:00:00-05:00,15.430000305175781,2.0280001163482666
2015-10-28 00:00:00-05:00,14.329999923706055,2.0920000076293945
2015-10-29 00:00:00-05:00,14.609999656677246,2.1730000972747803
2015-10-30 00:00:00-05:00,15.069999694824219,2.1510000228881836
2015-11-02 00:00:00-06:00,14.149999618530273,2.187000036239624
2015-11-03 00:00:00-06:00,14.539999961853027,2.2200000286102295
2015-11-04 00:00:00-06:00,15.510000228881836,2.2300000190734863
2015-11-05 00:00:00-06:00,15.050000190734863,2.244999885559082
2015-11-06 00:00:00-06:00,14.329999923706055,2.3329999446868896
2015-11-09 00:00:00-06:00,16.520000457763672,2.3420000076293945
2015-11-10 00:00:00-06:00,15.289999961853027,2.322000026702881
2015-11-11 00:00:00-06:00,16.059999465942383,2.3380000591278076
2015-11-12 00:00:00-06:00,18.3700008392334,2.319000005722046
2015-11-13 00:00:00-06:00,20.079999923706055,2.2799999713897705
2015-11-16 00:00:00-06:00,18.15999984741211,2.2730000019073486
2015-11-17 00:00:00-06:00,18.84000015258789,2.260999917984009
2015-11-18 00:00:00-06:00,16.850000381469727,2.2690000534057617
2015-11-19 00:00:00-06:00,16.989999771118164,2.247999906539917
2015-11-20 00:00:00-06:00,15.470000267028809,2.26200008392334
2015-11-23 00:00:00-06:00,15.619999885559082,2.25
2015-11-24 00:00:00-06:00,15.930000305175781,2.243000030517578
2015-11-25 00:00:00-06:00,15.1899995803833,2.2320001125335693
2015-11-27 00:00:00-06:00,15.119999885559082,2.2249999046325684
2015-11-30 00:00:00-06:00,16.1299991607666,2.2179999351501465
2015-12-01 00:00:00-06:00,14.670000076293945,2.1549999713897705
2015-12-02 00:00:00-06:00,15.90999984741211,2.177999973297119
2015-12-03 00:00:00-06:00,18.110000610351562,2.3299999237060547
2015-12-04 00:00:00-06:00,14.8100004196167,2.2750000953674316
2015-12-07 00:00:00-06:00,15.84000015258789,2.2249999046325684
2015-12-08 00:00:00-06:00,17.600000381469727,2.23799991607666
2015-12-09 00:00:00-06:00,19.610000610351562,2.2079999446868896
2015-12-10 00:00:00-06:00,19.34000015258789,2.239000082015991
2015-12-11 00:00:00-06:00,24.389999389648438,2.1389999389648438
2015-12-14 00:00:00-06:00,22.729999542236328,2.2249999046325684
2015-12-15 00:00:00-06:00,20.950000762939453,2.2679998874664307
2015-12-16 00:00:00-06:00,17.860000610351562,2.2869999408721924
2015-12-17 00:00:00-06:00,18.940000534057617,2.23799991607666
2015-12-18 00:00:00-06:00,20.700000762939453,2.1989998817443848
2015-12-21 00:00:00-06:00,18.700000762939453,2.197000026702881
2015-12-22 00:00:00-06:00,16.600000381469727,2.239000082015991
2015-12-23 00:00:00-06:00,15.569999694824219,2.2639999389648438
2015-12-24 00:00:00-06:00,15.739999771118164,2.243000030517578
2015-12-28 00:00:00-06:00,16.90999984741211,2.2249999046325684
2015-12-29 00:00:00-06:00,16.079999923706055,2.306999921798706
2015-12-30 00:00:00-06:00,17.290000915527344,2.302999973297119
2015-12-31 00:00:00-06:00,18.209999084472656,2.2690000534057617
2016-01-04 00:00:00-06:00,20.700000762939453,2.244999885559082
2016-01-05 00:00:00-06:00,19.34000015258789,2.247999906539917
2016-01-06 00:00:00-06:00,20.59000015258789,2.177000045776367
2016-01-07 00:00:00-06:00,24.989999771118164,2.1530001163482666
2016-01-08 00:00:00-06:00,27.010000228881836,2.130000114440918
2016-01-11 00:00:00-06:00,24.299999237060547,2.1579999923706055
2016-01-12 00:00:00-06:00,22.469999313354492,2.1019999980926514
2016-01-13 00:00:00-06:00,25.219999313354492,2.065999984741211
2016-01-14 00:00:00-06:00,23.950000762939453,2.0980000495910645
2016-01-15 00:00:00-06:00,27.020000457763672,2.0329999923706055
2016-01-19 00:00:00-06:00,26.049999237060547,2.0350000858306885
2016-01-20 00:00:00-06:00,27.59000015258789,1.9839999675750732
2016-01-21 00:00:00-06:00,26.690000534057617,2.0190000534057617
2016-01-22 00:00:00-06:00,22.34000015258789,2.0480000972747803
2016-01-25 00:00:00-06:00,24.149999618530273,2.0220000743865967
2016-01-26 00:00:00-06:00,22.5,1.99399995803833
2016-01-27 00:00:00-06:00,23.110000610351562,2.000999927520752
2016-01-28 00:00:00-06:00,22.420000076293945,1.9850000143051147
2016-01-29 00:00:00-06:00,20.200000762939453,1.930999994277954
2016-02-01 00:00:00-06:00,19.979999542236328,1.965999960899353
2016-02-02 00:00:00-06:00,21.979999542236328,1.8639999628067017
2016-02-03 00:00:00-06:00,21.649999618530273,1.88100004196167
2016-02-04 00:00:00-06:00,21.84000015258789,1.8639999628067017
2016-02-05 00:00:00-06:00,23.3799991607666,1.8480000495910645
2016-02-08 00:00:00-06:00,26.0,1.7350000143051147
2016-02-09 00:00:00-06:00,26.540000915527344,1.7289999723434448
2016-02-10 00:00:00-06:00,26.290000915527344,1.7050000429153442
2016-02-11 00:00:00-06:00,28.139999389648438,1.6440000534057617
2016-02-12 00:00:00-06:00,25.399999618530273,1.7480000257492065
2016-02-16 00:00:00-06:00,24.110000610351562,1.777999997138977
2016-02-17 00:00:00-06:00,22.309999465942383,1.819000005722046
2016-02-18 00:00:00-06:00,21.639999389648438,1.7589999437332153
2016-02-19 00:00:00-06:00,20.530000686645508,1.7480000257492065
2016-02-22 00:00:00-06:00,19.3799991607666,1.7660000324249268
2016-02-23 00:00:00-06:00,20.979999542236328,1.7450000047683716
2016-02-24 00:00:00-06:00,20.719999313354492,1.7419999837875366
2016-02-25 00:00:00-06:00,19.110000610351562,1.6970000267028809
2016-02-26 00:00:00-06:00,19.809999465942383,1.7619999647140503
2016-02-29 00:00:00-06:00,20.549999237060547,1.7400000095367432
2016-03-01 00:00:00-06:00,17.700000762939453,1.8339999914169312
2016-03-02 00:00:00-06:00,17.09000015258789,1.8480000495910645
2016-03-03 00:00:00-06:00,16.700000762939453,1.8300000429153442
2016-03-04 00:00:00-06:00,16.860000610351562,1.8830000162124634
2016-03-07 00:00:00-06:00,17.350000381469727,1.9019999504089355
2016-03-08 00:00:00-06:00,18.670000076293945,1.8320000171661377
2016-03-09 00:00:00-06:00,18.34000015258789,1.8919999599456787
2016-03-10 00:00:00-06:00,18.049999237060547,1.9290000200271606
2016-03-11 00:00:00-06:00,16.5,1.9769999980926514
2016-03-14 00:00:00-05:00,16.920000076293945,1.9630000591278076
2016-03-15 00:00:00-05:00,16.84000015258789,1.9589999914169312
2016-03-16 00:00:00-05:00,14.989999771118164,1.937999963760376
2016-03-17 00:00:00-05:00,14.4399995803833,1.902999997138977
2016-03-18 00:00:00-05:00,14.020000457763672,1.871000051498413
2016-03-21 00:00:00-05:00,13.789999961853027,1.9229999780654907
2016-03-22 00:00:00-05:00,14.170000076293945,1.934999942779541
2016-03-23 00:00:00-05:00,14.9399995803833,1.875
2016-03-24 00:00:00-05:00,14.739999771118164,1.899999976158142
2016-03-28 00:00:00-05:00,15.239999771118164,1.8700000047683716
2016-03-29 00:00:00-05:00,13.819999694824219,1.8140000104904175
2016-03-30 00:00:00-05:00,13.5600004196167,1.8300000429153442
2016-03-31 00:00:00-05:00,13.949999809265137,1.7860000133514404
2016-04-01 00:00:00-05:00,13.100000381469727,1.7920000553131104
2016-04-04 00:00:00-05:00,14.119999885559082,1.7790000438690186
2016-04-05 00:00:00-05:00,15.420000076293945,1.7269999980926514
2016-04-06 00:00:00-05:00,14.09000015258789,1.7549999952316284
2016-04-07 00:00:00-05:00,16.15999984741211,1.690999984741211
2016-04-08 00:00:00-05:00,15.359999656677246,1.7200000286102295
2016-04-11 00:00:00-05:00,16.260000228881836,1.7239999771118164
2016-04-12 00:00:00-05:00,14.850000381469727,1.781000018119812
2016-04-13 00:00:00-05:00,13.84000015258789,1.7619999647140503
2016-04-14 00:00:00-05:00,13.720000267028809,1.781000018119812
2016-04-15 00:00:00-05:00,13.619999885559082,1.7519999742507935
2016-04-18 00:00:00-05:00,13.350000381469727,1.7730000019073486
2016-04-19 00:00:00-05:00,13.239999771118164,1.7829999923706055
2016-04-20 00:00:00-05:00,13.279999732971191,1.8539999723434448
2016-04-21 00:00:00-05:00,13.949999809265137,1.8700000047683716
2016-04-22 00:00:00-05:00,13.220000267028809,1.8880000114440918
2016-04-25 00:00:00-05:00,14.079999923706055,1.9019999504089355
2016-04-26 00:00:00-05:00,13.960000038146973,1.930999994277954
2016-04-27 00:00:00-05:00,13.770000457763672,1.8600000143051147
2016-04-28 00:00:00-05:00,15.220000267028809,1.8380000591278076
2016-04-29 00:00:00-05:00,15.699999809265137,1.819000005722046
2016-05-02 00:00:00-05:00,14.680000305175781,1.8650000095367432
2016-05-03 00:00:00-05:00,15.600000381469727,1.7999999523162842
2016-05-04 00:00:00-05:00,16.049999237060547,1.784000039100647
2016-05-05 00:00:00-05:00,15.90999984741211,1.746999979019165
2016-05-06 00:00:00-05:00,14.720000267028809,1.7790000438690186
2016-05-09 00:00:00-05:00,14.569999694824219,1.7599999904632568
2016-05-10 00:00:00-05:00,13.630000114440918,1.7599999904632568
2016-05-11 00:00:00-05:00,14.6899995803833,1.7369999885559082
2016-05-12 00:00:00-05:00,14.40999984741211,1.7569999694824219
2016-05-13 00:00:00-05:00,15.039999961853027,1.7050000429153442
2016-05-16 00:00:00-05:00,14.680000305175781,1.753000020980835
2016-05-17 00:00:00-05:00,15.569999694824219,1.7589999437332153
2016-05-18 00:00:00-05:00,15.949999809265137,1.8799999952316284
2016-05-19 00:00:00-05:00,16.329999923706055,1.8450000286102295
2016-05-20 00:00:00-05:00,15.199999809265137,1.8489999771118164
2016-05-23 00:00:00-05:00,15.819999694824219,1.8380000591278076
2016-05-24 00:00:00-05:00,14.420000076293945,1.8589999675750732
2016-05-25 00:00:00-05:00,13.899999618530273,1.8700000047683716
2016-05-26 00:00:00-05:00,13.430000305175781,1.8229999542236328
2016-05-27 00:00:00-05:00,13.119999885559082,1.8509999513626099
2016-05-31 00:00:00-05:00,14.1899995803833,1.8339999914169312
2016-06-01 00:00:00-05:00,14.199999809265137,1.8459999561309814
2016-06-02 00:00:00-05:00,13.630000114440918,1.8109999895095825
2016-06-03 00:00:00-05:00,13.470000267028809,1.7039999961853027
2016-06-06 00:00:00-05:00,13.649999618530273,1.7230000495910645
2016-06-07 00:00:00-05:00,14.050000190734863,1.7130000591278076
2016-06-08 00:00:00-05:00,14.079999923706055,1.7059999704360962
2016-06-09 00:00:00-05:00,14.640000343322754,1.6799999475479126
2016-06-10 00:00:00-05:00,17.030000686645508,1.6390000581741333
2016-06-13 00:00:00-05:00,20.969999313354492,1.6160000562667847
2016-06-14 00:00:00-05:00,20.5,1.6109999418258667
2016-06-15 00:00:00-05:00,20.139999389648438,1.5959999561309814
2016-06-16 00:00:00-05:00,19.3700008392334,1.5640000104904175
2016-06-17 00:00:00-05:00,19.40999984741211,1.6180000305175781
2016-06-20 00:00:00-05:00,18.3700008392334,1.6699999570846558
2016-06-21 00:00:00-05:00,18.479999542236328,1.6970000267028809
2016-06-22 00:00:00-05:00,21.170000076293945,1.684999942779541
2016-06-23 00:00:00-05:00,17.25,1.7389999628067017
2016-06-24 00:00:00-05:00,25.760000228881836,1.5789999961853027
2016-06-27 00:00:00-05:00,23.850000381469727,1.4600000381469727
2016-06-28 00:00:00-05:00,18.75,1.4609999656677246
2016-06-29 00:00:00-05:00,16.639999389648438,1.4769999980926514
2016-06-30 00:00:00-05:00,15.630000114440918,1.4880000352859497
2016-07-01 00:00:00-05:00,14.770000457763672,1.4559999704360962
2016-07-05 00:00:00-05:00,15.579999923706055,1.3669999837875366
2016-07-06 00:00:00-05:00,14.960000038146973,1.3849999904632568
2016-07-07 00:00:00-05:00,14.760000228881836,1.3869999647140503
2016-07-08 00:00:00-05:00,13.199999809265137,1.3660000562667847
2016-07-11 00:00:00-05:00,13.539999961853027,1.434000015258789
2016-07-12 00:00:00-05:00,13.550000190734863,1.5130000114440918
2016-07-13 00:00:00-05:00,13.039999961853027,1.468000054359436
2016-07-14 00:00:00-05:00,12.819999694824219,1.531000018119812
2016-07-15 00:00:00-05:00,12.670000076293945,1.593999981880188
2016-07-18 00:00:00-05:00,12.4399995803833,1.5870000123977661
2016-07-19 00:00:00-05:00,11.970000267028809,1.5579999685287476
2016-07-20 00:00:00-05:00,11.770000457763672,1.5800000429153442
2016-07-21 00:00:00-05:00,12.739999771118164,1.565000057220459
2016-07-22 00:00:00-05:00,12.020000457763672,1.5700000524520874
2016-07-25 00:00:00-05:00,12.869999885559082,1.5709999799728394
2016-07-26 00:00:00-05:00,13.050000190734863,1.562999963760376
2016-07-27 00:00:00-05:00,12.829999923706055,1.5149999856948853
2016-07-28 00:00:00-05:00,12.720000267028809,1.5110000371932983
2016-07-29 00:00:00-05:00,11.869999885559082,1.4579999446868896
2016-08-01 00:00:00-05:00,12.4399995803833,1.496000051498413
2016-08-02 00:00:00-05:00,13.369999885559082,1.5369999408721924
2016-08-03 00:00:00-05:00,12.859999656677246,1.5420000553131104
2016-08-04 00:00:00-05:00,12.420000076293945,1.503000020980835
2016-08-05 00:00:00-05:00,11.390000343322754,1.5820000171661377
2016-08-08 00:00:00-05:00,11.5,1.5829999446868896
2016-08-09 00:00:00-05:00,11.65999984741211,1.5449999570846558
2016-08-10 00:00:00-05:00,12.050000190734863,1.5089999437332153
2016-08-11 00:00:00-05:00,11.680000305175781,1.5729999542236328
2016-08-12 00:00:00-05:00,11.550000190734863,1.5149999856948853
2016-08-15 00:00:00-05:00,11.8100004196167,1.5529999732971191
2016-08-16 00:00:00-05:00,12.640000343322754,1.5759999752044678
2016-08-17 00:00:00-05:00,12.1899995803833,1.5609999895095825
2016-08-18 00:00:00-05:00,11.430000305175781,1.5360000133514404
2016-08-19 00:00:00-05:00,11.34000015258789,1.5779999494552612
2016-08-22 00:00:00-05:00,12.270000457763672,1.5390000343322754
2016-08-23 00:00:00-05:00,12.380000114440918,1.5529999732971191
2016-08-24 00:00:00-05:00,13.449999809265137,1.559000015258789
2016-08-25 00:00:00-05:00,13.630000114440918,1.5770000219345093
2016-08-26 00:00:00-05:00,13.649999618530273,1.6349999904632568
2016-08-29 00:00:00-05:00,12.9399995803833,1.565999984741211
2016-08-30 00:00:00-05:00,13.119999885559082,1.5700000524520874
2016-08-31 00:00:00-05:00,13.420000076293945,1.5679999589920044
2016-09-01 00:00:00-05:00,13.479999542236328,1.5700000524520874
2016-09-02 00:00:00-05:00,11.979999542236328,1.5959999561309814
2016-09-06 00:00:00-05:00,12.020000457763672,1.5429999828338623
2016-09-07 00:00:00-05:00,11.9399995803833,1.5410000085830688
2016-09-08 00:00:00-05:00,12.510000228881836,1.6160000562667847
2016-09-09 00:00:00-05:00,17.5,1.6720000505447388
2016-09-12 00:00:00-05:00,15.15999984741211,1.6720000505447388
2016-09-13 00:00:00-05:00,17.850000381469727,1.7339999675750732
2016-09-14 00:00:00-05:00,18.139999389648438,1.6890000104904175
2016-09-15 00:00:00-05:00,16.299999237060547,1.7029999494552612
2016-09-16 00:00:00-05:00,15.369999885559082,1.7009999752044678
2016-09-19 00:00:00-05:00,15.529999732971191,1.6959999799728394
2016-09-20 00:00:00-05:00,15.920000076293945,1.687999963760376
2016-09-21 00:00:00-05:00,13.300000190734863,1.6679999828338623
2016-09-22 00:00:00-05:00,12.020000457763672,1.6319999694824219
2016-09-23 00:00:00-05:00,12.289999961853027,1.6150000095367432
2016-09-26 00:00:00-05:00,14.5,1.5889999866485596
2016-09-27 00:00:00-05:00,13.100000381469727,1.555999994277954
2016-09-28 00:00:00-05:00,12.390000343322754,1.5670000314712524
2016-09-29 00:00:00-05:00,14.020000457763672,1.5570000410079956
2016-09-30 00:00:00-05:00,13.289999961853027,1.6080000400543213
2016-10-03 00:00:00-05:00,13.569999694824219,1.621999979019165
2016-10-04 00:00:00-05:00,13.630000114440918,1.6829999685287476
2016-10-05 00:00:00-05:00,12.989999771118164,1.715999960899353
2016-10-06 00:00:00-05:00,12.84000015258789,1.7419999837875366
2016-10-07 00:00:00-05:00,13.479999542236328,1.7359999418258667
2016-10-10 00:00:00-05:00,13.380000114440918,1.7230000495910645
2016-10-11 00:00:00-05:00,15.359999656677246,1.7589999437332153
2016-10-12 00:00:00-05:00,15.90999984741211,1.777999997138977
2016-10-13 00:00:00-05:00,16.690000534057617,1.7380000352859497
2016-10-14 00:00:00-05:00,16.1200008392334,1.7940000295639038
2016-10-17 00:00:00-05:00,16.209999084472656,1.7660000324249268
2016-10-18 00:00:00-05:00,15.279999732971191,1.7489999532699585
2016-10-19 00:00:00-05:00,14.40999984741211,1.7519999742507935
2016-10-20 00:00:00-05:00,13.75,1.746999979019165
2016-10-21 00:00:00-05:00,13.34000015258789,1.7400000095367432
2016-10-24 00:00:00-05:00,13.020000457763672,1.7630000114440918
2016-10-25 00:00:00-05:00,13.460000038146973,1.7580000162124634
2016-10-26 00:00:00-05:00,14.239999771118164,1.7899999618530273
2016-10-27 00:00:00-05:00,15.359999656677246,1.843000054359436
2016-10-28 00:00:00-05:00,16.190000534057617,1.8450000286102295
2016-10-31 00:00:00-05:00,17.059999465942383,1.8339999914169312
2016-11-01 00:00:00-05:00,18.559999465942383,1.8200000524520874
2016-11-02 00:00:00-05:00,19.31999969482422,1.7990000247955322
2016-11-03 00:00:00-05:00,22.079999923706055,1.812000036239624
2016-11-04 00:00:00-05:00,22.510000228881836,1.7829999923706055
2016-11-07 00:00:00-06:00,18.709999084472656,1.8279999494552612
2016-11-08 00:00:00-06:00,18.739999771118164,1.8619999885559082
2016-11-09 00:00:00-06:00,14.380000114440918,2.072000026702881
2016-11-10 00:00:00-06:00,14.739999771118164,2.117000102996826
2016-11-11 00:00:00-06:00,14.170000076293945,
2016-11-14 00:00:00-06:00,14.479999542236328,2.2219998836517334
2016-11-15 00:00:00-06:00,13.369999885559082,2.23799991607666
2016-11-16 00:00:00-06:00,13.720000267028809,2.2230000495910645
2016-11-17 00:00:00-06:00,13.350000381469727,2.2760000228881836
2016-11-18 00:00:00-06:00,12.850000381469727,2.3350000381469727
2016-11-21 00:00:00-06:00,12.420000076293945,2.3389999866485596
2016-11-22 00:00:00-06:00,12.40999984741211,2.321000099182129
2016-11-23 00:00:00-06:00,12.430000305175781,2.3570001125335693
2016-11-25 00:00:00-06:00,12.34000015258789,2.371999979019165
2016-11-28 00:00:00-06:00,13.149999618530273,2.319999933242798
2016-11-29 00:00:00-06:00,12.899999618530273,2.302000045776367
2016-11-30 00:00:00-06:00,13.329999923706055,2.368000030517578
2016-12-01 00:00:00-06:00,14.069999694824219,2.440999984741211
2016-12-02 00:00:00-06:00,14.119999885559082,2.390000104904175
2016-12-05 00:00:00-06:00,12.140000343322754,2.38700008392334
2016-12-06 00:00:00-06:00,11.789999961853027,2.3959999084472656
2016-12-07 00:00:00-06:00,12.220000267028809,2.3469998836517334
2016-12-08 00:00:00-06:00,12.640000343322754,2.38700008392334
2016-12-09 00:00:00-06:00,11.75,2.4639999866485596
2016-12-12 00:00:00-06:00,12.640000343322754,2.4790000915527344
2016-12-13 00:00:00-06:00,12.720000267028809,2.4809999465942383
2016-12-14 00:00:00-06:00,13.1899995803833,2.5250000953674316
2016-12-15 00:00:00-06:00,12.789999961853027,2.5799999237060547
2016-12-16 00:00:00-06:00,12.199999809265137,2.5969998836517334
2016-12-19 00:00:00-06:00,11.710000038146973,2.5420000553131104
2016-12-20 00:00:00-06:00,11.449999809265137,2.568000078201294
2016-12-21 00:00:00-06:00,11.270000457763672,2.5460000038146973
2016-12-22 00:00:00-06:00,11.430000305175781,2.552999973297119
2016-12-23 00:00:00-06:00,11.4399995803833,2.5429999828338623
2016-12-27 00:00:00-06:00,11.989999771118164,2.562999963760376
2016-12-28 00:00:00-06:00,12.949999809265137,2.50600004196167
2016-12-29 00:00:00-06:00,13.369999885559082,2.4769999980926514
2016-12-30 00:00:00-06:00,14.039999961853027,2.446000099182129
2017-01-03 00:00:00-06:00,12.850000381469727,2.450000047683716
2017-01-04 00:00:00-06:00,11.850000381469727,2.4519999027252197
2017-01-05 00:00:00-06:00,11.670000076293945,2.368000030517578
2017-01-06 00:00:00-06:00,11.319999694824219,2.4179999828338623
2017-01-09 00:00:00-06:00,11.5600004196167,2.375999927520752
2017-01-10 00:00:00-06:00,11.489999771118164,2.378999948501587
2017-01-11 00:00:00-06:00,11.260000228881836,2.369999885559082
2017-01-12 00:00:00-06:00,11.539999961853027,2.3610000610351562
2017-01-13 00:00:00-06:00,11.229999542236328,2.380000114440918
2017-01-17 00:00:00-06:00,11.869999885559082,2.3269999027252197
2017-01-18 00:00:00-06:00,12.479999542236328,2.3889999389648438
2017-01-19 00:00:00-06:00,12.779999732971191,2.4590001106262207
2017-01-20 00:00:00-06:00,11.539999961853027,2.4670000076293945
2017-01-23 00:00:00-06:00,11.770000457763672,2.4030001163482666
2017-01-24 00:00:00-06:00,11.069999694824219,2.4709999561309814
2017-01-25 00:00:00-06:00,10.8100004196167,2.5230000019073486
2017-01-26 00:00:00-06:00,10.630000114440918,2.507999897003174
2017-01-27 00:00:00-06:00,10.579999923706055,2.4809999465942383
2017-01-30 00:00:00-06:00,11.880000114440918,2.4830000400543213
2017-01-31 00:00:00-06:00,11.989999771118164,2.4509999752044678
2017-02-01 00:00:00-06:00,11.8100004196167,2.4739999771118164
2017-02-02 00:00:00-06:00,11.930000305175781,2.4700000286102295
2017-02-03 00:00:00-06:00,10.970000267028809,2.490999937057495
2017-02-06 00:00:00-06:00,11.369999885559082,2.4130001068115234
2017-02-07 00:00:00-06:00,11.289999961853027,2.3889999389648438
2017-02-08 00:00:00-06:00,11.449999809265137,2.3510000705718994
2017-02-09 00:00:00-06:00,10.880000114440918,2.3949999809265137
2017-02-10 00:00:00-06:00,10.850000381469727,2.4089999198913574
2017-02-13 00:00:00-06:00,11.069999694824219,2.434000015258789
2017-02-14 00:00:00-06:00,10.739999771118164,2.4700000286102295
2017-02-15 00:00:00-06:00,11.970000267028809,2.502000093460083
2017-02-16 00:00:00-06:00,11.760000228881836,2.450000047683716
2017-02-17 00:00:00-06:00,11.489999771118164,2.424999952316284
2017-02-21 00:00:00-06:00,11.569999694824219,2.427000045776367
2017-02-22 00:00:00-06:00,11.739999771118164,2.4179999828338623
2017-02-23 00:00:00-06:00,11.710000038146973,2.388000011444092
2017-02-24 00:00:00-06:00,11.470000267028809,2.316999912261963
2017-02-27 00:00:00-06:00,12.09000015258789,2.36899995803833
2017-02-28 00:00:00-06:00,12.920000076293945,2.3580000400543213
2017-03-01 00:00:00-06:00,12.539999961853027,2.4630000591278076
2017-03-02 00:00:00-06:00,11.8100004196167,2.489000082015991
2017-03-03 00:00:00-06:00,10.960000038146973,2.492000102996826
2017-03-06 00:00:00-06:00,11.239999771118164,2.49399995803833
2017-03-07 00:00:00-06:00,11.449999809265137,2.510999917984009
2017-03-08 00:00:00-06:00,11.859999656677246,2.552000045776367
2017-03-09 00:00:00-06:00,12.300000190734863,2.5980000495910645
2017-03-10 00:00:00-06:00,11.65999984741211,2.5820000171661377
2017-03-13 00:00:00-05:00,11.350000381469727,2.6080000400543213
2017-03-14 00:00:00-05:00,12.300000190734863,2.5950000286102295
2017-03-15 00:00:00-05:00,11.630000114440918,2.507999897003174
2017-03-16 00:00:00-05:00,11.210000038146973,2.5220000743865967
2017-03-17 00:00:00-05:00,11.279999732971191,2.500999927520752
2017-03-20 00:00:00-05:00,11.34000015258789,2.4730000495910645
2017-03-21 00:00:00-05:00,12.470000267028809,2.436000108718872
2017-03-22 00:00:00-05:00,12.8100004196167,2.3959999084472656
2017-03-23 00:00:00-05:00,13.119999885559082,2.4179999828338623
2017-03-24 00:00:00-05:00,12.960000038146973,2.4000000953674316
2017-03-27 00:00:00-05:00,12.5,2.372999906539917
2017-03-28 00:00:00-05:00,11.529999732971191,2.4089999198913574
2017-03-29 00:00:00-05:00,11.420000076293945,2.385999917984009
2017-03-30 00:00:00-05:00,11.539999961853027,2.4159998893737793
2017-03-31 00:00:00-05:00,12.369999885559082,2.3959999084472656
2017-04-03 00:00:00-05:00,12.380000114440918,2.3499999046325684
2017-04-04 00:00:00-05:00,11.789999961853027,2.3499999046325684
2017-04-05 00:00:00-05:00,12.890000343322754,2.3570001125335693
2017-04-06 00:00:00-05:00,12.390000343322754,2.3429999351501465
2017-04-07 00:00:00-05:00,12.869999885559082,2.372999906539917
2017-04-10 00:00:00-05:00,14.050000190734863,2.3610000610351562
2017-04-11 00:00:00-05:00,15.069999694824219,2.2980000972747803
2017-04-12 00:00:00-05:00,15.770000457763672,2.2960000038146973
2017-04-13 00:00:00-05:00,15.960000038146973,2.2320001125335693
2017-04-17 00:00:00-05:00,14.65999984741211,2.252000093460083
2017-04-18 00:00:00-05:00,14.420000076293945,2.178999900817871
2017-04-19 00:00:00-05:00,14.930000305175781,2.2019999027252197
2017-04-20 00:00:00-05:00,14.149999618530273,2.240999937057495
2017-04-21 00:00:00-05:00,14.630000114440918,2.236999988555908
2017-04-24 00:00:00-05:00,10.84000015258789,2.2730000019073486
2017-04-25 00:00:00-05:00,10.760000228881836,2.3269999027252197
2017-04-26 00:00:00-05:00,10.850000381469727,2.311000108718872
2017-04-27 00:00:00-05:00,10.359999656677246,2.2960000038146973
2017-04-28 00:00:00-05:00,10.819999694824219,2.2820000648498535
2017-05-01 00:00:00-05:00,10.109999656677246,2.325000047683716
2017-05-02 00:00:00-05:00,10.59000015258789,2.2960000038146973
2017-05-03 00:00:00-05:00,10.680000305175781,2.309000015258789
2017-05-04 00:00:00-05:00,10.460000038146973,2.3559999465942383
2017-05-05 00:00:00-05:00,10.569999694824219,2.3519999980926514
2017-05-08 00:00:00-05:00,9.770000457763672,2.375999927520752
2017-05-09 00:00:00-05:00,9.960000038146973,2.4070000648498535
2017-05-10 00:00:00-05:00,10.210000038146973,2.4140000343322754
2017-05-11 00:00:00-05:00,10.600000381469727,2.4000000953674316
2017-05-12 00:00:00-05:00,10.399999618530273,2.3350000381469727
2017-05-15 00:00:00-05:00,10.420000076293945,2.3380000591278076
2017-05-16 00:00:00-05:00,10.649999618530273,2.3289999961853027
2017-05-17 00:00:00-05:00,15.59000015258789,2.2160000801086426
2017-05-18 00:00:00-05:00,14.65999984741211,2.2330000400543213
2017-05-19 00:00:00-05:00,12.039999961853027,2.244999885559082
2017-05-22 00:00:00-05:00,10.930000305175781,2.253999948501587
2017-05-23 00:00:00-05:00,10.720000267028809,2.2850000858306885
2017-05-24 00:00:00-05:00,10.020000457763672,2.2660000324249268
2017-05-25 00:00:00-05:00,9.989999771118164,2.255000114440918
2017-05-26 00:00:00-05:00,9.8100004196167,2.25
2017-05-30 00:00:00-05:00,10.380000114440918,2.2170000076293945
2017-05-31 00:00:00-05:00,10.40999984741211,2.196000099182129
2017-06-01 00:00:00-05:00,9.890000343322754,2.2170000076293945
2017-06-02 00:00:00-05:00,9.75,2.1589999198913574
2017-06-05 00:00:00-05:00,10.069999694824219,2.181999921798706
2017-06-06 00:00:00-05:00,10.449999809265137,2.1470000743865967
2017-06-07 00:00:00-05:00,10.390000343322754,2.177999973297119
2017-06-08 00:00:00-05:00,10.15999984741211,2.194000005722046
2017-06-09 00:00:00-05:00,10.699999809265137,2.1989998817443848
2017-06-12 00:00:00-05:00,11.460000038146973,2.2130000591278076
2017-06-13 00:00:00-05:00,10.420000076293945,2.2070000171661377
2017-06-14 00:00:00-05:00,10.640000343322754,2.138000011444092
2017-06-15 00:00:00-05:00,10.899999618530273,2.1619999408721924
2017-06-16 00:00:00-05:00,10.380000114440918,2.1570000648498535
2017-06-19 00:00:00-05:00,10.369999885559082,2.190000057220459
2017-06-20 00:00:00-05:00,10.859999656677246,2.1530001163482666
2017-06-21 00:00:00-05:00,10.75,2.1549999713897705
2017-06-22 00:00:00-05:00,10.479999542236328,2.1530001163482666
2017-06-23 00:00:00-05:00,10.020000457763672,2.1440000534057617
2017-06-26 00:00:00-05:00,9.899999618530273,2.13700008392334
2017-06-27 00:00:00-05:00,11.0600004196167,2.197999954223633
2017-06-28 00:00:00-05:00,10.029999732971191,2.2209999561309814
2017-06-29 00:00:00-05:00,11.4399995803833,2.2669999599456787
2017-06-30 00:00:00-05:00,11.180000305175781,2.302000045776367
2017-07-03 00:00:00-05:00,11.220000267028809,2.3459999561309814
2017-07-05 00:00:00-05:00,11.069999694824219,2.3340001106262207
2017-07-06 00:00:00-05:00,12.539999961853027,2.369999885559082
2017-07-07 00:00:00-05:00,11.1899995803833,2.3929998874664307
2017-07-10 00:00:00-05:00,11.109999656677246,2.371000051498413
2017-07-11 00:00:00-05:00,10.890000343322754,2.361999988555908
2017-07-12 00:00:00-05:00,10.300000190734863,2.3269999027252197
2017-07-13 00:00:00-05:00,9.899999618530273,2.3480000495910645
2017-07-14 00:00:00-05:00,9.510000228881836,2.319000005722046
2017-07-17 00:00:00-05:00,9.819999694824219,2.309000015258789
2017-07-18 00:00:00-05:00,9.890000343322754,2.263000011444092
2017-07-19 00:00:00-05:00,9.789999961853027,2.2679998874664307
2017-07-20 00:00:00-05:00,9.579999923706055,2.2660000324249268
2017-07-21 00:00:00-05:00,9.359999656677246,2.2320001125335693
2017-07-24 00:00:00-05:00,9.430000305175781,2.253999948501587
2017-07-25 00:00:00-05:00,9.430000305175781,2.3259999752044678
2017-07-26 00:00:00-05:00,9.600000381469727,2.2820000648498535
2017-07-27 00:00:00-05:00,10.109999656677246,2.309999942779541
2017-07-28 00:00:00-05:00,10.289999961853027,2.2890000343322754
2017-07-31 00:00:00-05:00,10.260000228881836,2.2920000553131104
2017-08-01 00:00:00-05:00,10.09000015258789,2.250999927520752
2017-08-02 00:00:00-05:00,10.279999732971191,2.26200008392334
2017-08-03 00:00:00-05:00,10.4399995803833,2.2279999256134033
2017-08-04 00:00:00-05:00,10.029999732971191,2.2669999599456787
2017-08-07 00:00:00-05:00,9.930000305175781,2.256999969482422
2017-08-08 00:00:00-05:00,10.960000038146973,2.2829999923706055
2017-08-09 00:00:00-05:00,11.109999656677246,2.240999937057495
2017-08-10 00:00:00-05:00,16.040000915527344,2.2119998931884766
2017-08-11 00:00:00-05:00,15.510000228881836,2.188999891281128
2017-08-14 00:00:00-05:00,12.329999923706055,2.2190001010894775
2017-08-15 00:00:00-05:00,12.039999961853027,2.2660000324249268
2017-08-16 00:00:00-05:00,11.739999771118164,2.2260000705718994
2017-08-17 00:00:00-05:00,15.550000190734863,2.1989998817443848
2017-08-18 00:00:00-05:00,14.260000228881836,2.194000005722046
2017-08-21 00:00:00-05:00,13.1899995803833,2.180000066757202
2017-08-22 00:00:00-05:00,11.350000381469727,2.2149999141693115
2017-08-23 00:00:00-05:00,12.25,2.1710000038146973
2017-08-24 00:00:00-05:00,12.229999542236328,2.194000005722046
2017-08-25 00:00:00-05:00,11.279999732971191,2.1689999103546143
2017-08-28 00:00:00-05:00,11.319999694824219,2.1589999198913574
2017-08-29 00:00:00-05:00,11.699999809265137,2.135999917984009
2017-08-30 00:00:00-05:00,11.220000267028809,2.1429998874664307
2017-08-31 00:00:00-05:00,10.59000015258789,2.121000051498413
2017-09-01 00:00:00-05:00,10.130000114440918,2.1570000648498535
2017-09-05 00:00:00-05:00,12.229999542236328,2.069999933242798
2017-09-06 00:00:00-05:00,11.630000114440918,2.1080000400543213
2017-09-07 00:00:00-05:00,11.550000190734863,2.061000108718872
2017-09-08 00:00:00-05:00,12.119999885559082,2.061000108718872
2017-09-11 00:00:00-05:00,10.729999542236328,2.125
2017-09-12 00:00:00-05:00,10.579999923706055,2.1710000038146973
2017-09-13 00:00:00-05:00,10.5,2.194999933242798
2017-09-14 00:00:00-05:00,10.4399995803833,2.197000026702881
2017-09-15 00:00:00-05:00,10.170000076293945,2.2019999027252197
2017-09-18 00:00:00-05:00,10.149999618530273,2.2290000915527344
2017-09-19 00:00:00-05:00,10.180000305175781,2.243000030517578
2017-09-20 00:00:00-05:00,9.779999732971191,2.2769999504089355
2017-09-21 00:00:00-05:00,9.670000076293945,2.2780001163482666
2017-09-22 00:00:00-05:00,9.59000015258789,2.26200008392334
2017-09-25 00:00:00-05:00,10.210000038146973,2.2200000286102295
2017-09-26 00:00:00-05:00,10.170000076293945,2.2290000915527344
2017-09-27 00:00:00-05:00,9.869999885559082,2.309000015258789
2017-09-28 00:00:00-05:00,9.550000190734863,2.309000015258789
2017-09-29 00:00:00-05:00,9.510000228881836,2.3259999752044678
2017-10-02 00:00:00-05:00,9.449999809265137,2.3369998931884766
2017-10-03 00:00:00-05:00,9.510000228881836,2.3340001106262207
2017-10-04 00:00:00-05:00,9.630000114440918,2.3299999237060547
2017-10-05 00:00:00-05:00,9.1899995803833,2.3499999046325684
2017-10-06 00:00:00-05:00,9.649999618530273,2.369999885559082
2017-10-09 00:00:00-05:00,10.329999923706055,2.3610000610351562
2017-10-10 00:00:00-05:00,10.079999923706055,2.3450000286102295
2017-10-11 00:00:00-05:00,9.850000381469727,2.3450000286102295
2017-10-12 00:00:00-05:00,9.90999984741211,2.322999954223633
2017-10-13 00:00:00-05:00,9.609999656677246,2.2799999713897705
2017-10-16 00:00:00-05:00,9.90999984741211,2.306999921798706
2017-10-17 00:00:00-05:00,10.3100004196167,2.2980000972747803
2017-10-18 00:00:00-05:00,10.069999694824219,2.3389999866485596
2017-10-19 00:00:00-05:00,10.050000190734863,2.321000099182129
2017-10-20 00:00:00-05:00,9.970000267028809,2.38100004196167
2017-10-23 00:00:00-05:00,11.069999694824219,2.375999927520752
2017-10-24 00:00:00-05:00,11.15999984741211,2.4059998989105225
2017-10-25 00:00:00-05:00,11.229999542236328,2.444000005722046
2017-10-26 00:00:00-05:00,11.300000190734863,2.4519999027252197
2017-10-27 00:00:00-05:00,9.800000190734863,2.427999973297119
2017-10-30 00:00:00-05:00,10.5,2.369999885559082
2017-10-31 00:00:00-05:00,10.180000305175781,2.375999927520752
2017-11-01 00:00:00-05:00,10.199999809265137,2.375999927520752
2017-11-02 00:00:00-05:00,9.930000305175781,2.3469998836517334
2017-11-03 00:00:00-05:00,9.140000343322754,2.3429999351501465
2017-11-06 00:00:00-06:00,9.399999618530273,2.319999933242798
2017-11-07 00:00:00-06:00,9.890000343322754,2.306999921798706
2017-11-08 00:00:00-06:00,9.779999732971191,2.325000047683716
2017-11-09 00:00:00-06:00,10.5,2.3310000896453857
2017-11-10 00:00:00-06:00,11.289999961853027,2.4000000953674316
2017-11-13 00:00:00-06:00,11.5,2.4000000953674316
2017-11-14 00:00:00-06:00,11.59000015258789,2.38100004196167
2017-11-15 00:00:00-06:00,13.130000114440918,2.3350000381469727
2017-11-16 00:00:00-06:00,11.760000228881836,2.3610000610351562
2017-11-17 00:00:00-06:00,11.430000305175781,2.3540000915527344
2017-11-20 00:00:00-06:00,10.649999618530273,2.371999979019165
2017-11-21 00:00:00-06:00,9.729999542236328,2.36299991607666
2017-11-22 00:00:00-06:00,9.880000114440918,2.322000026702881
2017-11-24 00:00:00-06:00,9.670000076293945,2.3399999141693115
2017-11-27 00:00:00-06:00,9.869999885559082,2.328000068664551
2017-11-28 00:00:00-06:00,10.029999732971191,2.3380000591278076
2017-11-29 00:00:00-06:00,10.699999809265137,2.375999927520752
2017-11-30 00:00:00-06:00,11.279999732971191,2.4170000553131104
2017-12-01 00:00:00-06:00,11.430000305175781,2.361999988555908
2017-12-04 00:00:00-06:00,11.680000305175781,2.378999948501587
2017-12-05 00:00:00-06:00,11.329999923706055,2.3559999465942383
2017-12-06 00:00:00-06:00,11.020000457763672,2.3299999237060547
2017-12-07 00:00:00-06:00,10.15999984741211,2.375999927520752
2017-12-08 00:00:00-06:00,9.579999923706055,2.382999897003174
2017-12-11 00:00:00-06:00,9.34000015258789,2.384999990463257
2017-12-12 00:00:00-06:00,9.920000076293945,2.4030001163482666
2017-12-13 00:00:00-06:00,10.180000305175781,2.3489999771118164
2017-12-14 00:00:00-06:00,10.489999771118164,2.3459999561309814
2017-12-15 00:00:00-06:00,9.420000076293945,2.3550000190734863
2017-12-18 00:00:00-06:00,9.529999732971191,2.3919999599456787
2017-12-19 00:00:00-06:00,10.029999732971191,2.4630000591278076
2017-12-20 00:00:00-06:00,9.720000267028809,2.496999979019165
2017-12-21 00:00:00-06:00,9.619999885559082,2.4809999465942383
2017-12-22 00:00:00-06:00,9.899999618530273,2.484999895095825
2017-12-26 00:00:00-06:00,10.25,2.4670000076293945
2017-12-27 00:00:00-06:00,10.470000267028809,2.4140000343322754
2017-12-28 00:00:00-06:00,10.180000305175781,2.431999921798706
2017-12-29 00:00:00-06:00,11.039999961853027,2.4049999713897705
2018-01-02 00:00:00-06:00,9.770000457763672,2.4649999141693115
2018-01-03 00:00:00-06:00,9.149999618530273,2.447000026702881
2018-01-04 00:00:00-06:00,9.220000267028809,2.453000068664551
2018-01-05 00:00:00-06:00,9.220000267028809,2.4760000705718994
2018-01-08 00:00:00-06:00,9.520000457763672,2.4800000190734863
2018-01-09 00:00:00-06:00,10.079999923706055,2.5460000038146973
2018-01-10 00:00:00-06:00,9.819999694824219,2.549999952316284
2018-01-11 00:00:00-06:00,9.880000114440918,2.5309998989105225
2018-01-12 00:00:00-06:00,10.15999984741211,2.552000045776367
2018-01-16 00:00:00-06:00,11.65999984741211,2.5439999103546143
2018-01-17 00:00:00-06:00,11.90999984741211,2.578000068664551
2018-01-18 00:00:00-06:00,12.220000267028809,2.6110000610351562
2018-01-19 00:00:00-06:00,11.270000457763672,2.63700008392334
2018-01-22 00:00:00-06:00,11.029999732971191,2.6649999618530273
2018-01-23 00:00:00-06:00,11.100000381469727,2.624000072479248
2018-01-24 00:00:00-06:00,11.470000267028809,2.6540000438690186
2018-01-25 00:00:00-06:00,11.579999923706055,2.621000051498413
2018-01-26 00:00:00-06:00,11.079999923706055,2.6619999408721924
2018-01-29 00:00:00-06:00,13.84000015258789,2.6989998817443848
2018-01-30 00:00:00-06:00,14.789999961853027,2.7260000705718994
2018-01-31 00:00:00-06:00,13.539999961853027,2.7200000286102295
2018-02-01 00:00:00-06:00,13.470000267028809,2.7730000019073486
2018-02-02 00:00:00-06:00,17.309999465942383,2.8540000915527344
2018-02-05 00:00:00-06:00,37.31999969482422,2.7939999103546143
2018-02-06 00:00:00-06:00,29.979999542236328,2.7679998874664307
2018-02-07 00:00:00-06:00,27.729999542236328,2.8440001010894775
2018-02-08 00:00:00-06:00,33.459999084472656,2.8510000705718994
2018-02-09 00:00:00-06:00,29.059999465942383,2.8289999961853027
2018-02-12 00:00:00-06:00,25.610000610351562,2.8570001125335693
2018-02-13 00:00:00-06:00,24.969999313354492,2.8399999141693115
2018-02-14 00:00:00-06:00,19.260000228881836,2.9130001068115234
2018-02-15 00:00:00-06:00,19.1299991607666,2.8910000324249268
2018-02-16 00:00:00-06:00,19.459999084472656,2.877000093460083
2018-02-20 00:00:00-06:00,20.600000381469727,2.8929998874664307
2018-02-21 00:00:00-06:00,20.020000457763672,2.943000078201294
2018-02-22 00:00:00-06:00,18.719999313354492,2.9170000553131104
2018-02-23 00:00:00-06:00,16.489999771118164,2.871000051498413
2018-02-26 00:00:00-06:00,15.800000190734863,2.8589999675750732
2018-02-27 00:00:00-06:00,18.59000015258789,2.9079999923706055
2018-02-28 00:00:00-06:00,19.850000381469727,2.868000030517578
2018-03-01 00:00:00-06:00,22.469999313354492,2.803999900817871
2018-03-02 00:00:00-06:00,19.59000015258789,2.8570001125335693
2018-03-05 00:00:00-06:00,18.729999542236328,2.88100004196167
2018-03-06 00:00:00-06:00,18.360000610351562,2.877000093460083
2018-03-07 00:00:00-06:00,17.760000228881836,2.882999897003174
2018-03-08 00:00:00-06:00,16.540000915527344,2.865999937057495
2018-03-09 00:00:00-06:00,14.640000343322754,2.8940000534057617
2018-03-12 00:00:00-05:00,15.779999732971191,2.869999885559082
2018-03-13 00:00:00-05:00,16.350000381469727,2.8480000495910645
2018-03-14 00:00:00-05:00,17.229999542236328,2.816999912261963
2018-03-15 00:00:00-05:00,16.59000015258789,2.8259999752044678
2018-03-16 00:00:00-05:00,15.800000190734863,2.8480000495910645
2018-03-19 00:00:00-05:00,19.020000457763672,2.8450000286102295
2018-03-20 00:00:00-05:00,18.200000762939453,2.878999948501587
2018-03-21 00:00:00-05:00,17.860000610351562,2.9070000648498535
2018-03-22 00:00:00-05:00,23.34000015258789,2.8320000171661377
2018-03-23 00:00:00-05:00,24.8700008392334,2.8299999237060547
2018-03-26 00:00:00-05:00,21.030000686645508,2.8429999351501465
2018-03-27 00:00:00-05:00,22.5,2.7860000133514404
2018-03-28 00:00:00-05:00,22.8700008392334,2.7750000953674316
2018-03-29 00:00:00-05:00,19.969999313354492,2.740999937057495
2018-04-02 00:00:00-05:00,23.6200008392334,2.7320001125335693
2018-04-03 00:00:00-05:00,21.100000381469727,2.7839999198913574
2018-04-04 00:00:00-05:00,20.059999465942383,2.7880001068115234
2018-04-05 00:00:00-05:00,18.940000534057617,2.8320000171661377
2018-04-06 00:00:00-05:00,21.489999771118164,2.7750000953674316
2018-04-09 00:00:00-05:00,21.770000457763672,2.7860000133514404
2018-04-10 00:00:00-05:00,20.469999313354492,2.796999931335449
2018-04-11 00:00:00-05:00,20.239999771118164,2.7899999618530273
2018-04-12 00:00:00-05:00,18.489999771118164,2.8340001106262207
2018-04-13 00:00:00-05:00,17.40999984741211,2.8289999961853027
2018-04-16 00:00:00-05:00,16.559999465942383,2.8320000171661377
2018-04-17 00:00:00-05:00,15.25,2.813999891281128
2018-04-18 00:00:00-05:00,15.600000381469727,2.867000102996826
2018-04-19 00:00:00-05:00,15.960000038146973,2.9140000343322754
2018-04-20 00:00:00-05:00,16.8799991607666,2.9509999752044678
2018-04-23 00:00:00-05:00,16.34000015258789,2.9730000495910645
2018-04-24 00:00:00-05:00,18.020000457763672,2.9830000400543213
2018-04-25 00:00:00-05:00,17.84000015258789,3.0239999294281006
2018-04-26 00:00:00-05:00,16.239999771118164,2.990000009536743
2018-04-27 00:00:00-05:00,15.40999984741211,2.9570000171661377
2018-04-30 00:00:00-05:00,15.930000305175781,2.936000108718872
2018-05-01 00:00:00-05:00,15.489999771118164,2.9760000705718994
2018-05-02 00:00:00-05:00,15.970000267028809,2.9639999866485596
2018-05-03 00:00:00-05:00,15.899999618530273,2.946000099182129
2018-05-04 00:00:00-05:00,14.770000457763672,2.944000005722046
2018-05-07 00:00:00-05:00,14.75,2.950000047683716
2018-05-08 00:00:00-05:00,14.710000038146973,2.9690001010894775
2018-05-09 00:00:00-05:00,13.420000076293945,3.003999948501587
2018-05-10 00:00:00-05:00,13.229999542236328,2.9709999561309814
2018-05-11 00:00:00-05:00,12.649999618530273,2.9709999561309814
2018-05-14 00:00:00-05:00,12.930000305175781,2.994999885559082
2018-05-15 00:00:00-05:00,14.630000114440918,3.0799999237060547
2018-05-16 00:00:00-05:00,13.420000076293945,3.0950000286102295
2018-05-17 00:00:00-05:00,13.430000305175781,3.1089999675750732
2018-05-18 00:00:00-05:00,13.420000076293945,3.066999912261963
2018-05-21 00:00:00-05:00,13.079999923706055,3.065000057220459
2018-05-22 00:00:00-05:00,13.220000267028809,3.065000057220459
2018-05-23 00:00:00-05:00,12.579999923706055,3.003000020980835
2018-05-24 00:00:00-05:00,12.529999732971191,2.9809999465942383
2018-05-25 00:00:00-05:00,13.220000267028809,2.930999994277954
2018-05-29 00:00:00-05:00,17.020000457763672,2.7679998874664307
2018-05-30 00:00:00-05:00,14.9399995803833,2.8420000076293945
2018-05-31 00:00:00-05:00,15.430000305175781,2.822000026702881
2018-06-01 00:00:00-05:00,13.460000038146973,2.8949999809265137
2018-06-04 00:00:00-05:00,12.739999771118164,2.937000036239624
2018-06-05 00:00:00-05:00,12.399999618530273,2.9189999103546143
2018-06-06 00:00:00-05:00,11.640000343322754,2.9749999046325684
2018-06-07 00:00:00-05:00,12.130000114440918,2.933000087738037
2018-06-08 00:00:00-05:00,12.180000305175781,2.937000036239624
2018-06-11 00:00:00-05:00,12.350000381469727,2.9570000171661377
2018-06-12 00:00:00-05:00,12.34000015258789,2.9570000171661377
2018-06-13 00:00:00-05:00,12.9399995803833,2.9769999980926514
2018-06-14 00:00:00-05:00,12.119999885559082,2.946000099182129
2018-06-15 00:00:00-05:00,11.979999542236328,2.9240000247955322
2018-06-18 00:00:00-05:00,12.3100004196167,2.9260001182556152
2018-06-19 00:00:00-05:00,13.350000381469727,2.8929998874664307
2018-06-20 00:00:00-05:00,12.789999961853027,2.927999973297119
2018-06-21 00:00:00-05:00,14.640000343322754,2.8970000743865967
2018-06-22 00:00:00-05:00,13.770000457763672,2.9000000953674316
2018-06-25 00:00:00-05:00,17.329999923706055,2.875
2018-06-26 00:00:00-05:00,15.920000076293945,2.880000114440918
2018-06-27 00:00:00-05:00,17.90999984741211,2.8269999027252197
2018-06-28 00:00:00-05:00,16.850000381469727,2.8469998836517334
2018-06-29 00:00:00-05:00,16.09000015258789,2.8489999771118164
2018-07-02 00:00:00-05:00,15.600000381469727,2.865999937057495
2018-07-03 00:00:00-05:00,16.139999389648438,2.8380000591278076
2018-07-05 00:00:00-05:00,14.970000267028809,2.8399999141693115
2018-07-06 00:00:00-05:00,13.369999885559082,2.8310000896453857
2018-07-09 00:00:00-05:00,12.6899995803833,2.859999895095825
2018-07-10 00:00:00-05:00,12.640000343322754,2.872999906539917
2018-07-11 00:00:00-05:00,13.630000114440918,2.8420000076293945
2018-07-12 00:00:00-05:00,12.579999923706055,2.8529999256134033
2018-07-13 00:00:00-05:00,12.180000305175781,2.8310000896453857
2018-07-16 00:00:00-05:00,12.829999923706055,2.8580000400543213
2018-07-17 00:00:00-05:00,12.0600004196167,2.864000082015991
2018-07-18 00:00:00-05:00,12.100000381469727,2.875
2018-07-19 00:00:00-05:00,12.869999885559082,2.8469998836517334
2018-07-20 00:00:00-05:00,12.859999656677246,2.8949999809265137
2018-07-23 00:00:00-05:00,12.619999885559082,2.9649999141693115
2018-07-24 00:00:00-05:00,12.40999984741211,2.9489998817443848
2018-07-25 00:00:00-05:00,12.289999961853027,2.936000108718872
2018-07-26 00:00:00-05:00,12.140000343322754,2.9749999046325684
2018-07-27 00:00:00-05:00,13.029999732971191,2.9600000381469727
2018-07-30 00:00:00-05:00,14.260000228881836,2.9749999046325684
2018-07-31 00:00:00-05:00,12.829999923706055,2.9639999866485596
2018-08-01 00:00:00-05:00,13.149999618530273,3.003000020980835
2018-08-02 00:00:00-05:00,12.1899995803833,2.9860000610351562
2018-08-03 00:00:00-05:00,11.640000343322754,2.953000068664551
2018-08-06 00:00:00-05:00,11.270000457763672,2.937999963760376
2018-08-07 00:00:00-05:00,10.930000305175781,2.9730000495910645
2018-08-08 00:00:00-05:00,10.850000381469727,2.9709999561309814
2018-08-09 00:00:00-05:00,11.270000457763672,2.934999942779541
2018-08-10 00:00:00-05:00,13.15999984741211,2.8570001125335693
2018-08-13 00:00:00-05:00,14.779999732971191,2.877000093460083
2018-08-14 00:00:00-05:00,13.3100004196167,2.8949999809265137
2018-08-15 00:00:00-05:00,14.640000343322754,2.8519999980926514
2018-08-16 00:00:00-05:00,13.449999809265137,2.871000051498413
2018-08-17 00:00:00-05:00,12.640000343322754,2.872999906539917
2018-08-20 00:00:00-05:00,12.489999771118164,2.822999954223633
2018-08-21 00:00:00-05:00,12.859999656677246,2.8440001010894775
2018-08-22 00:00:00-05:00,12.25,2.822999954223633
2018-08-23 00:00:00-05:00,12.40999984741211,2.821000099182129
2018-08-24 00:00:00-05:00,11.989999771118164,2.8259999752044678
2018-08-27 00:00:00-05:00,12.15999984741211,2.8480000495910645
2018-08-28 00:00:00-05:00,12.5,2.884000062942505
2018-08-29 00:00:00-05:00,12.25,2.884000062942505
2018-08-30 00:00:00-05:00,13.529999732971191,2.859999895095825
2018-08-31 00:00:00-05:00,12.859999656677246,2.8529999256134033
2018-09-04 00:00:00-05:00,13.15999984741211,2.9019999504089355
2018-09-05 00:00:00-05:00,13.90999984741211,2.9019999504089355
2018-09-06 00:00:00-05:00,14.649999618530273,2.878999948501587
2018-09-07 00:00:00-05:00,14.880000114440918,2.941999912261963
2018-09-10 00:00:00-05:00,14.15999984741211,2.937000036239624
2018-09-11 00:00:00-05:00,13.220000267028809,2.9769999980926514
2018-09-12 00:00:00-05:00,13.140000343322754,2.9630000591278076
2018-09-13 00:00:00-05:00,12.369999885559082,2.9630000591278076
2018-09-14 00:00:00-05:00,12.069999694824219,2.99399995803833
2018-09-17 00:00:00-05:00,13.680000305175781,3.000999927520752
2018-09-18 00:00:00-05:00,12.789999961853027,3.0480000972747803
2018-09-19 00:00:00-05:00,11.75,3.0829999446868896
2018-09-20 00:00:00-05:00,11.800000190734863,3.078000068664551
2018-09-21 00:00:00-05:00,11.680000305175781,3.068000078201294
2018-09-24 00:00:00-05:00,12.199999809265137,3.078000068664551
2018-09-25 00:00:00-05:00,12.420000076293945,3.1019999980926514
2018-09-26 00:00:00-05:00,12.890000343322754,3.061000108718872
2018-09-27 00:00:00-05:00,12.40999984741211,3.055999994277954
2018-09-28 00:00:00-05:00,12.119999885559082,3.055999994277954
2018-10-01 00:00:00-05:00,12.0,3.0799999237060547
2018-10-02 00:00:00-05:00,12.050000190734863,3.055999994277954
2018-10-03 00:00:00-05:00,11.609999656677246,3.1610000133514404
2018-10-04 00:00:00-05:00,14.220000267028809,3.197000026702881
2018-10-05 00:00:00-05:00,14.819999694824219,3.2249999046325684
2018-10-08 00:00:00-05:00,15.6899995803833,3.2330000400543213
2018-10-09 00:00:00-05:00,15.949999809265137,3.2079999446868896
2018-10-10 00:00:00-05:00,22.959999084472656,3.2249999046325684
2018-10-11 00:00:00-05:00,24.979999542236328,3.132999897003174
2018-10-12 00:00:00-05:00,21.309999465942383,3.1410000324249268
2018-10-15 00:00:00-05:00,21.299999237060547,3.1630001068115234
2018-10-16 00:00:00-05:00,17.6200008392334,3.1559998989105225
2018-10-17 00:00:00-05:00,17.399999618530273,3.178999900817871
2018-10-18 00:00:00-05:00,20.059999465942383,3.174999952316284
2018-10-19 00:00:00-05:00,19.889999389648438,3.197999954223633
2018-10-22 00:00:00-05:00,19.639999389648438,3.196000099182129
2018-10-23 00:00:00-05:00,20.709999084472656,3.1659998893737793
2018-10-24 00:00:00-05:00,25.229999542236328,3.124000072479248
2018-10-25 00:00:00-05:00,24.219999313354492,3.135999917984009
2018-10-26 00:00:00-05:00,24.15999984741211,3.0769999027252197
2018-10-29 00:00:00-05:00,24.700000762939453,3.0869998931884766
2018-10-30 00:00:00-05:00,23.350000381469727,3.109999895095825
2018-10-31 00:00:00-05:00,21.229999542236328,3.1589999198913574
2018-11-01 00:00:00-05:00,19.34000015258789,3.1440000534057617
2018-11-02 00:00:00-05:00,19.510000228881836,3.2139999866485596
2018-11-05 00:00:00-06:00,19.959999084472656,3.2009999752044678
2018-11-06 00:00:00-06:00,19.90999984741211,3.2139999866485596
2018-11-07 00:00:00-06:00,16.360000610351562,3.2130000591278076
2018-11-08 00:00:00-06:00,16.719999313354492,3.2339999675750732
2018-11-09 00:00:00-06:00,17.360000610351562,3.188999891281128
2018-11-12 00:00:00-06:00,20.450000762939453,3.186000108718872
2018-11-13 00:00:00-06:00,20.020000457763672,3.1449999809265137
2018-11-14 00:00:00-06:00,21.25,3.119999885559082
2018-11-15 00:00:00-06:00,19.979999542236328,3.118000030517578
2018-11-16 00:00:00-06:00,18.139999389648438,3.0739998817443848
2018-11-19 00:00:00-06:00,20.100000381469727,3.056999921798706
2018-11-20 00:00:00-06:00,22.479999542236328,3.0480000972747803
2018-11-21 00:00:00-06:00,20.799999237060547,3.061000108718872
2018-11-23 00:00:00-06:00,21.520000457763672,3.053999900817871
2018-11-26 00:00:00-06:00,18.899999618530273,3.072000026702881
2018-11-27 00:00:00-06:00,19.020000457763672,3.055000066757202
2018-11-28 00:00:00-06:00,18.489999771118164,3.0439999103546143
2018-11-29 00:00:00-06:00,18.790000915527344,3.0350000858306885
2018-11-30 00:00:00-06:00,18.06999969482422,3.013000011444092
2018-12-03 00:00:00-06:00,16.440000534057617,2.992000102996826
2018-12-04 00:00:00-06:00,20.739999771118164,2.9240000247955322
2018-12-06 00:00:00-06:00,21.190000534057617,2.875999927520752
2018-12-07 00:00:00-06:00,23.229999542236328,2.8499999046325684
2018-12-10 00:00:00-06:00,22.639999389648438,2.8559999465942383
2018-12-11 00:00:00-06:00,21.760000228881836,2.878999948501587
2018-12-12 00:00:00-06:00,21.459999084472656,2.9059998989105225
2018-12-13 00:00:00-06:00,20.649999618530273,2.9110000133514404
2018-12-14 00:00:00-06:00,21.6299991607666,2.8910000324249268
2018-12-17 00:00:00-06:00,24.520000457763672,2.8570001125335693
2018-12-18 00:00:00-06:00,25.579999923706055,2.825000047683716
2018-12-19 00:00:00-06:00,25.579999923706055,2.7780001163482666
2018-12-20 00:00:00-06:00,28.3799991607666,2.7890000343322754
2018-12-21 00:00:00-06:00,30.110000610351562,2.7920000553131104
2018-12-24 00:00:00-06:00,36.06999969482422,2.749000072479248
2018-12-26 00:00:00-06:00,30.40999984741211,2.796999931335449
2018-12-27 00:00:00-06:00,29.959999084472656,2.743000030517578
2018-12-28 00:00:00-06:00,28.34000015258789,2.7360000610351562
2018-12-31 00:00:00-06:00,25.420000076293945,2.686000108718872
2019-01-02 00:00:00-06:00,23.219999313354492,2.6610000133514404
2019-01-03 00:00:00-06:00,25.450000762939453,2.553999900817871
2019-01-04 00:00:00-06:00,21.3799991607666,2.6589999198913574
2019-01-07 00:00:00-06:00,21.399999618530273,2.681999921798706
2019-01-08 00:00:00-06:00,20.469999313354492,2.7160000801086426
2019-01-09 00:00:00-06:00,19.979999542236328,2.7279999256134033
2019-01-10 00:00:00-06:00,19.5,2.7309999465942383
2019-01-11 00:00:00-06:00,18.190000534057617,2.7009999752044678
2019-01-14 00:00:00-06:00,19.06999969482422,2.7100000381469727
2019-01-15 00:00:00-06:00,18.600000381469727,2.7109999656677246
2019-01-16 00:00:00-06:00,19.040000915527344,2.7309999465942383
2019-01-17 00:00:00-06:00,18.059999465942383,2.749000072479248
2019-01-18 00:00:00-06:00,17.799999237060547,2.7839999198913574
2019-01-22 00:00:00-06:00,20.799999237060547,2.7300000190734863
2019-01-23 00:00:00-06:00,19.520000457763672,2.755000114440918
2019-01-24 00:00:00-06:00,18.889999389648438,2.7119998931884766
2019-01-25 00:00:00-06:00,17.420000076293945,2.753000020980835
2019-01-28 00:00:00-06:00,18.8700008392334,2.74399995803833
2019-01-29 00:00:00-06:00,19.1299991607666,2.7119998931884766
2019-01-30 00:00:00-06:00,17.65999984741211,2.694999933242798
2019-01-31 00:00:00-06:00,16.56999969482422,2.634999990463257
2019-02-01 00:00:00-06:00,16.139999389648438,2.690999984741211
2019-02-04 00:00:00-06:00,15.729999542236328,2.7239999771118164
2019-02-05 00:00:00-06:00,15.569999694824219,2.7019999027252197
2019-02-06 00:00:00-06:00,15.380000114440918,2.7019999027252197
2019-02-07 00:00:00-06:00,16.3700008392334,2.6519999504089355
2019-02-08 00:00:00-06:00,15.720000267028809,2.631999969482422
2019-02-11 00:00:00-06:00,15.970000267028809,2.6610000133514404
2019-02-12 00:00:00-06:00,15.430000305175781,2.684000015258789
2019-02-13 00:00:00-06:00,15.649999618530273,2.7079999446868896
2019-02-14 00:00:00-06:00,16.219999313354492,2.6570000648498535
2019-02-15 00:00:00-06:00,14.90999984741211,2.6659998893737793
2019-02-19 00:00:00-06:00,14.880000114440918,2.6470000743865967
2019-02-20 00:00:00-06:00,14.020000457763672,2.6540000438690186
2019-02-21 00:00:00-06:00,14.460000038146973,2.687999963760376
2019-02-22 00:00:00-06:00,13.510000228881836,2.6549999713897705
2019-02-25 00:00:00-06:00,14.850000381469727,2.6730000972747803
2019-02-26 00:00:00-06:00,15.170000076293945,2.635999917984009
2019-02-27 00:00:00-06:00,14.699999809265137,2.693000078201294
2019-02-28 00:00:00-06:00,14.779999732971191,2.7109999656677246
2019-03-01 00:00:00-06:00,13.569999694824219,2.755000114440918
2019-03-04 00:00:00-06:00,14.630000114440918,2.7219998836517334
2019-03-05 00:00:00-06:00,14.739999771118164,2.7219998836517334
2019-03-06 00:00:00-06:00,15.739999771118164,2.691999912261963
2019-03-07 00:00:00-06:00,16.59000015258789,2.635999917984009
2019-03-08 00:00:00-06:00,16.049999237060547,2.625
2019-03-11 00:00:00-05:00,14.329999923706055,2.6429998874664307
2019-03-12 00:00:00-05:00,13.770000457763672,2.6050000190734863
2019-03-13 00:00:00-05:00,13.40999984741211,2.6110000610351562
2019-03-14 00:00:00-05:00,13.5,2.630000114440918
2019-03-15 00:00:00-05:00,12.880000114440918,2.5929999351501465
2019-03-18 00:00:00-05:00,13.100000381469727,2.6019999980926514
2019-03-19 00:00:00-05:00,13.5600004196167,2.614000082015991
2019-03-20 00:00:00-05:00,13.90999984741211,2.5350000858306885
2019-03-21 00:00:00-05:00,13.630000114440918,2.5369999408721924
2019-03-22 00:00:00-05:00,16.479999542236328,2.4549999237060547
2019-03-25 00:00:00-05:00,16.329999923706055,2.4200000762939453
2019-03-26 00:00:00-05:00,14.680000305175781,2.4140000343322754
2019-03-27 00:00:00-05:00,15.149999618530273,2.374000072479248
2019-03-28 00:00:00-05:00,14.430000305175781,2.3889999389648438
2019-03-29 00:00:00-05:00,13.710000038146973,2.4140000343322754
2019-04-01 00:00:00-05:00,13.399999618530273,2.496999979019165
2019-04-02 00:00:00-05:00,13.359999656677246,2.4809999465942383
2019-04-03 00:00:00-05:00,13.739999771118164,2.5169999599456787
2019-04-04 00:00:00-05:00,13.579999923706055,2.51200008392334
2019-04-05 00:00:00-05:00,12.819999694824219,2.500999927520752
2019-04-08 00:00:00-05:00,13.180000305175781,2.5190000534057617
2019-04-09 00:00:00-05:00,14.279999732971191,2.499000072479248
2019-04-10 00:00:00-05:00,13.300000190734863,2.4769999980926514
2019-04-11 00:00:00-05:00,13.020000457763672,2.503999948501587
2019-04-12 00:00:00-05:00,12.010000228881836,2.559999942779541
2019-04-15 00:00:00-05:00,12.319999694824219,2.552999973297119
2019-04-16 00:00:00-05:00,12.180000305175781,2.5920000076293945
2019-04-17 00:00:00-05:00,12.600000381469727,2.5920000076293945
2019-04-18 00:00:00-05:00,12.09000015258789,2.559999942779541
2019-04-22 00:00:00-05:00,12.420000076293945,2.5899999141693115
2019-04-23 00:00:00-05:00,12.279999732971191,2.569999933242798
2019-04-24 00:00:00-05:00,13.140000343322754,2.5220000743865967
2019-04-25 00:00:00-05:00,13.25,2.5339999198913574
2019-04-26 00:00:00-05:00,12.729999542236328,2.505000114440918
2019-04-29 00:00:00-05:00,13.109999656677246,2.5360000133514404
2019-04-30 00:00:00-05:00,13.119999885559082,2.509000062942505
2019-05-01 00:00:00-05:00,14.800000190734863,2.510999917984009
2019-05-02 00:00:00-05:00,14.420000076293945,2.552000045776367
2019-05-03 00:00:00-05:00,12.869999885559082,2.5309998989105225
2019-05-06 00:00:00-05:00,15.4399995803833,2.5
2019-05-07 00:00:00-05:00,19.31999969482422,2.447999954223633
2019-05-08 00:00:00-05:00,19.399999618530273,2.4820001125335693
2019-05-09 00:00:00-05:00,19.100000381469727,2.4570000171661377
2019-05-10 00:00:00-05:00,16.040000915527344,2.4549999237060547
2019-05-13 00:00:00-05:00,20.549999237060547,2.4049999713897705
2019-05-14 00:00:00-05:00,18.059999465942383,2.4189999103546143
2019-05-15 00:00:00-05:00,16.440000534057617,2.378999948501587
2019-05-16 00:00:00-05:00,15.289999961853027,2.4049999713897705
2019-05-17 00:00:00-05:00,15.960000038146973,2.3929998874664307
2019-05-20 00:00:00-05:00,16.309999465942383,2.4159998893737793
2019-05-21 00:00:00-05:00,14.949999809265137,2.4260001182556152
2019-05-22 00:00:00-05:00,14.75,2.3929998874664307
2019-05-23 00:00:00-05:00,16.920000076293945,2.2960000038146973
2019-05-24 00:00:00-05:00,15.850000381469727,2.3239998817443848
2019-05-28 00:00:00-05:00,17.5,2.2679998874664307
2019-05-29 00:00:00-05:00,17.899999618530273,2.2360000610351562
2019-05-30 00:00:00-05:00,17.299999237060547,2.2269999980926514
2019-05-31 00:00:00-05:00,18.709999084472656,2.1419999599456787
2019-06-03 00:00:00-05:00,18.860000610351562,2.0810000896453857
2019-06-04 00:00:00-05:00,16.969999313354492,2.11899995803833
2019-06-05 00:00:00-05:00,16.09000015258789,2.122999906539917
2019-06-06 00:00:00-05:00,15.930000305175781,2.124000072479248
2019-06-07 00:00:00-05:00,16.299999237060547,2.0840001106262207
2019-06-10 00:00:00-05:00,15.9399995803833,2.1429998874664307
2019-06-11 00:00:00-05:00,15.989999771118164,2.140000104904175
2019-06-12 00:00:00-05:00,15.90999984741211,2.127000093460083
2019-06-13 00:00:00-05:00,15.819999694824219,2.0910000801086426
2019-06-14 00:00:00-05:00,15.279999732971191,2.0929999351501465
2019-06-17 00:00:00-05:00,15.350000381469727,2.0859999656677246
2019-06-18 00:00:00-05:00,15.149999618530273,2.059999942779541
2019-06-19 00:00:00-05:00,14.329999923706055,2.0290000438690186
2019-06-20 00:00:00-05:00,14.75,2.000999927520752
2019-06-21 00:00:00-05:00,15.399999618530273,2.068000078201294
2019-06-24 00:00:00-05:00,15.260000228881836,2.0209999084472656
2019-06-25 00:00:00-05:00,16.280000686645508,1.99399995803833
2019-06-26 00:00:00-05:00,16.209999084472656,2.0490000247955322
2019-06-27 00:00:00-05:00,15.819999694824219,2.005000114440918
2019-06-28 00:00:00-05:00,15.079999923706055,2.0
2019-07-01 00:00:00-05:00,14.0600004196167,2.0339999198913574
2019-07-02 00:00:00-05:00,12.930000305175781,1.9759999513626099
2019-07-03 00:00:00-05:00,12.569999694824219,1.9529999494552612
2019-07-05 00:00:00-05:00,13.279999732971191,2.0480000972747803
2019-07-08 00:00:00-05:00,13.960000038146973,2.0339999198913574
2019-07-09 00:00:00-05:00,14.09000015258789,2.053999900817871
2019-07-10 00:00:00-05:00,13.029999732971191,2.061000108718872
2019-07-11 00:00:00-05:00,12.930000305175781,2.119999885559082
2019-07-12 00:00:00-05:00,12.390000343322754,2.1059999465942383
2019-07-15 00:00:00-05:00,12.680000305175781,2.0920000076293945
2019-07-16 00:00:00-05:00,12.859999656677246,2.121999979019165
2019-07-17 00:00:00-05:00,13.970000267028809,2.061000108718872
2019-07-18 00:00:00-05:00,13.529999732971191,2.0380001068115234
2019-07-19 00:00:00-05:00,14.449999809265137,2.0480000972747803
2019-07-22 00:00:00-05:00,13.529999732971191,2.0429999828338623
2019-07-23 00:00:00-05:00,12.609999656677246,2.0739998817443848
2019-07-24 00:00:00-05:00,12.069999694824219,2.049999952316284
2019-07-25 00:00:00-05:00,12.739999771118164,2.0739998817443848
2019-07-26 00:00:00-05:00,12.15999984741211,2.0810000896453857
2019-07-29 00:00:00-05:00,12.829999923706055,2.055000066757202
2019-07-30 00:00:00-05:00,13.9399995803833,2.061000108718872
2019-07-31 00:00:00-05:00,16.1200008392334,2.0209999084472656
2019-08-01 00:00:00-05:00,17.8700008392334,1.8940000534057617
2019-08-02 00:00:00-05:00,17.610000610351562,1.8550000190734863
2019-08-05 00:00:00-05:00,24.59000015258789,1.7350000143051147
2019-08-06 00:00:00-05:00,20.170000076293945,1.7389999628067017
2019-08-07 00:00:00-05:00,19.489999771118164,1.684000015258789
2019-08-08 00:00:00-05:00,16.90999984741211,1.715999960899353
2019-08-09 00:00:00-05:00,17.969999313354492,1.7339999675750732
2019-08-12 00:00:00-05:00,21.09000015258789,1.6390000581741333
2019-08-13 00:00:00-05:00,17.520000457763672,1.6799999475479126
2019-08-14 00:00:00-05:00,22.100000381469727,1.5809999704360962
2019-08-15 00:00:00-05:00,21.18000030517578,1.5290000438690186
2019-08-16 00:00:00-05:00,18.469999313354492,1.5390000343322754
2019-08-19 00:00:00-05:00,16.8799991607666,1.5980000495910645
2019-08-20 00:00:00-05:00,17.5,1.5609999895095825
2019-08-21 00:00:00-05:00,15.800000190734863,1.5770000219345093
2019-08-22 00:00:00-05:00,16.68000030517578,1.6100000143051147
2019-08-23 00:00:00-05:00,19.8700008392334,1.527999997138977
2019-08-26 00:00:00-05:00,19.31999969482422,1.5449999570846558
2019-08-27 00:00:00-05:00,20.309999465942383,1.4900000095367432
2019-08-28 00:00:00-05:00,19.350000381469727,1.465999960899353
2019-08-29 00:00:00-05:00,17.8799991607666,1.5160000324249268
2019-08-30 00:00:00-05:00,18.979999542236328,1.50600004196167
2019-09-03 00:00:00-05:00,19.65999984741211,1.465999960899353
2019-09-04 00:00:00-05:00,17.329999923706055,1.4589999914169312
2019-09-05 00:00:00-05:00,16.270000457763672,1.565000057220459
2019-09-06 00:00:00-05:00,15.0,1.5499999523162842
2019-09-09 00:00:00-05:00,15.270000457763672,1.621999979019165
2019-09-10 00:00:00-05:00,15.199999809265137,1.7020000219345093
2019-09-11 00:00:00-05:00,14.609999656677246,1.7330000400543213
2019-09-12 00:00:00-05:00,14.220000267028809,1.7910000085830688
2019-09-13 00:00:00-05:00,13.739999771118164,1.902999997138977
2019-09-16 00:00:00-05:00,14.670000076293945,1.840999960899353
2019-09-17 00:00:00-05:00,14.4399995803833,1.812000036239624
2019-09-18 00:00:00-05:00,13.949999809265137,1.7860000133514404
2019-09-19 00:00:00-05:00,14.050000190734863,1.7740000486373901
2019-09-20 00:00:00-05:00,15.319999694824219,1.7549999952316284
2019-09-23 00:00:00-05:00,14.90999984741211,1.7079999446868896
2019-09-24 00:00:00-05:00,17.049999237060547,1.6349999904632568
2019-09-25 00:00:00-05:00,15.960000038146973,1.7319999933242798
2019-09-26 00:00:00-05:00,16.06999969482422,1.684999942779541
2019-09-27 00:00:00-05:00,17.219999313354492,1.6749999523162842
2019-09-30 00:00:00-05:00,16.239999771118164,1.6749999523162842
2019-10-01 00:00:00-05:00,18.559999465942383,1.6440000534057617
2019-10-02 00:00:00-05:00,20.559999465942383,1.5959999561309814
2019-10-03 00:00:00-05:00,19.1200008392334,1.5360000133514404
2019-10-04 00:00:00-05:00,17.040000915527344,1.5149999856948853
2019-10-07 00:00:00-05:00,17.860000610351562,1.5529999732971191
2019-10-08 00:00:00-05:00,20.280000686645508,1.5369999408721924
2019-10-09 00:00:00-05:00,18.639999389648438,1.5889999866485596
2019-10-10 00:00:00-05:00,17.56999969482422,1.6579999923706055
2019-10-11 00:00:00-05:00,15.579999923706055,1.7519999742507935
2019-10-14 00:00:00-05:00,14.569999694824219,1.7330000400543213
2019-10-15 00:00:00-05:00,13.539999961853027,1.7710000276565552
2019-10-16 00:00:00-05:00,13.680000305175781,1.7480000257492065
2019-10-17 00:00:00-05:00,13.789999961853027,1.7569999694824219
2019-10-18 00:00:00-05:00,14.25,1.746999979019165
2019-10-21 00:00:00-05:00,14.0,1.7920000553131104
2019-10-22 00:00:00-05:00,14.460000038146973,1.7680000066757202
2019-10-23 00:00:00-05:00,14.010000228881836,1.7589999437332153
2019-10-24 00:00:00-05:00,13.710000038146973,1.7660000324249268
2019-10-25 00:00:00-05:00,12.649999618530273,1.8009999990463257
2019-10-28 00:00:00-05:00,13.109999656677246,1.8530000448226929
2019-10-29 00:00:00-05:00,13.199999809265137,1.8350000381469727
2019-10-30 00:00:00-05:00,12.329999923706055,1.7979999780654907
2019-10-31 00:00:00-05:00,13.220000267028809,1.690999984741211
2019-11-01 00:00:00-05:00,12.300000190734863,1.7280000448226929
2019-11-04 00:00:00-06:00,12.829999923706055,1.7860000133514404
2019-11-05 00:00:00-06:00,13.100000381469727,1.8660000562667847
2019-11-06 00:00:00-06:00,12.619999885559082,1.8140000104904175
2019-11-07 00:00:00-06:00,12.729999542236328,1.9259999990463257
2019-11-08 00:00:00-06:00,12.069999694824219,1.9329999685287476
2019-11-11 00:00:00-06:00,12.6899995803833,1.9429999589920044
2019-11-12 00:00:00-06:00,12.680000305175781,1.909000039100647
2019-11-13 00:00:00-06:00,13.0,1.8700000047683716
2019-11-14 00:00:00-06:00,13.050000190734863,1.815000057220459
2019-11-15 00:00:00-06:00,12.050000190734863,1.8339999914169312
2019-11-18 00:00:00-06:00,12.460000038146973,1.8079999685287476
2019-11-19 00:00:00-06:00,12.859999656677246,1.7860000133514404
2019-11-20 00:00:00-06:00,12.779999732971191,1.7380000352859497
2019-11-21 00:00:00-06:00,13.130000114440918,1.7719999551773071
2019-11-22 00:00:00-06:00,12.34000015258789,1.7740000486373901
2019-11-25 00:00:00-06:00,11.869999885559082,1.7640000581741333
2019-11-26 00:00:00-06:00,11.539999961853027,1.7400000095367432
2019-11-27 00:00:00-06:00,11.75,1.7669999599456787
2019-11-29 00:00:00-06:00,12.619999885559082,1.7760000228881836
2019-12-02 00:00:00-06:00,14.90999984741211,1.8359999656677246
2019-12-03 00:00:00-06:00,15.960000038146973,1.7089999914169312
2019-12-04 00:00:00-06:00,14.800000190734863,1.781000018119812
2019-12-05 00:00:00-06:00,14.520000457763672,1.7970000505447388
2019-12-06 00:00:00-06:00,13.619999885559082,1.8420000076293945
2019-12-09 00:00:00-06:00,15.859999656677246,1.8289999961853027
2019-12-10 00:00:00-06:00,15.680000305175781,1.8329999446868896
2019-12-11 00:00:00-06:00,14.989999771118164,1.7899999618530273
2019-12-12 00:00:00-06:00,13.9399995803833,1.8969999551773071
2019-12-13 00:00:00-06:00,12.630000114440918,1.819000005722046
2019-12-16 00:00:00-06:00,12.140000343322754,1.8919999599456787
2019-12-17 00:00:00-06:00,12.289999961853027,1.8890000581741333
2019-12-18 00:00:00-06:00,12.579999923706055,1.9240000247955322
2019-12-19 00:00:00-06:00,12.5,1.9079999923706055
2019-12-20 00:00:00-06:00,12.510000228881836,1.9170000553131104
2019-12-23 00:00:00-06:00,12.609999656677246,1.934999942779541
2019-12-24 00:00:00-06:00,12.670000076293945,1.909999966621399
2019-12-26 00:00:00-06:00,12.649999618530273,1.9049999713897705
2019-12-27 00:00:00-06:00,13.430000305175781,1.8739999532699585
2019-12-30 00:00:00-06:00,14.819999694824219,1.8949999809265137
2019-12-31 00:00:00-06:00,13.779999732971191,1.9190000295639038
2020-01-02 00:00:00-06:00,12.470000267028809,1.8819999694824219
2020-01-03 00:00:00-06:00,14.020000457763672,1.7879999876022339
2020-01-06 00:00:00-06:00,13.850000381469727,1.8109999895095825
2020-01-07 00:00:00-06:00,13.789999961853027,1.8270000219345093
2020-01-08 00:00:00-06:00,13.449999809265137,1.8739999532699585
2020-01-09 00:00:00-06:00,12.539999961853027,1.8580000400543213
2020-01-10 00:00:00-06:00,12.5600004196167,1.8250000476837158
2020-01-13 00:00:00-06:00,12.319999694824219,1.8480000495910645
2020-01-14 00:00:00-06:00,12.390000343322754,1.8179999589920044
2020-01-15 00:00:00-06:00,12.420000076293945,1.7879999876022339
2020-01-16 00:00:00-06:00,12.319999694824219,1.809000015258789
2020-01-17 00:00:00-06:00,12.100000381469727,1.8359999656677246
2020-01-21 00:00:00-06:00,12.850000381469727,1.7690000534057617
2020-01-22 00:00:00-06:00,12.90999984741211,1.7690000534057617
2020-01-23 00:00:00-06:00,12.979999542236328,1.7400000095367432
2020-01-24 00:00:00-06:00,14.5600004196167,1.680999994277954
2020-01-27 00:00:00-06:00,18.229999542236328,1.6050000190734863
2020-01-28 00:00:00-06:00,16.280000686645508,1.6410000324249268
2020-01-29 00:00:00-06:00,16.389999389648438,1.593999981880188
2020-01-30 00:00:00-06:00,15.489999771118164,1.5579999685287476
2020-01-31 00:00:00-06:00,18.84000015258789,1.5199999809265137
2020-02-03 00:00:00-06:00,17.969999313354492,1.5199999809265137
2020-02-04 00:00:00-06:00,16.049999237060547,1.6030000448226929
2020-02-05 00:00:00-06:00,15.149999618530273,1.6490000486373901
2020-02-06 00:00:00-06:00,14.960000038146973,1.6440000534057617
2020-02-07 00:00:00-06:00,15.470000267028809,1.5779999494552612
2020-02-10 00:00:00-06:00,15.039999961853027,1.5470000505447388
2020-02-11 00:00:00-06:00,15.180000305175781,1.590000033378601
2020-02-12 00:00:00-06:00,13.739999771118164,1.6299999952316284
2020-02-13 00:00:00-06:00,14.149999618530273,1.6169999837875366
2020-02-14 00:00:00-06:00,13.680000305175781,1.5880000591278076
2020-02-18 00:00:00-06:00,14.829999923706055,1.555999994277954
2020-02-19 00:00:00-06:00,14.380000114440918,1.5700000524520874
2020-02-20 00:00:00-06:00,15.5600004196167,1.524999976158142
2020-02-21 00:00:00-06:00,17.079999923706055,1.4709999561309814
2020-02-24 00:00:00-06:00,25.030000686645508,1.3769999742507935
2020-02-25 00:00:00-06:00,27.850000381469727,1.3300000429153442
2020-02-26 00:00:00-06:00,27.559999465942383,1.309999942779541
2020-02-27 00:00:00-06:00,39.15999984741211,1.2990000247955322
2020-02-28 00:00:00-06:00,40.11000061035156,1.1269999742507935
2020-03-02 00:00:00-06:00,33.41999816894531,1.0880000591278076
2020-03-03 00:00:00-06:00,36.81999969482422,1.0099999904632568
2020-03-04 00:00:00-06:00,31.989999771118164,0.9919999837875366
2020-03-05 00:00:00-06:00,39.619998931884766,0.9259999990463257
2020-03-06 00:00:00-06:00,41.939998626708984,0.7059999704360962
2020-03-09 00:00:00-05:00,54.459999084472656,0.49900001287460327
2020-03-10 00:00:00-05:00,47.29999923706055,0.7480000257492065
2020-03-11 00:00:00-05:00,53.900001525878906,0.8199999928474426
2020-03-12 00:00:00-05:00,75.47000122070312,0.8489999771118164
2020-03-13 00:00:00-05:00,57.83000183105469,0.9509999752044678
2020-03-16 00:00:00-05:00,82.69000244140625,0.7279999852180481
2020-03-17 00:00:00-05:00,75.91000366210938,0.996999979019165
2020-03-18 00:00:00-05:00,76.44999694824219,1.2660000324249268
2020-03-19 00:00:00-05:00,72.0,1.11899995803833
2020-03-20 00:00:00-05:00,66.04000091552734,0.9380000233650208
2020-03-23 00:00:00-05:00,61.59000015258789,0.7639999985694885
2020-03-24 00:00:00-05:00,61.66999816894531,0.8159999847412109
2020-03-25 00:00:00-05:00,63.95000076293945,0.8579999804496765
2020-03-26 00:00:00-05:00,61.0,0.8109999895095825
2020-03-27 00:00:00-05:00,65.54000091552734,0.7490000128746033
2020-03-30 00:00:00-05:00,57.08000183105469,0.6700000166893005
2020-03-31 00:00:00-05:00,53.540000915527344,0.6980000138282776
2020-04-01 00:00:00-05:00,57.060001373291016,0.6349999904632568
2020-04-02 00:00:00-05:00,50.90999984741211,0.6269999742507935
2020-04-03 00:00:00-05:00,46.79999923706055,0.5870000123977661
2020-04-06 00:00:00-05:00,45.2400016784668,0.6759999990463257
2020-04-07 00:00:00-05:00,46.70000076293945,0.7360000014305115
2020-04-08 00:00:00-05:00,43.349998474121094,0.7639999985694885
2020-04-09 00:00:00-05:00,41.66999816894531,0.7289999723434448
2020-04-13 00:00:00-05:00,41.16999816894531,0.7490000128746033
2020-04-14 00:00:00-05:00,37.7599983215332,0.7519999742507935
2020-04-15 00:00:00-05:00,40.84000015258789,0.6380000114440918
2020-04-16 00:00:00-05:00,40.11000061035156,0.609000027179718
2020-04-17 00:00:00-05:00,38.150001525878906,0.6539999842643738
2020-04-20 00:00:00-05:00,43.83000183105469,0.6259999871253967
2020-04-21 00:00:00-05:00,45.40999984741211,0.5709999799728394
2020-04-22 00:00:00-05:00,41.97999954223633,0.6190000176429749
2020-04-23 00:00:00-05:00,41.380001068115234,0.6129999756813049
2020-04-24 00:00:00-05:00,35.93000030517578,0.5960000157356262
2020-04-27 00:00:00-05:00,33.290000915527344,0.656000018119812
2020-04-28 00:00:00-05:00,33.56999969482422,0.6100000143051147
2020-04-29 00:00:00-05:00,31.229999542236328,0.6269999742507935
2020-04-30 00:00:00-05:00,34.150001525878906,0.621999979019165
2020-05-01 00:00:00-05:00,37.189998626708984,0.6420000195503235
2020-05-04 00:00:00-05:00,35.970001220703125,0.6370000243186951
2020-05-05 00:00:00-05:00,33.61000061035156,0.6570000052452087
2020-05-06 00:00:00-05:00,34.119998931884766,0.7110000252723694
2020-05-07 00:00:00-05:00,31.440000534057617,0.6309999823570251
2020-05-08 00:00:00-05:00,27.979999542236328,0.6819999814033508
2020-05-11 00:00:00-05:00,27.56999969482422,0.7260000109672546
2020-05-12 00:00:00-05:00,33.040000915527344,0.6779999732971191
2020-05-13 00:00:00-05:00,35.279998779296875,0.6489999890327454
2020-05-14 00:00:00-05:00,32.61000061035156,0.6190000176429749
2020-05-15 00:00:00-05:00,31.889999389648438,0.6399999856948853
2020-05-18 00:00:00-05:00,29.299999237060547,0.7440000176429749
2020-05-19 00:00:00-05:00,30.530000686645508,0.7110000252723694
2020-05-20 00:00:00-05:00,27.989999771118164,0.6800000071525574
2020-05-21 00:00:00-05:00,29.530000686645508,0.6769999861717224
2020-05-22 00:00:00-05:00,28.15999984741211,0.6570000052452087
2020-05-26 00:00:00-05:00,28.010000228881836,0.6980000138282776
2020-05-27 00:00:00-05:00,27.6200008392334,0.6800000071525574
2020-05-28 00:00:00-05:00,28.59000015258789,0.7049999833106995
2020-05-29 00:00:00-05:00,27.510000228881836,0.6480000019073486
2020-06-01 00:00:00-05:00,28.229999542236328,0.6620000004768372
2020-06-02 00:00:00-05:00,26.84000015258789,0.6800000071525574
2020-06-03 00:00:00-05:00,25.65999984741211,0.7609999775886536
2020-06-04 00:00:00-05:00,25.809999465942383,0.8199999928474426
2020-06-05 00:00:00-05:00,24.520000457763672,0.9039999842643738
2020-06-08 00:00:00-05:00,25.809999465942383,0.8840000033378601
2020-06-09 00:00:00-05:00,27.56999969482422,0.8289999961853027
2020-06-10 00:00:00-05:00,27.56999969482422,0.7480000257492065
2020-06-11 00:00:00-05:00,40.790000915527344,0.652999997138977
2020-06-12 00:00:00-05:00,36.09000015258789,0.6990000009536743
2020-06-15 00:00:00-05:00,34.400001525878906,0.7020000219345093
2020-06-16 00:00:00-05:00,33.66999816894531,0.7559999823570251
2020-06-17 00:00:00-05:00,33.470001220703125,0.7329999804496765
2020-06-18 00:00:00-05:00,32.939998626708984,0.6940000057220459
2020-06-19 00:00:00-05:00,35.119998931884766,0.6970000267028809
2020-06-22 00:00:00-05:00,31.770000457763672,0.7039999961853027
2020-06-23 00:00:00-05:00,31.3700008392334,0.7089999914169312
2020-06-24 00:00:00-05:00,33.84000015258789,0.6840000152587891
2020-06-25 00:00:00-05:00,32.220001220703125,0.6740000247955322
2020-06-26 00:00:00-05:00,34.72999954223633,0.6359999775886536
2020-06-29 00:00:00-05:00,31.780000686645508,0.6359999775886536
2020-06-30 00:00:00-05:00,30.43000030517578,0.652999997138977
2020-07-01 00:00:00-05:00,28.6200008392334,0.6819999814033508
2020-07-02 00:00:00-05:00,27.68000030517578,0.6690000295639038
2020-07-06 00:00:00-05:00,27.940000534057617,0.6840000152587891
2020-07-07 00:00:00-05:00,29.43000030517578,0.6499999761581421
2020-07-08 00:00:00-05:00,28.079999923706055,0.652999997138977
2020-07-09 00:00:00-05:00,29.260000228881836,0.6050000190734863
2020-07-10 00:00:00-05:00,27.290000915527344,0.6330000162124634
2020-07-13 00:00:00-05:00,32.189998626708984,0.6399999856948853
2020-07-14 00:00:00-05:00,29.520000457763672,0.6150000095367432
2020-07-15 00:00:00-05:00,27.760000228881836,0.6299999952316284
2020-07-16 00:00:00-05:00,28.0,0.6119999885559082
2020-07-17 00:00:00-05:00,25.68000030517578,0.628000020980835
2020-07-20 00:00:00-05:00,24.459999084472656,0.6200000047683716
2020-07-21 00:00:00-05:00,24.84000015258789,0.6069999933242798
2020-07-22 00:00:00-05:00,24.31999969482422,0.5950000286102295
2020-07-23 00:00:00-05:00,26.079999923706055,0.5820000171661377
2020-07-24 00:00:00-05:00,25.84000015258789,0.5889999866485596
2020-07-27 00:00:00-05:00,24.739999771118164,0.609000027179718
2020-07-28 00:00:00-05:00,25.440000534057617,0.5809999704360962
2020-07-29 00:00:00-05:00,24.100000381469727,0.5789999961853027
2020-07-30 00:00:00-05:00,24.760000228881836,0.5410000085830688
2020-07-31 00:00:00-05:00,24.459999084472656,0.5360000133514404
2020-08-03 00:00:00-05:00,24.280000686645508,0.5630000233650208
2020-08-04 00:00:00-05:00,23.760000228881836,0.5149999856948853
2020-08-05 00:00:00-05:00,22.989999771118164,0.5429999828338623
2020-08-06 00:00:00-05:00,22.649999618530273,0.5360000133514404
2020-08-07 00:00:00-05:00,22.209999084472656,0.5619999766349792
2020-08-10 00:00:00-05:00,22.1299991607666,0.5740000009536743
2020-08-11 00:00:00-05:00,24.030000686645508,0.6579999923706055
2020-08-12 00:00:00-05:00,22.280000686645508,0.6700000166893005
2020-08-13 00:00:00-05:00,22.1299991607666,0.7160000205039978
2020-08-14 00:00:00-05:00,22.049999237060547,0.7089999914169312
2020-08-17 00:00:00-05:00,21.350000381469727,0.6830000281333923
2020-08-18 00:00:00-05:00,21.510000228881836,0.6690000295639038
2020-08-19 00:00:00-05:00,22.540000915527344,0.675000011920929
2020-08-20 00:00:00-05:00,22.719999313354492,0.6439999938011169
2020-08-21 00:00:00-05:00,22.540000915527344,0.6399999856948853
2020-08-24 00:00:00-05:00,22.3700008392334,0.6460000276565552
2020-08-25 00:00:00-05:00,22.030000686645508,0.6819999814033508
2020-08-26 00:00:00-05:00,23.270000457763672,0.6869999766349792
2020-08-27 00:00:00-05:00,24.469999313354492,0.7459999918937683
2020-08-28 00:00:00-05:00,22.959999084472656,0.7289999723434448
2020-08-31 00:00:00-05:00,26.40999984741211,0.6930000185966492
2020-09-01 00:00:00-05:00,26.1200008392334,0.671999990940094
2020-09-02 00:00:00-05:00,26.56999969482422,0.6510000228881836
2020-09-03 00:00:00-05:00,33.599998474121094,0.621999979019165
2020-09-04 00:00:00-05:00,30.75,0.7210000157356262
2020-09-08 00:00:00-05:00,31.459999084472656,0.6840000152587891
2020-09-09 00:00:00-05:00,28.809999465942383,0.703000009059906
2020-09-10 00:00:00-05:00,29.709999084472656,0.6850000023841858
2020-09-11 00:00:00-05:00,26.8700008392334,0.6690000295639038
2020-09-14 00:00:00-05:00,25.850000381469727,0.6710000038146973
2020-09-15 00:00:00-05:00,25.59000015258789,0.6790000200271606
2020-09-16 00:00:00-05:00,26.040000915527344,0.6869999766349792
2020-09-17 00:00:00-05:00,26.459999084472656,0.6840000152587891
2020-09-18 00:00:00-05:00,25.829999923706055,0.6940000057220459
2020-09-21 00:00:00-05:00,27.780000686645508,0.6710000038146973
2020-09-22 00:00:00-05:00,26.860000610351562,0.6639999747276306
2020-09-23 00:00:00-05:00,28.579999923706055,0.6759999990463257
2020-09-24 00:00:00-05:00,28.510000228881836,0.6660000085830688
2020-09-25 00:00:00-05:00,26.3799991607666,0.6589999794960022
2020-09-28 00:00:00-05:00,26.190000534057617,0.6629999876022339
2020-09-29 00:00:00-05:00,26.270000457763672,0.6449999809265137
2020-09-30 00:00:00-05:00,26.3700008392334,0.6769999861717224
2020-10-01 00:00:00-05:00,26.700000762939453,0.6769999861717224
2020-10-02 00:00:00-05:00,27.6299991607666,0.6959999799728394
2020-10-05 00:00:00-05:00,27.959999084472656,0.7620000243186951
2020-10-06 00:00:00-05:00,29.479999542236328,0.7419999837875366
2020-10-07 00:00:00-05:00,28.059999465942383,0.7850000262260437
2020-10-08 00:00:00-05:00,26.360000610351562,0.7649999856948853
2020-10-09 00:00:00-05:00,25.0,0.7749999761581421
2020-10-12 00:00:00-05:00,25.06999969482422,0.7770000100135803
2020-10-13 00:00:00-05:00,26.06999969482422,0.7269999980926514
2020-10-14 00:00:00-05:00,26.399999618530273,0.722000002861023
2020-10-15 00:00:00-05:00,26.969999313354492,0.7310000061988831
2020-10-16 00:00:00-05:00,27.40999984741211,0.7440000176429749
2020-10-19 00:00:00-05:00,29.18000030517578,0.7609999775886536
2020-10-20 00:00:00-05:00,29.350000381469727,0.796999990940094
2020-10-21 00:00:00-05:00,28.649999618530273,0.8159999847412109
2020-10-22 00:00:00-05:00,28.110000610351562,0.8479999899864197
2020-10-23 00:00:00-05:00,27.549999237060547,0.8410000205039978
2020-10-26 00:00:00-05:00,32.459999084472656,0.8009999990463257
2020-10-27 00:00:00-05:00,33.349998474121094,0.777999997138977
2020-10-28 00:00:00-05:00,40.279998779296875,0.781000018119812
2020-10-29 00:00:00-05:00,37.59000015258789,0.8349999785423279
2020-10-30 00:00:00-05:00,38.02000045776367,0.8600000143051147
2020-11-02 00:00:00-06:00,37.130001068115234,0.8489999771118164
2020-11-03 00:00:00-06:00,35.54999923706055,0.8820000290870667
2020-11-04 00:00:00-06:00,29.56999969482422,0.7680000066757202
2020-11-05 00:00:00-06:00,27.579999923706055,0.7760000228881836
2020-11-06 00:00:00-06:00,24.860000610351562,0.8199999928474426
2020-11-09 00:00:00-06:00,25.75,0.9580000042915344
2020-11-10 00:00:00-06:00,24.799999237060547,0.972000002861023
2020-11-11 00:00:00-06:00,23.450000762939453,0.9580000042915344
2020-11-12 00:00:00-06:00,25.350000381469727,0.8849999904632568
2020-11-13 00:00:00-06:00,23.100000381469727,0.8930000066757202
2020-11-16 00:00:00-06:00,22.450000762939453,0.906000018119812
2020-11-17 00:00:00-06:00,22.709999084472656,0.871999979019165
2020-11-18 00:00:00-06:00,23.84000015258789,0.8820000290870667
2020-11-19 00:00:00-06:00,23.110000610351562,0.8539999723434448
2020-11-20 00:00:00-06:00,23.700000762939453,0.8289999961853027
2020-11-23 00:00:00-06:00,22.65999984741211,0.8569999933242798
2020-11-24 00:00:00-06:00,21.639999389648438,0.8820000290870667
2020-11-25 00:00:00-06:00,21.25,0.878000020980835
2020-11-27 00:00:00-06:00,20.84000015258789,0.8420000076293945
2020-11-30 00:00:00-06:00,20.56999969482422,0.843999981880188
2020-12-01 00:00:00-06:00,20.770000457763672,0.9340000152587891
2020-12-02 00:00:00-06:00,21.170000076293945,0.9480000138282776
2020-12-03 00:00:00-06:00,21.280000686645508,0.9200000166893005
2020-12-04 00:00:00-06:00,20.790000915527344,0.968999981880188
2020-12-07 00:00:00-06:00,21.299999237060547,0.9279999732971191
2020-12-08 00:00:00-06:00,20.68000030517578,0.9129999876022339
2020-12-09 00:00:00-06:00,22.270000457763672,0.9409999847412109
2020-12-10 00:00:00-06:00,22.520000457763672,0.9079999923706055
2020-12-11 00:00:00-06:00,23.309999465942383,0.8930000066757202
2020-12-14 00:00:00-06:00,24.719999313354492,0.8920000195503235
2020-12-15 00:00:00-06:00,22.889999389648438,0.9229999780654907
2020-12-16 00:00:00-06:00,22.5,0.9200000166893005
2020-12-17 00:00:00-06:00,21.93000030517578,0.9300000071525574
2020-12-18 00:00:00-06:00,21.56999969482422,0.9480000138282776
2020-12-21 00:00:00-06:00,25.15999984741211,0.9409999847412109
2020-12-22 00:00:00-06:00,24.229999542236328,0.9179999828338623
2020-12-23 00:00:00-06:00,23.309999465942383,0.9549999833106995
2020-12-24 00:00:00-06:00,21.530000686645508,0.9279999732971191
2020-12-28 00:00:00-06:00,21.700000762939453,0.9330000281333923
2020-12-29 00:00:00-06:00,23.079999923706055,0.9350000023841858
2020-12-30 00:00:00-06:00,22.770000457763672,0.9259999990463257
2020-12-31 00:00:00-06:00,22.75,0.9169999957084656
2021-01-04 00:00:00-06:00,26.969999313354492,0.9169999957084656
2021-01-05 00:00:00-06:00,25.34000015258789,0.9549999833106995
2021-01-06 00:00:00-06:00,25.06999969482422,1.0420000553131104
2021-01-07 00:00:00-06:00,22.3700008392334,1.0709999799728394
2021-01-08 00:00:00-06:00,21.559999465942383,1.1050000190734863
2021-01-11 00:00:00-06:00,24.079999923706055,1.1319999694824219
2021-01-12 00:00:00-06:00,23.329999923706055,1.1380000114440918
2021-01-13 00:00:00-06:00,22.209999084472656,1.0880000591278076
2021-01-14 00:00:00-06:00,23.25,1.128999948501587
2021-01-15 00:00:00-06:00,24.34000015258789,1.097000002861023
2021-01-19 00:00:00-06:00,23.239999771118164,1.0920000076293945
2021-01-20 00:00:00-06:00,21.579999923706055,1.090000033378601
2021-01-21 00:00:00-06:00,21.31999969482422,1.1089999675750732
2021-01-22 00:00:00-06:00,21.90999984741211,1.090999960899353
2021-01-25 00:00:00-06:00,23.190000534057617,1.0399999618530273
2021-01-26 00:00:00-06:00,23.020000457763672,1.0399999618530273
2021-01-27 00:00:00-06:00,37.209999084472656,1.0140000581741333
2021-01-28 00:00:00-06:00,30.209999084472656,1.0570000410079956
2021-01-29 00:00:00-06:00,33.09000015258789,1.093000054359436
2021-02-01 00:00:00-06:00,30.239999771118164,1.0770000219345093
2021-02-02 00:00:00-06:00,25.559999465942383,1.1050000190734863
2021-02-03 00:00:00-06:00,22.90999984741211,1.13100004196167
2021-02-04 00:00:00-06:00,21.770000457763672,1.1390000581741333
2021-02-05 00:00:00-06:00,20.8700008392334,1.1699999570846558
2021-02-08 00:00:00-06:00,21.239999771118164,1.159999966621399
2021-02-09 00:00:00-06:00,21.6299991607666,1.156999945640564
2021-02-10 00:00:00-06:00,21.989999771118164,1.1330000162124634
2021-02-11 00:00:00-06:00,21.25,1.1579999923706055
2021-02-12 00:00:00-06:00,19.969999313354492,1.2000000476837158
2021-02-16 00:00:00-06:00,21.459999084472656,1.2990000247955322
2021-02-17 00:00:00-06:00,21.5,1.3009999990463257
2021-02-18 00:00:00-06:00,22.489999771118164,1.2869999408721924
2021-02-19 00:00:00-06:00,22.049999237060547,1.3450000286102295
2021-02-22 00:00:00-06:00,23.450000762939453,1.3700000047683716
2021-02-23 00:00:00-06:00,23.110000610351562,1.3619999885559082
2021-02-24 00:00:00-06:00,21.34000015258789,1.3890000581741333
2021-02-25 00:00:00-06:00,28.889999389648438,1.5180000066757202
2021-02-26 00:00:00-06:00,27.950000762939453,1.4600000381469727
2021-03-01 00:00:00-06:00,23.350000381469727,1.4459999799728394
2021-03-02 00:00:00-06:00,24.100000381469727,1.4149999618530273
2021-03-03 00:00:00-06:00,26.670000076293945,1.4700000286102295
2021-03-04 00:00:00-06:00,28.56999969482422,1.5499999523162842
2021-03-05 00:00:00-06:00,24.65999984741211,1.5540000200271606
2021-03-08 00:00:00-06:00,25.469999313354492,1.5959999561309814
2021-03-09 00:00:00-06:00,24.030000686645508,1.5460000038146973
2021-03-10 00:00:00-06:00,22.559999465942383,1.5199999809265137
2021-03-11 00:00:00-06:00,21.90999984741211,1.5269999504089355
2021-03-12 00:00:00-06:00,20.690000534057617,1.6349999904632568
2021-03-15 00:00:00-05:00,20.030000686645508,1.6069999933242798
2021-03-16 00:00:00-05:00,19.790000915527344,1.621000051498413
2021-03-17 00:00:00-05:00,19.229999542236328,1.6410000324249268
2021-03-18 00:00:00-05:00,21.579999923706055,1.7300000190734863
2021-03-19 00:00:00-05:00,20.950000762939453,1.7319999933242798
2021-03-22 00:00:00-05:00,18.8799991607666,1.684000015258789
2021-03-23 00:00:00-05:00,20.299999237060547,1.6380000114440918
2021-03-24 00:00:00-05:00,21.200000762939453,1.6139999628067017
2021-03-25 00:00:00-05:00,19.809999465942383,1.6139999628067017
2021-03-26 00:00:00-05:00,18.860000610351562,1.659999966621399
2021-03-29 00:00:00-05:00,20.739999771118164,1.7209999561309814
2021-03-30 00:00:00-05:00,19.610000610351562,1.7259999513626099
2021-03-31 00:00:00-05:00,19.399999618530273,1.746000051498413
2021-04-01 00:00:00-05:00,17.329999923706055,1.6790000200271606
2021-04-05 00:00:00-05:00,17.90999984741211,1.7200000286102295
2021-04-06 00:00:00-05:00,18.1200008392334,1.656000018119812
2021-04-07 00:00:00-05:00,17.15999984741211,1.652999997138977
2021-04-08 00:00:00-05:00,16.950000762939453,1.6319999694824219
2021-04-09 00:00:00-05:00,16.690000534057617,1.6660000085830688
2021-04-12 00:00:00-05:00,16.90999984741211,1.6749999523162842
2021-04-13 00:00:00-05:00,16.649999618530273,1.6230000257492065
2021-04-14 00:00:00-05:00,16.989999771118164,1.6380000114440918
2021-04-15 00:00:00-05:00,16.56999969482422,1.5299999713897705
2021-04-16 00:00:00-05:00,16.25,1.5729999542236328
2021-04-19 00:00:00-05:00,17.290000915527344,1.6009999513626099
2021-04-20 00:00:00-05:00,18.68000030517578,1.562000036239624
2021-04-21 00:00:00-05:00,17.5,1.5640000104904175
2021-04-22 00:00:00-05:00,18.709999084472656,1.5540000200271606
2021-04-23 00:00:00-05:00,17.329999923706055,1.5670000314712524
2021-04-26 00:00:00-05:00,17.639999389648438,1.5700000524520874
2021-04-27 00:00:00-05:00,17.559999465942383,1.621999979019165
2021-04-28 00:00:00-05:00,17.280000686645508,1.6200000047683716
2021-04-29 00:00:00-05:00,17.610000610351562,1.6399999856948853
2021-04-30 00:00:00-05:00,18.610000610351562,1.63100004196167
2021-05-03 00:00:00-05:00,18.309999465942383,1.6069999933242798
2021-05-04 00:00:00-05:00,19.479999542236328,1.5920000076293945
2021-05-05 00:00:00-05:00,19.149999618530273,1.5839999914169312
2021-05-06 00:00:00-05:00,18.389999389648438,1.5609999895095825
2021-05-07 00:00:00-05:00,16.690000534057617,1.5770000219345093
2021-05-10 00:00:00-05:00,19.65999984741211,1.6019999980926514
2021-05-11 00:00:00-05:00,21.84000015258789,1.6239999532699585
2021-05-12 00:00:00-05:00,27.59000015258789,1.6950000524520874
2021-05-13 00:00:00-05:00,23.1299991607666,1.6679999828338623
2021-05-14 00:00:00-05:00,18.809999465942383,1.6349999904632568
2021-05-17 00:00:00-05:00,19.719999313354492,1.6399999856948853
2021-05-18 00:00:00-05:00,21.34000015258789,1.6419999599456787
2021-05-19 00:00:00-05:00,22.18000030517578,1.6829999685287476
2021-05-20 00:00:00-05:00,20.670000076293945,1.6339999437332153
2021-05-21 00:00:00-05:00,20.149999618530273,1.6319999694824219
2021-05-24 00:00:00-05:00,18.399999618530273,1.6080000400543213
2021-05-25 00:00:00-05:00,18.84000015258789,1.5640000104904175
2021-05-26 00:00:00-05:00,17.360000610351562,1.5740000009536743
2021-05-27 00:00:00-05:00,16.739999771118164,1.6100000143051147
2021-05-28 00:00:00-05:00,16.760000228881836,1.5809999704360962
2021-06-01 00:00:00-05:00,17.899999618530273,1.6150000095367432
2021-06-02 00:00:00-05:00,17.479999542236328,1.590999960899353
2021-06-03 00:00:00-05:00,18.040000915527344,1.625
2021-06-04 00:00:00-05:00,16.420000076293945,1.559999942779541
2021-06-07 00:00:00-05:00,16.420000076293945,1.569000005722046
2021-06-08 00:00:00-05:00,17.06999969482422,1.527999997138977
2021-06-09 00:00:00-05:00,17.889999389648438,1.4889999628067017
2021-06-10 00:00:00-05:00,16.100000381469727,1.4589999914169312
2021-06-11 00:00:00-05:00,15.649999618530273,1.4620000123977661
2021-06-14 00:00:00-05:00,16.389999389648438,1.5010000467300415
2021-06-15 00:00:00-05:00,17.020000457763672,1.4989999532699585
2021-06-16 00:00:00-05:00,18.149999618530273,1.569000005722046
2021-06-17 00:00:00-05:00,17.75,1.5110000371932983
2021-06-18 00:00:00-05:00,20.700000762939453,1.4500000476837158
2021-06-21 00:00:00-05:00,17.889999389648438,1.4839999675750732
2021-06-22 00:00:00-05:00,16.65999984741211,1.472000002861023
2021-06-23 00:00:00-05:00,16.31999969482422,1.4869999885559082
2021-06-24 00:00:00-05:00,15.970000267028809,1.4869999885559082
2021-06-25 00:00:00-05:00,15.619999885559082,1.5360000133514404
2021-06-28 00:00:00-05:00,15.760000228881836,1.4780000448226929
2021-06-29 00:00:00-05:00,16.020000457763672,1.4800000190734863
2021-06-30 00:00:00-05:00,15.829999923706055,1.4429999589920044
2021-07-01 00:00:00-05:00,15.479999542236328,1.4800000190734863
2021-07-02 00:00:00-05:00,15.069999694824219,1.430999994277954
2021-07-06 00:00:00-05:00,16.440000534057617,1.3700000047683716
2021-07-07 00:00:00-05:00,16.200000762939453,1.3209999799728394
2021-07-08 00:00:00-05:00,19.0,1.2879999876022339
2021-07-09 00:00:00-05:00,16.18000030517578,1.3559999465942383
2021-07-12 00:00:00-05:00,16.170000076293945,1.3630000352859497
2021-07-13 00:00:00-05:00,17.1200008392334,1.4149999618530273
2021-07-14 00:00:00-05:00,16.329999923706055,1.3559999465942383
2021-07-15 00:00:00-05:00,17.010000228881836,1.2970000505447388
2021-07-16 00:00:00-05:00,18.450000762939453,1.2999999523162842
2021-07-19 00:00:00-05:00,22.5,1.180999994277954
2021-07-20 00:00:00-05:00,19.729999542236328,1.2089999914169312
2021-07-21 00:00:00-05:00,17.90999984741211,1.2799999713897705
2021-07-22 00:00:00-05:00,17.690000534057617,1.2649999856948853
2021-07-23 00:00:00-05:00,17.200000762939453,1.2860000133514404
2021-07-26 00:00:00-05:00,17.579999923706055,1.2760000228881836
2021-07-27 00:00:00-05:00,19.360000610351562,1.2339999675750732
2021-07-28 00:00:00-05:00,18.309999465942383,1.2610000371932983
2021-07-29 00:00:00-05:00,17.700000762939453,1.2690000534057617
2021-07-30 00:00:00-05:00,18.239999771118164,1.2389999628067017
2021-08-02 00:00:00-05:00,19.459999084472656,1.1740000247955322
2021-08-03 00:00:00-05:00,18.040000915527344,1.1759999990463257
2021-08-04 00:00:00-05:00,17.969999313354492,1.184000015258789
2021-08-05 00:00:00-05:00,17.280000686645508,1.2170000076293945
2021-08-06 00:00:00-05:00,16.149999618530273,1.2899999618530273
2021-08-09 00:00:00-05:00,16.719999313354492,1.3170000314712524
2021-08-10 00:00:00-05:00,16.790000915527344,1.3420000076293945
2021-08-11 00:00:00-05:00,16.170000076293945,1.3289999961853027
2021-08-12 00:00:00-05:00,15.59000015258789,1.3669999837875366
2021-08-13 00:00:00-05:00,15.449999809265137,1.2970000505447388
2021-08-16 00:00:00-05:00,16.1200008392334,1.2569999694824219
2021-08-17 00:00:00-05:00,17.90999984741211,1.2580000162124634
2021-08-18 00:00:00-05:00,21.56999969482422,1.2730000019073486
2021-08-19 00:00:00-05:00,21.670000076293945,1.2419999837875366
2021-08-20 00:00:00-05:00,18.559999465942383,1.2599999904632568
2021-08-23 00:00:00-05:00,17.149999618530273,1.2549999952316284
2021-08-24 00:00:00-05:00,17.219999313354492,1.2899999618530273
2021-08-25 00:00:00-05:00,16.790000915527344,1.3420000076293945
2021-08-26 00:00:00-05:00,18.84000015258789,1.3420000076293945
2021-08-27 00:00:00-05:00,16.389999389648438,1.312000036239624
2021-08-30 00:00:00-05:00,16.190000534057617,1.284999966621399
2021-08-31 00:00:00-05:00,16.479999542236328,1.3040000200271606
2021-09-01 00:00:00-05:00,16.110000610351562,1.3020000457763672
2021-09-02 00:00:00-05:00,16.40999984741211,1.2940000295639038
2021-09-03 00:00:00-05:00,16.40999984741211,1.3220000267028809
2021-09-07 00:00:00-05:00,18.139999389648438,1.3700000047683716
2021-09-08 00:00:00-05:00,17.959999084472656,1.3339999914169312
2021-09-09 00:00:00-05:00,18.799999237060547,1.2990000247955322
2021-09-10 00:00:00-05:00,20.950000762939453,1.340999960899353
2021-09-13 00:00:00-05:00,19.3700008392334,1.3240000009536743
2021-09-14 00:00:00-05:00,19.459999084472656,1.2769999504089355
2021-09-15 00:00:00-05:00,18.18000030517578,1.3040000200271606
2021-09-16 00:00:00-05:00,18.690000534057617,1.3309999704360962
2021-09-17 00:00:00-05:00,20.809999465942383,1.3700000047683716
2021-09-20 00:00:00-05:00,25.709999084472656,1.309000015258789
2021-09-21 00:00:00-05:00,24.360000610351562,1.3240000009536743
2021-09-22 00:00:00-05:00,20.8700008392334,1.3359999656677246
2021-09-23 00:00:00-05:00,18.6299991607666,1.409999966621399
2021-09-24 00:00:00-05:00,17.75,1.4600000381469727
2021-09-27 00:00:00-05:00,18.760000228881836,1.4839999675750732
2021-09-28 00:00:00-05:00,23.25,1.534000039100647
2021-09-29 00:00:00-05:00,22.559999465942383,1.5410000085830688
2021-09-30 00:00:00-05:00,23.139999389648438,1.5290000438690186
2021-10-01 00:00:00-05:00,21.100000381469727,1.4789999723434448
2021-10-04 00:00:00-05:00,22.959999084472656,1.4809999465942383
2021-10-05 00:00:00-05:00,21.299999237060547,1.5290000438690186
2021-10-06 00:00:00-05:00,21.0,1.5240000486373901
2021-10-07 00:00:00-05:00,19.540000915527344,1.5709999799728394
2021-10-08 00:00:00-05:00,18.770000457763672,1.6050000190734863
2021-10-11 00:00:00-05:00,20.0,1.6139999628067017
2021-10-12 00:00:00-05:00,19.850000381469727,1.5800000429153442
2021-10-13 00:00:00-05:00,18.639999389648438,1.5490000247955322
2021-10-14 00:00:00-05:00,16.860000610351562,1.5190000534057617
2021-10-15 00:00:00-05:00,16.299999237060547,1.5759999752044678
2021-10-18 00:00:00-05:00,16.309999465942383,1.5839999914169312
2021-10-19 00:00:00-05:00,15.699999809265137,1.6349999904632568
2021-10-20 00:00:00-05:00,15.489999771118164,1.6360000371932983
2021-10-21 00:00:00-05:00,15.010000228881836,1.6759999990463257
2021-10-22 00:00:00-05:00,15.430000305175781,1.6549999713897705
2021-10-25 00:00:00-05:00,15.239999771118164,1.6349999904632568
2021-10-26 00:00:00-05:00,15.979999542236328,1.61899995803833
2021-10-27 00:00:00-05:00,16.979999542236328,1.5290000438690186
2021-10-28 00:00:00-05:00,16.530000686645508,1.5679999589920044
2021-10-29 00:00:00-05:00,16.260000228881836,1.5570000410079956
2021-11-01 00:00:00-05:00,16.40999984741211,1.5750000476837158
2021-11-02 00:00:00-05:00,16.030000686645508,1.5490000247955322
2021-11-03 00:00:00-05:00,15.100000381469727,1.5789999961853027
2021-11-04 00:00:00-05:00,15.4399995803833,1.5240000486373901
2021-11-05 00:00:00-05:00,16.479999542236328,1.4529999494552612
2021-11-08 00:00:00-06:00,17.219999313354492,1.496999979019165
2021-11-09 00:00:00-06:00,17.780000686645508,1.4320000410079956
2021-11-10 00:00:00-06:00,18.729999542236328,1.559999942779541
2021-11-11 00:00:00-06:00,17.65999984741211,1.559999942779541
2021-11-12 00:00:00-06:00,16.290000915527344,1.5820000171661377
2021-11-15 00:00:00-06:00,16.489999771118164,1.6230000257492065
2021-11-16 00:00:00-06:00,16.3700008392334,1.6339999437332153
2021-11-17 00:00:00-06:00,17.110000610351562,1.6039999723434448
2021-11-18 00:00:00-06:00,17.59000015258789,1.5889999866485596
2021-11-19 00:00:00-06:00,17.90999984741211,1.5360000133514404
2021-11-22 00:00:00-06:00,19.170000076293945,1.625
2021-11-23 00:00:00-06:00,19.3799991607666,1.6670000553131104
2021-11-24 00:00:00-06:00,18.579999923706055,1.6449999809265137
2021-11-26 00:00:00-06:00,28.6200008392334,1.4819999933242798
2021-11-29 00:00:00-06:00,22.959999084472656,1.5299999713897705
2021-11-30 00:00:00-06:00,27.190000534057617,1.4429999589920044
2021-12-01 00:00:00-06:00,31.1200008392334,1.434000015258789
2021-12-02 00:00:00-06:00,27.950000762939453,1.4479999542236328
2021-12-03 00:00:00-06:00,30.670000076293945,1.343000054359436
2021-12-06 00:00:00-06:00,27.18000030517578,1.434000015258789
2021-12-07 00:00:00-06:00,21.889999389648438,1.4800000190734863
2021-12-08 00:00:00-06:00,19.899999618530273,1.5089999437332153
2021-12-09 00:00:00-06:00,21.579999923706055,1.4869999885559082
2021-12-10 00:00:00-06:00,18.690000534057617,1.4889999628067017
2021-12-13 00:00:00-06:00,20.309999465942383,1.4240000247955322
2021-12-14 00:00:00-06:00,21.889999389648438,1.437999963760376
2021-12-15 00:00:00-06:00,19.290000915527344,1.4630000591278076
2021-12-16 00:00:00-06:00,20.56999969482422,1.4220000505447388
2021-12-17 00:00:00-06:00,21.56999969482422,1.4019999504089355
2021-12-20 00:00:00-06:00,22.8700008392334,1.4190000295639038
2021-12-21 00:00:00-06:00,21.010000228881836,1.4869999885559082
2021-12-22 00:00:00-06:00,18.6299991607666,1.4570000171661377
2021-12-23 00:00:00-06:00,17.959999084472656,1.4930000305175781
2021-12-27 00:00:00-06:00,17.68000030517578,1.4809999465942383
2021-12-28 00:00:00-06:00,17.540000915527344,1.4809999465942383
2021-12-29 00:00:00-06:00,16.950000762939453,1.5429999828338623
2021-12-30 00:00:00-06:00,17.329999923706055,1.5149999856948853
2021-12-31 00:00:00-06:00,17.219999313354492,1.5119999647140503
2022-01-03 00:00:00-06:00,16.600000381469727,1.628000020980835
2022-01-04 00:00:00-06:00,16.90999984741211,1.6679999828338623
2022-01-05 00:00:00-06:00,19.729999542236328,1.7050000429153442
2022-01-06 00:00:00-06:00,19.610000610351562,1.7330000400543213
2022-01-07 00:00:00-06:00,18.760000228881836,1.7710000276565552
2022-01-10 00:00:00-06:00,19.399999618530273,1.7799999713897705
2022-01-11 00:00:00-06:00,18.40999984741211,1.746000051498413
2022-01-12 00:00:00-06:00,17.6200008392334,1.725000023841858
2022-01-13 00:00:00-06:00,20.309999465942383,1.7109999656677246
2022-01-14 00:00:00-06:00,19.190000534057617,1.7719999551773071
2022-01-18 00:00:00-06:00,22.790000915527344,1.8650000095367432
2022-01-19 00:00:00-06:00,23.850000381469727,1.8270000219345093
2022-01-20 00:00:00-06:00,25.59000015258789,1.8329999446868896
2022-01-21 00:00:00-06:00,28.850000381469727,1.746999979019165
2022-01-24 00:00:00-06:00,29.899999618530273,1.7350000143051147
2022-01-25 00:00:00-06:00,31.15999984741211,1.7829999923706055
2022-01-26 00:00:00-06:00,31.959999084472656,1.8480000495910645
2022-01-27 00:00:00-06:00,30.489999771118164,1.8070000410079956
2022-01-28 00:00:00-06:00,27.65999984741211,1.781999945640564
2022-01-31 00:00:00-06:00,24.829999923706055,1.781999945640564
2022-02-01 00:00:00-06:00,21.959999084472656,1.7999999523162842
2022-02-02 00:00:00-06:00,22.09000015258789,1.7660000324249268
2022-02-03 00:00:00-06:00,24.350000381469727,1.8270000219345093
2022-02-04 00:00:00-06:00,23.219999313354492,1.9299999475479126
2022-02-07 00:00:00-06:00,22.860000610351562,1.9160000085830688
2022-02-08 00:00:00-06:00,21.440000534057617,1.9539999961853027
2022-02-09 00:00:00-06:00,19.959999084472656,1.9290000200271606
2022-02-10 00:00:00-06:00,23.90999984741211,2.0309998989105225
2022-02-11 00:00:00-06:00,27.360000610351562,1.9550000429153442
2022-02-14 00:00:00-06:00,28.329999923706055,1.996000051498413
2022-02-15 00:00:00-06:00,25.700000762939453,2.0450000762939453
2022-02-16 00:00:00-06:00,24.290000915527344,2.046999931335449
2022-02-17 00:00:00-06:00,28.110000610351562,1.972000002861023
2022-02-18 00:00:00-06:00,27.75,1.9320000410079956
2022-02-22 00:00:00-06:00,28.809999465942383,1.9479999542236328
2022-02-23 00:00:00-06:00,31.020000457763672,1.9769999980926514
2022-02-24 00:00:00-06:00,30.31999969482422,1.968999981880188
2022-02-25 00:00:00-06:00,27.59000015258789,1.9859999418258667
2022-02-28 00:00:00-06:00,30.149999618530273,1.8389999866485596
2022-03-01 00:00:00-06:00,33.31999969482422,1.7070000171661377
2022-03-02 00:00:00-06:00,30.739999771118164,1.8650000095367432
2022-03-03 00:00:00-06:00,30.479999542236328,1.843999981880188
2022-03-04 00:00:00-06:00,31.979999542236328,1.7239999771118164
2022-03-07 00:00:00-06:00,36.45000076293945,1.7510000467300415
2022-03-08 00:00:00-06:00,35.130001068115234,1.871999979019165
2022-03-09 00:00:00-06:00,32.45000076293945,1.9479999542236328
2022-03-10 00:00:00-06:00,30.229999542236328,2.010999917984009
2022-03-11 00:00:00-06:00,30.75,2.003999948501587
2022-03-14 00:00:00-05:00,31.770000457763672,2.140000104904175
2022-03-15 00:00:00-05:00,29.829999923706055,2.1600000858306885
2022-03-16 00:00:00-05:00,26.670000076293945,2.187999963760376
2022-03-17 00:00:00-05:00,25.670000076293945,2.191999912261963
2022-03-18 00:00:00-05:00,23.8700008392334,2.1480000019073486
2022-03-21 00:00:00-05:00,23.530000686645508,2.315000057220459
2022-03-22 00:00:00-05:00,22.940000534057617,2.372999906539917
2022-03-23 00:00:00-05:00,23.56999969482422,2.321000099182129
2022-03-24 00:00:00-05:00,21.670000076293945,2.3410000801086426
2022-03-25 00:00:00-05:00,20.809999465942383,2.492000102996826
2022-03-28 00:00:00-05:00,19.6299991607666,2.4769999980926514
2022-03-29 00:00:00-05:00,18.899999618530273,2.4000000953674316
2022-03-30 00:00:00-05:00,19.329999923706055,2.3580000400543213
2022-03-31 00:00:00-05:00,20.559999465942383,2.3269999027252197
2022-04-01 00:00:00-05:00,19.6299991607666,2.377000093460083
2022-04-04 00:00:00-05:00,18.56999969482422,2.4119999408721924
2022-04-05 00:00:00-05:00,21.030000686645508,2.555999994277954
2022-04-06 00:00:00-05:00,22.100000381469727,2.6089999675750732
2022-04-07 00:00:00-05:00,21.549999237060547,2.6519999504089355
2022-04-08 00:00:00-05:00,21.15999984741211,2.7130000591278076
2022-04-11 00:00:00-05:00,24.3700008392334,2.7799999713897705
2022-04-12 00:00:00-05:00,24.260000228881836,2.7249999046325684
2022-04-13 00:00:00-05:00,21.81999969482422,2.687000036239624
2022-04-14 00:00:00-05:00,22.700000762939453,2.828000068664551
2022-04-18 00:00:00-05:00,22.170000076293945,2.861999988555908
2022-04-19 00:00:00-05:00,21.3700008392334,2.9130001068115234
2022-04-20 00:00:00-05:00,20.31999969482422,2.8399999141693115
2022-04-21 00:00:00-05:00,22.68000030517578,2.9170000553131104
2022-04-22 00:00:00-05:00,28.209999084472656,2.9059998989105225
2022-04-25 00:00:00-05:00,27.020000457763672,2.8259999752044678
2022-04-26 00:00:00-05:00,33.52000045776367,2.7720000743865967
2022-04-27 00:00:00-05:00,31.600000381469727,2.818000078201294
2022-04-28 00:00:00-05:00,29.989999771118164,2.86299991607666
2022-04-29 00:00:00-05:00,33.400001525878906,2.88700008392334
2022-05-02 00:00:00-05:00,32.34000015258789,2.996000051498413
2022-05-03 00:00:00-05:00,29.25,2.9600000381469727
2022-05-04 00:00:00-05:00,25.420000076293945,2.9170000553131104
2022-05-05 00:00:00-05:00,31.200000762939453,3.065999984741211
2022-05-06 00:00:00-05:00,30.190000534057617,3.122999906539917
2022-05-09 00:00:00-05:00,34.75,3.0789999961853027
2022-05-10 00:00:00-05:00,32.9900016784668,2.993000030517578
2022-05-11 00:00:00-05:00,32.560001373291016,2.9210000038146973
2022-05-12 00:00:00-05:00,31.770000457763672,2.816999912261963
2022-05-13 00:00:00-05:00,28.8700008392334,2.934999942779541
2022-05-16 00:00:00-05:00,27.469999313354492,2.877000093460083
2022-05-17 00:00:00-05:00,26.100000381469727,2.9679999351501465
2022-05-18 00:00:00-05:00,30.959999084472656,2.885999917984009
2022-05-19 00:00:00-05:00,29.350000381469727,2.8550000190734863
2022-05-20 00:00:00-05:00,29.43000030517578,2.7869999408721924
2022-05-23 00:00:00-05:00,28.479999542236328,2.8589999675750732
2022-05-24 00:00:00-05:00,29.450000762939453,2.759999990463257
2022-05-25 00:00:00-05:00,28.3700008392334,2.749000072479248
2022-05-26 00:00:00-05:00,27.5,2.75600004196167
2022-05-27 00:00:00-05:00,25.719999313354492,2.743000030517578
2022-05-31 00:00:00-05:00,26.190000534057617,2.8440001010894775
2022-06-01 00:00:00-05:00,25.690000534057617,2.930999994277954
2022-06-02 00:00:00-05:00,24.719999313354492,2.9130001068115234
2022-06-03 00:00:00-05:00,24.790000915527344,2.9570000171661377
2022-06-06 00:00:00-05:00,25.06999969482422,3.0380001068115234
2022-06-07 00:00:00-05:00,24.020000457763672,2.9719998836517334
2022-06-08 00:00:00-05:00,23.959999084472656,3.0290000438690186
2022-06-09 00:00:00-05:00,26.09000015258789,3.0439999103546143
2022-06-10 00:00:00-05:00,27.75,3.1559998989105225
2022-06-13 00:00:00-05:00,34.02000045776367,3.365999937057495
2022-06-14 00:00:00-05:00,32.689998626708984,3.4830000400543213
2022-06-15 00:00:00-05:00,29.6200008392334,3.3949999809265137
2022-06-16 00:00:00-05:00,32.95000076293945,3.306999921798706
2022-06-17 00:00:00-05:00,31.1299991607666,3.239000082015991
2022-06-21 00:00:00-05:00,30.190000534057617,3.306999921798706
2022-06-22 00:00:00-05:00,28.950000762939453,3.1559998989105225
2022-06-23 00:00:00-05:00,29.049999237060547,3.068000078201294
2022-06-24 00:00:00-05:00,27.229999542236328,3.125
2022-06-27 00:00:00-05:00,26.950000762939453,3.194000005722046
2022-06-28 00:00:00-05:00,28.360000610351562,3.2060000896453857
2022-06-29 00:00:00-05:00,28.15999984741211,3.0929999351501465
2022-06-30 00:00:00-05:00,28.709999084472656,2.9719998836517334
2022-07-01 00:00:00-05:00,26.700000762939453,2.8889999389648438
2022-07-05 00:00:00-05:00,27.540000915527344,2.809000015258789
2022-07-06 00:00:00-05:00,26.729999542236328,2.9130001068115234
2022-07-07 00:00:00-05:00,26.079999923706055,3.007999897003174
2022-07-08 00:00:00-05:00,24.639999389648438,3.1010000705718994
2022-07-11 00:00:00-05:00,26.170000076293945,2.990999937057495
2022-07-12 00:00:00-05:00,27.290000915527344,2.9579999446868896
2022-07-13 00:00:00-05:00,26.81999969482422,2.9040000438690186
2022-07-14 00:00:00-05:00,26.399999618530273,2.9600000381469727
2022-07-15 00:00:00-05:00,24.229999542236328,2.930000066757202
2022-07-18 00:00:00-05:00,25.299999237060547,2.9600000381469727
2022-07-19 00:00:00-05:00,24.5,3.0190000534057617
2022-07-20 00:00:00-05:00,23.8799991607666,3.0360000133514404
2022-07-21 00:00:00-05:00,23.110000610351562,2.9100000858306885
2022-07-22 00:00:00-05:00,23.030000686645508,2.7829999923706055
2022-07-25 00:00:00-05:00,23.360000610351562,2.819999933242798
2022-07-26 00:00:00-05:00,24.690000534057617,2.7869999408721924
2022-07-27 00:00:00-05:00,23.239999771118164,2.7339999675750732
2022-07-28 00:00:00-05:00,22.329999923706055,2.680999994277954
2022-07-29 00:00:00-05:00,21.329999923706055,2.6419999599456787
2022-08-01 00:00:00-05:00,22.84000015258789,2.6059999465942383
2022-08-02 00:00:00-05:00,23.93000030517578,2.740999937057495
2022-08-03 00:00:00-05:00,21.950000762939453,2.747999906539917
2022-08-04 00:00:00-05:00,21.440000534057617,2.6760001182556152
2022-08-05 00:00:00-05:00,21.149999618530273,2.8399999141693115
2022-08-08 00:00:00-05:00,21.290000915527344,2.765000104904175
2022-08-09 00:00:00-05:00,21.770000457763672,2.796999931335449
2022-08-10 00:00:00-05:00,19.739999771118164,2.7860000133514404
2022-08-11 00:00:00-05:00,20.200000762939453,2.888000011444092
2022-08-12 00:00:00-05:00,19.530000686645508,2.8489999771118164
2022-08-15 00:00:00-05:00,19.950000762939453,2.7909998893737793
2022-08-16 00:00:00-05:00,19.690000534057617,2.8239998817443848
2022-08-17 00:00:00-05:00,19.899999618530273,2.8929998874664307
2022-08-18 00:00:00-05:00,19.559999465942383,2.880000114440918
2022-08-19 00:00:00-05:00,20.600000381469727,2.989000082015991
2022-08-22 00:00:00-05:00,23.799999237060547,3.0369999408721924
2022-08-23 00:00:00-05:00,24.110000610351562,3.053999900817871
2022-08-24 00:00:00-05:00,22.81999969482422,3.1059999465942383
2022-08-25 00:00:00-05:00,21.780000686645508,3.0260000228881836
2022-08-26 00:00:00-05:00,25.559999465942383,3.0350000858306885
2022-08-29 00:00:00-05:00,26.209999084472656,3.109999895095825
2022-08-30 00:00:00-05:00,26.209999084472656,3.109999895095825
2022-08-31 00:00:00-05:00,25.8700008392334,3.132999897003174
2022-09-01 00:00:00-05:00,25.559999465942383,3.265000104904175
2022-09-02 00:00:00-05:00,25.469999313354492,3.193000078201294
2022-09-06 00:00:00-05:00,26.90999984741211,3.3399999141693115
2022-09-07 00:00:00-05:00,24.639999389648438,3.265000104904175
2022-09-08 00:00:00-05:00,23.610000610351562,3.2920000553131104
2022-09-09 00:00:00-05:00,22.790000915527344,3.321000099182129
2022-09-12 00:00:00-05:00,23.8700008392334,3.361999988555908
2022-09-13 00:00:00-05:00,27.270000457763672,3.421999931335449
2022-09-14 00:00:00-05:00,26.15999984741211,3.4119999408721924
2022-09-15 00:00:00-05:00,26.270000457763672,3.4590001106262207
2022-09-16 00:00:00-05:00,26.299999237060547,3.447999954223633
2022-09-19 00:00:00-05:00,25.760000228881836,3.490000009536743
2022-09-20 00:00:00-05:00,27.15999984741211,3.571000099182129
2022-09-21 00:00:00-05:00,27.989999771118164,3.509999990463257
2022-09-22 00:00:00-05:00,27.350000381469727,3.7079999446868896
2022-09-23 00:00:00-05:00,29.920000076293945,3.697000026702881
2022-09-26 00:00:00-05:00,32.2599983215332,3.878000020980835
2022-09-27 00:00:00-05:00,32.599998474121094,3.9639999866485596
2022-09-28 00:00:00-05:00,30.18000030517578,3.7049999237060547
2022-09-29 00:00:00-05:00,31.84000015258789,3.746999979019165
2022-09-30 00:00:00-05:00,31.6200008392334,3.803999900817871
2022-10-03 00:00:00-05:00,30.100000381469727,3.6510000228881836
2022-10-04 00:00:00-05:00,29.06999969482422,3.617000102996826
2022-10-05 00:00:00-05:00,28.549999237060547,3.759000062942505
2022-10-06 00:00:00-05:00,30.520000457763672,3.8259999752044678
2022-10-07 00:00:00-05:00,31.360000610351562,3.882999897003174
2022-10-10 00:00:00-05:00,32.45000076293945,3.888000011444092
2022-10-11 00:00:00-05:00,33.630001068115234,3.938999891281128
2022-10-12 00:00:00-05:00,33.56999969482422,3.9019999504089355
2022-10-13 00:00:00-05:00,31.940000534057617,3.9519999027252197
2022-10-14 00:00:00-05:00,32.02000045776367,4.010000228881836
2022-10-17 00:00:00-05:00,31.3700008392334,4.014999866485596
2022-10-18 00:00:00-05:00,30.5,3.997999906539917
2022-10-19 00:00:00-05:00,30.760000228881836,4.126999855041504
2022-10-20 00:00:00-05:00,29.979999542236328,4.22599983215332
2022-10-21 00:00:00-05:00,29.690000534057617,4.2129998207092285
2022-10-24 00:00:00-05:00,29.850000381469727,4.234000205993652
2022-10-25 00:00:00-05:00,28.459999084472656,4.107999801635742
2022-10-26 00:00:00-05:00,27.280000686645508,4.014999866485596
2022-10-27 00:00:00-05:00,27.389999389648438,3.937000036239624
2022-10-28 00:00:00-05:00,25.75,4.010000228881836
2022-10-31 00:00:00-05:00,25.8799991607666,4.077000141143799
2022-11-01 00:00:00-05:00,25.809999465942383,4.052000045776367
2022-11-02 00:00:00-05:00,25.860000610351562,4.059000015258789
2022-11-03 00:00:00-05:00,25.299999237060547,4.124000072479248
2022-11-04 00:00:00-05:00,24.549999237060547,4.156000137329102
2022-11-07 00:00:00-06:00,24.350000381469727,4.214000225067139
2022-11-08 00:00:00-06:00,25.540000915527344,4.125999927520752
2022-11-09 00:00:00-06:00,26.09000015258789,4.151000022888184
2022-11-10 00:00:00-06:00,23.530000686645508,3.8289999961853027
2022-11-11 00:00:00-06:00,22.520000457763672,3.812999963760376
2022-11-14 00:00:00-06:00,23.729999542236328,3.865000009536743
2022-11-15 00:00:00-06:00,24.540000915527344,3.7990000247955322
2022-11-16 00:00:00-06:00,24.110000610351562,3.691999912261963
2022-11-17 00:00:00-06:00,23.93000030517578,3.7750000953674316
2022-11-18 00:00:00-06:00,23.1200008392334,3.818000078201294
2022-11-21 00:00:00-06:00,22.360000610351562,3.825000047683716
2022-11-22 00:00:00-06:00,21.290000915527344,3.757999897003174
2022-11-23 00:00:00-06:00,20.350000381469727,3.7060000896453857
2022-11-25 00:00:00-06:00,20.5,3.690999984741211
2022-11-28 00:00:00-06:00,22.209999084472656,3.703000068664551
2022-11-29 00:00:00-06:00,21.889999389648438,3.747999906539917
2022-11-30 00:00:00-06:00,20.579999923706055,3.703000068664551
2022-12-01 00:00:00-06:00,19.84000015258789,3.5290000438690186
2022-12-02 00:00:00-06:00,19.059999465942383,3.50600004196167
2022-12-05 00:00:00-06:00,20.75,3.5989999771118164
2022-12-06 00:00:00-06:00,22.170000076293945,3.513000011444092
2022-12-07 00:00:00-06:00,22.68000030517578,3.4079999923706055
2022-12-08 00:00:00-06:00,22.290000915527344,3.490999937057495
2022-12-09 00:00:00-06:00,22.829999923706055,3.566999912261963
2022-12-12 00:00:00-06:00,25.0,3.6110000610351562
2022-12-13 00:00:00-06:00,22.549999237060547,3.500999927520752
2022-12-14 00:00:00-06:00,21.139999389648438,3.503000020980835
2022-12-15 00:00:00-06:00,22.829999923706055,3.450000047683716
2022-12-16 00:00:00-06:00,22.6200008392334,3.4820001125335693
2022-12-19 00:00:00-06:00,22.420000076293945,3.5810000896453857
2022-12-20 00:00:00-06:00,21.479999542236328,3.684000015258789
2022-12-21 00:00:00-06:00,20.06999969482422,3.684000015258789
2022-12-22 00:00:00-06:00,21.969999313354492,3.6689999103546143
2022-12-23 00:00:00-06:00,20.8700008392334,3.750999927520752
2022-12-27 00:00:00-06:00,21.649999618530273,3.859999895095825
2022-12-28 00:00:00-06:00,22.139999389648438,3.88700008392334
2022-12-29 00:00:00-06:00,21.440000534057617,3.8350000381469727
2022-12-30 00:00:00-06:00,21.670000076293945,3.878999948501587
2023-01-03 00:00:00-06:00,22.899999618530273,3.7929999828338623
2023-01-04 00:00:00-06:00,22.010000228881836,3.7090001106262207
2023-01-05 00:00:00-06:00,22.459999084472656,3.7200000286102295
2023-01-06 00:00:00-06:00,21.1299991607666,3.569000005722046
2023-01-09 00:00:00-06:00,21.969999313354492,3.5169999599456787
2023-01-10 00:00:00-06:00,20.579999923706055,3.621000051498413
2023-01-11 00:00:00-06:00,21.09000015258789,3.553999900817871
2023-01-12 00:00:00-06:00,18.829999923706055,3.4489998817443848
2023-01-13 00:00:00-06:00,18.350000381469727,3.510999917984009
2023-01-17 00:00:00-06:00,19.360000610351562,3.5350000858306885
2023-01-18 00:00:00-06:00,20.34000015258789,3.375
2023-01-19 00:00:00-06:00,20.520000457763672,3.3970000743865967
2023-01-20 00:00:00-06:00,19.850000381469727,3.4839999675750732
2023-01-23 00:00:00-06:00,19.809999465942383,3.5250000953674316
2023-01-24 00:00:00-06:00,19.200000762939453,3.4690001010894775
2023-01-25 00:00:00-06:00,19.079999923706055,3.4619998931884766
2023-01-26 00:00:00-06:00,18.729999542236328,3.493000030517578
2023-01-27 00:00:00-06:00,18.510000228881836,3.5179998874664307
2023-01-30 00:00:00-06:00,19.940000534057617,3.5510001182556152
2023-01-31 00:00:00-06:00,19.399999618530273,3.5290000438690186
2023-02-01 00:00:00-06:00,17.8700008392334,3.3970000743865967
2023-02-02 00:00:00-06:00,18.729999542236328,3.3959999084472656
2023-02-03 00:00:00-06:00,18.329999923706055,3.5320000648498535
2023-02-06 00:00:00-06:00,19.43000030517578,3.634000062942505
2023-02-07 00:00:00-06:00,18.65999984741211,3.6740000247955322
2023-02-08 00:00:00-06:00,19.6299991607666,3.6530001163482666
2023-02-09 00:00:00-06:00,20.709999084472656,3.683000087738037
2023-02-10 00:00:00-06:00,20.530000686645508,3.74399995803833
2023-02-13 00:00:00-06:00,20.34000015258789,3.7170000076293945
2023-02-14 00:00:00-06:00,18.90999984741211,3.760999917984009
2023-02-15 00:00:00-06:00,18.229999542236328,3.809000015258789
2023-02-16 00:00:00-06:00,20.170000076293945,3.8429999351501465
2023-02-17 00:00:00-06:00,20.020000457763672,3.828000068664551
2023-02-21 00:00:00-06:00,22.8700008392334,3.9549999237060547
2023-02-22 00:00:00-06:00,22.290000915527344,3.9230000972747803
2023-02-23 00:00:00-06:00,21.139999389648438,3.878999948501587
2023-02-24 00:00:00-06:00,21.670000076293945,3.9489998817443848
2023-02-27 00:00:00-06:00,20.950000762939453,3.921999931335449
2023-02-28 00:00:00-06:00,20.700000762939453,3.9159998893737793
2023-03-01 00:00:00-06:00,20.579999923706055,3.99399995803833
2023-03-02 00:00:00-06:00,19.59000015258789,4.072999954223633
2023-03-03 00:00:00-06:00,18.489999771118164,3.9639999866485596
2023-03-06 00:00:00-06:00,18.610000610351562,3.9830000400543213
2023-03-07 00:00:00-06:00,19.59000015258789,3.9749999046325684
2023-03-08 00:00:00-06:00,19.110000610351562,3.9760000705718994
2023-03-09 00:00:00-06:00,22.610000610351562,3.924999952316284
2023-03-10 00:00:00-06:00,24.799999237060547,3.694999933242798
2023-03-13 00:00:00-05:00,26.520000457763672,3.515000104904175
2023-03-14 00:00:00-05:00,23.729999542236328,3.638000011444092
2023-03-15 00:00:00-05:00,26.139999389648438,3.492000102996826
2023-03-16 00:00:00-05:00,22.989999771118164,3.5850000381469727
2023-03-17 00:00:00-05:00,25.510000228881836,3.3949999809265137
2023-03-20 00:00:00-05:00,24.149999618530273,3.4809999465942383
2023-03-21 00:00:00-05:00,21.3799991607666,3.6059999465942383
2023-03-22 00:00:00-05:00,22.260000228881836,3.5
2023-03-23 00:00:00-05:00,22.610000610351562,3.4059998989105225
2023-03-24 00:00:00-05:00,21.739999771118164,3.380000114440918
2023-03-27 00:00:00-05:00,20.600000381469727,3.5280001163482666
2023-03-28 00:00:00-05:00,19.969999313354492,3.563999891281128
2023-03-29 00:00:00-05:00,19.1200008392334,3.565999984741211
2023-03-30 00:00:00-05:00,19.020000457763672,3.5510001182556152
2023-03-31 00:00:00-05:00,18.700000762939453,3.49399995803833
2023-04-03 00:00:00-05:00,18.549999237060547,3.430000066757202
2023-04-04 00:00:00-05:00,19.0,3.3369998931884766
2023-04-05 00:00:00-05:00,19.079999923706055,3.2869999408721924
2023-04-06 00:00:00-05:00,18.399999618530273,3.2880001068115234
2023-04-10 00:00:00-05:00,18.969999313354492,3.4149999618530273
2023-04-11 00:00:00-05:00,19.100000381469727,3.434000015258789
2023-04-12 00:00:00-05:00,19.09000015258789,3.4210000038146973
2023-04-13 00:00:00-05:00,17.799999237060547,3.4519999027252197
2023-04-14 00:00:00-05:00,17.06999969482422,3.5220000743865967
2023-04-17 00:00:00-05:00,16.950000762939453,3.5910000801086426
2023-04-18 00:00:00-05:00,16.829999923706055,3.572000026702881
2023-04-19 00:00:00-05:00,16.459999084472656,3.6019999980926514
2023-04-20 00:00:00-05:00,17.170000076293945,3.5450000762939453
2023-04-21 00:00:00-05:00,16.770000457763672,3.569999933242798
2023-04-24 00:00:00-05:00,16.889999389648438,3.515000104904175
2023-04-25 00:00:00-05:00,18.760000228881836,3.3959999084472656
2023-04-26 00:00:00-05:00,18.84000015258789,3.431999921798706
2023-04-27 00:00:00-05:00,17.030000686645508,3.5280001163482666
2023-04-28 00:00:00-05:00,15.779999732971191,3.4519999027252197
2023-05-01 00:00:00-05:00,16.079999923706055,3.5739998817443848
2023-05-02 00:00:00-05:00,17.780000686645508,3.438999891281128
2023-05-03 00:00:00-05:00,18.34000015258789,3.4030001163482666
2023-05-04 00:00:00-05:00,20.09000015258789,3.3510000705718994
2023-05-05 00:00:00-05:00,17.190000534057617,3.446000099182129
2023-05-08 00:00:00-05:00,16.979999542236328,3.5209999084472656
2023-05-09 00:00:00-05:00,17.709999084472656,3.5209999084472656
2023-05-10 00:00:00-05:00,16.940000534057617,3.438999891281128
2023-05-11 00:00:00-05:00,16.93000030517578,3.3970000743865967
2023-05-12 00:00:00-05:00,17.030000686645508,3.4630000591278076
2023-05-15 00:00:00-05:00,17.1200008392334,3.507999897003174
2023-05-16 00:00:00-05:00,17.989999771118164,3.5490000247955322
2023-05-17 00:00:00-05:00,16.8700008392334,3.5810000896453857
2023-05-18 00:00:00-05:00,16.049999237060547,3.6480000019073486
2023-05-19 00:00:00-05:00,16.809999465942383,3.691999912261963
2023-05-22 00:00:00-05:00,17.209999084472656,3.7190001010894775
2023-05-23 00:00:00-05:00,18.530000686645508,3.697999954223633
2023-05-24 00:00:00-05:00,20.030000686645508,3.7190001010894775
2023-05-25 00:00:00-05:00,19.139999389648438,3.813999891281128
2023-05-26 00:00:00-05:00,17.950000762939453,3.809999942779541
2023-05-30 00:00:00-05:00,17.459999084472656,3.700000047683716
2023-05-31 00:00:00-05:00,17.940000534057617,3.63700008392334
2023-06-01 00:00:00-05:00,15.649999618530273,3.6080000400543213
2023-06-02 00:00:00-05:00,14.600000381469727,3.690999984741211
2023-06-05 00:00:00-05:00,14.729999542236328,3.693000078201294
2023-06-06 00:00:00-05:00,13.960000038146973,3.6989998817443848
2023-06-07 00:00:00-05:00,13.9399995803833,3.7839999198913574
2023-06-08 00:00:00-05:00,13.649999618530273,3.7139999866485596
2023-06-09 00:00:00-05:00,13.829999923706055,3.744999885559082
2023-06-12 00:00:00-05:00,15.010000228881836,3.765000104904175
2023-06-13 00:00:00-05:00,14.609999656677246,3.8389999866485596
2023-06-14 00:00:00-05:00,13.880000114440918,3.7960000038146973
2023-06-15 00:00:00-05:00,14.5,3.7279999256134033
2023-06-16 00:00:00-05:00,13.539999961853027,3.7690000534057617
2023-06-20 00:00:00-05:00,13.880000114440918,3.7290000915527344
2023-06-21 00:00:00-05:00,13.199999809265137,3.7230000495910645
2023-06-22 00:00:00-05:00,12.90999984741211,3.7990000247955322
2023-06-23 00:00:00-05:00,13.4399995803833,3.739000082015991
2023-06-26 00:00:00-05:00,14.25,3.7190001010894775
2023-06-27 00:00:00-05:00,13.739999771118164,3.7679998874664307
2023-06-28 00:00:00-05:00,13.430000305175781,3.7100000381469727
2023-06-29 00:00:00-05:00,13.539999961853027,3.8540000915527344
2023-06-30 00:00:00-05:00,13.59000015258789,3.819000005722046
2023-07-03 00:00:00-05:00,13.569999694824219,3.8580000400543213
2023-07-05 00:00:00-05:00,14.180000305175781,3.944999933242798
2023-07-06 00:00:00-05:00,15.4399995803833,4.040999889373779
2023-07-07 00:00:00-05:00,14.829999923706055,4.050000190734863
2023-07-10 00:00:00-05:00,15.069999694824219,4.00600004196167
2023-07-11 00:00:00-05:00,14.84000015258789,3.9800000190734863
2023-07-12 00:00:00-05:00,13.539999961853027,3.8610000610351562
2023-07-13 00:00:00-05:00,13.609999656677246,3.760999917984009
2023-07-14 00:00:00-05:00,13.34000015258789,3.819000005722046
2023-07-17 00:00:00-05:00,13.479999542236328,3.796999931335449
2023-07-18 00:00:00-05:00,13.300000190734863,3.7890000343322754
2023-07-19 00:00:00-05:00,13.760000228881836,3.742000102996826
2023-07-20 00:00:00-05:00,13.989999771118164,3.8540000915527344
2023-07-21 00:00:00-05:00,13.600000381469727,3.8369998931884766
2023-07-24 00:00:00-05:00,13.90999984741211,3.8570001125335693
2023-07-25 00:00:00-05:00,13.859999656677246,3.9119999408721924
2023-07-26 00:00:00-05:00,13.1899995803833,3.8510000705718994
2023-07-27 00:00:00-05:00,14.40999984741211,4.01200008392334
2023-07-28 00:00:00-05:00,13.329999923706055,3.9690001010894775
2023-07-31 00:00:00-05:00,13.630000114440918,3.9590001106262207
2023-08-01 00:00:00-05:00,13.930000305175781,4.051000118255615
2023-08-02 00:00:00-05:00,16.09000015258789,4.078000068664551
2023-08-03 00:00:00-05:00,15.920000076293945,4.189000129699707
2023-08-04 00:00:00-05:00,17.100000381469727,4.059999942779541
2023-08-07 00:00:00-05:00,15.770000457763672,4.078000068664551
2023-08-08 00:00:00-05:00,15.989999771118164,4.026000022888184
2023-08-09 00:00:00-05:00,15.960000038146973,4.01200008392334
2023-08-10 00:00:00-05:00,15.850000381469727,4.079999923706055
2023-08-11 00:00:00-05:00,14.84000015258789,4.168000221252441
2023-08-14 00:00:00-05:00,14.819999694824219,4.184000015258789
2023-08-15 00:00:00-05:00,16.459999084472656,4.2210001945495605
2023-08-16 00:00:00-05:00,16.780000686645508,4.257999897003174
2023-08-17 00:00:00-05:00,17.889999389648438,4.308000087738037
2023-08-18 00:00:00-05:00,17.299999237060547,4.250999927520752
2023-08-21 00:00:00-05:00,17.1299991607666,4.3420000076293945
2023-08-22 00:00:00-05:00,16.969999313354492,4.328000068664551
2023-08-23 00:00:00-05:00,15.979999542236328,4.197999954223633
2023-08-24 00:00:00-05:00,17.200000762939453,4.235000133514404
2023-08-25 00:00:00-05:00,15.680000305175781,4.238999843597412
2023-08-28 00:00:00-05:00,15.079999923706055,4.211999893188477
2023-08-29 00:00:00-05:00,14.449999809265137,4.122000217437744
2023-08-30 00:00:00-05:00,13.880000114440918,4.118000030517578
2023-08-31 00:00:00-05:00,13.569999694824219,4.0929999351501465
2023-09-01 00:00:00-05:00,13.09000015258789,4.172999858856201
2023-09-05 00:00:00-05:00,14.010000228881836,4.26800012588501
2023-09-06 00:00:00-05:00,14.449999809265137,4.289999961853027
2023-09-07 00:00:00-05:00,14.399999618530273,4.260000228881836
2023-09-08 00:00:00-05:00,13.84000015258789,4.257999897003174
2023-09-11 00:00:00-05:00,13.800000190734863,4.288000106811523
2023-09-12 00:00:00-05:00,14.229999542236328,4.263999938964844
2023-09-13 00:00:00-05:00,13.479999542236328,4.249000072479248
2023-09-14 00:00:00-05:00,12.819999694824219,4.288000106811523
2023-09-15 00:00:00-05:00,13.789999961853027,4.322000026702881
2023-09-18 00:00:00-05:00,14.0,4.318999767303467
2023-09-19 00:00:00-05:00,14.109999656677246,4.364999771118164
2023-09-20 00:00:00-05:00,15.140000343322754,4.348999977111816
2023-09-21 00:00:00-05:00,17.540000915527344,4.480000019073486
2023-09-22 00:00:00-05:00,17.200000762939453,4.438000202178955
2023-09-25 00:00:00-05:00,16.899999618530273,4.541999816894531
2023-09-26 00:00:00-05:00,18.940000534057617,4.558000087738037
2023-09-27 00:00:00-05:00,18.219999313354492,4.625999927520752
2023-09-28 00:00:00-05:00,17.34000015258789,4.5970001220703125
2023-09-29 00:00:00-05:00,17.520000457763672,4.572999954223633
2023-10-02 00:00:00-05:00,17.610000610351562,4.683000087738037
2023-10-03 00:00:00-05:00,19.780000686645508,4.802000045776367
2023-10-04 00:00:00-05:00,18.579999923706055,4.735000133514404
2023-10-05 00:00:00-05:00,18.489999771118164,4.7170000076293945
2023-10-06 00:00:00-05:00,17.450000762939453,4.783999919891357
2023-10-09 00:00:00-05:00,17.700000762939453,4.796999931335449
2023-10-10 00:00:00-05:00,17.030000686645508,4.65500020980835
2023-10-11 00:00:00-05:00,16.09000015258789,4.59499979019165
2023-10-12 00:00:00-05:00,16.690000534057617,4.711999893188477
2023-10-13 00:00:00-05:00,19.31999969482422,4.629000186920166
2023-10-16 00:00:00-05:00,17.209999084472656,4.711999893188477
2023-10-17 00:00:00-05:00,17.8799991607666,4.8470001220703125
2023-10-18 00:00:00-05:00,19.219999313354492,4.9039998054504395
2023-10-19 00:00:00-05:00,21.399999618530273,4.98799991607666
2023-10-20 00:00:00-05:00,21.709999084472656,4.923999786376953
2023-10-23 00:00:00-05:00,20.3700008392334,4.8379998207092285
2023-10-24 00:00:00-05:00,18.969999313354492,4.840000152587891
2023-10-25 00:00:00-05:00,20.190000534057617,4.953000068664551
2023-10-26 00:00:00-05:00,20.68000030517578,4.84499979019165
2023-10-27 00:00:00-05:00,21.270000457763672,4.84499979019165
2023-10-30 00:00:00-05:00,19.75,4.875
2023-10-31 00:00:00-05:00,18.139999389648438,4.875
2023-11-01 00:00:00-05:00,16.8700008392334,4.789000034332275
2023-11-02 00:00:00-05:00,15.65999984741211,4.669000148773193
2023-11-03 00:00:00-05:00,14.90999984741211,4.558000087738037
2023-11-06 00:00:00-06:00,14.890000343322754,4.6620001792907715
2023-11-07 00:00:00-06:00,14.8100004196167,4.571000099182129
2023-11-08 00:00:00-06:00,14.449999809265137,4.5229997634887695
2023-11-09 00:00:00-06:00,15.289999961853027,4.630000114440918
2023-11-10 00:00:00-06:00,14.170000076293945,4.627999782562256
2023-11-13 00:00:00-06:00,14.760000228881836,4.631999969482422
2023-11-14 00:00:00-06:00,14.15999984741211,4.440999984741211
2023-11-15 00:00:00-06:00,14.180000305175781,4.534999847412109
2023-11-16 00:00:00-06:00,14.319999694824219,4.445000171661377
2023-11-17 00:00:00-06:00,13.800000190734863,4.440999984741211
2023-11-20 00:00:00-06:00,13.40999984741211,4.421999931335449
2023-11-21 00:00:00-06:00,13.350000381469727,4.418000221252441
2023-11-22 00:00:00-06:00,12.850000381469727,4.415999889373779
2023-11-24 00:00:00-06:00,12.460000038146973,4.4720001220703125
2023-11-27 00:00:00-06:00,12.6899995803833,4.388999938964844
2023-11-28 00:00:00-06:00,12.6899995803833,4.335999965667725
2023-11-29 00:00:00-06:00,12.979999542236328,4.270999908447266
2023-11-30 00:00:00-06:00,12.920000076293945,4.3520002365112305
2023-12-01 00:00:00-06:00,12.630000114440918,4.22599983215332
2023-12-04 00:00:00-06:00,13.079999923706055,4.288000106811523
2023-12-05 00:00:00-06:00,12.850000381469727,4.171000003814697
2023-12-06 00:00:00-06:00,12.970000267028809,4.120999813079834
2023-12-07 00:00:00-06:00,13.0600004196167,4.129000186920166
2023-12-08 00:00:00-06:00,12.350000381469727,4.244999885559082
2023-12-11 00:00:00-06:00,12.630000114440918,4.238999843597412
2023-12-12 00:00:00-06:00,12.069999694824219,4.205999851226807
2023-12-13 00:00:00-06:00,12.1899995803833,4.0329999923706055
2023-12-14 00:00:00-06:00,12.479999542236328,3.930000066757202
2023-12-15 00:00:00-06:00,12.279999732971191,3.927999973297119
2023-12-18 00:00:00-06:00,12.5600004196167,3.9539999961853027
2023-12-19 00:00:00-06:00,12.529999732971191,3.921999931335449
2023-12-20 00:00:00-06:00,13.670000076293945,3.877000093460083
2023-12-21 00:00:00-06:00,13.649999618530273,3.8940000534057617
2023-12-22 00:00:00-06:00,13.029999732971191,3.9010000228881836
2023-12-26 00:00:00-06:00,12.989999771118164,3.885999917984009
2023-12-27 00:00:00-06:00,12.430000305175781,3.7890000343322754
2023-12-28 00:00:00-06:00,12.470000267028809,3.8499999046325684
2023-12-29 00:00:00-06:00,12.449999809265137,3.865999937057495
2024-01-02 00:00:00-06:00,13.199999809265137,3.946000099182129
2024-01-03 00:00:00-06:00,14.039999961853027,3.9070000648498535
2024-01-04 00:00:00-06:00,14.130000114440918,3.990999937057495
2024-01-05 00:00:00-06:00,13.350000381469727,4.041999816894531
2024-01-08 00:00:00-06:00,13.079999923706055,4.001999855041504
2024-01-09 00:00:00-06:00,12.760000228881836,4.019000053405762
2024-01-10 00:00:00-06:00,12.6899995803833,4.03000020980835
2024-01-11 00:00:00-06:00,12.4399995803833,3.9769999980926514
2024-01-12 00:00:00-06:00,12.699999809265137,3.950000047683716
2024-01-16 00:00:00-06:00,13.84000015258789,4.065999984741211
2024-01-17 00:00:00-06:00,14.789999961853027,4.105999946594238
2024-01-18 00:00:00-06:00,14.130000114440918,4.144000053405762
2024-01-19 00:00:00-06:00,13.300000190734863,4.145999908447266
2024-01-22 00:00:00-06:00,13.1899995803833,4.093999862670898
2024-01-23 00:00:00-06:00,12.550000190734863,4.142000198364258
2024-01-24 00:00:00-06:00,13.140000343322754,4.177999973297119
2024-01-25 00:00:00-06:00,13.449999809265137,4.131999969482422
2024-01-26 00:00:00-06:00,13.260000228881836,4.159999847412109
2024-01-29 00:00:00-06:00,13.600000381469727,4.091000080108643
2024-01-30 00:00:00-06:00,13.3100004196167,4.059000015258789
2024-01-31 00:00:00-06:00,14.350000381469727,3.9670000076293945
2024-02-01 00:00:00-06:00,13.880000114440918,3.86299991607666
2024-02-02 00:00:00-06:00,13.850000381469727,4.0329999923706055
2024-02-05 00:00:00-06:00,13.670000076293945,4.164000034332275
2024-02-06 00:00:00-06:00,13.0600004196167,4.090000152587891
2024-02-07 00:00:00-06:00,12.829999923706055,4.110000133514404
2024-02-08 00:00:00-06:00,12.789999961853027,4.170000076293945
2024-02-09 00:00:00-06:00,12.930000305175781,4.186999797821045
2024-02-12 00:00:00-06:00,13.930000305175781,4.171999931335449
2024-02-13 00:00:00-06:00,15.850000381469727,4.315999984741211
2024-02-14 00:00:00-06:00,14.380000114440918,4.267000198364258
2024-02-15 00:00:00-06:00,14.010000228881836,4.239999771118164
2024-02-16 00:00:00-06:00,14.239999771118164,4.295000076293945
2024-02-20 00:00:00-06:00,15.420000076293945,4.275000095367432
2024-02-21 00:00:00-06:00,15.34000015258789,4.324999809265137
2024-02-22 00:00:00-06:00,14.539999961853027,4.327000141143799
2024-02-23 00:00:00-06:00,13.75,4.260000228881836
2024-02-26 00:00:00-06:00,13.739999771118164,4.298999786376953
2024-02-27 00:00:00-06:00,13.430000305175781,4.315000057220459
2024-02-28 00:00:00-06:00,13.84000015258789,4.27400016784668
2024-02-29 00:00:00-06:00,13.399999618530273,4.251999855041504
2024-03-01 00:00:00-06:00,13.109999656677246,4.179999828338623
2024-03-04 00:00:00-06:00,13.489999771118164,4.218999862670898
2024-03-05 00:00:00-06:00,14.460000038146973,4.13700008392334
2024-03-06 00:00:00-06:00,14.5,4.104000091552734
2024-03-07 00:00:00-06:00,14.4399995803833,4.0920000076293945
2024-03-08 00:00:00-06:00,14.739999771118164,4.089000225067139
2024-03-11 00:00:00-05:00,15.220000267028809,4.104000091552734
2024-03-12 00:00:00-05:00,13.84000015258789,4.15500020980835
2024-03-13 00:00:00-05:00,13.75,4.191999912261963
2024-03-14 00:00:00-05:00,14.399999618530273,4.297999858856201
2024-03-15 00:00:00-05:00,14.40999984741211,4.303999900817871
2024-03-18 00:00:00-05:00,14.329999923706055,4.340000152587891
2024-03-19 00:00:00-05:00,13.819999694824219,4.296999931335449
2024-03-20 00:00:00-05:00,13.039999961853027,4.2729997634887695
2024-03-21 00:00:00-05:00,12.920000076293945,4.270999908447266
2024-03-22 00:00:00-05:00,13.0600004196167,4.2179999351501465
2024-03-25 00:00:00-05:00,13.1899995803833,4.252999782562256
2024-03-26 00:00:00-05:00,13.239999771118164,4.234000205993652
2024-03-27 00:00:00-05:00,12.779999732971191,4.196000099182129
2024-03-28 00:00:00-05:00,13.010000228881836,4.205999851226807
2024-04-01 00:00:00-05:00,13.649999618530273,4.328999996185303
2024-04-02 00:00:00-05:00,14.609999656677246,4.364999771118164
2024-04-03 00:00:00-05:00,14.329999923706055,4.355000019073486
2024-04-04 00:00:00-05:00,16.350000381469727,4.309000015258789
2024-04-05 00:00:00-05:00,16.030000686645508,4.377999782562256
2024-04-08 00:00:00-05:00,15.1899995803833,4.423999786376953
2024-04-09 00:00:00-05:00,14.979999542236328,4.366000175476074
2024-04-10 00:00:00-05:00,15.800000190734863,4.559999942779541
2024-04-11 00:00:00-05:00,14.90999984741211,4.576000213623047
2024-04-12 00:00:00-05:00,17.309999465942383,4.499000072479248
2024-04-15 00:00:00-05:00,19.229999542236328,4.627999782562256
2024-04-16 00:00:00-05:00,18.399999618530273,4.658999919891357
2024-04-17 00:00:00-05:00,18.209999084472656,4.585000038146973
2024-04-18 00:00:00-05:00,18.0,4.646999835968018
2024-04-19 00:00:00-05:00,18.709999084472656,4.614999771118164
2024-04-22 00:00:00-05:00,16.940000534057617,4.623000144958496
2024-04-23 00:00:00-05:00,15.6899995803833,4.5980000495910645
2024-04-24 00:00:00-05:00,15.970000267028809,4.6519999504089355
2024-04-25 00:00:00-05:00,15.369999885559082,4.705999851226807
2024-04-26 00:00:00-05:00,15.029999732971191,4.669000148773193
2024-04-29 00:00:00-05:00,14.670000076293945,4.613999843597412
2024-04-30 00:00:00-05:00,15.649999618530273,4.685999870300293
2024-05-01 00:00:00-05:00,15.390000343322754,4.59499979019165
2024-05-02 00:00:00-05:00,14.680000305175781,4.571000099182129
2024-05-03 00:00:00-05:00,13.489999771118164,4.5
2024-05-06 00:00:00-05:00,13.489999771118164,4.488999843597412
2024-05-07 00:00:00-05:00,13.229999542236328,4.4629998207092285
2024-05-08 00:00:00-05:00,13.0,4.492000102996826
2024-05-09 00:00:00-05:00,12.6899995803833,4.448999881744385
2024-05-10 00:00:00-05:00,12.550000190734863,4.504000186920166
2024-05-13 00:00:00-05:00,13.600000381469727,4.480999946594238
2024-05-14 00:00:00-05:00,13.420000076293945,4.445000171661377
2024-05-15 00:00:00-05:00,12.449999809265137,4.355999946594238
2024-05-16 00:00:00-05:00,12.420000076293945,4.376999855041504
2024-05-17 00:00:00-05:00,11.989999771118164,4.420000076293945
2024-05-20 00:00:00-05:00,12.149999618530273,4.436999797821045
2024-05-21 00:00:00-05:00,11.859999656677246,4.414000034332275
2024-05-22 00:00:00-05:00,12.289999961853027,4.434000015258789
2024-05-23 00:00:00-05:00,12.770000457763672,4.474999904632568
2024-05-24 00:00:00-05:00,11.930000305175781,4.4670000076293945
2024-05-28 00:00:00-05:00,12.920000076293945,4.541999816894531
2024-05-29 00:00:00-05:00,14.279999732971191,4.624000072479248
2024-05-30 00:00:00-05:00,14.470000267028809,4.553999900817871
2024-05-31 00:00:00-05:00,12.920000076293945,4.513999938964844
2024-06-03 00:00:00-05:00,13.109999656677246,4.4019999504089355
2024-06-04 00:00:00-05:00,13.15999984741211,4.335999965667725
2024-06-05 00:00:00-05:00,12.630000114440918,4.289000034332275
2024-06-06 00:00:00-05:00,12.579999923706055,4.281000137329102
2024-06-07 00:00:00-05:00,12.220000267028809,4.429999828338623
2024-06-10 00:00:00-05:00,12.739999771118164,4.468999862670898
2024-06-11 00:00:00-05:00,12.850000381469727,4.4039998054504395
2024-06-12 00:00:00-05:00,12.039999961853027,4.295000076293945
2024-06-13 00:00:00-05:00,11.9399995803833,4.23799991607666
2024-06-14 00:00:00-05:00,12.65999984741211,4.2129998207092285
2024-06-17 00:00:00-05:00,12.75,4.2789998054504395
2024-06-18 00:00:00-05:00,12.300000190734863,4.2170000076293945
2024-06-20 00:00:00-05:00,13.279999732971191,4.254000186920166
2024-06-21 00:00:00-05:00,13.199999809265137,4.256999969482422
2024-06-24 00:00:00-05:00,13.329999923706055,4.248000144958496
2024-06-25 00:00:00-05:00,12.84000015258789,4.23799991607666
2024-06-26 00:00:00-05:00,12.550000190734863,4.315999984741211
2024-06-27 00:00:00-05:00,12.239999771118164,4.288000106811523
2024-06-28 00:00:00-05:00,12.4399995803833,4.3429999351501465
2024-07-01 00:00:00-05:00,12.220000267028809,4.479000091552734
2024-07-02 00:00:00-05:00,12.029999732971191,4.435999870300293
2024-07-03 00:00:00-05:00,12.09000015258789,4.355000019073486
2024-07-05 00:00:00-05:00,12.479999542236328,4.271999835968018
2024-07-08 00:00:00-05:00,12.369999885559082,4.269000053405762
2024-07-09 00:00:00-05:00,12.510000228881836,4.300000190734863
2024-07-10 00:00:00-05:00,12.850000381469727,4.28000020980835
2024-07-11 00:00:00-05:00,12.920000076293945,4.192999839782715
2024-07-12 00:00:00-05:00,12.460000038146973,4.189000129699707
2024-07-15 00:00:00-05:00,13.119999885559082,4.229000091552734
2024-07-16 00:00:00-05:00,13.1899995803833,4.166999816894531
2024-07-17 00:00:00-05:00,14.479999542236328,4.145999908447266
2024-07-18 00:00:00-05:00,15.930000305175781,4.189000129699707
2024-07-19 00:00:00-05:00,16.520000457763672,4.238999843597412
2024-07-22 00:00:00-05:00,14.90999984741211,4.260000228881836
2024-07-23 00:00:00-05:00,14.720000267028809,4.238999843597412
2024-07-24 00:00:00-05:00,18.040000915527344,4.285999774932861
2024-07-25 00:00:00-05:00,18.459999084472656,4.25600004196167
2024-07-26 00:00:00-05:00,16.389999389648438,4.199999809265137
2024-07-29 00:00:00-05:00,16.600000381469727,4.177999973297119
2024-07-30 00:00:00-05:00,17.690000534057617,4.14300012588501
2024-07-31 00:00:00-05:00,16.360000610351562,4.109000205993652
2024-08-01 00:00:00-05:00,18.59000015258789,3.9760000705718994
2024-08-02 00:00:00-05:00,23.389999389648438,3.7920000553131104
2024-08-05 00:00:00-05:00,38.56999969482422,3.7850000858306885
2024-08-06 00:00:00-05:00,27.709999084472656,3.888000011444092
2024-08-07 00:00:00-05:00,27.850000381469727,3.9679999351501465
2024-08-08 00:00:00-05:00,23.790000915527344,3.996999979019165
2024-08-09 00:00:00-05:00,20.3700008392334,3.941999912261963
2024-08-12 00:00:00-05:00,20.709999084472656,3.9089999198913574
2024-08-13 00:00:00-05:00,18.1200008392334,3.8519999980926514
2024-08-14 00:00:00-05:00,16.190000534057617,3.819999933242798
2024-08-15 00:00:00-05:00,15.229999542236328,3.9260001182556152
2024-08-16 00:00:00-05:00,14.800000190734863,3.8919999599456787
2024-08-19 00:00:00-05:00,14.649999618530273,3.867000102996826
2024-08-20 00:00:00-05:00,15.880000114440918,3.818000078201294
2024-08-21 00:00:00-05:00,16.270000457763672,3.7780001163482666
2024-08-22 00:00:00-05:00,17.549999237060547,3.861999988555908
2024-08-23 00:00:00-05:00,15.859999656677246,3.806999921798706
2024-08-26 00:00:00-05:00,16.149999618530273,3.818000078201294
2024-08-27 00:00:00-05:00,15.430000305175781,3.8329999446868896
2024-08-28 00:00:00-05:00,17.110000610351562,3.8410000801086426
2024-08-29 00:00:00-05:00,15.649999618530273,3.867000102996826
2024-08-30 00:00:00-05:00,15.0,3.9110000133514404
2024-09-03 00:00:00-05:00,20.719999313354492,3.8440001010894775
2024-09-04 00:00:00-05:00,21.31999969482422,3.7679998874664307
2024-09-05 00:00:00-05:00,19.899999618530273,3.7309999465942383
2024-09-06 00:00:00-05:00,22.3799991607666,3.7100000381469727
2024-09-09 00:00:00-05:00,19.450000762939453,3.697000026702881
2024-09-10 00:00:00-05:00,19.079999923706055,3.6459999084472656
2024-09-11 00:00:00-05:00,17.690000534057617,3.6530001163482666
2024-09-12 00:00:00-05:00,17.06999969482422,3.680000066757202
2024-09-13 00:00:00-05:00,16.559999465942383,3.6500000953674316
2024-09-16 00:00:00-05:00,17.139999389648438,3.621000051498413
2024-09-17 00:00:00-05:00,17.610000610351562,3.6419999599456787
2024-09-18 00:00:00-05:00,18.229999542236328,3.684999942779541
2024-09-19 00:00:00-05:00,16.329999923706055,3.740000009536743
2024-09-20 00:00:00-05:00,16.149999618530273,3.7279999256134033
2024-09-23 00:00:00-05:00,15.890000343322754,3.739000082015991
2024-09-24 00:00:00-05:00,15.390000343322754,3.7360000610351562
2024-09-25 00:00:00-05:00,15.40999984741211,3.7809998989105225
2024-09-26 00:00:00-05:00,15.369999885559082,3.7909998893737793
2024-09-27 00:00:00-05:00,16.959999084472656,3.749000072479248
2024-09-30 00:00:00-05:00,16.729999542236328,3.802000045776367
2024-10-01 00:00:00-05:00,19.260000228881836,3.743000030517578
2024-10-02 00:00:00-05:00,18.899999618530273,3.7850000858306885
2024-10-03 00:00:00-05:00,20.489999771118164,3.8499999046325684
2024-10-04 00:00:00-05:00,19.209999084472656,3.9809999465942383
2024-10-07 00:00:00-05:00,22.639999389648438,4.026000022888184
2024-10-08 00:00:00-05:00,21.420000076293945,4.0329999923706055
2024-10-09 00:00:00-05:00,20.860000610351562,4.066999912261963
2024-10-10 00:00:00-05:00,20.93000030517578,4.0960001945495605
2024-10-11 00:00:00-05:00,20.459999084472656,4.072999954223633
2024-10-14 00:00:00-05:00,19.700000762939453,4.0980000495910645
2024-10-15 00:00:00-05:00,20.639999389648438,4.038000106811523
2024-10-16 00:00:00-05:00,19.579999923706055,4.015999794006348
2024-10-17 00:00:00-05:00,19.110000610351562,4.0960001945495605
2024-10-18 00:00:00-05:00,18.030000686645508,4.072999954223633
2024-10-21 00:00:00-05:00,18.3700008392334,4.182000160217285
2024-10-22 00:00:00-05:00,18.200000762939453,4.203999996185303
2024-10-23 00:00:00-05:00,19.239999771118164,4.242000102996826
2024-10-24 00:00:00-05:00,19.079999923706055,4.199999809265137
2024-10-25 00:00:00-05:00,20.329999923706055,4.23199987411499
2024-10-28 00:00:00-05:00,19.799999237060547,4.2779998779296875
2024-10-29 00:00:00-05:00,19.34000015258789,4.27400016784668
2024-10-30 00:00:00-05:00,20.350000381469727,4.265999794006348
2024-10-31 00:00:00-05:00,23.15999984741211,4.283999919891357
2024-11-01 00:00:00-05:00,21.8799991607666,4.361000061035156
2024-11-04 00:00:00-06:00,21.979999542236328,4.309000015258789
2024-11-05 00:00:00-06:00,20.489999771118164,4.289000034332275
2024-11-06 00:00:00-06:00,16.270000457763672,4.426000118255615
2024-11-07 00:00:00-06:00,15.199999809265137,4.341000080108643
2024-11-08 00:00:00-06:00,14.9399995803833,4.306000232696533
2024-11-11 00:00:00-06:00,14.970000267028809,4.308000087738037
2024-11-12 00:00:00-06:00,14.710000038146973,4.432000160217285
2024-11-13 00:00:00-06:00,14.020000457763672,4.451000213623047
2024-11-14 00:00:00-06:00,14.3100004196167,4.418000221252441
2024-11-15 00:00:00-06:00,16.139999389648438,4.427999973297119
2024-11-18 00:00:00-06:00,15.579999923706055,4.414000034332275
2024-11-19 00:00:00-06:00,16.350000381469727,4.379000186920166
2024-11-20 00:00:00-06:00,17.15999984741211,4.406000137329102
2024-11-21 00:00:00-06:00,16.8700008392334,4.432000160217285
2024-11-22 00:00:00-06:00,15.239999771118164,4.409999847412109
2024-11-25 00:00:00-06:00,14.600000381469727,4.264999866485596
2024-11-26 00:00:00-06:00,14.100000381469727,4.302000045776367
2024-11-27 00:00:00-06:00,14.100000381469727,4.242000102996826
2024-11-29 00:00:00-06:00,13.510000228881836,4.177999973297119
2024-12-02 00:00:00-06:00,13.34000015258789,4.196000099182129
2024-12-03 00:00:00-06:00,13.300000190734863,4.2230000495910645
2024-12-04 00:00:00-06:00,13.449999809265137,4.179999828338623
2024-12-05 00:00:00-06:00,13.539999961853027,4.179999828338623
2024-12-06 00:00:00-06:00,12.770000457763672,4.151000022888184
2024-12-09 00:00:00-06:00,14.1899995803833,4.198999881744385
2024-12-10 00:00:00-06:00,14.180000305175781,4.2210001945495605
2024-12-11 00:00:00-06:00,13.579999923706055,4.270999908447266
2024-12-12 00:00:00-06:00,13.920000076293945,4.323999881744385
2024-12-13 00:00:00-06:00,13.8100004196167,4.39900016784668
2024-12-16 00:00:00-06:00,14.6899995803833,4.396999835968018
2024-12-17 00:00:00-06:00,15.869999885559082,4.385000228881836
2024-12-18 00:00:00-06:00,27.6200008392334,4.49399995803833
2024-12-19 00:00:00-06:00,24.09000015258789,4.570000171661377
2024-12-20 00:00:00-06:00,18.360000610351562,4.52400016784668
2024-12-23 00:00:00-06:00,16.780000686645508,4.598999977111816
2024-12-24 00:00:00-06:00,14.270000457763672,4.591000080108643
2024-12-26 00:00:00-06:00,14.729999542236328,4.578999996185303
2024-12-27 00:00:00-06:00,15.949999809265137,4.61899995803833
2024-12-30 00:00:00-06:00,17.399999618530273,4.545000076293945
2024-12-31 00:00:00-06:00,17.350000381469727,4.572999954223633
2025-01-02 00:00:00-06:00,17.93000030517578,4.574999809265137
2025-01-03 00:00:00-06:00,16.1299991607666,4.5960001945495605
2025-01-06 00:00:00-06:00,16.040000915527344,4.618000030517578
2025-01-07 00:00:00-06:00,17.81999969482422,4.683000087738037
2025-01-08 00:00:00-06:00,17.700000762939453,4.692999839782715
2025-01-10 00:00:00-06:00,19.540000915527344,4.776000022888184
2025-01-13 00:00:00-06:00,19.190000534057617,4.802999973297119
2025-01-14 00:00:00-06:00,18.709999084472656,4.788000106811523
2025-01-15 00:00:00-06:00,16.1200008392334,4.6529998779296875
2025-01-16 00:00:00-06:00,16.600000381469727,4.605999946594238
2025-01-17 00:00:00-06:00,15.970000267028809,4.609000205993652
2025-01-21 00:00:00-06:00,15.0600004196167,4.573999881744385
2025-01-22 00:00:00-06:00,15.100000381469727,4.598999977111816
2025-01-23 00:00:00-06:00,15.020000457763672,4.638000011444092
2025-01-24 00:00:00-06:00,14.850000381469727,4.625999927520752
2025-01-27 00:00:00-06:00,17.899999618530273,4.5279998779296875
2025-01-28 00:00:00-06:00,16.40999984741211,4.551000118255615
2025-01-29 00:00:00-06:00,16.559999465942383,4.554999828338623
2025-01-30 00:00:00-06:00,15.84000015258789,4.51200008392334
2025-01-31 00:00:00-06:00,16.43000030517578,4.568999767303467
2025-02-03 00:00:00-06:00,18.6200008392334,4.543000221252441
2025-02-04 00:00:00-06:00,17.209999084472656,4.513000011444092
2025-02-05 00:00:00-06:00,15.770000457763672,4.421999931335449
2025-02-06 00:00:00-06:00,15.5,4.440000057220459
2025-02-07 00:00:00-06:00,16.540000915527344,4.486999988555908
2025-02-10 00:00:00-06:00,15.8100004196167,4.493000030517578
2025-02-11 00:00:00-06:00,16.020000457763672,4.5370001792907715
2025-02-12 00:00:00-06:00,15.890000343322754,4.63700008392334
2025-02-13 00:00:00-06:00,15.100000381469727,4.525000095367432
2025-02-14 00:00:00-06:00,14.770000457763672,4.4720001220703125
2025-02-18 00:00:00-06:00,15.350000381469727,4.544000148773193
2025-02-19 00:00:00-06:00,15.270000457763672,4.534999847412109
2025-02-20 00:00:00-06:00,15.65999984741211,4.5
2025-02-21 00:00:00-06:00,18.209999084472656,4.420000076293945
2025-02-24 00:00:00-06:00,18.979999542236328,4.39300012588501
2025-02-25 00:00:00-06:00,19.43000030517578,4.297999858856201
2025-02-26 00:00:00-06:00,19.100000381469727,4.249000072479248
2025-02-27 00:00:00-06:00,21.1299991607666,4.284999847412109
2025-02-28 00:00:00-06:00,19.6299991607666,4.230999946594238
2025-03-03 00:00:00-06:00,22.780000686645508,4.179999828338623
2025-03-04 00:00:00-06:00,23.510000228881836,4.210000038146973
2025-03-05 00:00:00-06:00,21.93000030517578,4.264999866485596
2025-03-06 00:00:00-06:00,24.8700008392334,4.285999774932861
2025-03-07 00:00:00-06:00,23.3700008392334,4.316999912261963
2025-03-10 00:00:00-05:00,27.860000610351562,4.2129998207092285
2025-03-11 00:00:00-05:00,26.920000076293945,4.288000106811523
2025-03-12 00:00:00-05:00,24.229999542236328,4.317999839782715
2025-03-13 00:00:00-05:00,24.65999984741211,4.27400016784668
2025-03-14 00:00:00-05:00,21.770000457763672,4.308000087738037
2025-03-17 00:00:00-05:00,20.510000228881836,4.306000232696533
2025-03-18 00:00:00-05:00,21.700000762939453,4.281000137329102
2025-03-19 00:00:00-05:00,19.899999618530273,4.25600004196167
2025-03-20 00:00:00-05:00,19.799999237060547,4.232999801635742
2025-03-21 00:00:00-05:00,19.280000686645508,4.251999855041504
2025-03-24 00:00:00-05:00,17.479999542236328,4.330999851226807
2025-03-25 00:00:00-05:00,17.149999618530273,4.307000160217285
2025-03-26 00:00:00-05:00,18.329999923706055,4.3379998207092285
2025-03-27 00:00:00-05:00,18.690000534057617,4.36899995803833
2025-03-28 00:00:00-05:00,21.649999618530273,4.255000114440918
2025-03-31 00:00:00-05:00,22.280000686645508,4.245999813079834
2025-04-01 00:00:00-05:00,21.770000457763672,4.156000137329102
2025-04-02 00:00:00-05:00,21.510000228881836,4.196000099182129
2025-04-03 00:00:00-05:00,30.020000457763672,4.054999828338623
2025-04-04 00:00:00-05:00,45.310001373291016,3.984999895095825
2025-04-07 00:00:00-05:00,46.97999954223633,4.15500020980835
2025-04-08 00:00:00-05:00,52.33000183105469,4.26200008392334
2025-04-09 00:00:00-05:00,33.619998931884766,4.400000095367432
2025-04-10 00:00:00-05:00,40.720001220703125,4.394000053405762
2025-04-11 00:00:00-05:00,37.560001373291016,4.493000030517578
2025-04-14 00:00:00-05:00,30.889999389648438,4.363999843597412
2025-04-15 00:00:00-05:00,30.1200008392334,4.322999954223633
2025-04-16 00:00:00-05:00,32.63999938964844,4.2789998054504395
2025-04-17 00:00:00-05:00,29.649999618530273,4.333000183105469
2025-04-21 00:00:00-05:00,33.81999969482422,4.40500020980835
2025-04-22 00:00:00-05:00,30.56999969482422,4.388999938964844
2025-04-23 00:00:00-05:00,28.450000762939453,4.38700008392334
2025-04-24 00:00:00-05:00,26.469999313354492,4.304999828338623
2025-04-25 00:00:00-05:00,24.84000015258789,4.265999794006348
2025-04-28 00:00:00-05:00,25.149999618530273,4.216000080108643
2025-04-29 00:00:00-05:00,24.170000076293945,4.172999858856201
2025-04-30 00:00:00-05:00,24.700000762939453,4.177000045776367
2025-05-01 00:00:00-05:00,24.600000381469727,4.230999946594238
2025-05-02 00:00:00-05:00,22.68000030517578,4.322000026702881
2025-05-05 00:00:00-05:00,23.639999389648438,4.3429999351501465
2025-05-06 00:00:00-05:00,24.760000228881836,4.308000087738037
2025-05-07 00:00:00-05:00,23.549999237060547,4.275000095367432
2025-05-08 00:00:00-05:00,22.479999542236328,4.373000144958496
2025-05-09 00:00:00-05:00,21.899999618530273,4.375
2025-05-12 00:00:00-05:00,18.389999389648438,4.456999778747559
2025-05-13 00:00:00-05:00,18.219999313354492,4.499000072479248
2025-05-14 00:00:00-05:00,18.6200008392334,4.5279998779296875
2025-05-15 00:00:00-05:00,17.829999923706055,4.454999923706055
2025-05-16 00:00:00-05:00,17.239999771118164,4.440999984741211
2025-05-19 00:00:00-05:00,18.139999389648438,4.474999904632568
2025-05-20 00:00:00-05:00,18.09000015258789,4.480999946594238
2025-05-21 00:00:00-05:00,20.8700008392334,4.5960001945495605
2025-05-22 00:00:00-05:00,20.280000686645508,4.552999973297119
2025-05-23 00:00:00-05:00,22.290000915527344,4.508999824523926
2025-05-27 00:00:00-05:00,18.959999084472656,4.434000015258789
2025-05-28 00:00:00-05:00,19.309999465942383,4.4770002365112305
2025-05-29 00:00:00-05:00,19.18000030517578,4.423999786376953
2025-05-30 00:00:00-05:00,18.56999969482422,4.415999889373779
2025-06-02 00:00:00-05:00,18.360000610351562,4.461999893188477
2025-06-03 00:00:00-05:00,17.690000534057617,4.460000038146973
2025-06-04 00:00:00-05:00,17.610000610351562,4.364999771118164
2025-06-05 00:00:00-05:00,18.479999542236328,4.394000053405762
2025-06-06 00:00:00-05:00,16.770000457763672,4.510000228881836
2025-06-09 00:00:00-05:00,17.15999984741211,4.48199987411499
2025-06-10 00:00:00-05:00,16.950000762939453,4.473999977111816
2025-06-11 00:00:00-05:00,17.260000228881836,4.4120001792907715
2025-06-12 00:00:00-05:00,18.020000457763672,4.35699987411499
2025-06-13 00:00:00-05:00,20.81999969482422,4.423999786376953
2025-06-16 00:00:00-05:00,19.110000610351562,4.452000141143799
2025-06-17 00:00:00-05:00,21.600000381469727,4.39300012588501
2025-06-18 00:00:00-05:00,20.139999389648438,4.396999835968018
2025-06-20 00:00:00-05:00,20.6200008392334,4.375
2025-06-23 00:00:00-05:00,19.829999923706055,4.320000171661377
2025-06-24 00:00:00-05:00,17.479999542236328,4.293000221252441
2025-06-25 00:00:00-05:00,16.760000228881836,4.293000221252441
2025-06-26 00:00:00-05:00,16.59000015258789,4.252999782562256
2025-06-27 00:00:00-05:00,16.31999969482422,4.2829999923706055
2025-06-30 00:00:00-05:00,16.729999542236328,4.230000019073486
2025-07-01 00:00:00-05:00,16.829999923706055,4.250999927520752
2025-07-02 00:00:00-05:00,16.639999389648438,4.293000221252441
2025-07-03 00:00:00-05:00,16.3799991607666,4.3480000495910645
2025-07-07 00:00:00-05:00,17.790000915527344,4.394999980926514
2025-07-08 00:00:00-05:00,16.809999465942383,4.414999961853027
2025-07-09 00:00:00-05:00,15.9399995803833,4.3420000076293945
2025-07-10 00:00:00-05:00,15.779999732971191,4.3460001945495605
2025-07-11 00:00:00-05:00,16.399999618530273,4.422999858856201
2025-07-14 00:00:00-05:00,17.200000762939453,4.427000045776367
2025-07-15 00:00:00-05:00,17.3799991607666,4.488999843597412
2025-07-16 00:00:00-05:00,17.15999984741211,4.454999923706055
2025-07-17 00:00:00-05:00,16.520000457763672,4.4629998207092285
2025-07-18 00:00:00-05:00,16.40999984741211,4.432000160217285
2025-07-21 00:00:00-05:00,16.649999618530273,4.372000217437744
2025-07-22 00:00:00-05:00,16.5,4.335999965667725
2025-07-23 00:00:00-05:00,15.369999885559082,4.388000011444092
2025-07-24 00:00:00-05:00,15.390000343322754,4.4079999923706055
2025-07-25 00:00:00-05:00,14.930000305175781,4.386000156402588
2025-07-28 00:00:00-05:00,15.029999732971191,4.420000076293945
2025-07-29 00:00:00-05:00,15.979999542236328,4.329999923706055
2025-07-30 00:00:00-05:00,15.479999542236328,4.375999927520752
2025-07-31 00:00:00-05:00,16.719999313354492,4.360000133514404
2025-08-01 00:00:00-05:00,20.3799991607666,4.21999979019165
2025-08-04 00:00:00-05:00,17.520000457763672,4.199999809265137
2025-08-05 00:00:00-05:00,17.850000381469727,4.196000099182129
2025-08-06 00:00:00-05:00,16.770000457763672,4.21999979019165
2025-08-07 00:00:00-05:00,16.56999969482422,4.24399995803833
2025-08-08 00:00:00-05:00,15.149999618530273,4.284999847412109
2025-08-11 00:00:00-05:00,16.25,4.2729997634887695
2025-08-12 00:00:00-05:00,14.729999542236328,4.293000221252441
2025-08-13 00:00:00-05:00,14.489999771118164,4.23799991607666
2025-08-14 00:00:00-05:00,14.829999923706055,4.293000221252441
2025-08-15 00:00:00-05:00,15.09000015258789,4.328000068664551
2025-08-18 00:00:00-05:00,14.989999771118164,4.341000080108643
2025-08-19 00:00:00-05:00,15.569999694824219,4.302000045776367
2025-08-20 00:00:00-05:00,15.6899995803833,4.296000003814697
2025-08-21 00:00:00-05:00,16.600000381469727,4.329999923706055
2025-08-22 00:00:00-05:00,14.220000267028809,4.260000228881836
2025-08-25 00:00:00-05:00,14.789999961853027,4.275000095367432
2025-08-26 00:00:00-05:00,14.619999885559082,4.257999897003174
2025-08-27 00:00:00-05:00,14.850000381469727,4.23799991607666
2025-08-28 00:00:00-05:00,14.430000305175781,4.206999778747559
2025-08-29 00:00:00-05:00,15.359999656677246,4.2270002365112305
2025-09-02 00:00:00-05:00,17.170000076293945,4.2769999504089355
2025-09-03 00:00:00-05:00,16.350000381469727,4.210999965667725
2025-09-04 00:00:00-05:00,15.300000190734863,4.176000118255615
2025-09-05 00:00:00-05:00,15.180000305175781,4.085999965667725
2025-09-08 00:00:00-05:00,15.109999656677246,4.046000003814697
2025-09-09 00:00:00-05:00,15.039999961853027,4.073999881744385
2025-09-10 00:00:00-05:00,15.350000381469727,4.0320000648498535
2025-09-11 00:00:00-05:00,14.710000038146973,4.011000156402588
2025-09-12 00:00:00-05:00,14.760000228881836,4.060999870300293
2025-09-15 00:00:00-05:00,15.6899995803833,4.033999919891357
2025-09-16 00:00:00-05:00,16.360000610351562,4.026000022888184
2025-09-17 00:00:00-05:00,15.720000267028809,4.076000213623047
2025-09-18 00:00:00-05:00,15.699999809265137,4.104000091552734
2025-09-19 00:00:00-05:00,15.449999809265137,4.138999938964844
2025-09-22 00:00:00-05:00,16.100000381469727,4.14300012588501
2025-09-23 00:00:00-05:00,16.639999389648438,4.119999885559082
2025-09-24 00:00:00-05:00,16.18000030517578,4.146999835968018
2025-09-25 00:00:00-05:00,16.739999771118164,4.171999931335449
2025-09-26 00:00:00-05:00,15.289999961853027,4.186999797821045
2025-09-29 00:00:00-05:00,16.1200008392334,4.140999794006348
2025-09-30 00:00:00-05:00,16.280000686645508,4.1479997634887695
2025-10-01 00:00:00-05:00,16.290000915527344,4.105999946594238
2025-10-02 00:00:00-05:00,16.6299991607666,4.0879998207092285
2025-10-03 00:00:00-05:00,16.649999618530273,4.11899995803833
2025-10-06 00:00:00-05:00,16.3700008392334,4.1620001792907715
2025-10-07 00:00:00-05:00,17.239999771118164,4.126999855041504
2025-10-08 00:00:00-05:00,16.299999237060547,4.129000186920166
2025-10-09 00:00:00-05:00,16.43000030517578,4.1479997634887695
2025-10-10 00:00:00-05:00,21.65999984741211,4.051000118255615
2025-10-13 00:00:00-05:00,19.030000686645508,4.051000118255615
2025-10-14 00:00:00-05:00,20.809999465942383,4.021999835968018
2025-10-15 00:00:00-05:00,20.639999389648438,4.046000003814697
2025-10-16 00:00:00-05:00,25.309999465942383,3.9760000705718994
2025-10-17 00:00:00-05:00,20.780000686645508,4.006999969482422
2025-10-20 00:00:00-05:00,18.229999542236328,3.9860000610351562
2025-10-21 00:00:00-05:00,17.8700008392334,3.9630000591278076
2025-10-22 00:00:00-05:00,18.600000381469727,3.953000068664551
2025-10-23 00:00:00-05:00,17.299999237060547,3.990999937057495
2025-10-24 00:00:00-05:00,16.3700008392334,3.996999979019165
2025-10-27 00:00:00-05:00,15.789999961853027,3.996999979019165
2025-10-28 00:00:00-05:00,16.420000076293945,3.9830000400543213
